{"Alabama": 0.6702693374616855, "Arizona": 0.7261664920531463, "Arkansas": 0.6395631437980319, "California": 0.6798226307006748, "Colorado": 0.7432450138449764, "Connecticut": 0.5533496384981104, "Delaware": 0.7139599684225445, "Florida": 0.7918179807313351, "Georgia": 0.7323792916423761, "Hawaii": 0.8315574767878431, "Idaho": 0.8175209453369598, "Illinois": 0.6245782999418313, "Indiana": 0.5015932436382166, "Iowa": 0.6824450603332392, "Kansas": 0.7131126868508626, "Kentucky": 0.7135433747768962, "Louisiana": 0.8686757427883018, "Maine": 0.8116767930275415, "Maryland": 0.7839767740362018, "Massachusetts": 0.5975748339353316, "Michigan": 0.5144890890622167, "Minnesota": 0.660945204800182, "Mississippi": 0.6265638863166313, "Missouri": 0.7189647954692109, "Montana": 0.894658747139036, "Nebraska": 0.7865960162046508, "Nevada": 0.6333105596165386, "New Hampshire": 0.6338700116500295, "New Jersey": 0.7168781439576429, "New Mexico": 0.8572295490398769, "New York": 0.6487303626932338, "North Carolina": 0.608095421567461, "North Dakota": 0.822814268880662, "Ohio": 0.58137105498852, "Oklahoma": 0.7886969661189023, "Oregon": 0.7045749220919594, "Pennsylvania": 0.6723925216611322, "Rhode Island": 0.5883504487559889, "South Carolina": 0.6741144044110735, "South Dakota": 0.7726226887424973, "Tennessee": 0.6642852273809576, "Texas": 0.7824937490427677, "Utah": 0.7205117614837173, "Vermont": 0.696133133399938, "Virginia": 0.765203485835102, "Washington": 0.7097143359286103, "West Virginia": 0.8209830604964253, "Wisconsin": 0.5554923863177255, "Wyoming": 0.8894378598243176}