{"Alabama": 0.6846334601201366, "Arizona": 0.7486523274296176, "Arkansas": 0.653722276315814, "California": 0.7097988289442347, "Colorado": 0.7640312631614331, "Connecticut": 0.5973585343250866, "Delaware": 0.7291034566867522, "Florida": 0.7954451452076434, "Georgia": 0.7515158656047288, "Hawaii": 0.8538692131048976, "Idaho": 0.8207745193661986, "Illinois": 0.6621669253925292, "Indiana": 0.5118595066623018, "Iowa": 0.6965511136459457, "Kansas": 0.732786451356748, "Kentucky": 0.7214783708767887, "Louisiana": 0.8814220025601374, "Maine": 0.8238326161941734, "Maryland": 0.8079451925342768, "Massachusetts": 0.6427397585136011, "Michigan": 0.5325329349165141, "Minnesota": 0.6889834672014058, "Mississippi": 0.6411068496404205, "Missouri": 0.7481411541415758, "Montana": 0.9095034503105333, "Nebraska": 0.8066754245783435, "Nevada": 0.6467680116902647, "New Hampshire": 0.6724999466125442, "New Jersey": 0.7445430266946729, "New Mexico": 0.8780518319387385, "New York": 0.6881914408657611, "North Carolina": 0.6321892460782469, "North Dakota": 0.840025033699335, "Ohio": 0.6062933752745657, "Oklahoma": 0.8017431073427168, "Oregon": 0.73183224427147, "Pennsylvania": 0.7032443311056968, "Rhode Island": 0.6343238956051054, "South Carolina": 0.6897605745928912, "South Dakota": 0.7846841098040039, "Tennessee": 0.6767249572144469, "Texas": 0.7993256132154117, "Utah": 0.7391698603958871, "Vermont": 0.7187291372866267, "Virginia": 0.7862331312691364, "Washington": 0.7479493255206043, "West Virginia": 0.8332606809417203, "Wisconsin": 0.5781995791720315, "Wyoming": 0.8923305357682189}