{"Alabama": 0.6905566787644817, "Arizona": 0.7437636714983742, "Arkansas": 0.6603429972358703, "California": 0.7108544380335988, "Colorado": 0.7602355323448051, "Connecticut": 0.615038252720288, "Delaware": 0.7327149993460491, "Florida": 0.7869443900383318, "Georgia": 0.7606106878101172, "Hawaii": 0.8567574211732752, "Idaho": 0.816647663041727, "Illinois": 0.6794414860310369, "Indiana": 0.5210589451811131, "Iowa": 0.7001651856478767, "Kansas": 0.7427153027957375, "Kentucky": 0.7197056130318406, "Louisiana": 0.8905409224734268, "Maine": 0.832344978993546, "Maryland": 0.8130045045158655, "Massachusetts": 0.6515962058584461, "Michigan": 0.5466240642382239, "Minnesota": 0.7012683370908219, "Mississippi": 0.6654062843469195, "Missouri": 0.7612349420558017, "Montana": 0.915803245841003, "Nebraska": 0.8099592399247348, "Nevada": 0.6535614816613282, "New Hampshire": 0.6728067132925752, "New Jersey": 0.7523786442821275, "New Mexico": 0.8825641049308685, "New York": 0.7044800753464631, "North Carolina": 0.6481526522015317, "North Dakota": 0.8445465541629967, "Ohio": 0.6190684625046291, "Oklahoma": 0.8098808705302251, "Oregon": 0.7335618846311646, "Pennsylvania": 0.7152897332998268, "Rhode Island": 0.6585482860991037, "South Carolina": 0.6911602159471393, "South Dakota": 0.7891377457273364, "Tennessee": 0.6870158203336234, "Texas": 0.8033099690516674, "Utah": 0.7420592833833349, "Vermont": 0.7220335454377483, "Virginia": 0.7849390450744521, "Washington": 0.7620968950020897, "West Virginia": 0.8422768709953373, "Wisconsin": 0.5910660370578571, "Wyoming": 0.8947227974654852}