{"Alabama": 0.6536686488862011, "Arizona": 0.7737645918555406, "Arkansas": 0.6285804687042337, "California": 0.727787864937411, "Colorado": 0.7900996576587725, "Connecticut": 0.6360520855625397, "Delaware": 0.6968286586860609, "Florida": 0.8214151077430839, "Georgia": 0.7236896497032833, "Hawaii": 0.8709666725599209, "Idaho": 0.8012088366254023, "Illinois": 0.687649603337225, "Indiana": 0.5297834970005948, "Iowa": 0.6726134503961323, "Kansas": 0.7236070661272418, "Kentucky": 0.706437128904937, "Louisiana": 0.8776739249892959, "Maine": 0.8171552830812131, "Maryland": 0.8201131663905171, "Massachusetts": 0.687616130708812, "Michigan": 0.5895080789050058, "Minnesota": 0.7033750874666924, "Mississippi": 0.6711363453009818, "Missouri": 0.7654602668269, "Montana": 0.9211573109223452, "Nebraska": 0.7693300136032469, "Nevada": 0.684301923923516, "New Hampshire": 0.7159336894925759, "New Jersey": 0.7421895805653506, "New Mexico": 0.8959042208774655, "New York": 0.7263184546852005, "North Carolina": 0.6326218484510067, "North Dakota": 0.8380443628254298, "Ohio": 0.6397465172979814, "Oklahoma": 0.8080305376560749, "Oregon": 0.7395709200050987, "Pennsylvania": 0.7175773426014145, "Rhode Island": 0.5604959383738871, "South Carolina": 0.6522015151213176, "South Dakota": 0.7814787382421183, "Tennessee": 0.6727421527273844, "Texas": 0.8069775943093336, "Utah": 0.7500885705990032, "Vermont": 0.683808360703192, "Virginia": 0.7761207427563447, "Washington": 0.7802035046366548, "West Virginia": 0.8307648781457387, "Wisconsin": 0.5805483005999624, "Wyoming": 0.741370076911246}