{"Alabama": 0.768943713632926, "Arizona": 0.8080890529499143, "Arkansas": 0.7565290456509444, "California": 0.7917984907604906, "Colorado": 0.8288844116309381, "Connecticut": 0.7022972378630595, "Delaware": 0.7755451137271206, "Florida": 0.8329865552145268, "Georgia": 0.8233607110725427, "Hawaii": 0.8620075179748603, "Idaho": 0.8658170199962928, "Illinois": 0.7749988028779862, "Indiana": 0.6279492859365312, "Iowa": 0.7677488492327033, "Kansas": 0.8177328400848204, "Kentucky": 0.8036008881743749, "Louisiana": 0.9313584334838847, "Maine": 0.8857397777049238, "Maryland": 0.8571244728699757, "Massachusetts": 0.7535992286779832, "Michigan": 0.6755492222633849, "Minnesota": 0.7851478958273402, "Mississippi": 0.7749881172396008, "Missouri": 0.8372077529892011, "Montana": 0.9424103135862585, "Nebraska": 0.8567421746445991, "Nevada": 0.7021511703398643, "New Hampshire": 0.7867733236316428, "New Jersey": 0.8157439152498958, "New Mexico": 0.9253130511708488, "New York": 0.7794930228769156, "North Carolina": 0.7672896798643634, "North Dakota": 0.8780792879119407, "Ohio": 0.7355894216226493, "Oklahoma": 0.8661769220379415, "Oregon": 0.8038758117273399, "Pennsylvania": 0.8082124288069398, "Rhode Island": 0.7692352917253581, "South Carolina": 0.7690844768098754, "South Dakota": 0.8349372106019175, "Tennessee": 0.7799106325518879, "Texas": 0.8644493403673751, "Utah": 0.8000371473986494, "Vermont": 0.8179184733115226, "Virginia": 0.8323464280301264, "Washington": 0.8414079070535909, "West Virginia": 0.8928554454482273, "Wisconsin": 0.704362666318864, "Wyoming": 0.8939410677425144}