{"Alabama": 0.7353796920835141, "Arizona": 0.8404941930403387, "Arkansas": 0.6866290592548067, "California": 0.7962510325748704, "Colorado": 0.8368420225866215, "Connecticut": 0.7512160753387053, "Delaware": 0.7889440770462355, "Florida": 0.8439451948358325, "Georgia": 0.7927846469761699, "Hawaii": 0.8525006052471538, "Idaho": 0.8134873193803933, "Illinois": 0.7722042696285392, "Indiana": 0.6508115491692616, "Iowa": 0.7001872207682203, "Kansas": 0.7639714356933054, "Kentucky": 0.7474951559649733, "Louisiana": 0.9243864893725905, "Maine": 0.8909897989672497, "Maryland": 0.861611497519442, "Massachusetts": 0.7833184426115538, "Michigan": 0.7334230928394857, "Minnesota": 0.772947806498233, "Mississippi": 0.7378764871768116, "Missouri": 0.8123616555267541, "Montana": 0.8899833577003979, "Nebraska": 0.7926413821355405, "Nevada": 0.7080174076061861, "New Hampshire": 0.8217178849349539, "New Jersey": 0.8167898316482913, "New Mexico": 0.9282489042437243, "New York": 0.7973225489226742, "North Carolina": 0.7400545928432041, "North Dakota": 0.7794133759406013, "Ohio": 0.7502506399126976, "Oklahoma": 0.8153709168311899, "Oregon": 0.8036919053389975, "Pennsylvania": 0.8123024139339396, "Rhode Island": 0.7934839447063111, "South Carolina": 0.743949036074224, "South Dakota": 0.7612974632941062, "Tennessee": 0.7483434665266616, "Texas": 0.8595665570088297, "Utah": 0.805280588337922, "Vermont": 0.8387366744812087, "Virginia": 0.8281568932789283, "Washington": 0.8512461417628582, "West Virginia": 0.8926842707624132, "Wisconsin": 0.6720262294290325, "Wyoming": 0.8563749534107141}