{"Alabama": 0.7373187309401606, "Arizona": 0.833593697427672, "Arkansas": 0.7024995359185978, "California": 0.7998447882933079, "Colorado": 0.8369154759266703, "Connecticut": 0.7551943033274975, "Delaware": 0.6781563071889453, "Florida": 0.8388375609323294, "Georgia": 0.7949720956267056, "Hawaii": 0.8603663609036943, "Idaho": 0.8168973815407682, "Illinois": 0.7743088875314209, "Indiana": 0.655706463498991, "Iowa": 0.6959997040192057, "Kansas": 0.7589789729054169, "Kentucky": 0.7597774147178681, "Louisiana": 0.9239155898642408, "Maine": 0.8969198970068548, "Maryland": 0.8602296538342692, "Massachusetts": 0.7822634114479549, "Michigan": 0.7443232384644163, "Minnesota": 0.7742388849286751, "Mississippi": 0.7459047267070378, "Missouri": 0.8171189723686517, "Montana": 0.8965884117644267, "Nebraska": 0.7955171946853544, "Nevada": 0.7062114874816567, "New Hampshire": 0.8258949373710182, "New Jersey": 0.8189637021652593, "New Mexico": 0.9277219376676946, "New York": 0.7954466813807921, "North Carolina": 0.7568599224839335, "North Dakota": 0.7818951831061354, "Ohio": 0.7539604278160001, "Oklahoma": 0.8214961780535095, "Oregon": 0.8060087936456405, "Pennsylvania": 0.8156602671110564, "Rhode Island": 0.7970202962520615, "South Carolina": 0.7560165938778578, "South Dakota": 0.7647212809782037, "Tennessee": 0.7610254579797903, "Texas": 0.860548741562101, "Utah": 0.8050123195948199, "Vermont": 0.8449034600381262, "Virginia": 0.8301987560367813, "Washington": 0.8512991348618971, "West Virginia": 0.9000814747934031, "Wisconsin": 0.6734742144107535, "Wyoming": 0.8495151210405603}