{"Alabama": 0.7665374313691558, "Arizona": 0.7971389601756264, "Arkansas": 0.7812248844875841, "California": 0.7911236597639171, "Colorado": 0.8202757959669035, "Connecticut": 0.7161136550005014, "Delaware": 0.6702637476936529, "Florida": 0.8228241886011289, "Georgia": 0.8167487676650249, "Hawaii": 0.8678413428941063, "Idaho": 0.8550048333948329, "Illinois": 0.7771108488514558, "Indiana": 0.6359801598037227, "Iowa": 0.7614298906045273, "Kansas": 0.8082755766704617, "Kentucky": 0.8106081036839319, "Louisiana": 0.9290102276050485, "Maine": 0.8990319284909525, "Maryland": 0.8507593271231517, "Massachusetts": 0.759617598569361, "Michigan": 0.7031616896138098, "Minnesota": 0.7881299988175599, "Mississippi": 0.7783718128048092, "Missouri": 0.8393966775858045, "Montana": 0.9422501163274959, "Nebraska": 0.8605859188506826, "Nevada": 0.6948566989904398, "New Hampshire": 0.7898516043139833, "New Jersey": 0.8181776697382673, "New Mexico": 0.9243043874187776, "New York": 0.7811852614611856, "North Carolina": 0.7933004376174628, "North Dakota": 0.8790284332313325, "Ohio": 0.7481340513378213, "Oklahoma": 0.860824455318624, "Oregon": 0.8023637912214279, "Pennsylvania": 0.8161752022596449, "Rhode Island": 0.778770482447251, "South Carolina": 0.7817621397995121, "South Dakota": 0.8366092056633195, "Tennessee": 0.7855609959741511, "Texas": 0.8589436049788814, "Utah": 0.790975563935539, "Vermont": 0.8325981050055145, "Virginia": 0.8239928970606938, "Washington": 0.8408548455243694, "West Virginia": 0.9031715892163887, "Wisconsin": 0.7089199827534266, "Wyoming": 0.8722111849217482}