{"Alabama": 0.7375589176690237, "Arizona": 0.8237257605784479, "Arkansas": 0.7154827267088777, "California": 0.7954719632328474, "Colorado": 0.8295273045705018, "Connecticut": 0.7539984582500641, "Delaware": 0.7930126380288465, "Florida": 0.8368904397856483, "Georgia": 0.7963946926119094, "Hawaii": 0.8537796079780938, "Idaho": 0.8080591703775063, "Illinois": 0.7755900369517652, "Indiana": 0.6642964729337569, "Iowa": 0.6984294730733169, "Kansas": 0.7604257361218282, "Kentucky": 0.7643732710572272, "Louisiana": 0.9161851682420833, "Maine": 0.8964473094043721, "Maryland": 0.8527480975594607, "Massachusetts": 0.7790724191009266, "Michigan": 0.7541829550370365, "Minnesota": 0.7723257289288152, "Mississippi": 0.7567551835663742, "Missouri": 0.8177772896357505, "Montana": 0.8937070212032302, "Nebraska": 0.79438513916906, "Nevada": 0.7042609384939246, "New Hampshire": 0.82743825751796, "New Jersey": 0.8190585876095449, "New Mexico": 0.9209762982067102, "New York": 0.7916346063340578, "North Carolina": 0.7706624374705773, "North Dakota": 0.7925701455092103, "Ohio": 0.7596867875018799, "Oklahoma": 0.8242343553961883, "Oregon": 0.8069377753225092, "Pennsylvania": 0.8163434617831522, "Rhode Island": 0.7981116817365728, "South Carolina": 0.7621439961229972, "South Dakota": 0.7628462178999025, "Tennessee": 0.7773306726684246, "Texas": 0.8567526417670853, "Utah": 0.7976717259969455, "Vermont": 0.8452015735074409, "Virginia": 0.8236086718649787, "Washington": 0.8423082747341909, "West Virginia": 0.9069951345574546, "Wisconsin": 0.6772589218064838, "Wyoming": 0.8326410583079921}