{"Alabama": 0.7544966510551366, "Arizona": 0.7846123783360311, "Arkansas": 0.7860730373447558, "California": 0.7809150975561577, "Colorado": 0.809999891891691, "Connecticut": 0.708797343483227, "Delaware": 0.7878416342657614, "Florida": 0.8190119022972736, "Georgia": 0.8109287633658385, "Hawaii": 0.8612610968091718, "Idaho": 0.8358801101608846, "Illinois": 0.7708012816259653, "Indiana": 0.6382020362367397, "Iowa": 0.7530892330523159, "Kansas": 0.8007939617298863, "Kentucky": 0.8069253013200527, "Louisiana": 0.916287242487483, "Maine": 0.895341884114714, "Maryland": 0.8422616185425765, "Massachusetts": 0.7521307881939252, "Michigan": 0.7091131370767303, "Minnesota": 0.7778380703958789, "Mississippi": 0.779213555017068, "Missouri": 0.8341562041614419, "Montana": 0.9334112299056376, "Nebraska": 0.852216677979891, "Nevada": 0.6919369276069949, "New Hampshire": 0.7870349935788178, "New Jersey": 0.8148776723972285, "New Mexico": 0.9143878175369857, "New York": 0.7744965610484188, "North Carolina": 0.795430367769571, "North Dakota": 0.8766042717160051, "Ohio": 0.7465227265194117, "Oklahoma": 0.8534774534725357, "Oregon": 0.7958523180011939, "Pennsylvania": 0.8102742725852998, "Rhode Island": 0.7758402991403713, "South Carolina": 0.7783469755599289, "South Dakota": 0.822624532030986, "Tennessee": 0.7915387628725115, "Texas": 0.8479183326991186, "Utah": 0.7771707426143674, "Vermont": 0.8259640446196463, "Virginia": 0.8122505300261206, "Washington": 0.8248615453385305, "West Virginia": 0.9071897109193647, "Wisconsin": 0.7031932078511911, "Wyoming": 0.8510197170573263}