{"Alabama": 0.7560645572643624, "Arizona": 0.7836742223377837, "Arkansas": 0.8002059477825603, "California": 0.7791409789221192, "Colorado": 0.8038730995782256, "Connecticut": 0.7018550583265346, "Delaware": 0.783218912610104, "Florida": 0.8161945445075652, "Georgia": 0.8090367695721523, "Hawaii": 0.8504630108515637, "Idaho": 0.8345394211913992, "Illinois": 0.7678550518332441, "Indiana": 0.650054640951865, "Iowa": 0.7482783156615291, "Kansas": 0.7912457990533636, "Kentucky": 0.8138342002506056, "Louisiana": 0.9124619038074077, "Maine": 0.8867923330398603, "Maryland": 0.8346417680497501, "Massachusetts": 0.7433165536839208, "Michigan": 0.7199403638959425, "Minnesota": 0.7756400004853946, "Mississippi": 0.7905490356323435, "Missouri": 0.8319075444908465, "Montana": 0.9251133290859701, "Nebraska": 0.8463352064233137, "Nevada": 0.6919010151394102, "New Hampshire": 0.7795597633303677, "New Jersey": 0.8062819978513582, "New Mexico": 0.9118463576551384, "New York": 0.770193095904492, "North Carolina": 0.7966966711699839, "North Dakota": 0.8746386518603049, "Ohio": 0.7531381349937898, "Oklahoma": 0.8543856196010484, "Oregon": 0.7999120371199446, "Pennsylvania": 0.809483947509592, "Rhode Island": 0.7710045562597113, "South Carolina": 0.7730776159009539, "South Dakota": 0.8107978090690261, "Tennessee": 0.8011851086780678, "Texas": 0.8449984448878388, "Utah": 0.7590378360673995, "Vermont": 0.8185571822289598, "Virginia": 0.8051669976143286, "Washington": 0.8098341536818389, "West Virginia": 0.9119070069368683, "Wisconsin": 0.7013170788894543, "Wyoming": 0.8532923502117167}