{"Alabama": 0.7423838361099165, "Arizona": 0.8195387984940978, "Arkansas": 0.7312078097651441, "California": 0.7925232862040805, "Colorado": 0.8210194406644121, "Connecticut": 0.746561221394557, "Delaware": 0.7883694263441082, "Florida": 0.8316075732796172, "Georgia": 0.7986255238225445, "Hawaii": 0.8416352657924109, "Idaho": 0.8084622978594166, "Illinois": 0.7732713391410715, "Indiana": 0.6722021504180056, "Iowa": 0.6913943706846251, "Kansas": 0.751630726624553, "Kentucky": 0.7704818757821124, "Louisiana": 0.9123619217496998, "Maine": 0.8873610399215378, "Maryland": 0.8446567048099476, "Massachusetts": 0.7702861313250453, "Michigan": 0.7600989678669436, "Minnesota": 0.7697246325903777, "Mississippi": 0.7704694203924439, "Missouri": 0.8144838815226096, "Montana": 0.8856189188568879, "Nebraska": 0.7914986119565552, "Nevada": 0.7034517024033452, "New Hampshire": 0.8196326053326077, "New Jersey": 0.8123643070907904, "New Mexico": 0.9136265679580603, "New York": 0.7868695285502609, "North Carolina": 0.7770950250251059, "North Dakota": 0.7807356004645285, "Ohio": 0.7647478736896589, "Oklahoma": 0.8227329325275966, "Oregon": 0.8076336667672791, "Pennsylvania": 0.8157000915460675, "Rhode Island": 0.7936074037381476, "South Carolina": 0.7629634630305692, "South Dakota": 0.752303308293988, "Tennessee": 0.7879467452981762, "Texas": 0.853584776272517, "Utah": 0.7810618692516862, "Vermont": 0.8352042448723449, "Virginia": 0.8165072718629167, "Washington": 0.8284066092856472, "West Virginia": 0.9080146599627887, "Wisconsin": 0.6743703795251464, "Wyoming": 0.82941998276981}