{"Alabama": 0.7547028504363383, "Arizona": 0.7895856907187276, "Arkansas": 0.8030063101617209, "California": 0.7755490664927783, "Colorado": 0.8036435205034451, "Connecticut": 0.686492005519525, "Delaware": 0.7739827590924668, "Florida": 0.8267478695931201, "Georgia": 0.805800784688831, "Hawaii": 0.8423437699716536, "Idaho": 0.8448027162465686, "Illinois": 0.7612703605521701, "Indiana": 0.6598662946591118, "Iowa": 0.7355376760282228, "Kansas": 0.781945273029415, "Kentucky": 0.8188891890491098, "Louisiana": 0.9141710813689812, "Maine": 0.864016384565363, "Maryland": 0.8273671726113745, "Massachusetts": 0.7367307751367506, "Michigan": 0.7304322266728507, "Minnesota": 0.7626133802355491, "Mississippi": 0.7963232823535777, "Missouri": 0.8247979206856768, "Montana": 0.9238636417762554, "Nebraska": 0.8348033337125177, "Nevada": 0.6932503821470153, "New Hampshire": 0.772108544643675, "New Jersey": 0.7974837185711913, "New Mexico": 0.9136630265338502, "New York": 0.763924365447989, "North Carolina": 0.7924500270553909, "North Dakota": 0.8736911140866614, "Ohio": 0.7519587630353517, "Oklahoma": 0.8494428700725716, "Oregon": 0.7981222848505575, "Pennsylvania": 0.8003919720871997, "Rhode Island": 0.7614707561038414, "South Carolina": 0.7685129197235003, "South Dakota": 0.7970035848904996, "Tennessee": 0.802263017693553, "Texas": 0.8434517031733151, "Utah": 0.7584464470589533, "Vermont": 0.8152781613330312, "Virginia": 0.7995013295974328, "Washington": 0.8032631593409939, "West Virginia": 0.9112397708660578, "Wisconsin": 0.6892921844274238, "Wyoming": 0.8387616617597681}