{"Alabama": 0.7415742592847283, "Arizona": 0.8229057109359472, "Arkansas": 0.7318379527323702, "California": 0.7877538993926557, "Colorado": 0.8188260809990551, "Connecticut": 0.7315347269854184, "Delaware": 0.7793213986584565, "Florida": 0.8405113674721694, "Georgia": 0.795871170758368, "Hawaii": 0.8338693575550712, "Idaho": 0.8096674697222827, "Illinois": 0.7659313125072181, "Indiana": 0.676929055979348, "Iowa": 0.6745691947376711, "Kansas": 0.744943520987493, "Kentucky": 0.7735314564855936, "Louisiana": 0.9135407806538333, "Maine": 0.864966041632562, "Maryland": 0.8368655705955911, "Massachusetts": 0.7626177551961142, "Michigan": 0.7651076270901146, "Minnesota": 0.7567514215217559, "Mississippi": 0.7750132095561155, "Missouri": 0.804684016747317, "Montana": 0.8810243581428477, "Nebraska": 0.7789783254371786, "Nevada": 0.7038083946653172, "New Hampshire": 0.8104839750530151, "New Jersey": 0.8038835613764169, "New Mexico": 0.9145151001042079, "New York": 0.7797108990628693, "North Carolina": 0.7739347427739153, "North Dakota": 0.7795723961776803, "Ohio": 0.7628673225088707, "Oklahoma": 0.819225469876135, "Oregon": 0.8028421560643126, "Pennsylvania": 0.8070774278593956, "Rhode Island": 0.7839859853550856, "South Carolina": 0.7579876243704441, "South Dakota": 0.7361382113486435, "Tennessee": 0.7875852540991968, "Texas": 0.8516456751288253, "Utah": 0.7763871233092767, "Vermont": 0.8288837115897952, "Virginia": 0.809676846206863, "Washington": 0.818522324801571, "West Virginia": 0.9072458585715284, "Wisconsin": 0.6614521040422777, "Wyoming": 0.8130284100083458}