{"Alabama": 0.7872093340581857, "Arizona": 0.7988099760384878, "Arkansas": 0.836341596833736, "California": 0.7859487057162075, "Colorado": 0.8069599052930779, "Connecticut": 0.6936551717173087, "Delaware": 0.7771033754878681, "Florida": 0.8328568008997984, "Georgia": 0.8227405732881531, "Hawaii": 0.8431438783520623, "Idaho": 0.8688926968769529, "Illinois": 0.7836110067094779, "Indiana": 0.7279261034536337, "Iowa": 0.7691125697687712, "Kansas": 0.8154206981912787, "Kentucky": 0.8556955271491542, "Louisiana": 0.9218683310596787, "Maine": 0.8782314695963307, "Maryland": 0.8362623411037216, "Massachusetts": 0.7511457654934578, "Michigan": 0.7845460050216443, "Minnesota": 0.7825384621759123, "Mississippi": 0.8252553177014162, "Missouri": 0.845088732318035, "Montana": 0.9316281419212153, "Nebraska": 0.8466067719121692, "Nevada": 0.688429268196089, "New Hampshire": 0.7926182597012056, "New Jersey": 0.8060105631365972, "New Mexico": 0.9219152627598685, "New York": 0.7782469083871865, "North Carolina": 0.8211960715417755, "North Dakota": 0.8874255938547119, "Ohio": 0.7918350975012313, "Oklahoma": 0.8772746830043232, "Oregon": 0.824893068115425, "Pennsylvania": 0.8210723298095769, "Rhode Island": 0.7777150746873734, "South Carolina": 0.7914958910235163, "South Dakota": 0.8153958708425129, "Tennessee": 0.8318320150655549, "Texas": 0.856973801335552, "Utah": 0.7674178091630458, "Vermont": 0.8357811499893129, "Virginia": 0.8059808794940985, "Washington": 0.8220845594537877, "West Virginia": 0.9204061863016543, "Wisconsin": 0.7336424855034361, "Wyoming": 0.8627478306461767}