{"Alabama": 0.7740889182294706, "Arizona": 0.8291727106722566, "Arkansas": 0.7695327606538038, "California": 0.7978801820023168, "Colorado": 0.8208046365515289, "Connecticut": 0.7383170026144613, "Delaware": 0.782061694399505, "Florida": 0.8447910727834225, "Georgia": 0.8164368707851196, "Hawaii": 0.8347849230854009, "Idaho": 0.8289794094271057, "Illinois": 0.7883981876696358, "Indiana": 0.7336842343479169, "Iowa": 0.7082578595769661, "Kansas": 0.7774397721439278, "Kentucky": 0.8116732657782698, "Louisiana": 0.9218572245308242, "Maine": 0.8806036933616782, "Maryland": 0.8451691491088402, "Massachusetts": 0.7757815708645864, "Michigan": 0.8120216734810658, "Minnesota": 0.7758021635039264, "Mississippi": 0.8018721601246596, "Missouri": 0.8265430871634664, "Montana": 0.885149755685785, "Nebraska": 0.789905538153225, "Nevada": 0.6968596775290935, "New Hampshire": 0.8302636420672243, "New Jersey": 0.8131850023912142, "New Mexico": 0.9188331747106819, "New York": 0.7926081652058314, "North Carolina": 0.8063592232275927, "North Dakota": 0.7979442799358897, "Ohio": 0.8014058609255201, "Oklahoma": 0.8461227002504302, "Oregon": 0.822112912598869, "Pennsylvania": 0.828238024872439, "Rhode Island": 0.8000705793059876, "South Carolina": 0.7820769970642949, "South Dakota": 0.7540886185089116, "Tennessee": 0.8194655705760545, "Texas": 0.8642253792592955, "Utah": 0.7833825554497144, "Vermont": 0.8473987262124923, "Virginia": 0.8157553901563336, "Washington": 0.8354374858272672, "West Virginia": 0.9158380425969423, "Wisconsin": 0.7026587686607272, "Wyoming": 0.8357934564078902}