{"Alabama": 0.7819347542373861, "Arizona": 0.7957911669584402, "Arkansas": 0.8349068270089872, "California": 0.7815893053440841, "Colorado": 0.807802608297226, "Connecticut": 0.6986885533068182, "Delaware": 0.7823737394361846, "Florida": 0.8265459896141262, "Georgia": 0.8104067517117778, "Hawaii": 0.8334397247066068, "Idaho": 0.8689969034420428, "Illinois": 0.7787775630656932, "Indiana": 0.711343935596708, "Iowa": 0.7586543845334104, "Kansas": 0.8225534657389363, "Kentucky": 0.8483004923525306, "Louisiana": 0.9246096545255931, "Maine": 0.8884491939783313, "Maryland": 0.8350354273626706, "Massachusetts": 0.7619171290375516, "Michigan": 0.7736265794776792, "Minnesota": 0.7811369684676356, "Mississippi": 0.8236885386634862, "Missouri": 0.8376755415990681, "Montana": 0.9331088034703707, "Nebraska": 0.8393533275540901, "Nevada": 0.6802139476429593, "New Hampshire": 0.7901085789991953, "New Jersey": 0.8063933568389521, "New Mexico": 0.9245560631793727, "New York": 0.7848675709775798, "North Carolina": 0.8120167720962181, "North Dakota": 0.8947222524052036, "Ohio": 0.7886437444616407, "Oklahoma": 0.8753680831678001, "Oregon": 0.8237840269695198, "Pennsylvania": 0.8245617992933826, "Rhode Island": 0.7791158845324732, "South Carolina": 0.7785120761931987, "South Dakota": 0.8164562107395583, "Tennessee": 0.8232750350175388, "Texas": 0.8567709732546117, "Utah": 0.7646563732957027, "Vermont": 0.8357063612041937, "Virginia": 0.8001092682532648, "Washington": 0.8186243777150696, "West Virginia": 0.9229954622708141, "Wisconsin": 0.7276606863924439, "Wyoming": 0.8586279179039612}