{"Alabama": 0.7708394182009397, "Arizona": 0.8249043207018057, "Arkansas": 0.7681500544931005, "California": 0.7932598879685866, "Colorado": 0.8208263165052986, "Connecticut": 0.741545374353192, "Delaware": 0.7868511745359538, "Florida": 0.8376099273104288, "Georgia": 0.8058915295594596, "Hawaii": 0.8246171214688168, "Idaho": 0.8269954975589847, "Illinois": 0.7836048080249568, "Indiana": 0.7163536996303097, "Iowa": 0.6947925092496567, "Kansas": 0.7801955729603024, "Kentucky": 0.8053099974787692, "Louisiana": 0.9240658559856212, "Maine": 0.8906248118737214, "Maryland": 0.8436333095873101, "Massachusetts": 0.785121069709212, "Michigan": 0.8013842009020534, "Minnesota": 0.7740723726830308, "Mississippi": 0.8021018464224078, "Missouri": 0.8202508125786064, "Montana": 0.8860513807682797, "Nebraska": 0.7772173695622813, "Nevada": 0.6877989696384066, "New Hampshire": 0.8273143562563268, "New Jersey": 0.8132813680904906, "New Mexico": 0.9205577366386385, "New York": 0.7984041971533157, "North Carolina": 0.7980688199902758, "North Dakota": 0.8048969975435224, "Ohio": 0.7975382776524423, "Oklahoma": 0.8458069017539209, "Oregon": 0.8204420304323047, "Pennsylvania": 0.8310378112249307, "Rhode Island": 0.8005953254206646, "South Carolina": 0.7713972866064371, "South Dakota": 0.7505030265781645, "Tennessee": 0.8133377827152709, "Texas": 0.8641223059296659, "Utah": 0.7786691096632234, "Vermont": 0.8464599493741377, "Virginia": 0.8092804855156309, "Washington": 0.8306791374532775, "West Virginia": 0.9188286317339808, "Wisconsin": 0.6948247214090679, "Wyoming": 0.82950373818113}