{"Alabama": 0.7802398981120646, "Arizona": 0.7935551416833989, "Arkansas": 0.8388590390844628, "California": 0.7771917954221829, "Colorado": 0.8042341380461511, "Connecticut": 0.6985531683628183, "Delaware": 0.7854074413320804, "Florida": 0.8249124281535983, "Georgia": 0.8066899813014626, "Hawaii": 0.8281722148249763, "Idaho": 0.8654588240335442, "Illinois": 0.7769852530364654, "Indiana": 0.7034069534096815, "Iowa": 0.7539620846413471, "Kansas": 0.8200541832601668, "Kentucky": 0.8460528561579622, "Louisiana": 0.922098484234947, "Maine": 0.8878268488110218, "Maryland": 0.8353060904551699, "Massachusetts": 0.7642818202638991, "Michigan": 0.758997091356007, "Minnesota": 0.7811535487269573, "Mississippi": 0.8226316564105869, "Missouri": 0.8363020166172459, "Montana": 0.9314072337224789, "Nebraska": 0.839794921555332, "Nevada": 0.6816054620002733, "New Hampshire": 0.7858403986139958, "New Jersey": 0.8045108932704763, "New Mexico": 0.9274935159086324, "New York": 0.78512762675227, "North Carolina": 0.8078661389569934, "North Dakota": 0.8991352629906308, "Ohio": 0.7875256857403093, "Oklahoma": 0.8697642321252602, "Oregon": 0.8207301519038119, "Pennsylvania": 0.8279005208214191, "Rhode Island": 0.7830926095018511, "South Carolina": 0.7727914888047646, "South Dakota": 0.8127184036027012, "Tennessee": 0.8199808825855144, "Texas": 0.847973681580114, "Utah": 0.7571849399962421, "Vermont": 0.8380482425605278, "Virginia": 0.799063923759752, "Washington": 0.8116607696116114, "West Virginia": 0.9269074653940172, "Wisconsin": 0.7222243109348334, "Wyoming": 0.8528297762864363}