{"Alabama": 0.7562411436557929, "Arizona": 0.7803513289970923, "Arkansas": 0.8352750684957938, "California": 0.7829185362000892, "Colorado": 0.7967249081847265, "Connecticut": 0.6915720019831918, "Delaware": 0.768112764867868, "Florida": 0.8087021135223453, "Georgia": 0.7866017443903048, "Hawaii": 0.8097753711384679, "Idaho": 0.8507921201911024, "Illinois": 0.7598125084538444, "Indiana": 0.6825058607643454, "Iowa": 0.7347511491642068, "Kansas": 0.8206970497376239, "Kentucky": 0.8235614058556056, "Louisiana": 0.9207146599107199, "Maine": 0.8616799989347739, "Maryland": 0.8232081046850206, "Massachusetts": 0.7572259848816731, "Michigan": 0.73786848971197, "Minnesota": 0.7690729639817258, "Mississippi": 0.8081155375710933, "Missouri": 0.826235393383495, "Montana": 0.9285033100168594, "Nebraska": 0.8297706675089718, "Nevada": 0.675952128706571, "New Hampshire": 0.7702903692271379, "New Jersey": 0.789016275631934, "New Mexico": 0.9301259328656531, "New York": 0.7752478635207053, "North Carolina": 0.7884896617728141, "North Dakota": 0.90029033131256, "Ohio": 0.7713188463754613, "Oklahoma": 0.8626421800472925, "Oregon": 0.804116901266179, "Pennsylvania": 0.8197100937731869, "Rhode Island": 0.7787538886198205, "South Carolina": 0.7448075450391117, "South Dakota": 0.7954403580750115, "Tennessee": 0.799227280258892, "Texas": 0.8445959884578015, "Utah": 0.744806354365806, "Vermont": 0.8251362495920789, "Virginia": 0.7837631350515873, "Washington": 0.8018738570324877, "West Virginia": 0.9294108356401949, "Wisconsin": 0.7013235128612991, "Wyoming": 0.8487768042807392}