{"Alabama": 0.756180834495575, "Arizona": 0.8115386399190789, "Arkansas": 0.7854658495285224, "California": 0.7994719192556065, "Colorado": 0.8130900789119703, "Connecticut": 0.7391915974185689, "Delaware": 0.7732757652837079, "Florida": 0.8201614567098521, "Georgia": 0.7879081043748825, "Hawaii": 0.8003503530015662, "Idaho": 0.809945907025279, "Illinois": 0.7722659137099803, "Indiana": 0.7029910780726429, "Iowa": 0.6851050489934593, "Kansas": 0.7864816769593448, "Kentucky": 0.7917750046209264, "Louisiana": 0.9235142903763313, "Maine": 0.865727920147193, "Maryland": 0.8313295955249376, "Massachusetts": 0.782685306305762, "Michigan": 0.7757789744699394, "Minnesota": 0.7698365820900164, "Mississippi": 0.8013302203431018, "Missouri": 0.8153380906500267, "Montana": 0.8834548113500817, "Nebraska": 0.7756138816472025, "Nevada": 0.6836684785002229, "New Hampshire": 0.8107928117407992, "New Jersey": 0.7987017454168589, "New Mexico": 0.923015028006738, "New York": 0.7898865563927965, "North Carolina": 0.7836545096632022, "North Dakota": 0.8286720908958048, "Ohio": 0.7870452401880086, "Oklahoma": 0.8469454533196947, "Oregon": 0.810651030226823, "Pennsylvania": 0.8314734775320171, "Rhode Island": 0.8026874660333895, "South Carolina": 0.7465098180928906, "South Dakota": 0.729907790563702, "Tennessee": 0.800144206182819, "Texas": 0.8587218876444995, "Utah": 0.7656641132753547, "Vermont": 0.8334223379779301, "Virginia": 0.7965604835766262, "Washington": 0.8195328531093043, "West Virginia": 0.928092195440245, "Wisconsin": 0.6801696230731229, "Wyoming": 0.8177952544224277}