{"Alabama": 0.7602718457176884, "Arizona": 0.8141877903629223, "Arkansas": 0.7920063457220722, "California": 0.81523498055207, "Colorado": 0.815408301040002, "Connecticut": 0.7526693112945606, "Delaware": 0.781466299630267, "Florida": 0.825012083976395, "Georgia": 0.7939621118760303, "Hawaii": 0.8045843506732522, "Idaho": 0.8126578354333016, "Illinois": 0.7799854155042527, "Indiana": 0.7072207699692153, "Iowa": 0.689134879506577, "Kansas": 0.7958355003260976, "Kentucky": 0.7888867501971266, "Louisiana": 0.927266661809038, "Maine": 0.883573021622173, "Maryland": 0.8371071396760464, "Massachusetts": 0.7901334955945967, "Michigan": 0.7762647707762476, "Minnesota": 0.7802006731747221, "Mississippi": 0.8090205651504179, "Missouri": 0.821895708813666, "Montana": 0.8852137673668437, "Nebraska": 0.7783056107052218, "Nevada": 0.6878378753174071, "New Hampshire": 0.817677249958579, "New Jersey": 0.8059117129128287, "New Mexico": 0.9265501406928404, "New York": 0.7981640340857421, "North Carolina": 0.7918842454023611, "North Dakota": 0.827701223685693, "Ohio": 0.7946682955755587, "Oklahoma": 0.8466484967241658, "Oregon": 0.819362698277131, "Pennsylvania": 0.8389010089565688, "Rhode Island": 0.803987304099387, "South Carolina": 0.754316647823201, "South Dakota": 0.7366455356025415, "Tennessee": 0.8029179637782813, "Texas": 0.8625781452931977, "Utah": 0.772552137284162, "Vermont": 0.839104874585057, "Virginia": 0.8054293557064482, "Washington": 0.830814086845597, "West Virginia": 0.9317136562502113, "Wisconsin": 0.6879139197546963, "Wyoming": 0.8182309817636145}