{"Alabama": 0.7578429292495878, "Arizona": 0.7830463434822778, "Arkansas": 0.8415650528638207, "California": 0.7979687050569871, "Colorado": 0.7988468399101658, "Connecticut": 0.7045519104213956, "Delaware": 0.7760883315185677, "Florida": 0.8128071068798451, "Georgia": 0.7902450266224234, "Hawaii": 0.8139846123372332, "Idaho": 0.8505531325082866, "Illinois": 0.7657494550957787, "Indiana": 0.684234493028756, "Iowa": 0.7400213889320123, "Kansas": 0.8254159963528771, "Kentucky": 0.8166307542287745, "Louisiana": 0.9230908450913196, "Maine": 0.8790642968144089, "Maryland": 0.8292187538485674, "Massachusetts": 0.764588671007702, "Michigan": 0.7350932965098028, "Minnesota": 0.7770047185637524, "Mississippi": 0.8118048605038656, "Missouri": 0.830961718252959, "Montana": 0.9296980656636408, "Nebraska": 0.8314332399599738, "Nevada": 0.67994109850669, "New Hampshire": 0.7768342270540833, "New Jersey": 0.7957180335412621, "New Mexico": 0.935238108356535, "New York": 0.7836318981646175, "North Carolina": 0.7948485605606391, "North Dakota": 0.8955599773036684, "Ohio": 0.7763117856507009, "Oklahoma": 0.8601277194247207, "Oregon": 0.8119390336980506, "Pennsylvania": 0.8252911515736813, "Rhode Island": 0.7787545743474287, "South Carolina": 0.7503406167792629, "South Dakota": 0.7981062487147667, "Tennessee": 0.7990877522276335, "Texas": 0.8465808435629701, "Utah": 0.7502392778175772, "Vermont": 0.8329005416288657, "Virginia": 0.7921692990893657, "Washington": 0.8098968073779306, "West Virginia": 0.9324148403161732, "Wisconsin": 0.7089410494327898, "Wyoming": 0.8480633257778034}