{"Alabama": 0.7478645014244136, "Arizona": 0.7791474726588888, "Arkansas": 0.8343328280718396, "California": 0.7902112436357861, "Colorado": 0.7980776353191846, "Connecticut": 0.7003044661603243, "Delaware": 0.7683791646853574, "Florida": 0.8071671859509199, "Georgia": 0.779557387636127, "Hawaii": 0.8082276474683293, "Idaho": 0.8487644534731902, "Illinois": 0.7560850247255771, "Indiana": 0.6662722593547554, "Iowa": 0.7330601773967816, "Kansas": 0.8228105154976957, "Kentucky": 0.8007510279896801, "Louisiana": 0.9199413170435055, "Maine": 0.8725152819878882, "Maryland": 0.8201885230491467, "Massachusetts": 0.7532426019720445, "Michigan": 0.7178107775062401, "Minnesota": 0.7673639886787852, "Mississippi": 0.8050259958352514, "Missouri": 0.8195077895873276, "Montana": 0.9265274130333296, "Nebraska": 0.8207659396005406, "Nevada": 0.6806848159410174, "New Hampshire": 0.7705388798549114, "New Jersey": 0.7880728683216817, "New Mexico": 0.9342478582796103, "New York": 0.7740759660766053, "North Carolina": 0.7857452764154615, "North Dakota": 0.8919046391471894, "Ohio": 0.7631296268189367, "Oklahoma": 0.8560006766237046, "Oregon": 0.8052067394227722, "Pennsylvania": 0.815672565514005, "Rhode Island": 0.763938471056277, "South Carolina": 0.7448652454112141, "South Dakota": 0.7890176285396652, "Tennessee": 0.7861337466947116, "Texas": 0.8435590619274985, "Utah": 0.7449992877021742, "Vermont": 0.8285561048809451, "Virginia": 0.7868693441357658, "Washington": 0.8056801960046471, "West Virginia": 0.9305268846203905, "Wisconsin": 0.6998459568033177, "Wyoming": 0.848402466529731}