{"Alabama": 0.755895363545729, "Arizona": 0.810457041749006, "Arkansas": 0.7877509692651539, "California": 0.8080578283573173, "Colorado": 0.81547446375764, "Connecticut": 0.7485628008384776, "Delaware": 0.7734550591983724, "Florida": 0.8199601746608233, "Georgia": 0.7843686109847448, "Hawaii": 0.797858759509949, "Idaho": 0.8114005737325992, "Illinois": 0.7717156895629129, "Indiana": 0.6927143174639784, "Iowa": 0.6894747233274567, "Kansas": 0.7920353045646451, "Kentucky": 0.7763849881232672, "Louisiana": 0.9251977482869242, "Maine": 0.8787341404800715, "Maryland": 0.8276904434704621, "Massachusetts": 0.7790894281264756, "Michigan": 0.7619361489666707, "Minnesota": 0.7728993757306816, "Mississippi": 0.8006811883461041, "Missouri": 0.8139261177543397, "Montana": 0.8858338622238715, "Nebraska": 0.7706823373136824, "Nevada": 0.6885969225546827, "New Hampshire": 0.811599416438677, "New Jersey": 0.798311126425307, "New Mexico": 0.9267009947435059, "New York": 0.7888549208821217, "North Carolina": 0.7842284885709333, "North Dakota": 0.829247300165396, "Ohio": 0.7845530247312222, "Oklahoma": 0.8470124686742149, "Oregon": 0.8146934932794762, "Pennsylvania": 0.8302019000692872, "Rhode Island": 0.7905401578775149, "South Carolina": 0.751524364175565, "South Dakota": 0.7321201010679906, "Tennessee": 0.7930298676894262, "Texas": 0.8611341727756331, "Utah": 0.7684521629351065, "Vermont": 0.8335594763999553, "Virginia": 0.800411067026776, "Washington": 0.8272261408831035, "West Virginia": 0.9305771450022998, "Wisconsin": 0.6810354848485337, "Wyoming": 0.8201320994693166}