{"Alabama": 0.8181971236728681, "Alaska": 0.7432450138449764, "Arizona": 0.9653605141062872, "Arkansas": 0.7346256457521452, "California": 0.9476007068513939, "Connecticut": 0.8546703410909392, "Delaware": 0.9068523188059355, "Florida": 0.941607756662984, "Georgia": 0.8901436197321676, "Hawaii": 0.8427382459671907, "Idaho": 0.9160853788587665, "Illinois": 0.8918179064990714, "Indiana": 0.7409213680527766, "Iowa": 0.8334594020281935, "Kansas": 0.8781972681715885, "Kentucky": 0.830087512054643, "Louisiana": 0.8956395399321625, "Maine": 0.8370229191006762, "Maryland": 0.948745705737832, "Massachusetts": 0.8571755397157677, "Michigan": 0.805946233515401, "Minnesota": 0.8713522212159528, "Mississippi": 0.7595378526359516, "Missouri": 0.895492903491807, "Montana": 0.9004169331748885, "Nebraska": 0.889105210500662, "Nevada": 0.7054592108396975, "New Hampshire": 0.8602064482567958, "New Jersey": 0.8982178760253171, "New Mexico": 0.945768665302402, "New York": 0.8567730955885793, "North Carolina": 0.775866726370389, "North Dakota": 0.8452491703089234, "Ohio": 0.8268031119609235, "Oklahoma": 0.9002383788312035, "Oregon": 0.9088652229686678, "Pennsylvania": 0.843571149296527, "Rhode Island": 0.797648246261415, "South Carolina": 0.7996011686856219, "South Dakota": 0.8596910417581342, "Tennessee": 0.8424956816163226, "Texas": 0.9508927485170491, "Utah": 0.9459212481938857, "Vermont": 0.8663845665273641, "Virginia": 0.9526591047306197, "Washington": 0.926551351415221, "West Virginia": 0.8362253192196, "Wisconsin": 0.7570158805174099, "Wyoming": 0.8022244482397783}