{"Alabama": 0.8212239192390935, "Alaska": 0.7602355323448053, "Arizona": 0.9527006970534412, "Arkansas": 0.718996269972097, "California": 0.9420698333711637, "Connecticut": 0.8464417755066165, "Delaware": 0.8934499036460909, "Florida": 0.915958191130725, "Georgia": 0.9014472059401489, "Hawaii": 0.8272741791580809, "Idaho": 0.9137536621659503, "Illinois": 0.8818501766758196, "Indiana": 0.7073150163166855, "Iowa": 0.8004936726632471, "Kansas": 0.8614349759321757, "Kentucky": 0.8054164582723076, "Louisiana": 0.8952346589028671, "Maine": 0.8305432529330217, "Maryland": 0.9418175390542112, "Massachusetts": 0.8529323749126045, "Michigan": 0.7855076204133532, "Minnesota": 0.8509799485600386, "Mississippi": 0.751962156705348, "Missouri": 0.883736134212497, "Montana": 0.8935003190281727, "Nebraska": 0.8648739471928282, "Nevada": 0.6953302232658956, "New Hampshire": 0.8432820024404346, "New Jersey": 0.8877733053966996, "New Mexico": 0.934040897917164, "New York": 0.8494722795101722, "North Carolina": 0.7973892993951653, "North Dakota": 0.8234440066392748, "Ohio": 0.8052979953239603, "Oklahoma": 0.8857932445892708, "Oregon": 0.8893993870732398, "Pennsylvania": 0.82521128556536, "Rhode Island": 0.7914749703220272, "South Carolina": 0.8057636689568908, "South Dakota": 0.8310176252528281, "Tennessee": 0.8282769070794177, "Texas": 0.946456774323538, "Utah": 0.9440873376104242, "Vermont": 0.8395961354341162, "Virginia": 0.9543277431985544, "Washington": 0.9343404607223744, "West Virginia": 0.8163294859161834, "Wisconsin": 0.734794562862513, "Wyoming": 0.7950945593695063}