{"Alabama": 0.7094450346960021, "Alaska": 0.8127070982137989, "Arizona": 0.9539364028247349, "Arkansas": 0.7258062782606888, "California": 0.9496907902044283, "Connecticut": 0.8477520563564219, "Delaware": 0.8705464638336714, "Florida": 0.931166477200788, "Georgia": 0.9048810534885656, "Hawaii": 0.8231353720725727, "Idaho": 0.9211851197791296, "Illinois": 0.8882451116230263, "Indiana": 0.725319391153598, "Iowa": 0.7984492454709131, "Kansas": 0.8616590806852207, "Kentucky": 0.8106594046227018, "Louisiana": 0.8899805011979958, "Maine": 0.8411767026111479, "Maryland": 0.948294225241283, "Massachusetts": 0.8626780014409631, "Michigan": 0.8000062251680392, "Minnesota": 0.8575249245286348, "Mississippi": 0.7713649525063011, "Missouri": 0.8867224276380259, "Montana": 0.903678999096479, "Nebraska": 0.8544263683147028, "Nevada": 0.7139719373430498, "New Hampshire": 0.8541604901322318, "New Jersey": 0.8929618489304018, "New Mexico": 0.9393028571483928, "New York": 0.8487373505638718, "North Carolina": 0.7978397682423091, "North Dakota": 0.827198206282413, "Ohio": 0.8135473026457594, "Oklahoma": 0.8813205641623227, "Oregon": 0.8845141964910638, "Pennsylvania": 0.8317705783818375, "Rhode Island": 0.7989498793349685, "South Carolina": 0.8194185128488466, "South Dakota": 0.8341048316043703, "Tennessee": 0.8368318048289974, "Texas": 0.9478882217329048, "Utah": 0.9439467050352967, "Vermont": 0.8387868701704525, "Virginia": 0.958463774730973, "Washington": 0.9362294954189955, "West Virginia": 0.8130877444046685, "Wisconsin": 0.7469632259834242, "Wyoming": 0.7437244263433351}