{"Alabama": 0.8494045714037003, "Alaska": 0.7900996576587725, "Arizona": 0.9605505998315264, "Arkansas": 0.7427321105854439, "California": 0.9563829771825736, "Connecticut": 0.8581365064120189, "Delaware": 0.8811660430031106, "Florida": 0.9424051532381136, "Georgia": 0.9120032667809662, "Hawaii": 0.8481446474694301, "Idaho": 0.9287643153882892, "Illinois": 0.8996630214199617, "Indiana": 0.7373425541016659, "Iowa": 0.8125881605522809, "Kansas": 0.8717048928365492, "Kentucky": 0.8232416981235845, "Louisiana": 0.9038145401432905, "Maine": 0.8541982611951541, "Maryland": 0.9531465498659224, "Massachusetts": 0.8725443098674102, "Michigan": 0.8183210129745903, "Minnesota": 0.8703725055775126, "Mississippi": 0.7953622015463666, "Missouri": 0.8980165347367141, "Montana": 0.9168486364238249, "Nebraska": 0.8596051312553142, "Nevada": 0.7402650365678204, "New Hampshire": 0.8802480029257486, "New Jersey": 0.9037214034557902, "New Mexico": 0.9434823858437335, "New York": 0.8546767428735886, "North Carolina": 0.8415567346623872, "North Dakota": 0.8400509897900431, "Ohio": 0.8298855279445057, "Oklahoma": 0.8963639765508201, "Oregon": 0.8934403386809653, "Pennsylvania": 0.845687827687979, "Rhode Island": 0.7072888902240501, "South Carolina": 0.8436283299999263, "South Dakota": 0.848629345714687, "Tennessee": 0.8462278938286748, "Texas": 0.9533289201329729, "Utah": 0.95008011312385, "Vermont": 0.7817109905343557, "Virginia": 0.9614787911737128, "Washington": 0.944402951656574, "West Virginia": 0.8243618217918208, "Wisconsin": 0.7680074043887462, "Wyoming": 0.6317505369318888}