{"Alabama": 0.8618623718787393, "Alaska": 0.8288844116309381, "Arizona": 0.9619023451787226, "Arkansas": 0.7507416046624279, "California": 0.9656197728220149, "Connecticut": 0.8685800375382018, "Delaware": 0.8998274939595208, "Florida": 0.9433214711087319, "Georgia": 0.9238794226713137, "Hawaii": 0.8615933562974651, "Idaho": 0.9335386023510056, "Illinois": 0.9080362260983101, "Indiana": 0.7377389353405089, "Iowa": 0.8175812537316057, "Kansas": 0.8777313114296496, "Kentucky": 0.8299457793842802, "Louisiana": 0.9095327674200305, "Maine": 0.8666447202256824, "Maryland": 0.9602494878607281, "Massachusetts": 0.8815557858518759, "Michigan": 0.8262378130012087, "Minnesota": 0.8753033550338365, "Mississippi": 0.8018626057602798, "Missouri": 0.9050558822977989, "Montana": 0.9265613449756853, "Nebraska": 0.8640574343893739, "Nevada": 0.7526967799028769, "New Hampshire": 0.8895490474050444, "New Jersey": 0.9176092773493031, "New Mexico": 0.9455416243262976, "New York": 0.8637018435118623, "North Carolina": 0.8555245724033711, "North Dakota": 0.8466281143037512, "Ohio": 0.8355590977340133, "Oklahoma": 0.8979521415749585, "Oregon": 0.8884470736592415, "Pennsylvania": 0.855384548070631, "Rhode Island": 0.8411225953617584, "South Carolina": 0.8533448328603123, "South Dakota": 0.8522958952992203, "Tennessee": 0.8558864721166436, "Texas": 0.9561997131871832, "Utah": 0.9530845614102665, "Vermont": 0.8593661412554563, "Virginia": 0.9658570585665778, "Washington": 0.9511709726844367, "West Virginia": 0.8317675878868844, "Wisconsin": 0.7765552994709807, "Wyoming": 0.7957014614835654}