{"Alabama": 0.8408558130910381, "Alaska": 0.8368420225866215, "Arizona": 0.9659446127089306, "Arkansas": 0.7199099797298605, "California": 0.9619746525905358, "Connecticut": 0.8788094610784047, "Delaware": 0.924003877159807, "Florida": 0.9482444602380317, "Georgia": 0.921712264094056, "Hawaii": 0.8637470540096552, "Idaho": 0.8969189762777858, "Illinois": 0.8956311864249488, "Indiana": 0.727286008473797, "Iowa": 0.7658863469567727, "Kansas": 0.838020597320411, "Kentucky": 0.7875519995146817, "Louisiana": 0.9142653087417492, "Maine": 0.8686724786005451, "Maryland": 0.9650480454696274, "Massachusetts": 0.88848220478127, "Michigan": 0.8361205692213362, "Minnesota": 0.8571267655575224, "Mississippi": 0.7735654492258572, "Missouri": 0.8859498989826061, "Montana": 0.8779189432062877, "Nebraska": 0.8367058294075123, "Nevada": 0.7593861989992613, "New Hampshire": 0.895681136441856, "New Jersey": 0.932325200154744, "New Mexico": 0.9380460107954479, "New York": 0.8713341523300439, "North Carolina": 0.8482796675640563, "North Dakota": 0.761663544883349, "Ohio": 0.8256172219913215, "Oklahoma": 0.8646717131378878, "Oregon": 0.8717090532656045, "Pennsylvania": 0.8549464814306736, "Rhode Island": 0.8471705410062633, "South Carolina": 0.8551884689450083, "South Dakota": 0.7869710071522755, "Tennessee": 0.8309338014760015, "Texas": 0.9510755929968159, "Utah": 0.9445842473035275, "Vermont": 0.861773798710322, "Virginia": 0.9703565501185998, "Washington": 0.9477598092025273, "West Virginia": 0.8291770909867696, "Wisconsin": 0.7466319230868184, "Wyoming": 0.7701181296688003}