{"Alabama": 0.8653033886555956, "Alaska": 0.8204456240262452, "Arizona": 0.9620239139678264, "Arkansas": 0.7535334964758187, "California": 0.9717519779416388, "Connecticut": 0.8751089452883853, "Delaware": 0.9093476006907177, "Florida": 0.951021126166047, "Georgia": 0.9241213788312443, "Hawaii": 0.87135188757025, "Idaho": 0.9345625803534104, "Illinois": 0.9079436654413648, "Indiana": 0.7336514976270274, "Iowa": 0.8088850405535097, "Kansas": 0.8736777684428061, "Kentucky": 0.8277398863245072, "Louisiana": 0.9078672607168129, "Maine": 0.8589344085383858, "Maryland": 0.9631473071803566, "Massachusetts": 0.8866722135691889, "Michigan": 0.8325872598208987, "Minnesota": 0.8735999292588024, "Mississippi": 0.798483517768753, "Missouri": 0.9045352124012376, "Montana": 0.9239376648467749, "Nebraska": 0.8607935048852053, "Nevada": 0.7653169862037038, "New Hampshire": 0.890634781587072, "New Jersey": 0.9227181027622006, "New Mexico": 0.9456376440472593, "New York": 0.8651112868830098, "North Carolina": 0.8693720229309193, "North Dakota": 0.8441603172513966, "Ohio": 0.8366063651995141, "Oklahoma": 0.8986835665388674, "Oregon": 0.886466723245651, "Pennsylvania": 0.8563143277518256, "Rhode Island": 0.8532625649751754, "South Carolina": 0.8661994872574402, "South Dakota": 0.8473676693322331, "Tennessee": 0.8553998735813096, "Texas": 0.9557223285342574, "Utah": 0.9530721622734595, "Vermont": 0.8614582368368818, "Virginia": 0.9688663855823639, "Washington": 0.9536683816591971, "West Virginia": 0.8284818415527416, "Wisconsin": 0.7750279923425568, "Wyoming": 0.7817694549548482}