{"Alabama": 0.8358499906984992, "Alaska": 0.8369154759266704, "Arizona": 0.9616249764395868, "Arkansas": 0.7259485632668069, "California": 0.9639956149494596, "Connecticut": 0.8785006416006237, "Delaware": 0.7782042602433937, "Florida": 0.950190003493192, "Georgia": 0.9217975566585307, "Hawaii": 0.8675367619535918, "Idaho": 0.9041137706746576, "Illinois": 0.8925014757058904, "Indiana": 0.7207634592679452, "Iowa": 0.7528620808720914, "Kansas": 0.8264983029519731, "Kentucky": 0.7883698475624079, "Louisiana": 0.9124420919729491, "Maine": 0.8690120677050749, "Maryland": 0.9667624887524315, "Massachusetts": 0.8890313064610262, "Michigan": 0.8364626537212178, "Minnesota": 0.8512667888475699, "Mississippi": 0.7770335898231021, "Missouri": 0.8857065833882415, "Montana": 0.8840703993871412, "Nebraska": 0.8277057474103312, "Nevada": 0.7640115094734652, "New Hampshire": 0.8986975308796675, "New Jersey": 0.9308670228165763, "New Mexico": 0.9386393392807401, "New York": 0.8675447017709961, "North Carolina": 0.8573224342823442, "North Dakota": 0.7614355793198332, "Ohio": 0.8179668082669893, "Oklahoma": 0.8611703608406537, "Oregon": 0.8703322484156584, "Pennsylvania": 0.8500019584902808, "Rhode Island": 0.845790693392395, "South Carolina": 0.861712255892371, "South Dakota": 0.7855628771433495, "Tennessee": 0.8320152075840246, "Texas": 0.9490880456455143, "Utah": 0.9465773808697158, "Vermont": 0.8612918066967273, "Virginia": 0.9715160801419085, "Washington": 0.9462456632762692, "West Virginia": 0.8258832065724631, "Wisconsin": 0.7397273035395969, "Wyoming": 0.7598588538227475}