{"Alabama": 0.8624736866723567, "Alaska": 0.8202757959669035, "Arizona": 0.9579733804880145, "Arkansas": 0.7613171899921481, "California": 0.9731954603245037, "Connecticut": 0.875415718790719, "Delaware": 0.7557221915508292, "Florida": 0.9528469884907609, "Georgia": 0.9251741770601607, "Hawaii": 0.8747477338811358, "Idaho": 0.9367188582149952, "Illinois": 0.905168723781895, "Indiana": 0.7296300466400114, "Iowa": 0.7998763502031817, "Kansas": 0.8650939543080548, "Kentucky": 0.8264132746495612, "Louisiana": 0.9073215298705408, "Maine": 0.8600366149163018, "Maryland": 0.964995620258003, "Massachusetts": 0.8873864058724467, "Michigan": 0.8351158371293179, "Minnesota": 0.8690445059824207, "Mississippi": 0.8043254721490947, "Missouri": 0.9047304951582266, "Montana": 0.9258235093144123, "Nebraska": 0.8525607025753905, "Nevada": 0.7691575285201651, "New Hampshire": 0.8942073180065776, "New Jersey": 0.9215062168466528, "New Mexico": 0.9461227195406391, "New York": 0.8617916535147394, "North Carolina": 0.8789660859679993, "North Dakota": 0.8436370654956974, "Ohio": 0.8299598005539, "Oklahoma": 0.8948748333100831, "Oregon": 0.8852038872517212, "Pennsylvania": 0.8515597203343737, "Rhode Island": 0.8427134127702448, "South Carolina": 0.8744684081292077, "South Dakota": 0.8462952160005318, "Tennessee": 0.8556056102312829, "Texas": 0.954206751233328, "Utah": 0.955443607207588, "Vermont": 0.8614462292410101, "Virginia": 0.9701379878239157, "Washington": 0.9526461025338864, "West Virginia": 0.825948803661258, "Wisconsin": 0.7706600959646208, "Wyoming": 0.7821620325846468}