{"Alabama": 0.8344883829003527, "Alaska": 0.8295273045705018, "Arizona": 0.9620107321389669, "Arkansas": 0.7298237170067181, "California": 0.9636164351212578, "Connecticut": 0.8771733632987422, "Delaware": 0.9228610475314069, "Florida": 0.9586227680655754, "Georgia": 0.925369300322531, "Hawaii": 0.8720066406880055, "Idaho": 0.9070118243389877, "Illinois": 0.892403578945228, "Indiana": 0.7182965800911948, "Iowa": 0.7481779076282931, "Kansas": 0.8216196110363464, "Kentucky": 0.7875150628281962, "Louisiana": 0.9185029476356876, "Maine": 0.8639999389202558, "Maryland": 0.9661808254505281, "Massachusetts": 0.8857350181749782, "Michigan": 0.8343394365627536, "Minnesota": 0.8433291218282334, "Mississippi": 0.7829205485580861, "Missouri": 0.8859654485612474, "Montana": 0.8909794527025084, "Nebraska": 0.8255717762177521, "Nevada": 0.7740048304998844, "New Hampshire": 0.8963410144178596, "New Jersey": 0.930988849523749, "New Mexico": 0.9459172713865696, "New York": 0.8635200599385592, "North Carolina": 0.8700917355314373, "North Dakota": 0.765432542089871, "Ohio": 0.8132144157359863, "Oklahoma": 0.85629311218208, "Oregon": 0.8722633043927227, "Pennsylvania": 0.8427453887654303, "Rhode Island": 0.8441918243393461, "South Carolina": 0.870293199447198, "South Dakota": 0.7845887404407328, "Tennessee": 0.8404619139671019, "Texas": 0.9479028633853538, "Utah": 0.9472442873992741, "Vermont": 0.8583733591141852, "Virginia": 0.9720611128223756, "Washington": 0.9423633820279507, "West Virginia": 0.8247210104985067, "Wisconsin": 0.7331141141216687, "Wyoming": 0.7356426955394084}