{"Alabama": 0.8626964884277314, "Alaska": 0.809999891891691, "Arizona": 0.9585846839666398, "Arkansas": 0.7670546517075824, "California": 0.9723517052037969, "Connecticut": 0.8741929485466042, "Delaware": 0.9097537664137193, "Florida": 0.9610144289386726, "Georgia": 0.9285568781911562, "Hawaii": 0.8788743518299443, "Idaho": 0.936388597794011, "Illinois": 0.9049142801816087, "Indiana": 0.7299822208475745, "Iowa": 0.7942677231966372, "Kansas": 0.8609171229586633, "Kentucky": 0.8262392978947477, "Louisiana": 0.9155602431433998, "Maine": 0.8553660657453279, "Maryland": 0.964504232587721, "Massachusetts": 0.88368695806542, "Michigan": 0.8345675405766766, "Minnesota": 0.8604114279098398, "Mississippi": 0.8107156323458823, "Missouri": 0.9048725203784793, "Montana": 0.9285397305739526, "Nebraska": 0.850683763706157, "Nevada": 0.7782815242550348, "New Hampshire": 0.8922345134864229, "New Jersey": 0.9222472761298152, "New Mexico": 0.9523332226378469, "New York": 0.8581526225647287, "North Carolina": 0.8904016652687048, "North Dakota": 0.8402510162430055, "Ohio": 0.8253347875055735, "Oklahoma": 0.8880443022836559, "Oregon": 0.8877108325637584, "Pennsylvania": 0.8442108978992734, "Rhode Island": 0.8407691431776684, "South Carolina": 0.8835243055166621, "South Dakota": 0.8402638764943423, "Tennessee": 0.8620859891370064, "Texas": 0.9531839357573327, "Utah": 0.9560715421175605, "Vermont": 0.8582940397490693, "Virginia": 0.9707750063496153, "Washington": 0.9496448402944566, "West Virginia": 0.8256710165773835, "Wisconsin": 0.7645570309637963, "Wyoming": 0.7556923236000825}