{"Alabama": 0.8369550594985995, "Alaska": 0.8210194406644122, "Arizona": 0.9612158637544781, "Arkansas": 0.7358071955145291, "California": 0.9622281681887039, "Connecticut": 0.876544884618744, "Delaware": 0.9211888492194313, "Florida": 0.957060496901719, "Georgia": 0.9285946624701037, "Hawaii": 0.8739227584660763, "Idaho": 0.9076098921273115, "Illinois": 0.8912679101824855, "Indiana": 0.7182549330968877, "Iowa": 0.739162899902024, "Kansas": 0.8149807098620894, "Kentucky": 0.7883623380256453, "Louisiana": 0.9111887095701868, "Maine": 0.8579562107277493, "Maryland": 0.9665923244622429, "Massachusetts": 0.8811247815126002, "Michigan": 0.8332033357966976, "Minnesota": 0.8373246521821596, "Mississippi": 0.7868999902672054, "Missouri": 0.8845598575856224, "Montana": 0.8897435669282319, "Nebraska": 0.8219380125800173, "Nevada": 0.7717591645992388, "New Hampshire": 0.8896804983001025, "New Jersey": 0.932267673656107, "New Mexico": 0.946430489617898, "New York": 0.8697791690319467, "North Carolina": 0.8766587420812046, "North Dakota": 0.7581926303214565, "Ohio": 0.8133485111519638, "Oklahoma": 0.8492828913498198, "Oregon": 0.873205171317059, "Pennsylvania": 0.8416752947013639, "Rhode Island": 0.8392100520384417, "South Carolina": 0.8708724512819191, "South Dakota": 0.7806934857408403, "Tennessee": 0.8484469159297835, "Texas": 0.9485067835964754, "Utah": 0.9410175958208716, "Vermont": 0.8465791249918038, "Virginia": 0.9711060068722416, "Washington": 0.9408275352609986, "West Virginia": 0.8185405570231146, "Wisconsin": 0.7261480776495632, "Wyoming": 0.7292106086780408}