{"Alabama": 0.8649411429104936, "Alaska": 0.8038730995782256, "Arizona": 0.9579080838468108, "Arkansas": 0.7736788365102298, "California": 0.9705010115603968, "Connecticut": 0.8739806991114325, "Delaware": 0.9090110251699441, "Florida": 0.9592877376615963, "Georgia": 0.9317397100150457, "Hawaii": 0.8807249611130478, "Idaho": 0.933671303586281, "Illinois": 0.9042683769958816, "Indiana": 0.7332683933528635, "Iowa": 0.7882324844057557, "Kansas": 0.8567226942239865, "Kentucky": 0.8277746369759292, "Louisiana": 0.9099231252141595, "Maine": 0.850833568112058, "Maryland": 0.9655256161532882, "Massachusetts": 0.8793716954107055, "Michigan": 0.8350025263767341, "Minnesota": 0.8544751893747391, "Mississippi": 0.8131063184727391, "Missouri": 0.9033550394801446, "Montana": 0.9245364919669536, "Nebraska": 0.8473451425071458, "Nevada": 0.7754502920934486, "New Hampshire": 0.8860775234427624, "New Jersey": 0.9250739783743664, "New Mexico": 0.9538669550534088, "New York": 0.8658641001261542, "North Carolina": 0.8957895926212825, "North Dakota": 0.8385441347138969, "Ohio": 0.8265736169910092, "Oklahoma": 0.8835344055184787, "Oregon": 0.8894254475329921, "Pennsylvania": 0.8443463723809715, "Rhode Island": 0.8360854655521329, "South Carolina": 0.8847595292740371, "South Dakota": 0.8344015403597497, "Tennessee": 0.8688836731199261, "Texas": 0.9543677862170776, "Utah": 0.9499265358451311, "Vermont": 0.8478007396658245, "Virginia": 0.9698328411301893, "Washington": 0.9485069727105149, "West Virginia": 0.8220438611826725, "Wisconsin": 0.7603999420356574, "Wyoming": 0.7525552158882997}