{"Alabama": 0.8403879276635815, "Alaska": 0.8188260809990551, "Arizona": 0.9575192431662919, "Arkansas": 0.734954581629992, "California": 0.957659058173298, "Connecticut": 0.8734853247526854, "Delaware": 0.9157119407587309, "Florida": 0.9562379799773093, "Georgia": 0.927343053845181, "Hawaii": 0.8782844174048796, "Idaho": 0.9037536989553637, "Illinois": 0.8899274681783919, "Indiana": 0.7243462063973161, "Iowa": 0.7327341733504125, "Kansas": 0.8112888132938911, "Kentucky": 0.7931864777561008, "Louisiana": 0.9090733337010982, "Maine": 0.8705136816344784, "Maryland": 0.9653827642331423, "Massachusetts": 0.8857694499057297, "Michigan": 0.8405583034396849, "Minnesota": 0.8301496408890945, "Mississippi": 0.7937627418773523, "Missouri": 0.884584912328306, "Montana": 0.8844059281055634, "Nebraska": 0.8208768132423659, "Nevada": 0.7653218551534129, "New Hampshire": 0.8876456680995735, "New Jersey": 0.9336234021536759, "New Mexico": 0.9431845591626254, "New York": 0.8796166028169162, "North Carolina": 0.8782726323325523, "North Dakota": 0.762140239289211, "Ohio": 0.814906275830221, "Oklahoma": 0.8378450405214722, "Oregon": 0.8707489082847255, "Pennsylvania": 0.8425259718900401, "Rhode Island": 0.8394833303600432, "South Carolina": 0.8672289316981392, "South Dakota": 0.7767914682252077, "Tennessee": 0.8527007670154956, "Texas": 0.9495548951936684, "Utah": 0.937714021477452, "Vermont": 0.8452579636917222, "Virginia": 0.96809955692853, "Washington": 0.9356027766435897, "West Virginia": 0.8120605535288142, "Wisconsin": 0.7222825464034792, "Wyoming": 0.7036629646411948}