{"Alabama": 0.8526052949102351, "Alaska": 0.8208046365515289, "Arizona": 0.9537396884852612, "Arkansas": 0.7501920089471493, "California": 0.9602918018425775, "Connecticut": 0.8803924235415448, "Delaware": 0.9194292146460101, "Florida": 0.9528396468693004, "Georgia": 0.9320208908615897, "Hawaii": 0.8825351374990879, "Idaho": 0.8989968562352518, "Illinois": 0.9026672624658151, "Indiana": 0.7547154973635202, "Iowa": 0.7521948000186527, "Kansas": 0.8297982104731665, "Kentucky": 0.8114592769723985, "Louisiana": 0.8998001676861769, "Maine": 0.8733022309870595, "Maryland": 0.9647712495134149, "Massachusetts": 0.8951734612378754, "Michigan": 0.8695858005879138, "Minnesota": 0.8389380700004319, "Mississippi": 0.7972678627039984, "Missouri": 0.8911781226445081, "Montana": 0.8782859637712797, "Nebraska": 0.8282191943439696, "Nevada": 0.7594762498816837, "New Hampshire": 0.892957709679418, "New Jersey": 0.9430618642163812, "New Mexico": 0.9355332426784754, "New York": 0.8945330447780819, "North Carolina": 0.8889787260543163, "North Dakota": 0.7701326941465052, "Ohio": 0.8384048745406281, "Oklahoma": 0.8487585464341126, "Oregon": 0.8751169951132568, "Pennsylvania": 0.8532891633945606, "Rhode Island": 0.8505231542826783, "South Carolina": 0.87127253462539, "South Dakota": 0.7896720286212578, "Tennessee": 0.8652527250789955, "Texas": 0.9495305879625805, "Utah": 0.93911192148474, "Vermont": 0.8474591049336001, "Virginia": 0.9653876699965378, "Washington": 0.9304512496685803, "West Virginia": 0.8068445112067267, "Wisconsin": 0.7455782613715635, "Wyoming": 0.7190870810811287}