{"Alabama": 0.8776237207436578, "Alaska": 0.8069599052930779, "Arizona": 0.9507640595590513, "Arkansas": 0.785044961181544, "California": 0.9678412687872504, "Connecticut": 0.8751060779578467, "Delaware": 0.9067592727743267, "Florida": 0.9554607086544166, "Georgia": 0.9329261612497951, "Hawaii": 0.889207653585808, "Idaho": 0.9295612913934064, "Illinois": 0.9119754485090636, "Indiana": 0.7743188915281861, "Iowa": 0.8020907217588611, "Kansas": 0.8698977093409319, "Kentucky": 0.8480323585720947, "Louisiana": 0.8980526783678321, "Maine": 0.8676407589448386, "Maryland": 0.9641914970947314, "Massachusetts": 0.8930454523453352, "Michigan": 0.8714079904540316, "Minnesota": 0.854713765466008, "Mississippi": 0.8229641604268947, "Missouri": 0.9073491255958149, "Montana": 0.9173090154088976, "Nebraska": 0.8570301783653865, "Nevada": 0.7638322657646874, "New Hampshire": 0.8885051442930948, "New Jersey": 0.937772648163617, "New Mexico": 0.9445052451438264, "New York": 0.8925671314868605, "North Carolina": 0.9033589109353399, "North Dakota": 0.8476089912700713, "Ohio": 0.8481493093789844, "Oklahoma": 0.8810510594085627, "Oregon": 0.8931268563665848, "Pennsylvania": 0.8548443857000897, "Rhode Island": 0.846550467460392, "South Carolina": 0.8850420792812984, "South Dakota": 0.8444493390009783, "Tennessee": 0.8807042328777529, "Texas": 0.9542479633137926, "Utah": 0.948120446854075, "Vermont": 0.84977247026448, "Virginia": 0.9637706816824959, "Washington": 0.9390472577830723, "West Virginia": 0.8115240992128653, "Wisconsin": 0.7809897096119148, "Wyoming": 0.7457105822507576}