{"Alabama": 0.8768127659973016, "Alaska": 0.8078026082972262, "Arizona": 0.95053419679184, "Arkansas": 0.7879714260197304, "California": 0.9689401997787386, "Connecticut": 0.8790336237603156, "Delaware": 0.9123036988213831, "Florida": 0.9565816542322877, "Georgia": 0.929928134761112, "Hawaii": 0.8907928350403682, "Idaho": 0.9288255929121693, "Illinois": 0.9130741670598687, "Indiana": 0.767449443346059, "Iowa": 0.800344989637433, "Kansas": 0.8759083421008699, "Kentucky": 0.8494760564408145, "Louisiana": 0.8991483634180597, "Maine": 0.8589021995428333, "Maryland": 0.9648051849353236, "Massachusetts": 0.9013778045317777, "Michigan": 0.8732696650997821, "Minnesota": 0.8608214463150935, "Mississippi": 0.8257913060743276, "Missouri": 0.9077795547881631, "Montana": 0.920327024503825, "Nebraska": 0.8558988094773625, "Nevada": 0.7539891407083994, "New Hampshire": 0.8932372546188219, "New Jersey": 0.942972877980663, "New Mexico": 0.9442178083583367, "New York": 0.9005280679202058, "North Carolina": 0.9067841555450903, "North Dakota": 0.8363364265664379, "Ohio": 0.8514166981558525, "Oklahoma": 0.8718468836658904, "Oregon": 0.8964717178555568, "Pennsylvania": 0.8615550626753512, "Rhode Island": 0.8536688121238772, "South Carolina": 0.8836897698514925, "South Dakota": 0.8443584033363688, "Tennessee": 0.881556991388406, "Texas": 0.9526969845983728, "Utah": 0.9504982228851306, "Vermont": 0.8556590372680228, "Virginia": 0.9631869696536514, "Washington": 0.9387370297497742, "West Virginia": 0.8145010396266442, "Wisconsin": 0.7821927100915257, "Wyoming": 0.7373514336385748}