{"Alabama": 0.8767844400371371, "Alaska": 0.8042341380461511, "Arizona": 0.9516988063380842, "Arkansas": 0.795924387050795, "California": 0.9704275026401225, "Connecticut": 0.884612034716007, "Delaware": 0.9221888638992609, "Florida": 0.9579183798378319, "Georgia": 0.9296215641846675, "Hawaii": 0.8871870630622792, "Idaho": 0.9287098073291742, "Illinois": 0.9138279439793371, "Indiana": 0.7642003620255833, "Iowa": 0.8022283247323074, "Kansas": 0.8819726880464624, "Kentucky": 0.8508156499631203, "Louisiana": 0.8975624695116402, "Maine": 0.8618818713285736, "Maryland": 0.9626416097735564, "Massachusetts": 0.9069797843538772, "Michigan": 0.8696711318718222, "Minnesota": 0.8670673259936906, "Mississippi": 0.8286010420776542, "Missouri": 0.9105475479687848, "Montana": 0.9213672981325202, "Nebraska": 0.8595707929573458, "Nevada": 0.7584124761260531, "New Hampshire": 0.8950677779957362, "New Jersey": 0.9465494881680955, "New Mexico": 0.9382913421640072, "New York": 0.9100300992755018, "North Carolina": 0.9094883011126943, "North Dakota": 0.8198376422568177, "Ohio": 0.8543414854542855, "Oklahoma": 0.8765196579383049, "Oregon": 0.8993793871060121, "Pennsylvania": 0.8660711419797334, "Rhode Island": 0.8605761731928389, "South Carolina": 0.8852795368673586, "South Dakota": 0.8464563408920349, "Tennessee": 0.8805924302018984, "Texas": 0.9519025514270814, "Utah": 0.9529935211598224, "Vermont": 0.8568121951369402, "Virginia": 0.9631230546873254, "Washington": 0.9355759744430528, "West Virginia": 0.8151870509710835, "Wisconsin": 0.7819127189746597, "Wyoming": 0.7258857653037027}