{"Alabama": 0.8551539610578659, "Alaska": 0.8206905133661919, "Arizona": 0.954204999869058, "Arkansas": 0.7636872787894815, "California": 0.9644109747054468, "Connecticut": 0.8898435449531976, "Delaware": 0.9326353313343209, "Florida": 0.9548581935038145, "Georgia": 0.9292749946258965, "Hawaii": 0.8794011065672163, "Idaho": 0.8929019160425558, "Illinois": 0.9051995447757797, "Indiana": 0.7447862746174237, "Iowa": 0.7490946740581786, "Kansas": 0.840570095516063, "Kentucky": 0.8153720399759873, "Louisiana": 0.8998238899679667, "Maine": 0.866159833552743, "Maryland": 0.9628848102361, "Massachusetts": 0.9088527063708389, "Michigan": 0.8653871419629936, "Minnesota": 0.8510440596861485, "Mississippi": 0.807470479944944, "Missouri": 0.8959359280903837, "Montana": 0.8809659580798269, "Nebraska": 0.8250688351111145, "Nevada": 0.7539621606003771, "New Hampshire": 0.8992266776924013, "New Jersey": 0.9512473102561164, "New Mexico": 0.9272918810865092, "New York": 0.9111077910493931, "North Carolina": 0.8959802604443914, "North Dakota": 0.7453026629664471, "Ohio": 0.8438637543988331, "Oklahoma": 0.8487936093124163, "Oregon": 0.8811707313032785, "Pennsylvania": 0.8641057130374069, "Rhode Island": 0.8641949694606849, "South Carolina": 0.8720830573960623, "South Dakota": 0.7861753477865531, "Tennessee": 0.8679137092380651, "Texas": 0.9480978030629141, "Utah": 0.942633474221524, "Vermont": 0.8523631035504792, "Virginia": 0.9647153426894247, "Washington": 0.9265352418097292, "West Virginia": 0.8112745705341754, "Wisconsin": 0.7434341213234397, "Wyoming": 0.6954865297259828}