{"Alabama": 0.871022109553713, "Alaska": 0.7967249081847266, "Arizona": 0.9498146687085918, "Arkansas": 0.7946285983898427, "California": 0.9633417528156967, "Connecticut": 0.8836964400162578, "Delaware": 0.918292014622382, "Florida": 0.9564622299774194, "Georgia": 0.927473650583279, "Hawaii": 0.8817809165855999, "Idaho": 0.9218112656230076, "Illinois": 0.9098019790736593, "Indiana": 0.7547576088853789, "Iowa": 0.7976704615746789, "Kansas": 0.8815931990451972, "Kentucky": 0.842431608703631, "Louisiana": 0.9038846370349878, "Maine": 0.8736307181796918, "Maryland": 0.962161736552613, "Massachusetts": 0.8973712775958386, "Michigan": 0.8652324054252969, "Minnesota": 0.8639471372948978, "Mississippi": 0.8273396181242441, "Missouri": 0.9064771014407949, "Montana": 0.9173499032613949, "Nebraska": 0.857761160080777, "Nevada": 0.7619535413847951, "New Hampshire": 0.8955662241589454, "New Jersey": 0.944750112743809, "New Mexico": 0.9351425143236225, "New York": 0.9113134351148976, "North Carolina": 0.9098154555150203, "North Dakota": 0.7916113535873854, "Ohio": 0.8480832167094622, "Oklahoma": 0.8515514292805348, "Oregon": 0.8978921737567211, "Pennsylvania": 0.8670887741503048, "Rhode Island": 0.8652161395773239, "South Carolina": 0.8783665177003943, "South Dakota": 0.840311977656191, "Tennessee": 0.8749017044575986, "Texas": 0.9503251379796271, "Utah": 0.9524801021647629, "Vermont": 0.8534367536372932, "Virginia": 0.9632983347942713, "Washington": 0.9207145379878646, "West Virginia": 0.8152714316520983, "Wisconsin": 0.7734327106187292, "Wyoming": 0.7150899490594205}