{"Alabama": 0.8500412893074045, "Alaska": 0.8130900789119704, "Arizona": 0.9525265428351158, "Arkansas": 0.767435794458403, "California": 0.9599980418160026, "Connecticut": 0.8899099962173392, "Delaware": 0.9292378433024178, "Florida": 0.9533134173134051, "Georgia": 0.927418570453815, "Hawaii": 0.8747900406998135, "Idaho": 0.8858772151821376, "Illinois": 0.9016478600754755, "Indiana": 0.7370780501890157, "Iowa": 0.7465695671301934, "Kansas": 0.8414399559240814, "Kentucky": 0.8071061221997787, "Louisiana": 0.9062427844609079, "Maine": 0.8783672354501227, "Maryland": 0.9620238979580524, "Massachusetts": 0.9007279890330977, "Michigan": 0.8616684616611987, "Minnesota": 0.8486004382978092, "Mississippi": 0.8078054441694652, "Missouri": 0.8932250554564624, "Montana": 0.8757094563125033, "Nebraska": 0.8265550071549932, "Nevada": 0.7577500710364095, "New Hampshire": 0.8995918793688523, "New Jersey": 0.9498357813683237, "New Mexico": 0.9225485928520677, "New York": 0.9125680482906694, "North Carolina": 0.8971674429218736, "North Dakota": 0.7218082927575605, "Ohio": 0.8375377521352305, "Oklahoma": 0.8253260412809867, "Oregon": 0.8819578037620238, "Pennsylvania": 0.8656500754494831, "Rhode Island": 0.8691895166968999, "South Carolina": 0.8660010755731146, "South Dakota": 0.7761860944275537, "Tennessee": 0.8628433418510895, "Texas": 0.9467333874674319, "Utah": 0.9423879964036884, "Vermont": 0.8478530704017586, "Virginia": 0.9650008772195701, "Washington": 0.9120388896032017, "West Virginia": 0.8116040070466666, "Wisconsin": 0.736846286379612, "Wyoming": 0.683006255145758}