{"Alabama": 0.8635229093831314, "Alaska": 0.7988468399101658, "Arizona": 0.9449603396947556, "Arkansas": 0.7946318190260911, "California": 0.957147763528842, "Connecticut": 0.8785417756468812, "Delaware": 0.913884514809287, "Florida": 0.9530958644590233, "Georgia": 0.9232621656604809, "Hawaii": 0.87763735225585, "Idaho": 0.9132477731373679, "Illinois": 0.9038860056074868, "Indiana": 0.7429058100460635, "Iowa": 0.7904402186742833, "Kansas": 0.8807366163637114, "Kentucky": 0.8358259560425413, "Louisiana": 0.903062243795536, "Maine": 0.8580861685833103, "Maryland": 0.9614019148282762, "Massachusetts": 0.8939184143006508, "Michigan": 0.8554141525073995, "Minnesota": 0.8557302346527862, "Mississippi": 0.8217613217119353, "Missouri": 0.8979590448843251, "Montana": 0.9118842897007453, "Nebraska": 0.850788422837932, "Nevada": 0.7678773999796044, "New Hampshire": 0.8949497326151616, "New Jersey": 0.9411416937172542, "New Mexico": 0.9292905464640745, "New York": 0.9074240953429659, "North Carolina": 0.9063629375718997, "North Dakota": 0.7857037171393365, "Ohio": 0.8396089805053751, "Oklahoma": 0.8412656773898057, "Oregon": 0.8912123655209132, "Pennsylvania": 0.8630944537385353, "Rhode Island": 0.8587941687819233, "South Carolina": 0.874829054681928, "South Dakota": 0.8358442401562541, "Tennessee": 0.8673352201252219, "Texas": 0.9488775758592058, "Utah": 0.9537885807092137, "Vermont": 0.850431135898352, "Virginia": 0.9660074984537345, "Washington": 0.9145670442570212, "West Virginia": 0.8119254934617226, "Wisconsin": 0.7652443001556293, "Wyoming": 0.7343066470685892}