{"Alabama": 0.8414852584227481, "Alaska": 0.815408301040002, "Arizona": 0.9476315278794453, "Arkansas": 0.7654028417962829, "California": 0.9546086059925994, "Connecticut": 0.8850101559856522, "Delaware": 0.9240901481495466, "Florida": 0.9500635409070207, "Georgia": 0.9226937277537001, "Hawaii": 0.8707844199084694, "Idaho": 0.8781113188669974, "Illinois": 0.8963176368115985, "Indiana": 0.7257480891188277, "Iowa": 0.7363795463825288, "Kansas": 0.8416597091460571, "Kentucky": 0.8003767222691779, "Louisiana": 0.904911587893539, "Maine": 0.861476768762202, "Maryland": 0.9609408670068669, "Massachusetts": 0.8973171474030301, "Michigan": 0.8514204927752539, "Minnesota": 0.8413466652592759, "Mississippi": 0.8036725123484558, "Missouri": 0.8840733418627583, "Montana": 0.8702752795521236, "Nebraska": 0.8181029145591804, "Nevada": 0.7642297040448077, "New Hampshire": 0.8986218134434721, "New Jersey": 0.9458835341384945, "New Mexico": 0.9157859680611471, "New York": 0.9085686233377703, "North Carolina": 0.8939599171782486, "North Dakota": 0.7177593460290721, "Ohio": 0.8295010774882012, "Oklahoma": 0.8150266693661317, "Oregon": 0.8747785512398739, "Pennsylvania": 0.8617605511518647, "Rhode Island": 0.8632780917514719, "South Carolina": 0.8619725007591511, "South Dakota": 0.7734537215138738, "Tennessee": 0.8551787667419007, "Texas": 0.9454271084470617, "Utah": 0.9441817140423044, "Vermont": 0.8435666677913525, "Virginia": 0.9675053049626294, "Washington": 0.9069081153611879, "West Virginia": 0.8079512435382068, "Wisconsin": 0.7279875843631837, "Wyoming": 0.7040704508605384}