{"Alabama": 0.8607186336543563, "Alaska": 0.7980776353191845, "Arizona": 0.9422182881340162, "Arkansas": 0.7984336913262521, "California": 0.954809059610119, "Connecticut": 0.8818307519798662, "Delaware": 0.9059922673246372, "Florida": 0.9513970750780272, "Georgia": 0.922134346659974, "Hawaii": 0.8745669923117633, "Idaho": 0.9156400563612085, "Illinois": 0.9039032782585447, "Indiana": 0.7379724932340762, "Iowa": 0.7926611933948392, "Kansas": 0.8840835362233523, "Kentucky": 0.83537802184136, "Louisiana": 0.9059929816861734, "Maine": 0.8590938326803516, "Maryland": 0.9617624080906397, "Massachusetts": 0.892424379840486, "Michigan": 0.8513358341428454, "Minnesota": 0.8549004321599426, "Mississippi": 0.8204280349137033, "Missouri": 0.8989837227922289, "Montana": 0.9131272595893124, "Nebraska": 0.8507988129463508, "Nevada": 0.7655454971642454, "New Hampshire": 0.897561394803522, "New Jersey": 0.9378544560655171, "New Mexico": 0.9304928875086159, "New York": 0.9052146748301437, "North Carolina": 0.9075240068933864, "North Dakota": 0.7833776355672735, "Ohio": 0.838796258961927, "Oklahoma": 0.8379205392753101, "Oregon": 0.8913866091728185, "Pennsylvania": 0.8627693468469857, "Rhode Island": 0.8611851998871122, "South Carolina": 0.8716986512519224, "South Dakota": 0.8334000534586231, "Tennessee": 0.8682548416896698, "Texas": 0.950859413938743, "Utah": 0.9535254132016313, "Vermont": 0.8543743458693553, "Virginia": 0.9671551085904038, "Washington": 0.9169003126395913, "West Virginia": 0.8196841248564625, "Wisconsin": 0.7622675572935702, "Wyoming": 0.7320165192462842}