{"Alabama": 0.8405536796341868, "Alaska": 0.81547446375764, "Arizona": 0.9449153076604343, "Arkansas": 0.7694763668381203, "California": 0.9526557091573906, "Connecticut": 0.8886553497024509, "Delaware": 0.9167165531042724, "Florida": 0.9484463164309129, "Georgia": 0.9217268397456061, "Hawaii": 0.8673169538432395, "Idaho": 0.8793044434478338, "Illinois": 0.8971684610889905, "Indiana": 0.7209688727900317, "Iowa": 0.7419648586216365, "Kansas": 0.843824106328659, "Kentucky": 0.7987393555933909, "Louisiana": 0.907906381065943, "Maine": 0.862014386857406, "Maryland": 0.961032304353036, "Massachusetts": 0.8963299831042245, "Michigan": 0.8469857761996676, "Minnesota": 0.8409314182022379, "Mississippi": 0.7989649738363274, "Missouri": 0.8852972460460172, "Montana": 0.8726942851398569, "Nebraska": 0.818223964318116, "Nevada": 0.7621655033894058, "New Hampshire": 0.9008531870453782, "New Jersey": 0.9432472080746307, "New Mexico": 0.917121513266449, "New York": 0.9063905992053163, "North Carolina": 0.8953036551612129, "North Dakota": 0.7172182615902296, "Ohio": 0.8290012437776231, "Oklahoma": 0.8134308381618006, "Oregon": 0.8754722510758516, "Pennsylvania": 0.8619334050408706, "Rhode Island": 0.8657127306864177, "South Carolina": 0.8597814979887136, "South Dakota": 0.7712639075042228, "Tennessee": 0.8563279501211593, "Texas": 0.94778820212579, "Utah": 0.9444027988837118, "Vermont": 0.8472746016024089, "Virginia": 0.9684240152075401, "Washington": 0.9096068670072626, "West Virginia": 0.8150744304174765, "Wisconsin": 0.7254268439313405, "Wyoming": 0.702119853778804}