{"Alabama": 0.85084596450108, "Alaska": 0.5883504487559889, "Arizona": 0.8368463308570774, "Arkansas": 0.8618596224585208, "California": 0.875469339725969, "Colorado": 0.797648246261415, "Connecticut": 0.9456389577506897, "Delaware": 0.8296642220910287, "Florida": 0.8136105886714153, "Georgia": 0.8172918228686619, "Hawaii": 0.6761777518777603, "Idaho": 0.8375513636333621, "Illinois": 0.9258569953138296, "Indiana": 0.8618918832777852, "Iowa": 0.9209680493606988, "Kansas": 0.9253489370468829, "Kentucky": 0.8972082353010826, "Louisiana": 0.8368089522920491, "Maine": 0.912567123338174, "Maryland": 0.8542314076797467, "Massachusetts": 0.965389667205373, "Michigan": 0.8975683603973518, "Minnesota": 0.9444864473727218, "Mississippi": 0.8460299130622183, "Missouri": 0.9330311964849909, "Montana": 0.8000713692653728, "Nebraska": 0.8767122129717795, "Nevada": 0.4812003483549369, "New Hampshire": 0.9219949627488103, "New Jersey": 0.8543913243565064, "New Mexico": 0.8232764321250867, "New York": 0.9114708065932344, "North Carolina": 0.8252645545503056, "North Dakota": 0.8625335272012306, "Ohio": 0.930601778627187, "Oklahoma": 0.8843226856986935, "Oregon": 0.90945534590976, "Pennsylvania": 0.9726130173767834, "South Carolina": 0.7775617484774965, "South Dakota": 0.904121651262374, "Tennessee": 0.8724488390244577, "Texas": 0.8595877608551348, "Utah": 0.8494071713933454, "Vermont": 0.9301996783273909, "Virginia": 0.8365852815780269, "Washington": 0.9098195567055591, "West Virginia": 0.8845701665668304, "Wisconsin": 0.9087588196087796, "Wyoming": 0.5973686630900299}