{"Alabama": 0.852121266981442, "Alaska": 0.6343238956051055, "Arizona": 0.8363747768453688, "Arkansas": 0.8600559103840061, "California": 0.8773083848628327, "Colorado": 0.7949707018858649, "Connecticut": 0.9489694191003043, "Delaware": 0.8368750867336757, "Florida": 0.8068960784899796, "Georgia": 0.8248426501820102, "Hawaii": 0.7015032389939839, "Idaho": 0.8518154740428752, "Illinois": 0.9277979084174511, "Indiana": 0.8575493709281914, "Iowa": 0.9219194687232036, "Kansas": 0.927933681955006, "Kentucky": 0.8992557087461078, "Louisiana": 0.8541570022965218, "Maine": 0.9233505176496383, "Maryland": 0.8598792019572915, "Massachusetts": 0.9640544088725584, "Michigan": 0.8929859689662257, "Minnesota": 0.9502974339883414, "Mississippi": 0.8398344894554606, "Missouri": 0.9340162201288486, "Montana": 0.8242835355609627, "Nebraska": 0.8886777152868032, "Nevada": 0.4905331590535131, "New Hampshire": 0.9210970126995853, "New Jersey": 0.8598710625521996, "New Mexico": 0.8416523453517979, "New York": 0.9158738869556478, "North Carolina": 0.8393383969823677, "North Dakota": 0.8746224758240873, "Ohio": 0.9304184525495443, "Oklahoma": 0.8902853148751119, "Oregon": 0.9202965259289603, "Pennsylvania": 0.9745816430947151, "South Carolina": 0.7876959060147205, "South Dakota": 0.9173865320288656, "Tennessee": 0.8693941837441629, "Texas": 0.8609176755264522, "Utah": 0.8562877085256756, "Vermont": 0.9379125004244405, "Virginia": 0.8342707840293864, "Washington": 0.9112250830614937, "West Virginia": 0.8960390283807637, "Wisconsin": 0.9052249947655678, "Wyoming": 0.6214824651382772}