{"Alabama": 0.8596375641692353, "Alaska": 0.6585482860991037, "Arizona": 0.8354272789852986, "Arkansas": 0.8639548073761301, "California": 0.8811273811878088, "Colorado": 0.7914749703220272, "Connecticut": 0.9496551392247549, "Delaware": 0.8435270992623325, "Florida": 0.8034672169062377, "Georgia": 0.8309597875785374, "Hawaii": 0.7150997868983319, "Idaho": 0.8658358344806254, "Illinois": 0.9318277561671576, "Indiana": 0.8606648971009753, "Iowa": 0.9273343127085237, "Kansas": 0.931776595370874, "Kentucky": 0.8988725637862385, "Louisiana": 0.8611014777676603, "Maine": 0.9294821795101607, "Maryland": 0.862401138447911, "Massachusetts": 0.959242233418601, "Michigan": 0.8975788955764116, "Minnesota": 0.9559932179282207, "Mississippi": 0.8519809082307552, "Missouri": 0.9368666873642105, "Montana": 0.8375041204798014, "Nebraska": 0.8997542162740968, "Nevada": 0.5144706801937623, "New Hampshire": 0.9256120106178242, "New Jersey": 0.8662670377349588, "New Mexico": 0.8550509363119649, "New York": 0.9164808961851036, "North Carolina": 0.8509409515949683, "North Dakota": 0.890022447044357, "Ohio": 0.9324814849624936, "Oklahoma": 0.8964997919111463, "Oregon": 0.9269810660220182, "Pennsylvania": 0.975261482979761, "South Carolina": 0.8034437125427288, "South Dakota": 0.9253278560672108, "Tennessee": 0.8740531926912936, "Texas": 0.8644377035170459, "Utah": 0.8653922617160872, "Vermont": 0.9425561282738211, "Virginia": 0.8301350629597849, "Washington": 0.9112498628749872, "West Virginia": 0.9060565938760506, "Wisconsin": 0.9081507806209892, "Wyoming": 0.630323828085823}