{"Alabama": 0.744224159010432, "Alaska": 0.6481395274812889, "Arizona": 0.8335024142651948, "Arkansas": 0.8295793250479631, "California": 0.8754304056703579, "Colorado": 0.7989498793349685, "Connecticut": 0.9478855909828839, "Delaware": 0.8323318891141446, "Florida": 0.8121370360369797, "Georgia": 0.8165856920594541, "Hawaii": 0.672718488052297, "Idaho": 0.8656679361202368, "Illinois": 0.9135220787551284, "Indiana": 0.8584206645691498, "Iowa": 0.912331169329379, "Kansas": 0.9186677515087247, "Kentucky": 0.8794108621468085, "Louisiana": 0.8427574715970683, "Maine": 0.9172834395036571, "Maryland": 0.8506219899590481, "Massachusetts": 0.9489000200681091, "Michigan": 0.9037036002382831, "Minnesota": 0.9421832862019798, "Mississippi": 0.8484225892565671, "Missouri": 0.9211720953687963, "Montana": 0.8293261289748727, "Nebraska": 0.8711327174666369, "Nevada": 0.5366131823454582, "New Hampshire": 0.9243999355014005, "New Jersey": 0.848262920954435, "New Mexico": 0.8430326683221316, "New York": 0.9094160988561475, "North Carolina": 0.8486982926578455, "North Dakota": 0.8789786051699049, "Ohio": 0.9296414935068386, "Oklahoma": 0.8738555321940584, "Oregon": 0.9228839586996932, "Pennsylvania": 0.9572755614473434, "South Carolina": 0.8110499998509391, "South Dakota": 0.9103415573116113, "Tennessee": 0.8555121093682548, "Texas": 0.8517084918220207, "Utah": 0.8665331505293313, "Vermont": 0.9406210668065514, "Virginia": 0.8222563947213162, "Washington": 0.9075193542741546, "West Virginia": 0.8876933824507751, "Wisconsin": 0.901411270703086, "Wyoming": 0.6290792713512036}