{"Alabama": 0.777519309553176, "Alaska": 0.5604959383738871, "Arizona": 0.7415217039317854, "Arkansas": 0.7533903902451042, "California": 0.8218912302581781, "Colorado": 0.7072888902240501, "Connecticut": 0.9033077037790053, "Delaware": 0.7715700832818384, "Florida": 0.7494682245851415, "Georgia": 0.752303533991435, "Hawaii": 0.6678879577970058, "Idaho": 0.7699120512528743, "Illinois": 0.8639239651623765, "Indiana": 0.7948535668497861, "Iowa": 0.8515626306453502, "Kansas": 0.8635057650206166, "Kentucky": 0.8164758792365656, "Louisiana": 0.7618163308085509, "Maine": 0.8425247463432007, "Maryland": 0.7786751778287564, "Massachusetts": 0.9046179132473346, "Michigan": 0.8537100243012654, "Minnesota": 0.8904493002624, "Mississippi": 0.7756042187413629, "Missouri": 0.8523336591406262, "Montana": 0.7575560553569063, "Nebraska": 0.8108437597361022, "Nevada": 0.4902858378440735, "New Hampshire": 0.8490645696859886, "New Jersey": 0.8264615565077443, "New Mexico": 0.7825970491670619, "New York": 0.8913900231169113, "North Carolina": 0.7783887040868072, "North Dakota": 0.8364882508325838, "Ohio": 0.8811647511012173, "Oklahoma": 0.8162376093016496, "Oregon": 0.8636549892155907, "Pennsylvania": 0.9071596686698662, "South Carolina": 0.7318016550130476, "South Dakota": 0.8472749411246177, "Tennessee": 0.7955588223158235, "Texas": 0.7689343939011495, "Utah": 0.787140320826101, "Vermont": 0.803748623531434, "Virginia": 0.7440158261730809, "Washington": 0.8370461923430087, "West Virginia": 0.8388676129407769, "Wisconsin": 0.8501502648994602, "Wyoming": 0.6428452487832007}