{"Alabama": 0.8791912208184681, "Alaska": 0.7692352917253581, "Arizona": 0.8597577429095681, "Arkansas": 0.8679348316580475, "California": 0.8903946927087533, "Colorado": 0.8411225953617584, "Connecticut": 0.9587577955218061, "Delaware": 0.8689875452268262, "Florida": 0.8377647708912507, "Georgia": 0.8601823634545672, "Hawaii": 0.7455479375045226, "Idaho": 0.8971918026918552, "Illinois": 0.9409698534557313, "Indiana": 0.8692231330242466, "Iowa": 0.9298784056802091, "Kansas": 0.9397347851663799, "Kentucky": 0.9165344074969143, "Louisiana": 0.8981440336981348, "Maine": 0.9473714242343144, "Maryland": 0.8861229166072392, "Massachusetts": 0.9651148281924193, "Michigan": 0.9189456287204785, "Minnesota": 0.9694015520506195, "Mississippi": 0.8772069959034484, "Missouri": 0.9522399097203966, "Montana": 0.8762630424933897, "Nebraska": 0.9096002955726942, "Nevada": 0.5949180884903278, "New Hampshire": 0.9334165765681653, "New Jersey": 0.8967397328181046, "New Mexico": 0.8934483683248261, "New York": 0.9445292139039945, "North Carolina": 0.8917296360263404, "North Dakota": 0.9252198847829504, "Ohio": 0.9505984965153816, "Oklahoma": 0.8968835750408406, "Oregon": 0.956747067468801, "Pennsylvania": 0.980367999867545, "South Carolina": 0.8364893732426693, "South Dakota": 0.9416912540062626, "Tennessee": 0.8965471591811626, "Texas": 0.8902876137413838, "Utah": 0.8977060199980081, "Vermont": 0.9635333893099854, "Virginia": 0.8500916514789422, "Washington": 0.9322671881793603, "West Virginia": 0.9215466193501347, "Wisconsin": 0.9202258294113008, "Wyoming": 0.6272323865151913}