{"Alabama": 0.8719588207287314, "Alaska": 0.778770482447251, "Arizona": 0.8458054095728462, "Arkansas": 0.8653988806502705, "California": 0.8803752491946049, "Colorado": 0.8427134127702448, "Connecticut": 0.9584526597274154, "Delaware": 0.816289678863084, "Florida": 0.8379404548506639, "Georgia": 0.8564477463362472, "Hawaii": 0.7798459475539463, "Idaho": 0.8781226754963349, "Illinois": 0.9387916843124117, "Indiana": 0.8543489747628257, "Iowa": 0.914813483765296, "Kansas": 0.9349382238773389, "Kentucky": 0.9073724351774131, "Louisiana": 0.902241287701555, "Maine": 0.9407065586312742, "Maryland": 0.8871055256494838, "Massachusetts": 0.9654438001146488, "Michigan": 0.9250383451405398, "Minnesota": 0.9663575953044766, "Mississippi": 0.8673141259085282, "Missouri": 0.9482931413309167, "Montana": 0.8701443492962371, "Nebraska": 0.9047850795208258, "Nevada": 0.5967081662064508, "New Hampshire": 0.9257418189639712, "New Jersey": 0.9017654392477407, "New Mexico": 0.8949111259801042, "New York": 0.9480935671872237, "North Carolina": 0.9040397000365851, "North Dakota": 0.9258999432479873, "Ohio": 0.9482897656740298, "Oklahoma": 0.8948259612173303, "Oregon": 0.9482247433748687, "Pennsylvania": 0.9802819208170787, "South Carolina": 0.8366783225754945, "South Dakota": 0.9335250771012965, "Tennessee": 0.89068587416898, "Texas": 0.8888005783977516, "Utah": 0.8837617617590252, "Vermont": 0.9546648342578742, "Virginia": 0.8453689405635839, "Washington": 0.9248022483712448, "West Virginia": 0.9090755848314044, "Wisconsin": 0.9083964527908325, "Wyoming": 0.6390927417253878}