{"Alabama": 0.865092204266427, "Alaska": 0.7758402991403713, "Arizona": 0.8393009137627523, "Arkansas": 0.863624647446428, "California": 0.8726747993465083, "Colorado": 0.8407691431776684, "Connecticut": 0.9583230697461634, "Delaware": 0.8847300278100644, "Florida": 0.8450295930308562, "Georgia": 0.8525212085318316, "Hawaii": 0.7764746822528422, "Idaho": 0.8633863737710568, "Illinois": 0.9367535597896022, "Indiana": 0.8459942578037122, "Iowa": 0.9089578653319696, "Kansas": 0.9274831268926624, "Kentucky": 0.900616867348807, "Louisiana": 0.885691720236761, "Maine": 0.9436058944561899, "Maryland": 0.8893910084102351, "Massachusetts": 0.9675111752045613, "Michigan": 0.92460031687785, "Minnesota": 0.9669828789522721, "Mississippi": 0.8587697920902166, "Missouri": 0.9454514316530906, "Montana": 0.86901432002498, "Nebraska": 0.9068849126226423, "Nevada": 0.5947948516195662, "New Hampshire": 0.9252092792142563, "New Jersey": 0.9055414458090495, "New Mexico": 0.8878072595286414, "New York": 0.9519527192036503, "North Carolina": 0.9082052106563936, "North Dakota": 0.9231847065307885, "Ohio": 0.9433821608983632, "Oklahoma": 0.8803073972709476, "Oregon": 0.9393118583109726, "Pennsylvania": 0.9803432567165004, "South Carolina": 0.8300501414582565, "South Dakota": 0.9300113125603661, "Tennessee": 0.8873421177031504, "Texas": 0.8810817911170793, "Utah": 0.8686439246265203, "Vermont": 0.9528261118940747, "Virginia": 0.8436557315546583, "Washington": 0.9174017196447775, "West Virginia": 0.8994530344308274, "Wisconsin": 0.8997583976178518, "Wyoming": 0.5971879492212144}