{"Alabama": 0.8570793354739576, "Alaska": 0.7614707561038415, "Arizona": 0.8606597139096047, "Arkansas": 0.8677198581313258, "California": 0.8737352475571085, "Colorado": 0.8353775514063932, "Connecticut": 0.9507307327688759, "Delaware": 0.896969218525044, "Florida": 0.8755607015173379, "Georgia": 0.8524900380850414, "Hawaii": 0.790073527070914, "Idaho": 0.871374743215235, "Illinois": 0.9331381811239092, "Indiana": 0.8548523431486627, "Iowa": 0.8980102224560174, "Kansas": 0.913658612516447, "Kentucky": 0.895941507672695, "Louisiana": 0.8776367159990214, "Maine": 0.950909047535197, "Maryland": 0.8941471941313882, "Massachusetts": 0.9669171715589455, "Michigan": 0.9317301311707132, "Minnesota": 0.9664956667051017, "Mississippi": 0.8571337213041904, "Missouri": 0.9422852954862969, "Montana": 0.8643820883152633, "Nebraska": 0.9000629200067192, "Nevada": 0.6091709988601393, "New Hampshire": 0.92335180248722, "New Jersey": 0.9028971506665993, "New Mexico": 0.8788743523119984, "New York": 0.9546415531313622, "North Carolina": 0.9105332007173828, "North Dakota": 0.9133342836677327, "Ohio": 0.9432072031773576, "Oklahoma": 0.8430035744639286, "Oregon": 0.9403450176668916, "Pennsylvania": 0.9793771939179402, "South Carolina": 0.8303313724337855, "South Dakota": 0.9223869161584614, "Tennessee": 0.889830456263239, "Texas": 0.8603436747913039, "Utah": 0.8605331033354093, "Vermont": 0.9544246404322835, "Virginia": 0.8390141707254796, "Washington": 0.906986495863795, "West Virginia": 0.8835805864261532, "Wisconsin": 0.8933716837466871, "Wyoming": 0.548188789183916}