{"Alabama": 0.8604175853152903, "Alaska": 0.7777150746873734, "Arizona": 0.878923090988535, "Arkansas": 0.8731876612282857, "California": 0.8816539536680319, "Colorado": 0.8465504674603922, "Connecticut": 0.9453999902960059, "Delaware": 0.8963721204517849, "Florida": 0.8871344630413982, "Georgia": 0.863510098322662, "Hawaii": 0.8082096129734218, "Idaho": 0.8892678007030265, "Illinois": 0.9377393428767187, "Indiana": 0.8783913982842061, "Iowa": 0.8958968202136081, "Kansas": 0.9154796690406571, "Kentucky": 0.9013294998419923, "Louisiana": 0.881180250419684, "Maine": 0.9511765482640715, "Maryland": 0.9048944991174706, "Massachusetts": 0.9693642894606798, "Michigan": 0.9447084318435872, "Minnesota": 0.9673088117088394, "Mississippi": 0.8624632597698085, "Missouri": 0.9439319336334532, "Montana": 0.8782859163172324, "Nebraska": 0.8959468350464074, "Nevada": 0.6238991710090058, "New Hampshire": 0.9233327010082946, "New Jersey": 0.9096575323327544, "New Mexico": 0.8947446849948103, "New York": 0.9604268134928172, "North Carolina": 0.9210225311457029, "North Dakota": 0.9027835342139355, "Ohio": 0.9529761155982994, "Oklahoma": 0.8546076221356772, "Oregon": 0.9493367859450318, "Pennsylvania": 0.9793079421493057, "South Carolina": 0.8377558327274433, "South Dakota": 0.9152633330139139, "Tennessee": 0.8991270324094042, "Texas": 0.8701573564983542, "Utah": 0.8698230943921739, "Vermont": 0.9553465539313619, "Virginia": 0.8401445573924919, "Washington": 0.9144127257971242, "West Virginia": 0.8863186701249329, "Wisconsin": 0.9003966307356795, "Wyoming": 0.5968369087751962}