{"Alabama": 0.8622034511879512, "Alaska": 0.7791158845324732, "Arizona": 0.8908460486767434, "Arkansas": 0.8774082158075032, "California": 0.880776801116228, "Colorado": 0.8536688121238772, "Connecticut": 0.9474497904040093, "Delaware": 0.9010507553239543, "Florida": 0.8897802756847838, "Georgia": 0.8689137690582007, "Hawaii": 0.8109548743719703, "Idaho": 0.8981573095690536, "Illinois": 0.9388889890099825, "Indiana": 0.8730338500105623, "Iowa": 0.895370527325025, "Kansas": 0.9141008291418222, "Kentucky": 0.9021150863524351, "Louisiana": 0.8866320899268408, "Maine": 0.9427814256141017, "Maryland": 0.9060843323009702, "Massachusetts": 0.9708617540006133, "Michigan": 0.9389737791765685, "Minnesota": 0.9680846739567428, "Mississippi": 0.8670822852563447, "Missouri": 0.9483248123034974, "Montana": 0.8788630483679255, "Nebraska": 0.8986429108601746, "Nevada": 0.6280006346133669, "New Hampshire": 0.921914432507282, "New Jersey": 0.9132113385825824, "New Mexico": 0.8965672409761971, "New York": 0.9628861356204562, "North Carolina": 0.9202842931997571, "North Dakota": 0.8842253829090618, "Ohio": 0.9545486916252395, "Oklahoma": 0.8384145107433816, "Oregon": 0.9500183270849056, "Pennsylvania": 0.9792281922718225, "South Carolina": 0.8398587400830906, "South Dakota": 0.9147334184846782, "Tennessee": 0.9024166352968372, "Texas": 0.8725245023698355, "Utah": 0.8801080436651543, "Vermont": 0.9522874333409128, "Virginia": 0.8380681562190617, "Washington": 0.9145171689175836, "West Virginia": 0.8810036036048874, "Wisconsin": 0.9008119621983173, "Wyoming": 0.5887278582870197}