{"Alabama": 0.8655619012272876, "Alaska": 0.7830926095018511, "Arizona": 0.8946671962224938, "Arkansas": 0.8803022917823702, "California": 0.8813357725292714, "Colorado": 0.8605761731928389, "Connecticut": 0.9453548162371962, "Delaware": 0.9014291973877331, "Florida": 0.8924942210469333, "Georgia": 0.8709688612888413, "Hawaii": 0.8087155524546298, "Idaho": 0.9042777117420512, "Illinois": 0.9377524548536308, "Indiana": 0.8647160568389164, "Iowa": 0.8921111857526308, "Kansas": 0.9158800725937828, "Kentucky": 0.9011311575081614, "Louisiana": 0.8912193322853803, "Maine": 0.9420152006881337, "Maryland": 0.9090098218234969, "Massachusetts": 0.9711980666595893, "Michigan": 0.9296048767249024, "Minnesota": 0.9662183842654741, "Mississippi": 0.8718893979460941, "Missouri": 0.9500781412801794, "Montana": 0.8786404438622767, "Nebraska": 0.8997232091704125, "Nevada": 0.6358696219345262, "New Hampshire": 0.9209411429692427, "New Jersey": 0.9128381486895552, "New Mexico": 0.898432093132102, "New York": 0.9610993254997524, "North Carolina": 0.9164114736088411, "North Dakota": 0.8509195721655601, "Ohio": 0.9518585966795087, "Oklahoma": 0.8429317295047729, "Oregon": 0.9494347227676996, "Pennsylvania": 0.9790340702093792, "South Carolina": 0.8409026182567628, "South Dakota": 0.9136459512015214, "Tennessee": 0.9018032239239571, "Texas": 0.8742285232239162, "Utah": 0.8826922146810299, "Vermont": 0.9526695639814688, "Virginia": 0.845310603847609, "Washington": 0.9148032813402605, "West Virginia": 0.876924471947375, "Wisconsin": 0.8952475150328016, "Wyoming": 0.5831007658724402}