{"Alabama": 0.8633255237648187, "Alaska": 0.7787538886198205, "Arizona": 0.9027932732949445, "Arkansas": 0.8848148153740348, "California": 0.9125827717969305, "Colorado": 0.8652161395773239, "Connecticut": 0.9497830570653004, "Delaware": 0.9068662548794996, "Florida": 0.8954995116125699, "Georgia": 0.8758218440868759, "Hawaii": 0.8106616583214107, "Idaho": 0.9068403590528448, "Illinois": 0.9378318377706614, "Indiana": 0.8556662138809396, "Iowa": 0.8912513051796154, "Kansas": 0.9117753896803199, "Kentucky": 0.9017284587909308, "Louisiana": 0.8896494863701911, "Maine": 0.9544708800185147, "Maryland": 0.9115249326941983, "Massachusetts": 0.9737686420420403, "Michigan": 0.9249801837098337, "Minnesota": 0.9675729230425109, "Mississippi": 0.8715751099262581, "Missouri": 0.9594322778137043, "Montana": 0.882152147740613, "Nebraska": 0.9099737376112584, "Nevada": 0.6505260649135647, "New Hampshire": 0.9214735977985782, "New Jersey": 0.9176937272685569, "New Mexico": 0.8979489614294962, "New York": 0.9610203009055014, "North Carolina": 0.9179656923670133, "North Dakota": 0.7961237854559551, "Ohio": 0.9496443809074036, "Oklahoma": 0.8058714508063752, "Oregon": 0.950873673170233, "Pennsylvania": 0.9786834739384075, "South Carolina": 0.8409387404958615, "South Dakota": 0.9166304931764989, "Tennessee": 0.9020996404172733, "Texas": 0.8676239510671455, "Utah": 0.8812886715714212, "Vermont": 0.9550342248501196, "Virginia": 0.850910767252007, "Washington": 0.9306912644284174, "West Virginia": 0.8717318048978422, "Wisconsin": 0.8918729839893252, "Wyoming": 0.562988103175176}