{"Alabama": 0.8616822479552819, "Alaska": 0.7787545743474288, "Arizona": 0.9021054231093387, "Arkansas": 0.8865348959058491, "California": 0.9188967372033239, "Colorado": 0.8587941687819233, "Connecticut": 0.9538546462362009, "Delaware": 0.906735484220304, "Florida": 0.8925800395534631, "Georgia": 0.876531782659477, "Hawaii": 0.809944422569174, "Idaho": 0.9032151368725074, "Illinois": 0.9377379377638135, "Indiana": 0.8523076731049728, "Iowa": 0.8860587298320887, "Kansas": 0.9063325844365698, "Kentucky": 0.897768404200703, "Louisiana": 0.8871785885192114, "Maine": 0.9421539343021694, "Maryland": 0.9099417161004398, "Massachusetts": 0.9721512993970338, "Michigan": 0.919449505243356, "Minnesota": 0.967684005685846, "Mississippi": 0.8636873880085427, "Missouri": 0.9589010437673154, "Montana": 0.877002186231834, "Nebraska": 0.9061421191702796, "Nevada": 0.657635193663274, "New Hampshire": 0.9195655126488876, "New Jersey": 0.9192561634553573, "New Mexico": 0.8897366236013484, "New York": 0.9614486499314779, "North Carolina": 0.9171037512742484, "North Dakota": 0.7745372792034739, "Ohio": 0.9485366869741458, "Oklahoma": 0.7916587220293788, "Oregon": 0.9486372939283797, "Pennsylvania": 0.9777201308517913, "South Carolina": 0.8402179604341954, "South Dakota": 0.9112116074091822, "Tennessee": 0.8997282467652526, "Texas": 0.8616995685915949, "Utah": 0.8822131435355112, "Vermont": 0.9522217387057401, "Virginia": 0.8564634187298118, "Washington": 0.9283138945216763, "West Virginia": 0.8703045807458588, "Wisconsin": 0.8909392876975514, "Wyoming": 0.5718133106598575}