{"Alabama": 0.8614493279885985, "Alaska": 0.7639384710562769, "Arizona": 0.903019072953055, "Arkansas": 0.8845063811041266, "California": 0.9211147442001715, "Colorado": 0.8611851998871122, "Connecticut": 0.9574037767095264, "Delaware": 0.9063529518737186, "Florida": 0.8929667457133976, "Georgia": 0.874398119991895, "Hawaii": 0.8110134837540127, "Idaho": 0.9053614767577386, "Illinois": 0.9376085953787253, "Indiana": 0.8464798978236663, "Iowa": 0.8853900943502959, "Kansas": 0.9055710923565801, "Kentucky": 0.8911179388400462, "Louisiana": 0.885934649598546, "Maine": 0.9403911272684552, "Maryland": 0.9093858333167786, "Massachusetts": 0.9715944158233217, "Michigan": 0.9155389518039311, "Minnesota": 0.9671146588686053, "Mississippi": 0.8619821095045802, "Missouri": 0.9584448513158002, "Montana": 0.8750215528941313, "Nebraska": 0.9046531649339686, "Nevada": 0.6622067140764715, "New Hampshire": 0.923820232312454, "New Jersey": 0.9197044650176788, "New Mexico": 0.8865843337431203, "New York": 0.9611442304367632, "North Carolina": 0.9166077190616777, "North Dakota": 0.7465947294637518, "Ohio": 0.9469867867455521, "Oklahoma": 0.7809475525991124, "Oregon": 0.9495079599056707, "Pennsylvania": 0.9773374895898226, "South Carolina": 0.8418444712811611, "South Dakota": 0.9075581247160919, "Tennessee": 0.8976124824481182, "Texas": 0.8586445692578194, "Utah": 0.8829266625172161, "Vermont": 0.9525064089835236, "Virginia": 0.8634568186395236, "Washington": 0.927535858989989, "West Virginia": 0.8711944411017841, "Wisconsin": 0.8899919404839045, "Wyoming": 0.5550750319575742}