{"Alabama": 0.841479263761271, "Alaska": 0.7445430266946729, "Arizona": 0.8652947070764663, "Arkansas": 0.7947929065826638, "California": 0.9326812814390731, "Colorado": 0.8931067872325401, "Connecticut": 0.890762210703257, "Delaware": 0.9227993817965129, "Florida": 0.8846616149954498, "Georgia": 0.930796760396267, "Hawaii": 0.7775717231935064, "Idaho": 0.8692258204329466, "Illinois": 0.9455113469142556, "Indiana": 0.7146202923710533, "Iowa": 0.86131162973494, "Kansas": 0.8944948766637896, "Kentucky": 0.8386999791305231, "Louisiana": 0.8812480442837981, "Maine": 0.874627006949234, "Maryland": 0.9456534797790823, "Massachusetts": 0.9207465834143824, "Michigan": 0.7806103794407707, "Minnesota": 0.9148630489019034, "Mississippi": 0.7380985333250251, "Missouri": 0.9114492513667806, "Montana": 0.8448344817309419, "Nebraska": 0.9341178386214376, "Nevada": 0.5081717549763695, "New Hampshire": 0.839312545896476, "New Mexico": 0.8762720660795787, "New York": 0.9418421954282837, "North Carolina": 0.8276228865152443, "North Dakota": 0.86599209540085, "Ohio": 0.839683639977362, "Oklahoma": 0.8825143342735393, "Oregon": 0.8744972202851746, "Pennsylvania": 0.9111577973032491, "Rhode Island": 0.8598710625521996, "South Carolina": 0.8048321116773999, "South Dakota": 0.8579866502222085, "Tennessee": 0.8541427999485722, "Texas": 0.914442992233509, "Utah": 0.8810506779309654, "Vermont": 0.8242874767828464, "Virginia": 0.9346897427181626, "Washington": 0.8999528948921879, "West Virginia": 0.8461260708126598, "Wisconsin": 0.7985894306854289, "Wyoming": 0.6745014765112912}