{"Alabama": 0.8478099960033743, "Alaska": 0.7523786442821275, "Arizona": 0.8660557961119486, "Arkansas": 0.7966874128606395, "California": 0.932012856332809, "Colorado": 0.8877733053966994, "Connecticut": 0.8984677565169553, "Delaware": 0.9258742052284319, "Florida": 0.8827224717930067, "Georgia": 0.9350836802678103, "Hawaii": 0.7746469551407098, "Idaho": 0.8784906459062576, "Illinois": 0.950477061630092, "Indiana": 0.716921950627701, "Iowa": 0.8595245748022192, "Kansas": 0.8988833922939125, "Kentucky": 0.839326536691321, "Louisiana": 0.8837381756206573, "Maine": 0.8804986121492692, "Maryland": 0.9465062476762708, "Massachusetts": 0.9211300134424469, "Michigan": 0.7862133210457461, "Minnesota": 0.9155716984444678, "Mississippi": 0.7507665637948325, "Missouri": 0.9151122574648899, "Montana": 0.8517862495066948, "Nebraska": 0.9354764051348593, "Nevada": 0.5195754190599056, "New Hampshire": 0.8401928572767766, "New Mexico": 0.8794876391020111, "New York": 0.9444426597123585, "North Carolina": 0.8357022810527069, "North Dakota": 0.8723076931534021, "Ohio": 0.8423585381672761, "Oklahoma": 0.8867453085045107, "Oregon": 0.8774198591548449, "Pennsylvania": 0.9120149876246667, "Rhode Island": 0.8662670377349588, "South Carolina": 0.8076836248692296, "South Dakota": 0.8599785223314385, "Tennessee": 0.8573855505688982, "Texas": 0.9176370857216912, "Utah": 0.8906371468467389, "Vermont": 0.8201238052828227, "Virginia": 0.9310094194050166, "Washington": 0.9092216393516556, "West Virginia": 0.8502996023312063, "Wisconsin": 0.8009976697447692, "Wyoming": 0.6703832289890299}