{"Alabama": 0.7859302414741898, "Alaska": 0.7959667892184275, "Arizona": 0.8737407375333037, "Arkansas": 0.797527723882897, "California": 0.9351166835989124, "Colorado": 0.8929618489304018, "Connecticut": 0.9016663833811923, "Delaware": 0.9140300647884962, "Florida": 0.9024794874717932, "Georgia": 0.9365257927377361, "Hawaii": 0.7568112879420301, "Idaho": 0.8920260079449415, "Illinois": 0.9561810764137616, "Indiana": 0.7373463115672123, "Iowa": 0.8623610327741128, "Kansas": 0.8976409248964314, "Kentucky": 0.8434555249645455, "Louisiana": 0.879071694577167, "Maine": 0.8820495790070986, "Maryland": 0.9499712929305778, "Massachusetts": 0.9232949669217438, "Michigan": 0.8051621821188955, "Minnesota": 0.9189416863610075, "Mississippi": 0.7700958094763621, "Missouri": 0.9178789446366962, "Montana": 0.8576002984041851, "Nebraska": 0.9344592437551584, "Nevada": 0.5446465590456735, "New Hampshire": 0.8489042349503583, "New Mexico": 0.8810170585318514, "New York": 0.9407226943359133, "North Carolina": 0.8406389965481769, "North Dakota": 0.8766508360254853, "Ohio": 0.8562579974253899, "Oklahoma": 0.8734863832422688, "Oregon": 0.8807767992120962, "Pennsylvania": 0.9179383043109862, "Rhode Island": 0.8482629209544349, "South Carolina": 0.8183009769091133, "South Dakota": 0.8634000940325743, "Tennessee": 0.8700607289088103, "Texas": 0.9206682714605899, "Utah": 0.9024771535893304, "Vermont": 0.8193403574127894, "Virginia": 0.9322028355630948, "Washington": 0.9161429128697767, "West Virginia": 0.8439808515993401, "Wisconsin": 0.811057731926191, "Wyoming": 0.6227408550073521}