{"Alabama": 0.8612887133874901, "Alaska": 0.7421895805653506, "Arizona": 0.8898150176596648, "Arkansas": 0.8085245330190707, "California": 0.942870582140591, "Colorado": 0.9037214034557902, "Connecticut": 0.9094295914005864, "Delaware": 0.9153968811981215, "Florida": 0.9152144081319202, "Georgia": 0.9418651825720298, "Hawaii": 0.7821436106989674, "Idaho": 0.9043122724163054, "Illinois": 0.9616492427537637, "Indiana": 0.7448152460218915, "Iowa": 0.8687002576162735, "Kansas": 0.909633468402099, "Kentucky": 0.8562549175980796, "Louisiana": 0.8966054992651528, "Maine": 0.8895236082644925, "Maryland": 0.9544210399463977, "Massachusetts": 0.928057228122053, "Michigan": 0.8225426164714612, "Minnesota": 0.923118922708205, "Mississippi": 0.781035703973394, "Missouri": 0.924128530014249, "Montana": 0.8707101645248376, "Nebraska": 0.9364462456088886, "Nevada": 0.5729762062158666, "New Hampshire": 0.8694704298224966, "New Mexico": 0.8971010891961324, "New York": 0.9425504117000498, "North Carolina": 0.8716687920381491, "North Dakota": 0.8870918542579312, "Ohio": 0.8712793587181648, "Oklahoma": 0.892909207711769, "Oregon": 0.8935782917808249, "Pennsylvania": 0.9256956530660739, "Rhode Island": 0.8264615565077443, "South Carolina": 0.8335839015911265, "South Dakota": 0.8705227815384169, "Tennessee": 0.8794427252381305, "Texas": 0.9294122680203392, "Utah": 0.9147978701545855, "Vermont": 0.7920997620035961, "Virginia": 0.9350225450705135, "Washington": 0.9264507765403075, "West Virginia": 0.8549595592638304, "Wisconsin": 0.8239055783106803, "Wyoming": 0.6318829269756263}