{"Alabama": 0.8739544644566983, "Alaska": 0.8157439152498958, "Arizona": 0.9012413561636162, "Arkansas": 0.8239052178609042, "California": 0.9492544711283083, "Colorado": 0.9176092773493031, "Connecticut": 0.9164479538904683, "Delaware": 0.9289101438027437, "Florida": 0.9138103216646616, "Georgia": 0.946103775092624, "Hawaii": 0.7978021680960996, "Idaho": 0.9134287641999668, "Illinois": 0.965289317430374, "Indiana": 0.7556712690053786, "Iowa": 0.8758653176908167, "Kansas": 0.9166314693471784, "Kentucky": 0.8677708666544405, "Louisiana": 0.9046893520809751, "Maine": 0.8991867605205554, "Maryland": 0.9563758938415048, "Massachusetts": 0.9344296189638341, "Michigan": 0.8401532474319519, "Minnesota": 0.9299145498455521, "Mississippi": 0.7980554336361978, "Missouri": 0.9306104401078427, "Montana": 0.8807918496545624, "Nebraska": 0.9377509622794552, "Nevada": 0.5958763071456606, "New Hampshire": 0.8826580826321283, "New Mexico": 0.9055428900586379, "New York": 0.9449736978976377, "North Carolina": 0.8873240923631492, "North Dakota": 0.8954041611629395, "Ohio": 0.8826995338293769, "Oklahoma": 0.8938902592245486, "Oregon": 0.90660479159024, "Pennsylvania": 0.9337293353210012, "Rhode Island": 0.8967397328181046, "South Carolina": 0.8410763340238706, "South Dakota": 0.8788798659627707, "Tennessee": 0.8887690390148706, "Texas": 0.9355903891139032, "Utah": 0.9234847049573784, "Vermont": 0.8560004672895672, "Virginia": 0.9346275177541536, "Washington": 0.9391498478895193, "West Virginia": 0.8628933991784965, "Wisconsin": 0.8355149476559258, "Wyoming": 0.6700901525657565}