{"Alabama": 0.8729195152801942, "Alaska": 0.8174055008569807, "Arizona": 0.9017462795718042, "Arkansas": 0.8251787473220641, "California": 0.9490210672820586, "Colorado": 0.9227181027622007, "Connecticut": 0.918163794312839, "Delaware": 0.931661195774812, "Florida": 0.9169338605908233, "Georgia": 0.9448027102066644, "Hawaii": 0.8221501087351689, "Idaho": 0.909187970698624, "Illinois": 0.9656514273522689, "Indiana": 0.7515865822421928, "Iowa": 0.8653245755407095, "Kansas": 0.9156547514343658, "Kentucky": 0.865415905414764, "Louisiana": 0.9089916452790056, "Maine": 0.8929950036653328, "Maryland": 0.9573719605152812, "Massachusetts": 0.9354667745797892, "Michigan": 0.8458064616325404, "Minnesota": 0.9273674942685807, "Mississippi": 0.7938019828209426, "Missouri": 0.9284706138650225, "Montana": 0.879242620384169, "Nebraska": 0.9347830539982503, "Nevada": 0.605798063853661, "New Hampshire": 0.8799519908335697, "New Mexico": 0.909335018516525, "New York": 0.9459207329740785, "North Carolina": 0.8953247117277761, "North Dakota": 0.8942669804763187, "Ohio": 0.883617548812093, "Oklahoma": 0.8982549163708864, "Oregon": 0.903244276291121, "Pennsylvania": 0.933305746348926, "Rhode Island": 0.8870809436547676, "South Carolina": 0.8475040326228163, "South Dakota": 0.8745783495276668, "Tennessee": 0.8873505193970874, "Texas": 0.9411390602887589, "Utah": 0.9226945013892305, "Vermont": 0.8551664843063462, "Virginia": 0.9313327938021014, "Washington": 0.9414614752399081, "West Virginia": 0.8590091198971065, "Wisconsin": 0.831040529227752, "Wyoming": 0.6654245409100299}