{"Alabama": 0.8606047930712609, "Alaska": 0.8148776723972285, "Arizona": 0.8907010300374334, "Arkansas": 0.8335798008951775, "California": 0.9474569880272737, "Colorado": 0.9222472761298152, "Connecticut": 0.9233213682598393, "Delaware": 0.9316771156567913, "Florida": 0.9155856680245626, "Georgia": 0.93944998874706, "Hawaii": 0.8268956991450066, "Idaho": 0.8883877530533821, "Illinois": 0.9657254320377117, "Indiana": 0.755580941053866, "Iowa": 0.8539611647826989, "Kansas": 0.9058314678605727, "Kentucky": 0.867789286407063, "Louisiana": 0.9005062010202245, "Maine": 0.8973144398202788, "Maryland": 0.9592449523252955, "Massachusetts": 0.940135410057215, "Michigan": 0.8652421692800936, "Minnesota": 0.9278977998365592, "Mississippi": 0.8009131278880781, "Missouri": 0.9334351653989974, "Montana": 0.8803204493939564, "Nebraska": 0.9334164490534332, "Nevada": 0.6148481120050822, "New Hampshire": 0.8895739075910334, "New Mexico": 0.907354181285429, "New York": 0.9500391883421732, "North Carolina": 0.9058106385809409, "North Dakota": 0.8973848568258722, "Ohio": 0.8866597599350358, "Oklahoma": 0.8802579396628748, "Oregon": 0.8995432273792325, "Pennsylvania": 0.9311493868322448, "Rhode Island": 0.9055414458090495, "South Carolina": 0.8496332940699005, "South Dakota": 0.8724486963812478, "Tennessee": 0.8888447332106804, "Texas": 0.9343471480571877, "Utah": 0.908191533112961, "Vermont": 0.8579747159659992, "Virginia": 0.9312249493736116, "Washington": 0.9316743920976397, "West Virginia": 0.8520170801448035, "Wisconsin": 0.8268245366310554, "Wyoming": 0.6266754597747639}