{"Alabama": 0.8574242218896193, "Alaska": 0.8062819978513582, "Arizona": 0.9005624851163693, "Arkansas": 0.8389302613477778, "California": 0.9520582186248916, "Colorado": 0.9250739783743664, "Connecticut": 0.9223806832907688, "Delaware": 0.9377268486861687, "Florida": 0.9256313635752078, "Georgia": 0.9387786448621368, "Hawaii": 0.8264326274604032, "Idaho": 0.8895696229177099, "Illinois": 0.964292106515843, "Indiana": 0.7607675904169178, "Iowa": 0.8494676017692374, "Kansas": 0.8981801158466999, "Kentucky": 0.8668857609563677, "Louisiana": 0.8922699961211599, "Maine": 0.8943654756950579, "Maryland": 0.9603706632701289, "Massachusetts": 0.9392037489882432, "Michigan": 0.8705914162556221, "Minnesota": 0.9272584047796141, "Mississippi": 0.8009995711244506, "Missouri": 0.9341284968237382, "Montana": 0.8734996228490084, "Nebraska": 0.9262953649855634, "Nevada": 0.6215157348711616, "New Hampshire": 0.8911511911105023, "New Mexico": 0.9090591878114616, "New York": 0.9534200569407361, "North Carolina": 0.905781470640965, "North Dakota": 0.8924040492141444, "Ohio": 0.88908683008019, "Oklahoma": 0.8689020923912845, "Oregon": 0.9002688687353257, "Pennsylvania": 0.9308234607829446, "Rhode Island": 0.9036016779269763, "South Carolina": 0.8464183887719271, "South Dakota": 0.8678106893548471, "Tennessee": 0.8917309077949815, "Texas": 0.9282742779424678, "Utah": 0.8978024317730793, "Vermont": 0.8560437502375932, "Virginia": 0.934425121834581, "Washington": 0.9248959627317104, "West Virginia": 0.8469580551034201, "Wisconsin": 0.8230533174504436, "Wyoming": 0.6153338565974583}