{"Alabama": 0.8614670827957149, "Alaska": 0.7974837185711913, "Arizona": 0.916716739148491, "Arkansas": 0.8397235640323517, "California": 0.9540162944543539, "Colorado": 0.9269497507678054, "Connecticut": 0.9203912065185627, "Delaware": 0.9433273651980763, "Florida": 0.939665652767575, "Georgia": 0.9429893753204421, "Hawaii": 0.8309515136981338, "Idaho": 0.9068702469515402, "Illinois": 0.9651733902400209, "Indiana": 0.772952636760838, "Iowa": 0.8481054992586844, "Kansas": 0.8901591470314111, "Kentucky": 0.8708447670584268, "Louisiana": 0.8869736116304294, "Maine": 0.9088470960624233, "Maryland": 0.9602902622323912, "Massachusetts": 0.9410716317353491, "Michigan": 0.8817397944321158, "Minnesota": 0.9255242494778126, "Mississippi": 0.805562753395069, "Missouri": 0.9388837368381534, "Montana": 0.8759808308957533, "Nebraska": 0.9266909237757726, "Nevada": 0.627629322473929, "New Hampshire": 0.8928141003453937, "New Mexico": 0.9041981699520747, "New York": 0.9564061509241314, "North Carolina": 0.9125243854649274, "North Dakota": 0.88619064212024, "Ohio": 0.8925057032564738, "Oklahoma": 0.8396031205443164, "Oregon": 0.907021058999687, "Pennsylvania": 0.9304529471532994, "Rhode Island": 0.9028971506665993, "South Carolina": 0.852548615005991, "South Dakota": 0.8669022499865728, "Tennessee": 0.8997197020689919, "Texas": 0.9197794621308537, "Utah": 0.9137949570476174, "Vermont": 0.8598929877981555, "Virginia": 0.9350058794902888, "Washington": 0.9252659723854821, "West Virginia": 0.8300580512358436, "Wisconsin": 0.8241003522579557, "Wyoming": 0.5789411152124263}