{"Alabama": 0.874550021780618, "Alaska": 0.8060105631365972, "Arizona": 0.9346526195004018, "Arkansas": 0.8518037393899598, "California": 0.9574363088384543, "Colorado": 0.937772648163617, "Connecticut": 0.9219942881948564, "Delaware": 0.9460425123803513, "Florida": 0.9475002771561484, "Georgia": 0.949012617504609, "Hawaii": 0.8445823021048462, "Idaho": 0.9272425592459596, "Illinois": 0.9723617849536271, "Indiana": 0.8143279851055795, "Iowa": 0.8655187509545397, "Kansas": 0.9065198987254636, "Kentucky": 0.8880769703035235, "Louisiana": 0.8842704724983727, "Maine": 0.9108647019767759, "Maryland": 0.9619605007749572, "Massachusetts": 0.9430438993185705, "Michigan": 0.9090782671643802, "Minnesota": 0.9328499461014513, "Mississippi": 0.822890780358205, "Missouri": 0.9454040234478644, "Montana": 0.8893198341916108, "Nebraska": 0.9288615034673559, "Nevada": 0.6489214638183091, "New Hampshire": 0.897877676233553, "New Mexico": 0.9123037163694381, "New York": 0.9598637394532982, "North Carolina": 0.9259647798979431, "North Dakota": 0.8849339871909572, "Ohio": 0.9115595057757246, "Oklahoma": 0.8577088949697687, "Oregon": 0.9237450232430424, "Pennsylvania": 0.9349604407831146, "Rhode Island": 0.9096575323327545, "South Carolina": 0.8646214121993973, "South Dakota": 0.8780208056286689, "Tennessee": 0.9133765141460662, "Texas": 0.9279295552714064, "Utah": 0.9307527109169151, "Vermont": 0.8659286304817174, "Virginia": 0.9325771798622442, "Washington": 0.9329004169281342, "West Virginia": 0.8332547254573883, "Wisconsin": 0.8471011693652838, "Wyoming": 0.627538519591914}