{"Alabama": 0.8797112100556466, "Alaska": 0.8063933568389521, "Arizona": 0.9424225854583291, "Arkansas": 0.8584158504579938, "California": 0.9582266426280863, "Colorado": 0.942972877980663, "Connecticut": 0.9246927511499463, "Delaware": 0.9461897216792423, "Florida": 0.9509418518034852, "Georgia": 0.952214390892699, "Hawaii": 0.8468048584052513, "Idaho": 0.9375168471767149, "Illinois": 0.972219185849775, "Indiana": 0.8101918788128083, "Iowa": 0.8669966939375122, "Kansas": 0.9110435930414721, "Kentucky": 0.892384260097671, "Louisiana": 0.8919655729194866, "Maine": 0.9027100118124602, "Maryland": 0.9648382963422331, "Massachusetts": 0.9454414637179298, "Michigan": 0.9068618088602498, "Minnesota": 0.9359334327876053, "Mississippi": 0.832111829858865, "Missouri": 0.9493810383499357, "Montana": 0.8953673948890908, "Nebraska": 0.9312211304972137, "Nevada": 0.6489603083866102, "New Hampshire": 0.9032772903838321, "New Mexico": 0.914232728196301, "New York": 0.9606682289566607, "North Carolina": 0.9319461187007774, "North Dakota": 0.8699297781716139, "Ohio": 0.9133359285781295, "Oklahoma": 0.844354975041105, "Oregon": 0.9280351494555719, "Pennsylvania": 0.9374039435649423, "Rhode Island": 0.9132113385825824, "South Carolina": 0.870887975878339, "South Dakota": 0.8801663972735605, "Tennessee": 0.9169450184677312, "Texas": 0.9310192602865178, "Utah": 0.9380846309679971, "Vermont": 0.8705543624744717, "Virginia": 0.932348712759009, "Washington": 0.9384581959130297, "West Virginia": 0.8321149086661473, "Wisconsin": 0.8487252586580345, "Wyoming": 0.6229989989576319}