{"Alabama": 0.8798028735429255, "Alaska": 0.8045108932704763, "Arizona": 0.9453528646539181, "Arkansas": 0.8602366773969743, "California": 0.9579315534051392, "Colorado": 0.9465494881680955, "Connecticut": 0.9249544596977056, "Delaware": 0.951248197953177, "Florida": 0.9536856293333588, "Georgia": 0.9512346452620298, "Hawaii": 0.8411312410741467, "Idaho": 0.9394812076557688, "Illinois": 0.9698011682337909, "Indiana": 0.7977256757380914, "Iowa": 0.860281061944786, "Kansas": 0.9146947332602483, "Kentucky": 0.8886204643090396, "Louisiana": 0.8925915406809116, "Maine": 0.9006917987741693, "Maryland": 0.9655382908436526, "Massachusetts": 0.9447171139314371, "Michigan": 0.8970763785334779, "Minnesota": 0.9342269726356092, "Mississippi": 0.8328120687797709, "Missouri": 0.9497015656098473, "Montana": 0.8944434197631939, "Nebraska": 0.9299650669584985, "Nevada": 0.6521572122618308, "New Hampshire": 0.9005694305590718, "New Mexico": 0.9104748042510488, "New York": 0.9625475617689792, "North Carolina": 0.9305474826130078, "North Dakota": 0.8405683745541608, "Ohio": 0.9083065884022068, "Oklahoma": 0.8489317497487704, "Oregon": 0.9249363122797261, "Pennsylvania": 0.935495039650406, "Rhode Island": 0.9128381486895552, "South Carolina": 0.8698314750623319, "South Dakota": 0.8760438591119192, "Tennessee": 0.912311313045921, "Texas": 0.9321704517552805, "Utah": 0.9414734373744842, "Vermont": 0.8681045662275191, "Virginia": 0.9362381096890182, "Washington": 0.9343128839232145, "West Virginia": 0.8262190110089296, "Wisconsin": 0.8395549413710723, "Wyoming": 0.6164800404125146}