{"Alabama": 0.8742000161013378, "Alaska": 0.789016275631934, "Arizona": 0.945487508911886, "Arkansas": 0.8592586425637888, "California": 0.9664124893214465, "Colorado": 0.944750112743809, "Connecticut": 0.9255948062593564, "Delaware": 0.9513600324217502, "Florida": 0.954044858117361, "Georgia": 0.9529533046219808, "Hawaii": 0.8381806300518863, "Idaho": 0.9344774498867379, "Illinois": 0.968012261977208, "Indiana": 0.7859579646572334, "Iowa": 0.8561507648690935, "Kansas": 0.9059462338405528, "Kentucky": 0.8802498285570892, "Louisiana": 0.8904188557526617, "Maine": 0.9134784707047395, "Maryland": 0.9656433928463761, "Massachusetts": 0.9403612156379431, "Michigan": 0.8903876284442364, "Minnesota": 0.9319402939417363, "Mississippi": 0.828423690149657, "Missouri": 0.9520356550680313, "Montana": 0.8882415285077632, "Nebraska": 0.9309127993583736, "Nevada": 0.6568869548942103, "New Hampshire": 0.9027970542585089, "New Mexico": 0.904037757412325, "New York": 0.9649700677157756, "North Carolina": 0.9304595192130145, "North Dakota": 0.791323161485, "Ohio": 0.9020812757627362, "Oklahoma": 0.8049692214399339, "Oregon": 0.9233975441101007, "Pennsylvania": 0.9350355190621776, "Rhode Island": 0.9176937272685569, "South Carolina": 0.8646290518601062, "South Dakota": 0.8728266361015128, "Tennessee": 0.9087568989281402, "Texas": 0.921908085966444, "Utah": 0.9380461168206653, "Vermont": 0.8668345042452661, "Virginia": 0.937089910951957, "Washington": 0.9321376726491688, "West Virginia": 0.8171885160561299, "Wisconsin": 0.8314753986660652, "Wyoming": 0.5884278869203355}