{"Alabama": 0.8712552382862776, "Alaska": 0.7957180335412621, "Arizona": 0.9456715170715272, "Arkansas": 0.8645217473172467, "California": 0.967395724138426, "Colorado": 0.9411416937172542, "Connecticut": 0.9275160348429647, "Delaware": 0.9523421795200526, "Florida": 0.9531847373135544, "Georgia": 0.9515105434013225, "Hawaii": 0.837116215847641, "Idaho": 0.9308411639740106, "Illinois": 0.9683425995534294, "Indiana": 0.7821187137176843, "Iowa": 0.8523751596703653, "Kansas": 0.9067398640961216, "Kentucky": 0.8787311966607517, "Louisiana": 0.8912491309539247, "Maine": 0.9033361307794077, "Maryland": 0.9653180918742396, "Massachusetts": 0.9414637122648071, "Michigan": 0.8854918554683077, "Minnesota": 0.9313994602272108, "Mississippi": 0.825093127257446, "Missouri": 0.9502340062717631, "Montana": 0.8849651254726697, "Nebraska": 0.9276700761068992, "Nevada": 0.6633729981580653, "New Hampshire": 0.9060722160394901, "New Mexico": 0.8989172517530413, "New York": 0.9663326257924751, "North Carolina": 0.9304471564365133, "North Dakota": 0.781969697563468, "Ohio": 0.9000457716291317, "Oklahoma": 0.7943853379541054, "Oregon": 0.920955319271757, "Pennsylvania": 0.937044673003974, "Rhode Island": 0.9192561634553573, "South Carolina": 0.864483197108284, "South Dakota": 0.8729960019652611, "Tennessee": 0.9070277229092715, "Texas": 0.9191736233403933, "Utah": 0.9406330310384895, "Vermont": 0.8688729913614152, "Virginia": 0.9422095812388948, "Washington": 0.929983076357381, "West Virginia": 0.8221631833299461, "Wisconsin": 0.8294423647038554, "Wyoming": 0.6063296986819089}