{"Alabama": 0.8681997764961481, "Alaska": 0.7880728683216817, "Arizona": 0.9452616915070323, "Arkansas": 0.8663653641781787, "California": 0.9671080318662898, "Colorado": 0.9378544560655171, "Connecticut": 0.9298524595044483, "Delaware": 0.9470540497928491, "Florida": 0.9520078908219373, "Georgia": 0.9507481988147722, "Hawaii": 0.835838301712279, "Idaho": 0.9322439453189034, "Illinois": 0.9687304220374925, "Indiana": 0.7767168288822089, "Iowa": 0.8500185065938768, "Kansas": 0.9094183361101945, "Kentucky": 0.8747784274560078, "Louisiana": 0.8891026646830269, "Maine": 0.9037102171628341, "Maryland": 0.9662253058198567, "Massachusetts": 0.9406032757367945, "Michigan": 0.8803710443658503, "Minnesota": 0.9293088294395763, "Mississippi": 0.8236172549299098, "Missouri": 0.950129812742161, "Montana": 0.8844095743211987, "Nebraska": 0.9265509788056451, "Nevada": 0.6595991601800582, "New Hampshire": 0.909713027869079, "New Mexico": 0.8972689437432485, "New York": 0.9651222428263889, "North Carolina": 0.9312503814498075, "North Dakota": 0.7638802136619331, "Ohio": 0.8979439712465985, "Oklahoma": 0.7844913509713387, "Oregon": 0.9208838387969189, "Pennsylvania": 0.9374725230835315, "Rhode Island": 0.9197044650176789, "South Carolina": 0.8645220794562208, "South Dakota": 0.8679532607634886, "Tennessee": 0.9066325502319214, "Texas": 0.9158410801065096, "Utah": 0.9377719503122955, "Vermont": 0.8709915275624648, "Virginia": 0.9460047836089766, "Washington": 0.9318508684353367, "West Virginia": 0.8294264427506969, "Wisconsin": 0.8265414802847523, "Wyoming": 0.5911174508031742}