{"Alabama": 0.9167849195559178, "Alaska": 0.5118595066623017, "Arizona": 0.8024118348450981, "Arkansas": 0.9359612465673746, "California": 0.822526943322701, "Colorado": 0.720070395079798, "Connecticut": 0.8613192652492728, "Delaware": 0.7148277262068911, "Florida": 0.6844347742792651, "Georgia": 0.8014685672358468, "Hawaii": 0.542309001965564, "Idaho": 0.8584195882427991, "Illinois": 0.8861351529037378, "Iowa": 0.9310533730505496, "Kansas": 0.9224465129001516, "Kentucky": 0.9522199997079895, "Louisiana": 0.7671539749557815, "Maine": 0.8142977026506298, "Maryland": 0.6819844192545829, "Massachusetts": 0.7888507123107774, "Michigan": 0.9740895613120184, "Minnesota": 0.9166680246245357, "Mississippi": 0.963985366259247, "Missouri": 0.8982886919933231, "Montana": 0.7121832905866816, "Nebraska": 0.8266086206335265, "Nevada": 0.43124285148289787, "New Hampshire": 0.9393408338421355, "New Jersey": 0.7146202923710532, "New Mexico": 0.7269942322958469, "New York": 0.6846801848603367, "North Carolina": 0.8956473181895306, "North Dakota": 0.7359005463201812, "Ohio": 0.9743500782845983, "Oklahoma": 0.8492505396205293, "Oregon": 0.9251161740344418, "Pennsylvania": 0.8877275407422556, "Rhode Island": 0.8575493709281912, "South Carolina": 0.8409474321816041, "South Dakota": 0.841618434920919, "Tennessee": 0.9453968004467409, "Texas": 0.8364478647496985, "Utah": 0.8641110997675961, "Vermont": 0.8994141937330805, "Virginia": 0.7618259091397497, "Washington": 0.8983360710151792, "West Virginia": 0.8153563865902325, "Wisconsin": 0.9758932880214987, "Wyoming": 0.5719459493600602}