{"Alabama": 0.9159403660657337, "Alaska": 0.5210589451811132, "Arizona": 0.7962366800516776, "Arkansas": 0.9390119117535567, "California": 0.8231956856993082, "Colorado": 0.7073150163166855, "Connecticut": 0.8540531795674269, "Delaware": 0.703347051084944, "Florida": 0.6775426471763595, "Georgia": 0.7985556482783658, "Hawaii": 0.5476960869149967, "Idaho": 0.8595807537570629, "Illinois": 0.8809213778306965, "Iowa": 0.9346354672451552, "Kansas": 0.9205673226058753, "Kentucky": 0.9570065472625967, "Louisiana": 0.7654867450758565, "Maine": 0.8153746598463569, "Maryland": 0.6811637506075119, "Massachusetts": 0.7825141848668395, "Michigan": 0.9714235190495013, "Minnesota": 0.9138534096028434, "Mississippi": 0.9600008675556412, "Missouri": 0.8951727680174211, "Montana": 0.7136448433619113, "Nebraska": 0.8325517909438526, "Nevada": 0.4356751920022002, "New Hampshire": 0.9398873167052458, "New Jersey": 0.716921950627701, "New Mexico": 0.7256582347073223, "New York": 0.6836172905868055, "North Carolina": 0.9026375974504877, "North Dakota": 0.749256845275273, "Ohio": 0.9751615558984901, "Oklahoma": 0.855553616909841, "Oregon": 0.9260322499370598, "Pennsylvania": 0.8905529038346184, "Rhode Island": 0.8606648971009753, "South Carolina": 0.8549585613952755, "South Dakota": 0.8464531098969007, "Tennessee": 0.9440396791731855, "Texas": 0.8337841064337186, "Utah": 0.857083650305307, "Vermont": 0.8997969946867487, "Virginia": 0.7481703654677012, "Washington": 0.8819111680277855, "West Virginia": 0.8213017807190932, "Wisconsin": 0.9750325297885022, "Wyoming": 0.568927977600664}