{"Alabama": 0.933682232298234, "Alaska": 0.5297834970005948, "Arizona": 0.8091436439019979, "Arkansas": 0.9381475821712164, "California": 0.8313069666991659, "Colorado": 0.7373425541016659, "Connecticut": 0.858798106682894, "Delaware": 0.709142175507842, "Florida": 0.7272810766574275, "Georgia": 0.8242489806923307, "Hawaii": 0.5576502201120622, "Idaho": 0.8738319984388719, "Illinois": 0.8840746626670218, "Iowa": 0.9380715780778218, "Kansas": 0.9255670261307423, "Kentucky": 0.9602360622161513, "Louisiana": 0.802786768789216, "Maine": 0.8342630302493728, "Maryland": 0.713282045132689, "Massachusetts": 0.7890718388464296, "Michigan": 0.9710086301513281, "Minnesota": 0.9175956115250802, "Mississippi": 0.9569119249741327, "Missouri": 0.902876961527813, "Montana": 0.749514794188475, "Nebraska": 0.8466600146315981, "Nevada": 0.5029395245805446, "New Hampshire": 0.9209011776234927, "New Jersey": 0.7448152460218915, "New Mexico": 0.7600952073047341, "New York": 0.7162737933511946, "North Carolina": 0.9117916939042233, "North Dakota": 0.8038657346348153, "Ohio": 0.9702168362422205, "Oklahoma": 0.8650829730729588, "Oregon": 0.9346188430282901, "Pennsylvania": 0.8925415632549379, "Rhode Island": 0.7948535668497861, "South Carolina": 0.8833020988880803, "South Dakota": 0.860492495946691, "Tennessee": 0.945760163395837, "Texas": 0.8470074989378391, "Utah": 0.8647758292026758, "Vermont": 0.8414695054724933, "Virginia": 0.7699857167903688, "Washington": 0.8808444663919927, "West Virginia": 0.8366980674092805, "Wisconsin": 0.9744233612720204, "Wyoming": 0.43923446433167057}