{"Alabama": 0.9338528225217393, "Alaska": 0.6279492859365312, "Arizona": 0.8073521137834311, "Arkansas": 0.9386027529969321, "California": 0.8233480791454054, "Colorado": 0.7377389353405089, "Connecticut": 0.8572061986039621, "Delaware": 0.7203633686715468, "Florida": 0.7261401918709335, "Georgia": 0.8264699956315775, "Hawaii": 0.5762266763269834, "Idaho": 0.870774078086048, "Illinois": 0.8842130509195145, "Iowa": 0.9389046250535905, "Kansas": 0.9224697736143297, "Kentucky": 0.9589635250612918, "Louisiana": 0.8099793499551741, "Maine": 0.839391308183912, "Maryland": 0.7165445282935308, "Massachusetts": 0.786725704679979, "Michigan": 0.968979398909159, "Minnesota": 0.9165435927240643, "Mississippi": 0.9570511195710145, "Missouri": 0.9048543421567816, "Montana": 0.7543711242633885, "Nebraska": 0.8467010861509471, "Nevada": 0.5200148825576586, "New Hampshire": 0.9150718236183978, "New Jersey": 0.7556712690053786, "New Mexico": 0.7619155496387939, "New York": 0.7222276583014424, "North Carolina": 0.9130501015203449, "North Dakota": 0.8119161397832781, "Ohio": 0.9676310149552354, "Oklahoma": 0.8586387679533357, "Oregon": 0.9303231007884848, "Pennsylvania": 0.8891292258091235, "Rhode Island": 0.8692231330242466, "South Carolina": 0.8876759541701541, "South Dakota": 0.8661376806930106, "Tennessee": 0.9487825558984275, "Texas": 0.8450805242178603, "Utah": 0.8716246753295885, "Vermont": 0.8904503586309211, "Virginia": 0.7668197441008952, "Washington": 0.8733171457646771, "West Virginia": 0.8373655734015657, "Wisconsin": 0.9741451206343907, "Wyoming": 0.5194314968520142}