{"Alabama": 0.9351449899518292, "Alaska": 0.6306622886099813, "Arizona": 0.8006630927712127, "Arkansas": 0.9372334754565657, "California": 0.8182156879522571, "Colorado": 0.7336514976270274, "Connecticut": 0.8564354397497594, "Delaware": 0.7199018667248411, "Florida": 0.7279327090749472, "Georgia": 0.8249759670636916, "Hawaii": 0.6265886209422112, "Idaho": 0.8666502625867598, "Illinois": 0.8796994601325763, "Iowa": 0.941921574096999, "Kansas": 0.9257643518658925, "Kentucky": 0.9586537032626835, "Louisiana": 0.811375201786454, "Maine": 0.8322282385539609, "Maryland": 0.710860539538814, "Massachusetts": 0.7804633121851885, "Michigan": 0.9676376384279719, "Minnesota": 0.9154056263539762, "Mississippi": 0.960678128218845, "Missouri": 0.9071462529783461, "Montana": 0.7501842812282675, "Nebraska": 0.8437857540884545, "Nevada": 0.5271690041745756, "New Hampshire": 0.9108179266065305, "New Jersey": 0.7515865822421927, "New Mexico": 0.7583361954117842, "New York": 0.7183903507463326, "North Carolina": 0.9139769406919596, "North Dakota": 0.818279593987029, "Ohio": 0.9649460085823123, "Oklahoma": 0.8603610790745997, "Oregon": 0.9332431210236184, "Pennsylvania": 0.8845824270502143, "Rhode Island": 0.6058222538362785, "South Carolina": 0.8871565614451603, "South Dakota": 0.8690113236951608, "Tennessee": 0.9478953717607848, "Texas": 0.8424756874308984, "Utah": 0.8686554010765547, "Vermont": 0.8845907100230999, "Virginia": 0.7562995601448048, "Washington": 0.8676310766944014, "West Virginia": 0.8341232503890404, "Wisconsin": 0.974107731492792, "Wyoming": 0.506682418768949}