{"Alabama": 0.971003702503944, "Alaska": 0.6508115491692616, "Arizona": 0.7697168415772985, "Arkansas": 0.981881406413536, "California": 0.848691064473254, "Colorado": 0.7272860084737971, "Connecticut": 0.8617266699362318, "Delaware": 0.771702396900682, "Florida": 0.687887574141261, "Georgia": 0.9070740659261813, "Hawaii": 0.5828111272851763, "Idaho": 0.8610189552686365, "Illinois": 0.9121264000810839, "Iowa": 0.9516635032927777, "Kansas": 0.9437820605578756, "Kentucky": 0.9653998789027453, "Louisiana": 0.8377075920969032, "Maine": 0.8528015717479288, "Maryland": 0.695943491031981, "Massachusetts": 0.7947281499065156, "Michigan": 0.9697903701147159, "Minnesota": 0.9362346302255682, "Mississippi": 0.97268761588261, "Missouri": 0.9247022396508352, "Montana": 0.6763356731365353, "Nebraska": 0.8917821169839244, "Nevada": 0.4833484862043383, "New Hampshire": 0.9046971150675053, "New Jersey": 0.8039977211406363, "New Mexico": 0.7094608380569225, "New York": 0.7277383206837088, "North Carolina": 0.9741720518511736, "North Dakota": 0.7370945866108529, "Ohio": 0.9728803701610287, "Oklahoma": 0.8525273052674661, "Oregon": 0.9337889816726969, "Pennsylvania": 0.910635220723799, "Rhode Island": 0.8746492543610755, "South Carolina": 0.9505332091714803, "South Dakota": 0.8209007261881387, "Tennessee": 0.9705664659619895, "Texas": 0.8572449790383194, "Utah": 0.8843199770213684, "Vermont": 0.8859432346254946, "Virginia": 0.7840566055713084, "Washington": 0.8740712186626739, "West Virginia": 0.8331560447935369, "Wisconsin": 0.9907396696185248, "Wyoming": 0.5551399620267851}