{"Alabama": 0.9718352282342415, "Alaska": 0.655706463498991, "Arizona": 0.7568767066453118, "Arkansas": 0.9814004242153701, "California": 0.8391823870982051, "Colorado": 0.7207634592679453, "Connecticut": 0.85909489458899, "Delaware": 0.7002200126036102, "Florida": 0.6846682053434827, "Georgia": 0.8999661579459226, "Hawaii": 0.5889619148921716, "Idaho": 0.850271165499607, "Illinois": 0.9096060367026683, "Iowa": 0.953844156365161, "Kansas": 0.9496394987222126, "Kentucky": 0.9665801083429295, "Louisiana": 0.841012102709635, "Maine": 0.8450664078559529, "Maryland": 0.6904838333705399, "Massachusetts": 0.7868276858468811, "Michigan": 0.9659090011907825, "Minnesota": 0.9367042983221683, "Mississippi": 0.9725691464203928, "Missouri": 0.9210159320707629, "Montana": 0.6778622486506208, "Nebraska": 0.8928992031401769, "Nevada": 0.4849852201484912, "New Hampshire": 0.9007456782254533, "New Jersey": 0.7992468983690363, "New Mexico": 0.7103751578192398, "New York": 0.722427255602532, "North Carolina": 0.9674826202373122, "North Dakota": 0.7489105116422079, "Ohio": 0.9713968586111984, "Oklahoma": 0.8536271520215187, "Oregon": 0.9355491217657642, "Pennsylvania": 0.904576205202738, "Rhode Island": 0.8668749327786799, "South Carolina": 0.9434067983713381, "South Dakota": 0.8246756169350796, "Tennessee": 0.9695215484371399, "Texas": 0.8546763860774111, "Utah": 0.8750895642930009, "Vermont": 0.8831938593372438, "Virginia": 0.7714504561367043, "Washington": 0.8756249776697855, "West Virginia": 0.8271927077719012, "Wisconsin": 0.9905977340269218, "Wyoming": 0.5410737247538245}