{"Alabama": 0.9491945881277694, "Alaska": 0.6382020362367397, "Arizona": 0.7888574327276278, "Arkansas": 0.9393607917653293, "California": 0.8095958662574902, "Colorado": 0.7299822208475745, "Connecticut": 0.856188947137674, "Delaware": 0.7285077111104703, "Florida": 0.7364883720713166, "Georgia": 0.8263477633932577, "Hawaii": 0.6445103636721025, "Idaho": 0.8525993891282874, "Illinois": 0.8817171615139826, "Iowa": 0.9482291613458662, "Kansas": 0.9393893410792451, "Kentucky": 0.9603041220393033, "Louisiana": 0.8203794967077331, "Maine": 0.8314553231632607, "Maryland": 0.711203303157275, "Massachusetts": 0.7757349846083155, "Michigan": 0.9613121692207691, "Minnesota": 0.917509652434945, "Mississippi": 0.9622135461454902, "Missouri": 0.9054379566788958, "Montana": 0.7549694033723744, "Nebraska": 0.8556439007368215, "Nevada": 0.5364568122899905, "New Hampshire": 0.907139512113907, "New Jersey": 0.755580941053866, "New Mexico": 0.758483538650269, "New York": 0.7199319944299861, "North Carolina": 0.9108733657836533, "North Dakota": 0.833158798985399, "Ohio": 0.9626328752180119, "Oklahoma": 0.8633861323512159, "Oregon": 0.9382843002209279, "Pennsylvania": 0.8833320545509512, "Rhode Island": 0.8459942578037122, "South Carolina": 0.886016361766448, "South Dakota": 0.8779426450487022, "Tennessee": 0.947867848682571, "Texas": 0.8458997407551277, "Utah": 0.851203053196252, "Vermont": 0.8838082262642808, "Virginia": 0.7490762062621396, "Washington": 0.8794162828179007, "West Virginia": 0.8291776687781833, "Wisconsin": 0.9775760109501649, "Wyoming": 0.5483945715901816}