{"Alabama": 0.972406976225707, "Alaska": 0.6642964729337569, "Arizona": 0.7533182780822673, "Arkansas": 0.9811598055604638, "California": 0.8336425536162859, "Colorado": 0.7182965800911947, "Connecticut": 0.8575961094270462, "Delaware": 0.7673436651037946, "Florida": 0.691960114522559, "Georgia": 0.894496987101124, "Hawaii": 0.5952194439761673, "Idaho": 0.8478630713516184, "Illinois": 0.9083020467489025, "Iowa": 0.9572914812082816, "Kansas": 0.9539961052661253, "Kentucky": 0.9680239787537203, "Louisiana": 0.8389501564653319, "Maine": 0.847003164676638, "Maryland": 0.688980000685109, "Massachusetts": 0.784515665833666, "Michigan": 0.9621945439071788, "Minnesota": 0.9355854791957959, "Mississippi": 0.9703983366847004, "Missouri": 0.921648991936626, "Montana": 0.6871122422898108, "Nebraska": 0.8978233138651721, "Nevada": 0.49285593471471967, "New Hampshire": 0.8986580354253336, "New Jersey": 0.7964378724093023, "New Mexico": 0.7106984587893489, "New York": 0.7194196993081848, "North Carolina": 0.9589726166397456, "North Dakota": 0.7580845454745857, "Ohio": 0.9698937620427361, "Oklahoma": 0.8579350201276118, "Oregon": 0.9374923392004716, "Pennsylvania": 0.9030183507640298, "Rhode Island": 0.8573252738704282, "South Carolina": 0.935401051614309, "South Dakota": 0.8378648024115793, "Tennessee": 0.9652562543072779, "Texas": 0.8555007531665617, "Utah": 0.8654814440438736, "Vermont": 0.8813246143948625, "Virginia": 0.7628322813817006, "Washington": 0.8830231535335957, "West Virginia": 0.8237823503373346, "Wisconsin": 0.9910981403531511, "Wyoming": 0.5169742848374284}