{"Alabama": 0.9697610398026059, "Alaska": 0.6722021504180056, "Arizona": 0.7633127516576511, "Arkansas": 0.9790494928166159, "California": 0.832809200485277, "Colorado": 0.7182549330968878, "Connecticut": 0.8557934099536616, "Delaware": 0.7786473145105237, "Florida": 0.706441102554204, "Georgia": 0.8900534125896508, "Hawaii": 0.6096084927424186, "Idaho": 0.8555488203458724, "Illinois": 0.9102135163449321, "Iowa": 0.956792878377105, "Kansas": 0.9591241925012404, "Kentucky": 0.9686517328055188, "Louisiana": 0.8509305355537539, "Maine": 0.8576214383925467, "Maryland": 0.6976003157022125, "Massachusetts": 0.7849809327530541, "Michigan": 0.9607852023564392, "Minnesota": 0.9349425721039475, "Mississippi": 0.967616626693834, "Missouri": 0.9237571336777625, "Montana": 0.6986168397398863, "Nebraska": 0.9019420526391974, "Nevada": 0.5071341532744501, "New Hampshire": 0.9044534371716851, "New Jersey": 0.7913448674887513, "New Mexico": 0.7155100039992226, "New York": 0.7246085119128944, "North Carolina": 0.9538159537239783, "North Dakota": 0.7620705846907319, "Ohio": 0.9696877290069036, "Oklahoma": 0.8579595459266492, "Oregon": 0.9376842294795471, "Pennsylvania": 0.9046988404435827, "Rhode Island": 0.85619560396829, "South Carolina": 0.9312442487209959, "South Dakota": 0.8445399295710097, "Tennessee": 0.9612672531253987, "Texas": 0.8570386016099204, "Utah": 0.8617743546393133, "Vermont": 0.8888119689937448, "Virginia": 0.759525844826315, "Washington": 0.8865145410272934, "West Virginia": 0.8255366143331215, "Wisconsin": 0.9908461616983912, "Wyoming": 0.5126391964909562}