{"Alabama": 0.9508281343621002, "Alaska": 0.650054640951865, "Arizona": 0.8015127841562797, "Arkansas": 0.9387589670326072, "California": 0.8120392917041764, "Colorado": 0.7332683933528635, "Connecticut": 0.8565866170168217, "Delaware": 0.7440803970583004, "Florida": 0.7535077845274251, "Georgia": 0.8310628299781888, "Hawaii": 0.6611494074640035, "Idaho": 0.8595363644360974, "Illinois": 0.8871445054402884, "Iowa": 0.9508554347640789, "Kansas": 0.9476659493675679, "Kentucky": 0.9619371187883579, "Louisiana": 0.8366644155655873, "Maine": 0.8454400844687635, "Maryland": 0.7257992127142007, "Massachusetts": 0.7806293156964942, "Michigan": 0.9606807691046406, "Minnesota": 0.9185555607173562, "Mississippi": 0.96054100827409, "Missouri": 0.9090921831919705, "Montana": 0.767117374323491, "Nebraska": 0.8645839998782856, "Nevada": 0.5510982886411938, "New Hampshire": 0.9137719560291339, "New Jersey": 0.7607675904169178, "New Mexico": 0.7658829174094495, "New York": 0.7321935869304481, "North Carolina": 0.9113663310764357, "North Dakota": 0.8431423569229807, "Ohio": 0.9632905449588304, "Oklahoma": 0.8675530526618881, "Oregon": 0.9391909470236144, "Pennsylvania": 0.8882063505887027, "Rhode Island": 0.8489809721246799, "South Carolina": 0.8913647566986265, "South Dakota": 0.8846253420728218, "Tennessee": 0.9448426871786202, "Texas": 0.8510203838229683, "Utah": 0.849192588341811, "Vermont": 0.8920638773843947, "Virginia": 0.7519801125141935, "Washington": 0.8841420406769885, "West Virginia": 0.8355332211826181, "Wisconsin": 0.9787503134183532, "Wyoming": 0.5492414364604102}