{"Alabama": 0.9687554728474875, "Alaska": 0.676929055979348, "Arizona": 0.777976944473789, "Arkansas": 0.9776190794218726, "California": 0.8377592905720573, "Colorado": 0.7243462063973161, "Connecticut": 0.8552826019800913, "Delaware": 0.7807242110013171, "Florida": 0.7262050234313149, "Georgia": 0.8916606771392366, "Hawaii": 0.6284994364765301, "Idaho": 0.8628318947337743, "Illinois": 0.9138607583145635, "Iowa": 0.956905824752373, "Kansas": 0.963450951681595, "Kentucky": 0.9690561080190422, "Louisiana": 0.8504876925913432, "Maine": 0.8787670974592869, "Maryland": 0.7095052415083867, "Massachusetts": 0.7896183301289796, "Michigan": 0.958623292148529, "Minnesota": 0.9375341762041205, "Mississippi": 0.9646942209346584, "Missouri": 0.9267138403851529, "Montana": 0.7112096836169642, "Nebraska": 0.9087150388499708, "Nevada": 0.5208145821885886, "New Hampshire": 0.9096899629882603, "New Jersey": 0.7965863329461775, "New Mexico": 0.7228572279937322, "New York": 0.7338503624445888, "North Carolina": 0.9558766750098208, "North Dakota": 0.772533188251877, "Ohio": 0.9697144744765271, "Oklahoma": 0.8471469377235694, "Oregon": 0.9381097620260006, "Pennsylvania": 0.909893481111205, "Rhode Island": 0.8573653568144494, "South Carolina": 0.9365637735771046, "South Dakota": 0.8539710962343368, "Tennessee": 0.9604490594379909, "Texas": 0.8528609440797253, "Utah": 0.8677376980674738, "Vermont": 0.894646736967219, "Virginia": 0.7584547008569793, "Washington": 0.8923243517392445, "West Virginia": 0.8213442617036293, "Wisconsin": 0.9908361718024276, "Wyoming": 0.48975328677820945}