{"Alabama": 0.9522548221431226, "Alaska": 0.659866294659112, "Arizona": 0.8167280643633466, "Arkansas": 0.9399857217017308, "California": 0.8194099889948675, "Colorado": 0.739869627990193, "Connecticut": 0.8581131850771184, "Delaware": 0.7547699795402488, "Florida": 0.7758938478166114, "Georgia": 0.8383859365565021, "Hawaii": 0.6831470753722766, "Idaho": 0.8684994727659023, "Illinois": 0.8935902946861233, "Iowa": 0.9536734518375349, "Kansas": 0.9553518739391303, "Kentucky": 0.9631799284236551, "Louisiana": 0.8385748131917938, "Maine": 0.8743751313591018, "Maryland": 0.7404875285195047, "Massachusetts": 0.7900437521429535, "Michigan": 0.9597006474514235, "Minnesota": 0.9232905632978918, "Mississippi": 0.9581220779565933, "Missouri": 0.9132998925155902, "Montana": 0.78175339995071, "Nebraska": 0.8746962301548195, "Nevada": 0.5659938842353421, "New Hampshire": 0.9193100616935044, "New Jersey": 0.772952636760838, "New Mexico": 0.7756974380821896, "New York": 0.7485023625609488, "North Carolina": 0.9182324489359289, "North Dakota": 0.8551895073758267, "Ohio": 0.9646331493651812, "Oklahoma": 0.8551393746758787, "Oregon": 0.9400460954599982, "Pennsylvania": 0.8973920738801694, "Rhode Island": 0.8548523431486627, "South Carolina": 0.9021051670712197, "South Dakota": 0.8958346190083557, "Tennessee": 0.944485376045456, "Texas": 0.8477876311160502, "Utah": 0.8547098429276511, "Vermont": 0.9007167028828317, "Virginia": 0.754935581305866, "Washington": 0.8916372189374703, "West Virginia": 0.8336093257121714, "Wisconsin": 0.980672512477021, "Wyoming": 0.5273381510076104}