{"Alabama": 0.9695531288250472, "Alaska": 0.733684234347917, "Arizona": 0.8108113572546056, "Arkansas": 0.9788571608265895, "California": 0.8558981291110702, "Colorado": 0.7547154973635202, "Connecticut": 0.8634795408079922, "Delaware": 0.7990874386656106, "Florida": 0.7647346956764813, "Georgia": 0.9022932727456833, "Hawaii": 0.6854855410716155, "Idaho": 0.8871203056523126, "Illinois": 0.920364001680825, "Iowa": 0.9579197384189667, "Kansas": 0.9674205042647892, "Kentucky": 0.9719805594235468, "Louisiana": 0.875738169492108, "Maine": 0.9028065645952359, "Maryland": 0.7500669495745981, "Massachusetts": 0.809629887270389, "Michigan": 0.9574870716951184, "Minnesota": 0.9437750870403356, "Mississippi": 0.9698883097442323, "Missouri": 0.9384774115384158, "Montana": 0.75872106896031, "Nebraska": 0.9207921461575226, "Nevada": 0.5537399450659151, "New Hampshire": 0.9229009439379882, "New Jersey": 0.8202286798029113, "New Mexico": 0.7660375563074745, "New York": 0.7698206762814, "North Carolina": 0.9612838392583293, "North Dakota": 0.7996547480067001, "Ohio": 0.9704135553098847, "Oklahoma": 0.8653354593389522, "Oregon": 0.9438494994785184, "Pennsylvania": 0.9228367451665724, "Rhode Island": 0.8706708147032716, "South Carolina": 0.9432442067955003, "South Dakota": 0.8647574864500386, "Tennessee": 0.9656110678158918, "Texas": 0.8723782091648496, "Utah": 0.8783641151167957, "Vermont": 0.9113788662803605, "Virginia": 0.7747357107339072, "Washington": 0.9131772458318755, "West Virginia": 0.8471461695424373, "Wisconsin": 0.9899546509206428, "Wyoming": 0.5600179817398969}