{"Alabama": 0.9582075867480464, "Alaska": 0.7279261034536337, "Arizona": 0.8486712702706698, "Arkansas": 0.9485179863869685, "California": 0.845537702139777, "Colorado": 0.7743188915281861, "Connecticut": 0.8692659691793495, "Delaware": 0.7873319470546674, "Florida": 0.8175648676165015, "Georgia": 0.8679227111358678, "Hawaii": 0.7424825545921104, "Idaho": 0.8979501129265969, "Illinois": 0.9084334065542709, "Iowa": 0.9566615420884509, "Kansas": 0.9627776156091766, "Kentucky": 0.969746429966665, "Louisiana": 0.8738780035233196, "Maine": 0.9094865034938939, "Maryland": 0.7871935804175753, "Massachusetts": 0.8192707615642195, "Michigan": 0.9622813633347894, "Minnesota": 0.93651485481875, "Mississippi": 0.967535935136822, "Missouri": 0.9335716546723738, "Montana": 0.8317223460806459, "Nebraska": 0.8990048358924343, "Nevada": 0.6012792475850229, "New Hampshire": 0.934463793327183, "New Jersey": 0.8143279851055795, "New Mexico": 0.8217366301085463, "New York": 0.7961579204192438, "North Carolina": 0.9358048787743842, "North Dakota": 0.8818385289469326, "Ohio": 0.9690493240431042, "Oklahoma": 0.8802535202227847, "Oregon": 0.9491907483763993, "Pennsylvania": 0.9188477034532829, "Rhode Island": 0.8783913982842061, "South Carolina": 0.9194037169911455, "South Dakota": 0.9100245993266273, "Tennessee": 0.9564883068389107, "Texas": 0.8744101345512354, "Utah": 0.8698037930376736, "Vermont": 0.9203312032688551, "Virginia": 0.7801793101185758, "Washington": 0.9148478561539142, "West Virginia": 0.8672091000281041, "Wisconsin": 0.9817632315437864, "Wyoming": 0.6034143782178669}