{"Alabama": 0.9653561164404006, "Alaska": 0.7163536996303097, "Arizona": 0.8050204371991206, "Arkansas": 0.9774570014331436, "California": 0.8437379143460444, "Colorado": 0.7453088880031685, "Connecticut": 0.8562866128450696, "Delaware": 0.7879101565875548, "Florida": 0.7526960270516598, "Georgia": 0.8930084207692282, "Hawaii": 0.6712694531047754, "Idaho": 0.883404626864875, "Illinois": 0.914350892700287, "Iowa": 0.9541708284539996, "Kansas": 0.9608137241042021, "Kentucky": 0.9694613607422132, "Louisiana": 0.8647354843244414, "Maine": 0.8850647938858456, "Maryland": 0.7413611438526824, "Massachusetts": 0.8049534146246263, "Michigan": 0.9583041971055042, "Minnesota": 0.9379611746852076, "Mississippi": 0.9653701691716509, "Missouri": 0.9277517850102824, "Montana": 0.7414748304979524, "Nebraska": 0.9130334984857639, "Nevada": 0.539089835966121, "New Hampshire": 0.9134070342896875, "New Jersey": 0.8117207883460086, "New Mexico": 0.7536308390491879, "New York": 0.7598159232993337, "North Carolina": 0.9540441736683379, "North Dakota": 0.771629157822998, "Ohio": 0.9665932110865042, "Oklahoma": 0.8399668611605051, "Oregon": 0.935722483735118, "Pennsylvania": 0.9151236937134226, "Rhode Island": 0.8618516532791903, "South Carolina": 0.9352239642962668, "South Dakota": 0.8547620764131401, "Tennessee": 0.9588582329723607, "Texas": 0.8606074492895681, "Utah": 0.8787694853683476, "Vermont": 0.9036772058239433, "Virginia": 0.7607857263975079, "Washington": 0.9039394443403256, "West Virginia": 0.8305884162283638, "Wisconsin": 0.9903987175488239, "Wyoming": 0.5337860313393691}