{"Alabama": 0.9539945334207932, "Alaska": 0.711343935596708, "Arizona": 0.8463617691894222, "Arkansas": 0.9444263810252826, "California": 0.83537956650411, "Colorado": 0.7674494433460588, "Connecticut": 0.8653429604317239, "Delaware": 0.7841121859288522, "Florida": 0.810039042769527, "Georgia": 0.8623734981480178, "Hawaii": 0.7311922080013356, "Idaho": 0.8942993582010422, "Illinois": 0.9039962483756223, "Iowa": 0.9523732785006827, "Kansas": 0.9533919980812983, "Kentucky": 0.9661314208745773, "Louisiana": 0.8626369643123392, "Maine": 0.8908718780032266, "Maryland": 0.7816220612802289, "Massachusetts": 0.8180221835299899, "Michigan": 0.9630592163781831, "Minnesota": 0.9305216076490038, "Mississippi": 0.9628648272318605, "Missouri": 0.9250930541460748, "Montana": 0.8164213025920026, "Nebraska": 0.8917311530213089, "Nevada": 0.5885929606211745, "New Hampshire": 0.9272376607764368, "New Jersey": 0.8101918788128083, "New Mexico": 0.8118298755696567, "New York": 0.7912555659881663, "North Carolina": 0.9279147608748226, "North Dakota": 0.8521344198240378, "Ohio": 0.9656182354939905, "Oklahoma": 0.852820487303653, "Oregon": 0.941508643048563, "Pennsylvania": 0.9124052837459561, "Rhode Island": 0.8730338500105623, "South Carolina": 0.911812678151782, "South Dakota": 0.9008342815674429, "Tennessee": 0.9511490905446083, "Texas": 0.8644623197959149, "Utah": 0.8701029146196579, "Vermont": 0.9124951443222292, "Virginia": 0.7696285846753488, "Washington": 0.9063510989036753, "West Virginia": 0.8512138324408165, "Wisconsin": 0.9804739133316313, "Wyoming": 0.57636311844624}