{"Alabama": 0.9522116915061245, "Alaska": 0.7034069534096815, "Arizona": 0.8421593263075687, "Arkansas": 0.9412752321552276, "California": 0.8263543951158294, "Colorado": 0.7642003620255833, "Connecticut": 0.8553892368493519, "Delaware": 0.7703325329215331, "Florida": 0.8033200608384762, "Georgia": 0.8581548409157939, "Hawaii": 0.7237657480519332, "Idaho": 0.894735671332865, "Illinois": 0.8993982122655194, "Iowa": 0.9492754366835394, "Kansas": 0.9486249973612555, "Kentucky": 0.9634907295482888, "Louisiana": 0.8611330819541335, "Maine": 0.8846812334822853, "Maryland": 0.7733179973918052, "Massachusetts": 0.807700003527184, "Michigan": 0.9637688267028994, "Minnesota": 0.9259839378806773, "Mississippi": 0.9609175770956803, "Missouri": 0.9187297590294781, "Montana": 0.8093479356785579, "Nebraska": 0.8853374292426347, "Nevada": 0.5869500738096561, "New Hampshire": 0.9231561550076599, "New Jersey": 0.7977256757380914, "New Mexico": 0.8068825469736763, "New York": 0.7783322514630474, "North Carolina": 0.9214237509101211, "North Dakota": 0.8251778608056637, "Ohio": 0.9636195571774897, "Oklahoma": 0.8603858143283248, "Oregon": 0.938226222601415, "Pennsylvania": 0.905599880840635, "Rhode Island": 0.8647160568389164, "South Carolina": 0.9122125903293509, "South Dakota": 0.9006524885236868, "Tennessee": 0.9474940201346816, "Texas": 0.8622344169365681, "Utah": 0.8640420858758242, "Vermont": 0.9075626947808126, "Virginia": 0.7657375618342187, "Washington": 0.9055923456395225, "West Virginia": 0.8414769719107815, "Wisconsin": 0.9785494530276889, "Wyoming": 0.5651387634100489}