{"Alabama": 0.9644163729594715, "Alaska": 0.7217617078034053, "Arizona": 0.8016751714599963, "Arkansas": 0.9758329711270106, "California": 0.8360808246793591, "Colorado": 0.7447862746174237, "Connecticut": 0.8470463803678167, "Delaware": 0.7739197726629938, "Florida": 0.7480103879790077, "Georgia": 0.8900308457029404, "Hawaii": 0.6660261800594142, "Idaho": 0.8821444255720509, "Illinois": 0.9111384484146133, "Iowa": 0.9516863498085477, "Kansas": 0.9564693896980665, "Kentucky": 0.9674340322970387, "Louisiana": 0.865203004136896, "Maine": 0.8818871321864415, "Maryland": 0.7343731697564223, "Massachusetts": 0.7961618800128563, "Michigan": 0.9613379689429402, "Minnesota": 0.9359942328859139, "Mississippi": 0.9627668382796967, "Missouri": 0.9230466047521131, "Montana": 0.7368919164166894, "Nebraska": 0.9089812721245099, "Nevada": 0.539334135292243, "New Hampshire": 0.910926158346695, "New Jersey": 0.800032266052329, "New Mexico": 0.7506367237095177, "New York": 0.748692219670356, "North Carolina": 0.9500604966736812, "North Dakota": 0.7506841544853574, "Ohio": 0.9658088884342737, "Oklahoma": 0.850855897656214, "Oregon": 0.9339430780607181, "Pennsylvania": 0.9101622990740845, "Rhode Island": 0.8565256502222858, "South Carolina": 0.937164633377187, "South Dakota": 0.8555256592993828, "Tennessee": 0.9553208770879152, "Texas": 0.8589470670496484, "Utah": 0.8748910506241078, "Vermont": 0.9013606419677439, "Virginia": 0.7573429787194129, "Washington": 0.9053363048782289, "West Virginia": 0.8225372529165759, "Wisconsin": 0.9891533813714379, "Wyoming": 0.5264865363747553}