{"Alabama": 0.9513579390499484, "Alaska": 0.6825058607643454, "Arizona": 0.8387282279343267, "Arkansas": 0.9323221657524912, "California": 0.8268349285267179, "Colorado": 0.7547576088853789, "Connecticut": 0.8520605673985411, "Delaware": 0.7564339725627297, "Florida": 0.7912540009124872, "Georgia": 0.8508939788722794, "Hawaii": 0.7109150434211505, "Idaho": 0.892537713461945, "Illinois": 0.8927198564034242, "Iowa": 0.9484939949397466, "Kansas": 0.9403455133248952, "Kentucky": 0.9655800504299308, "Louisiana": 0.8470885056406496, "Maine": 0.8863426602291621, "Maryland": 0.7610240797603313, "Massachusetts": 0.7938555299837307, "Michigan": 0.9623630614899398, "Minnesota": 0.9200945053080121, "Mississippi": 0.9584865113966226, "Missouri": 0.9098439756621657, "Montana": 0.7993302634059335, "Nebraska": 0.8803084629954198, "Nevada": 0.5862592407513492, "New Hampshire": 0.9147328969052819, "New Jersey": 0.7859579646572334, "New Mexico": 0.7916121475397714, "New York": 0.7662249494366249, "North Carolina": 0.9164783477848193, "North Dakota": 0.7753737724315103, "Ohio": 0.9616726183602263, "Oklahoma": 0.8239869581316185, "Oregon": 0.9337406954584744, "Pennsylvania": 0.8976094818377844, "Rhode Island": 0.8556662138809396, "South Carolina": 0.9087867139376817, "South Dakota": 0.8961822308083929, "Tennessee": 0.9458783902327131, "Texas": 0.8465432343620787, "Utah": 0.8586152673612825, "Vermont": 0.9029110522932533, "Virginia": 0.7591741213927358, "Washington": 0.9063955478009588, "West Virginia": 0.8235710440987151, "Wisconsin": 0.9770826352416155, "Wyoming": 0.5337554439756356}