{"Alabama": 0.9639023675564627, "Alaska": 0.7029910780726429, "Arizona": 0.7991994176642764, "Arkansas": 0.9710800087305104, "California": 0.8317908545744647, "Colorado": 0.7370780501890158, "Connecticut": 0.8421284099794619, "Delaware": 0.7623606243253868, "Florida": 0.7362422956440643, "Georgia": 0.883158866024897, "Hawaii": 0.6565460007513255, "Idaho": 0.8848027558880417, "Illinois": 0.9054213451263861, "Iowa": 0.9536860650775938, "Kansas": 0.9520170790434759, "Kentucky": 0.9695243901461551, "Louisiana": 0.853319887350266, "Maine": 0.882150686877877, "Maryland": 0.7201062093444225, "Massachusetts": 0.780659818894598, "Michigan": 0.9608340643113187, "Minnesota": 0.9313705472574292, "Mississippi": 0.9609915047404284, "Missouri": 0.9154914398997237, "Montana": 0.728449643730967, "Nebraska": 0.9065743227902017, "Nevada": 0.5392613967649388, "New Hampshire": 0.9026919286692208, "New Jersey": 0.7866114526700182, "New Mexico": 0.7366262027654216, "New York": 0.737597689938597, "North Carolina": 0.9444234387066692, "North Dakota": 0.7116860191361459, "Ohio": 0.9649188640671331, "Oklahoma": 0.8196157085853661, "Oregon": 0.9320465931079026, "Pennsylvania": 0.902667059043425, "Rhode Island": 0.8472871432349072, "South Carolina": 0.9340539363278243, "South Dakota": 0.8523001294633098, "Tennessee": 0.9533475265410488, "Texas": 0.8453883679142051, "Utah": 0.8705267432806412, "Vermont": 0.9014247949292106, "Virginia": 0.7504336155615638, "Washington": 0.9038028823471382, "West Virginia": 0.8055349590554481, "Wisconsin": 0.9889323366273953, "Wyoming": 0.49769201760100423}