{"Alabama": 0.9540267676650575, "Alaska": 0.684234493028756, "Arizona": 0.8319577779305862, "Arkansas": 0.931726797419391, "California": 0.8244651221974425, "Colorado": 0.7429058100460634, "Connecticut": 0.8514127362119905, "Delaware": 0.7524497676078348, "Florida": 0.7856413298376339, "Georgia": 0.8489084832927306, "Hawaii": 0.7088996790221616, "Idaho": 0.8941575378285672, "Illinois": 0.8879806080555801, "Iowa": 0.9480044002795298, "Kansas": 0.9344826358879185, "Kentucky": 0.9678153408287002, "Louisiana": 0.8436464713747195, "Maine": 0.8738184434953186, "Maryland": 0.7559450633468553, "Massachusetts": 0.7872081275200368, "Michigan": 0.9632647818252238, "Minnesota": 0.9167471323218483, "Mississippi": 0.9543966850326531, "Missouri": 0.9108404479765032, "Montana": 0.7952700072447194, "Nebraska": 0.8803257632854266, "Nevada": 0.5903867781280318, "New Hampshire": 0.910868652217922, "New Jersey": 0.7821187137176842, "New Mexico": 0.7838643367821395, "New York": 0.7626306956540702, "North Carolina": 0.9135013555643016, "North Dakota": 0.7598567667104271, "Ohio": 0.9613681559692164, "Oklahoma": 0.8129332009171405, "Oregon": 0.9316859493245008, "Pennsylvania": 0.8951661570347005, "Rhode Island": 0.8523076731049727, "South Carolina": 0.9080965725443233, "South Dakota": 0.8918972410797259, "Tennessee": 0.9444904176160008, "Texas": 0.8371357525541674, "Utah": 0.8524818850838779, "Vermont": 0.8983874319899904, "Virginia": 0.7605626559515142, "Washington": 0.9060376414464245, "West Virginia": 0.823719146642273, "Wisconsin": 0.9776087130767512, "Wyoming": 0.5418972539332171}