{"Alabama": 0.964196510338436, "Alaska": 0.6927143174639785, "Arizona": 0.7858160735282893, "Arkansas": 0.9652778014268657, "California": 0.8229495846043725, "Colorado": 0.7209688727900317, "Connecticut": 0.8306232166984705, "Delaware": 0.7450864039767313, "Florida": 0.7250500223639066, "Georgia": 0.8729962564190628, "Hawaii": 0.6488393829619652, "Idaho": 0.8806055242116501, "Illinois": 0.8952223361203827, "Iowa": 0.9514467187333734, "Kansas": 0.9408932713547545, "Kentucky": 0.9703441402294104, "Louisiana": 0.8411594959721138, "Maine": 0.8633654517221268, "Maryland": 0.7011510121683588, "Massachusetts": 0.7623437970111809, "Michigan": 0.9642201336935448, "Minnesota": 0.9235712023696148, "Mississippi": 0.954256750039659, "Missouri": 0.9112705180224868, "Montana": 0.718738736652436, "Nebraska": 0.902229731825723, "Nevada": 0.5402839860886033, "New Hampshire": 0.8958648490585037, "New Jersey": 0.7749961690042635, "New Mexico": 0.7118162896913363, "New York": 0.7225539725991784, "North Carolina": 0.9361049402633359, "North Dakota": 0.6709943543360553, "Ohio": 0.9622774156044331, "Oklahoma": 0.8005162793825178, "Oregon": 0.9269514121204123, "Pennsylvania": 0.8920512121363211, "Rhode Island": 0.8386864008142041, "South Carolina": 0.9309029751206838, "South Dakota": 0.8457494123156956, "Tennessee": 0.947446058523998, "Texas": 0.8270427358032834, "Utah": 0.8583251869733584, "Vermont": 0.8872968089330951, "Virginia": 0.7498167189902556, "Washington": 0.8945770261293193, "West Virginia": 0.7958558633388457, "Wisconsin": 0.9887101019396178, "Wyoming": 0.4899503634571314}