{"Alabama": 0.95443758399757, "Alaska": 0.6662722593547553, "Arizona": 0.8275180189897209, "Arkansas": 0.9279270520753466, "California": 0.821227650921657, "Colorado": 0.7379724932340762, "Connecticut": 0.8437161983214888, "Delaware": 0.742608397516435, "Florida": 0.781818823079924, "Georgia": 0.8441102882667247, "Hawaii": 0.7029161590176789, "Idaho": 0.8878258831965978, "Illinois": 0.8831120240130252, "Iowa": 0.9447798661028068, "Kansas": 0.9261329737001341, "Kentucky": 0.9677181586577361, "Louisiana": 0.8361698337217246, "Maine": 0.8672065394613686, "Maryland": 0.7457485680708102, "Massachusetts": 0.7769771502092218, "Michigan": 0.9644602142270198, "Minnesota": 0.9121432249233132, "Mississippi": 0.9535994195973382, "Missouri": 0.907214288312097, "Montana": 0.7873053695843257, "Nebraska": 0.8753705798829096, "Nevada": 0.5875980479118635, "New Hampshire": 0.9073250776166175, "New Jersey": 0.7767168288822089, "New Mexico": 0.7690415220579343, "New York": 0.7538536618124448, "North Carolina": 0.9085043725362819, "North Dakota": 0.7309571840804376, "Ohio": 0.9594908663352139, "Oklahoma": 0.802067422864735, "Oregon": 0.9272915001131451, "Pennsylvania": 0.8872425093168606, "Rhode Island": 0.8464798978236663, "South Carolina": 0.9079081177013922, "South Dakota": 0.8873353663465958, "Tennessee": 0.9414813506975713, "Texas": 0.8289442009572042, "Utah": 0.8462335943282451, "Vermont": 0.8855997665141974, "Virginia": 0.7615018861014299, "Washington": 0.8981121140515296, "West Virginia": 0.817525339216584, "Wisconsin": 0.9760420487190254, "Wyoming": 0.5214266821364371}