{"Alabama": 0.9152961516887131, "Alaska": 0.6245782999418313, "Arizona": 0.9141357129742433, "Arkansas": 0.8947271814161752, "California": 0.9575969877101244, "Colorado": 0.8918179064990714, "Connecticut": 0.9633846083673131, "Delaware": 0.907944052441693, "Florida": 0.8748678321190202, "Georgia": 0.9199926376566546, "Hawaii": 0.7020662436598011, "Idaho": 0.8960110236410015, "Indiana": 0.8972467124465692, "Iowa": 0.9482293029089133, "Kansas": 0.9631160637529625, "Kentucky": 0.9334477288667916, "Louisiana": 0.8635920292547178, "Maine": 0.8837579259040688, "Maryland": 0.8929530688045759, "Massachusetts": 0.9389178137191163, "Michigan": 0.9311398998331397, "Minnesota": 0.9814601213908384, "Mississippi": 0.8812071874776147, "Missouri": 0.9649002268727483, "Montana": 0.8126123192949519, "Nebraska": 0.9466230403803203, "Nevada": 0.5038994638576176, "New Hampshire": 0.9357403623803435, "New Jersey": 0.9395636334605618, "New Mexico": 0.8520974446441388, "New York": 0.910384287409591, "North Carolina": 0.8876225627717907, "North Dakota": 0.8499079608184728, "Ohio": 0.9594184179771297, "Oklahoma": 0.9261998397597955, "Oregon": 0.9499312978020101, "Pennsylvania": 0.9636138733951187, "Rhode Island": 0.9258569953138296, "South Carolina": 0.8527154304814619, "South Dakota": 0.9044031037082652, "Tennessee": 0.9490100160401485, "Texas": 0.9451971363543583, "Utah": 0.9366435822132451, "Vermont": 0.9031836838168232, "Virginia": 0.9162521515993531, "Washington": 0.9553344477450834, "West Virginia": 0.8654688299617127, "Wisconsin": 0.9290109989916532, "Wyoming": 0.637529685009951}