{"Alabama": 0.9196224542332145, "Alaska": 0.6621669253925292, "Arizona": 0.9101918184012683, "Arkansas": 0.8935638536014482, "California": 0.9563307781260754, "Colorado": 0.8870829474530131, "Connecticut": 0.963631510818939, "Delaware": 0.91476909297918, "Florida": 0.8702625096882151, "Georgia": 0.9261870949682056, "Hawaii": 0.7152925999472927, "Idaho": 0.9073236843461941, "Indiana": 0.8861351529037381, "Iowa": 0.9451155773460149, "Kansas": 0.9633123948157137, "Kentucky": 0.9331224447394068, "Louisiana": 0.8794580077273805, "Maine": 0.8909452237210259, "Maryland": 0.9006905877112553, "Massachusetts": 0.9403485346534298, "Michigan": 0.9228315816358195, "Minnesota": 0.9805185751029291, "Mississippi": 0.8703875822107047, "Missouri": 0.9638622772622494, "Montana": 0.8294462864271208, "Nebraska": 0.9482176787232173, "Nevada": 0.5010443447738393, "New Hampshire": 0.9315124241668704, "New Jersey": 0.9455113469142559, "New Mexico": 0.8629040221328634, "New York": 0.9149305203817751, "North Carolina": 0.899468842266183, "North Dakota": 0.8604743358564121, "Ohio": 0.9580152183431654, "Oklahoma": 0.9292735436120887, "Oregon": 0.9521810880000616, "Pennsylvania": 0.9649844806715379, "Rhode Island": 0.9277979084174511, "South Carolina": 0.8587811393718826, "South Dakota": 0.9090323299621279, "Tennessee": 0.947065838474897, "Texas": 0.9459636708107987, "Utah": 0.9367523551438154, "Vermont": 0.9013724387103592, "Virginia": 0.9172818429314964, "Washington": 0.9568249877649164, "West Virginia": 0.8762244116637353, "Wisconsin": 0.924477704429903, "Wyoming": 0.6526643345322706}