{"Alabama": 0.9223971487410467, "Alaska": 0.679441486031037, "Arizona": 0.9067316290584548, "Arkansas": 0.894064261034786, "California": 0.9558986825720982, "Colorado": 0.8818501766758196, "Connecticut": 0.9648685683769374, "Delaware": 0.9149599765898176, "Florida": 0.8663224199837267, "Georgia": 0.9292683345300043, "Hawaii": 0.7190397832490062, "Idaho": 0.9157425461321368, "Indiana": 0.8809213778306965, "Iowa": 0.9425639081586694, "Kansas": 0.9631957283234671, "Kentucky": 0.933534518970436, "Louisiana": 0.8841667652317382, "Maine": 0.8981885948053794, "Maryland": 0.9060743857099355, "Massachusetts": 0.9413868071840955, "Michigan": 0.9197477052434279, "Minnesota": 0.978703569130296, "Mississippi": 0.8720956266307254, "Missouri": 0.963925620435429, "Montana": 0.8388289595125704, "Nebraska": 0.9522321049272673, "Nevada": 0.5160430837382758, "New Hampshire": 0.9298187705665394, "New Jersey": 0.950477061630092, "New Mexico": 0.868261361920585, "New York": 0.9204236116273485, "North Carolina": 0.9067342396377238, "North Dakota": 0.8725909548021479, "Ohio": 0.9546810376233263, "Oklahoma": 0.9326336935609786, "Oregon": 0.9521769286791801, "Pennsylvania": 0.9661866428978008, "Rhode Island": 0.9318277561671576, "South Carolina": 0.8654539154583133, "South Dakota": 0.9126381056291875, "Tennessee": 0.9455038338342164, "Texas": 0.9475240915726798, "Utah": 0.9411129167796684, "Vermont": 0.89908364204604, "Virginia": 0.9138946815311937, "Washington": 0.955331404510022, "West Virginia": 0.8817015422262025, "Wisconsin": 0.9211305069363533, "Wyoming": 0.6538289650797777}