{"Alabama": 0.940166080557008, "Alaska": 0.7749988028779861, "Arizona": 0.9231288899881028, "Arkansas": 0.9047259963085628, "California": 0.9569169141231252, "Colorado": 0.90803622609831, "Connecticut": 0.9611143098101083, "Delaware": 0.9219075505322715, "Florida": 0.904521436129102, "Georgia": 0.9508226506687066, "Hawaii": 0.7534538964351266, "Idaho": 0.9392587405192763, "Indiana": 0.8842130509195143, "Iowa": 0.9453580234761793, "Kansas": 0.9658435578203359, "Kentucky": 0.9433609002488443, "Louisiana": 0.9171947618891529, "Maine": 0.9171539599079729, "Maryland": 0.9249681534214249, "Massachusetts": 0.9375141437317562, "Michigan": 0.9323948442345386, "Minnesota": 0.9781711571644365, "Mississippi": 0.8904010497486402, "Missouri": 0.9704218343081168, "Montana": 0.8742592877308969, "Nebraska": 0.9584970794125011, "Nevada": 0.5986631340821542, "New Hampshire": 0.9304352437744684, "New Jersey": 0.9652893174303738, "New Mexico": 0.8965128444450604, "New York": 0.9271016240267663, "North Carolina": 0.9422779409302857, "North Dakota": 0.9093275132462885, "Ohio": 0.9621831987869716, "Oklahoma": 0.9317521452522011, "Oregon": 0.9594629560681337, "Pennsylvania": 0.9687172652988421, "Rhode Island": 0.9409698534557313, "South Carolina": 0.8993818047059243, "South Dakota": 0.9250506701613699, "Tennessee": 0.9582811837375151, "Texas": 0.9586072948939249, "Utah": 0.9592672325777465, "Vermont": 0.9062932346468202, "Virginia": 0.9229468741671473, "Washington": 0.9609666459473558, "West Virginia": 0.8913932992806626, "Wisconsin": 0.9283104087010406, "Wyoming": 0.6421720297076422}