{"Alabama": 0.9453252472397458, "Alaska": 0.7722042696285392, "Arizona": 0.911509970871132, "Arkansas": 0.8995527373829655, "California": 0.9599192517277043, "Colorado": 0.8956311864249487, "Connecticut": 0.9714198331662258, "Delaware": 0.928979982035185, "Florida": 0.8751900035612656, "Georgia": 0.9706246890521825, "Hawaii": 0.7416412416041583, "Idaho": 0.9007860589841863, "Indiana": 0.9121264000810839, "Iowa": 0.9150140954759448, "Kansas": 0.9487813445158594, "Kentucky": 0.9242579857211197, "Louisiana": 0.9231148172517791, "Maine": 0.9123832511972895, "Maryland": 0.8961260676817177, "Massachusetts": 0.9368934424844506, "Michigan": 0.9673333949626475, "Minnesota": 0.9735506889661384, "Mississippi": 0.8968783003980776, "Missouri": 0.9626775632151803, "Montana": 0.7847231460695321, "Nebraska": 0.9362159234387655, "Nevada": 0.5812291521043615, "New Hampshire": 0.9416607918018908, "New Jersey": 0.9693286740466087, "New Mexico": 0.8560673270406137, "New York": 0.9156537765814196, "North Carolina": 0.9585212051658619, "North Dakota": 0.8023234600358468, "Ohio": 0.9731835946438091, "Oklahoma": 0.905876662673054, "Oregon": 0.9599209486168103, "Pennsylvania": 0.9723168383576937, "Rhode Island": 0.9493464279724628, "South Carolina": 0.9266243373903829, "South Dakota": 0.8513406862649665, "Tennessee": 0.9582392524088013, "Texas": 0.959141704138804, "Utah": 0.962916893148763, "Vermont": 0.9103871238205771, "Virginia": 0.9167915120973765, "Washington": 0.9596639885612186, "West Virginia": 0.8811983842619399, "Wisconsin": 0.9248749626651441, "Wyoming": 0.6250933737838862}