{"Alabama": 0.9366091209014166, "Alaska": 0.7771108488514558, "Arizona": 0.9099791289744105, "Arkansas": 0.9044488856105884, "California": 0.9502290677008812, "Colorado": 0.905168723781895, "Connecticut": 0.9611789745785373, "Delaware": 0.8564648574556746, "Florida": 0.9047984208880187, "Georgia": 0.9506855796669861, "Hawaii": 0.7937634980720575, "Idaho": 0.9221893035737124, "Indiana": 0.8788256544589581, "Iowa": 0.9334122455329982, "Kansas": 0.9654914040800383, "Kentucky": 0.9415600528818262, "Louisiana": 0.9189131235463243, "Maine": 0.9037890971469136, "Maryland": 0.9216035338504986, "Massachusetts": 0.9350914266235985, "Michigan": 0.9413822879541249, "Minnesota": 0.9736126807680787, "Mississippi": 0.8901138050978163, "Missouri": 0.9678268997647688, "Montana": 0.8658489358751429, "Nebraska": 0.9544142462425727, "Nevada": 0.6099605432965124, "New Hampshire": 0.9239023445512089, "New Jersey": 0.9660968239377454, "New Mexico": 0.8956571796304396, "New York": 0.9272901804138163, "North Carolina": 0.9495139021092031, "North Dakota": 0.914032164812461, "Ohio": 0.9618738590794393, "Oklahoma": 0.9324399961146282, "Oregon": 0.9559832294881523, "Pennsylvania": 0.9645635196008785, "Rhode Island": 0.9387916843124118, "South Carolina": 0.9049750982725, "South Dakota": 0.918762707719153, "Tennessee": 0.956934701174066, "Texas": 0.9604264342421682, "Utah": 0.9482274957736314, "Vermont": 0.8990874305761285, "Virginia": 0.9133725493045968, "Washington": 0.9566615166918299, "West Virginia": 0.8808213868178283, "Wisconsin": 0.9217326630121214, "Wyoming": 0.6523861977765315}