{"Alabama": 0.9355595501497976, "Alaska": 0.7708012816259652, "Arizona": 0.9083957259780464, "Arkansas": 0.9060283945307436, "California": 0.948436462581582, "Colorado": 0.9049142801816087, "Connecticut": 0.9614042276229486, "Delaware": 0.9195968031948114, "Florida": 0.9092209783634843, "Georgia": 0.9496525034962583, "Hawaii": 0.7996889404642558, "Idaho": 0.9129125170306748, "Indiana": 0.8817171615139825, "Iowa": 0.9298013056737485, "Kansas": 0.9634072973922361, "Kentucky": 0.9436272730577128, "Louisiana": 0.9154391820484244, "Maine": 0.904748829725395, "Maryland": 0.9222768529972465, "Massachusetts": 0.937553333334214, "Michigan": 0.9481414947964196, "Minnesota": 0.9725817547717815, "Mississippi": 0.8930352575240327, "Missouri": 0.9687762244834334, "Montana": 0.8671687431452116, "Nebraska": 0.9554907732943313, "Nevada": 0.6175670597932439, "New Hampshire": 0.9283320471958726, "New Jersey": 0.9657254320377114, "New Mexico": 0.8944943466541024, "New York": 0.9260558352031564, "North Carolina": 0.953869800098064, "North Dakota": 0.9112874526412499, "Ohio": 0.9627864853801608, "Oklahoma": 0.9246928518788559, "Oregon": 0.9551411308975429, "Pennsylvania": 0.9619797986127341, "Rhode Island": 0.9367535597896021, "South Carolina": 0.9045518533056846, "South Dakota": 0.9166027454274631, "Tennessee": 0.9583139856939131, "Texas": 0.958721295755506, "Utah": 0.9374482614756438, "Vermont": 0.8989648262995514, "Virginia": 0.9125577120471994, "Washington": 0.9536882333807476, "West Virginia": 0.8748762663821167, "Wisconsin": 0.9196182683061229, "Wyoming": 0.6134869675067238}