{"Alabama": 0.9416215017270512, "Alaska": 0.7755900369517651, "Arizona": 0.8973191725123607, "Arkansas": 0.9023853383384572, "California": 0.9536940242512155, "Colorado": 0.892403578945228, "Connecticut": 0.9707597139335473, "Delaware": 0.9249319363211249, "Florida": 0.8773536954857414, "Georgia": 0.966653192135878, "Hawaii": 0.7531694166280691, "Idaho": 0.8908183986839618, "Indiana": 0.9083020467489025, "Iowa": 0.9088014725037192, "Kansas": 0.9482564761697745, "Kentucky": 0.9302597149351511, "Louisiana": 0.9191637925604285, "Maine": 0.9100220720415013, "Maryland": 0.8956338556892528, "Massachusetts": 0.9377072733685329, "Michigan": 0.97125673104306, "Minnesota": 0.9723657994724694, "Mississippi": 0.8989468067754816, "Missouri": 0.9633971588077066, "Montana": 0.7960839647127429, "Nebraska": 0.9399887390443417, "Nevada": 0.5920398330439657, "New Hampshire": 0.9432348014594969, "New Jersey": 0.96831136167011, "New Mexico": 0.8582147485982428, "New York": 0.9138770268682319, "North Carolina": 0.9632400614373341, "North Dakota": 0.8178338282460266, "Ohio": 0.9716928299281672, "Oklahoma": 0.9014046455337286, "Oregon": 0.9590600119669145, "Pennsylvania": 0.9676686862253618, "Rhode Island": 0.9441629660127048, "South Carolina": 0.9241362851444735, "South Dakota": 0.8596533954357631, "Tennessee": 0.960024441579445, "Texas": 0.9580603635064441, "Utah": 0.9464233704915654, "Vermont": 0.908345967974492, "Virginia": 0.9106094417431309, "Washington": 0.9578479639398834, "West Virginia": 0.8695817791100432, "Wisconsin": 0.9197103382961636, "Wyoming": 0.5762531639183986}