{"Alabama": 0.9337402969728851, "Alaska": 0.7678550518332441, "Arizona": 0.9162472629429212, "Arkansas": 0.9105390756610086, "California": 0.9482173617919918, "Colorado": 0.9042683769958816, "Connecticut": 0.9591054959378975, "Delaware": 0.9268294519284631, "Florida": 0.9195892404064503, "Georgia": 0.9499132600329032, "Hawaii": 0.8055500699623334, "Idaho": 0.9119428201405531, "Indiana": 0.8871445054402884, "Iowa": 0.9310364052691998, "Kansas": 0.9630871445480651, "Kentucky": 0.9438476416328592, "Louisiana": 0.9136328928833959, "Maine": 0.9065630479780088, "Maryland": 0.922261422543099, "Massachusetts": 0.9349544387135238, "Michigan": 0.9511728615915165, "Minnesota": 0.971428251223481, "Mississippi": 0.8947187359493212, "Missouri": 0.9700440351430625, "Montana": 0.8631759811782737, "Nebraska": 0.9542597729465185, "Nevada": 0.6276610763811177, "New Hampshire": 0.9308736282724996, "New Jersey": 0.964292106515843, "New Mexico": 0.8938286966076765, "New York": 0.9294107729330482, "North Carolina": 0.9531370135897942, "North Dakota": 0.9114111496191788, "Ohio": 0.9649413373558133, "Oklahoma": 0.9191752800601954, "Oregon": 0.9535274937628889, "Pennsylvania": 0.9618683449332474, "Rhode Island": 0.934862884715308, "South Carolina": 0.9055781821312208, "South Dakota": 0.917649153603037, "Tennessee": 0.95944517719474, "Texas": 0.9550759850153318, "Utah": 0.9275588936076845, "Vermont": 0.8976910471794204, "Virginia": 0.9102210504152511, "Washington": 0.9474182607851397, "West Virginia": 0.8724475328793156, "Wisconsin": 0.919943017907731, "Wyoming": 0.6042331754675851}