{"Alabama": 0.9395482284397457, "Alaska": 0.7732713391410715, "Arizona": 0.904375653256835, "Arkansas": 0.9060747310306724, "California": 0.9527196091746585, "Colorado": 0.8912679101824855, "Connecticut": 0.9683210281659478, "Delaware": 0.9320204401849541, "Florida": 0.8880504085568312, "Georgia": 0.9652619402503337, "Hawaii": 0.760687501719475, "Idaho": 0.893911963779077, "Indiana": 0.9102135163449321, "Iowa": 0.9075443816558847, "Kansas": 0.9479696023124282, "Kentucky": 0.930502626553566, "Louisiana": 0.9180047807059902, "Maine": 0.911800504522797, "Maryland": 0.8956718203523043, "Massachusetts": 0.9348256931632289, "Michigan": 0.9714635484687473, "Minnesota": 0.9711963566424558, "Mississippi": 0.9007405760546937, "Missouri": 0.9647493297242743, "Montana": 0.7966334133824012, "Nebraska": 0.9403099854014868, "Nevada": 0.6034445283490381, "New Hampshire": 0.9458522441677869, "New Jersey": 0.9645381098896817, "New Mexico": 0.857040737618236, "New York": 0.9159140424002862, "North Carolina": 0.9623576884453954, "North Dakota": 0.814014490771926, "Ohio": 0.9726563650831441, "Oklahoma": 0.8953984137129046, "Oregon": 0.9567915972477378, "Pennsylvania": 0.9671798685394586, "Rhode Island": 0.9414800957200186, "South Carolina": 0.922931611193286, "South Dakota": 0.8642737918052816, "Tennessee": 0.9613703705268383, "Texas": 0.9547803989638458, "Utah": 0.9378126235455946, "Vermont": 0.9070963229483772, "Virginia": 0.9070242592139915, "Washington": 0.9536257404778553, "West Virginia": 0.8648752311299193, "Wisconsin": 0.9179627169192549, "Wyoming": 0.5637756418022739}