{"Alabama": 0.9396038117367648, "Alaska": 0.7659313125072182, "Arizona": 0.9136374482102961, "Arkansas": 0.9029961967205512, "California": 0.9517176222251754, "Colorado": 0.8899274681783919, "Connecticut": 0.966114386999678, "Delaware": 0.9334800302443947, "Florida": 0.8971012430195799, "Georgia": 0.965757963459508, "Hawaii": 0.7663859096909441, "Idaho": 0.8991532621770715, "Indiana": 0.9138607583145635, "Iowa": 0.9042234878357237, "Kansas": 0.9457737747080651, "Kentucky": 0.9304298241835831, "Louisiana": 0.9100543252643014, "Maine": 0.9273225947028649, "Maryland": 0.8963172886022454, "Massachusetts": 0.9352049803882764, "Michigan": 0.9731445818920949, "Minnesota": 0.9701247684698772, "Mississippi": 0.8999096866911008, "Missouri": 0.9660043987901763, "Montana": 0.7967002003253262, "Nebraska": 0.9417077531495401, "Nevada": 0.6057544117563984, "New Hampshire": 0.9460406852514684, "New Jersey": 0.9641239861065171, "New Mexico": 0.8520674788867396, "New York": 0.9192891725779323, "North Carolina": 0.9640170057244357, "North Dakota": 0.8133816742068467, "Ohio": 0.9727949084380565, "Oklahoma": 0.8726254100973124, "Oregon": 0.9557048676973454, "Pennsylvania": 0.9675837683008768, "Rhode Island": 0.9387873343539963, "South Carolina": 0.9241986782646338, "South Dakota": 0.8655475631631577, "Tennessee": 0.9628960674973133, "Texas": 0.9447583426459072, "Utah": 0.944837768021645, "Vermont": 0.9071004897057214, "Virginia": 0.9027625322180193, "Washington": 0.9507957825130389, "West Virginia": 0.850461942388147, "Wisconsin": 0.9174625011692469, "Wyoming": 0.5258717984192108}