{"Alabama": 0.9339538468734397, "Alaska": 0.7612703605521703, "Arizona": 0.9255286572058615, "Arkansas": 0.9085710166609111, "California": 0.9470244326656452, "Colorado": 0.9020360609852403, "Connecticut": 0.9561642696633108, "Delaware": 0.9310127135112704, "Florida": 0.9285761986871139, "Georgia": 0.9514316580813668, "Hawaii": 0.810361520982742, "Idaho": 0.9214312082650222, "Indiana": 0.8935902946861235, "Iowa": 0.9304114017450748, "Kansas": 0.9590270857581777, "Kentucky": 0.9439036771661534, "Louisiana": 0.9053340280576866, "Maine": 0.925254592112616, "Maryland": 0.9222885967933604, "Massachusetts": 0.9364158335280124, "Michigan": 0.9558362556024989, "Minnesota": 0.9700617504933019, "Mississippi": 0.894485819251893, "Missouri": 0.9720325704822531, "Montana": 0.8636841867625032, "Nebraska": 0.9559930157107249, "Nevada": 0.6294747167093463, "New Hampshire": 0.9310435533399786, "New Jersey": 0.9651733902400211, "New Mexico": 0.8884620126577972, "New York": 0.9347574651000569, "North Carolina": 0.9557122713096787, "North Dakota": 0.9088373289997789, "Ohio": 0.9651766872865808, "Oklahoma": 0.8918146146575405, "Oregon": 0.9529886163411575, "Pennsylvania": 0.9626217186603967, "Rhode Island": 0.9331381811239093, "South Carolina": 0.9087364089279862, "South Dakota": 0.9189780462054821, "Tennessee": 0.9612482192514761, "Texas": 0.9435652249585605, "Utah": 0.9358457978263802, "Vermont": 0.8995936890312396, "Virginia": 0.9068838095591447, "Washington": 0.9450588623594759, "West Virginia": 0.8574820827712017, "Wisconsin": 0.9211775469029202, "Wyoming": 0.5661065090926144}