{"Alabama": 0.9319277691412067, "Alaska": 0.783611006709478, "Arizona": 0.9353863040975763, "Arkansas": 0.9090941726217511, "California": 0.9470690597108009, "Colorado": 0.9119754485090636, "Connecticut": 0.953906145938258, "Delaware": 0.9384227705939594, "Florida": 0.9372270817989656, "Georgia": 0.9552370911950167, "Hawaii": 0.8307460169326609, "Idaho": 0.9347933310133278, "Indiana": 0.9084334065542709, "Iowa": 0.9345867578628909, "Kansas": 0.9612705946309923, "Kentucky": 0.945388160647321, "Louisiana": 0.9060374823171681, "Maine": 0.9303030223837675, "Maryland": 0.9309753829247831, "Massachusetts": 0.9401761193144996, "Michigan": 0.9605215663477522, "Minnesota": 0.970950181595096, "Mississippi": 0.897916190052624, "Missouri": 0.9736689840559783, "Montana": 0.8823666171005787, "Nebraska": 0.9581562238591571, "Nevada": 0.6487946509052801, "New Hampshire": 0.9287694483001516, "New Jersey": 0.9723617849536271, "New Mexico": 0.8989322767794912, "New York": 0.9477430918681706, "North Carolina": 0.9589361584653895, "North Dakota": 0.9093741538009594, "Ohio": 0.9670186964990295, "Oklahoma": 0.89847474887922, "Oregon": 0.9553474633501298, "Pennsylvania": 0.9648810102592604, "Rhode Island": 0.9377393428767187, "South Carolina": 0.9095407033325473, "South Dakota": 0.9241542300603885, "Tennessee": 0.9627089762339229, "Texas": 0.9476011115881102, "Utah": 0.9442850472825074, "Vermont": 0.9021660249657961, "Virginia": 0.9030925080589418, "Washington": 0.9465612379883048, "West Virginia": 0.862247264026637, "Wisconsin": 0.9262512024510816, "Wyoming": 0.6215205601628258}