{"Alabama": 0.9352721972721809, "Alaska": 0.7883981876696358, "Arizona": 0.9276874642251037, "Arkansas": 0.9004116668614458, "California": 0.9519977152324987, "Colorado": 0.9026672624658152, "Connecticut": 0.9658594458825034, "Delaware": 0.9391032685735468, "Florida": 0.9103871853906427, "Georgia": 0.9655585231607734, "Hawaii": 0.7929938304915227, "Idaho": 0.9091179899801146, "Indiana": 0.9203640016808251, "Iowa": 0.9061202968866142, "Kansas": 0.9456928525729225, "Kentucky": 0.9299965611820343, "Louisiana": 0.9097012650911692, "Maine": 0.9308878070144534, "Maryland": 0.9091573687996746, "Massachusetts": 0.9392309225194512, "Michigan": 0.9733323697339625, "Minnesota": 0.9688567779514732, "Mississippi": 0.8982216462302874, "Missouri": 0.9664044898808655, "Montana": 0.817397744610986, "Nebraska": 0.9389882186811203, "Nevada": 0.62699803058132, "New Hampshire": 0.9447711643911842, "New Jersey": 0.9692043913288567, "New Mexico": 0.8651406526962789, "New York": 0.9327333844066515, "North Carolina": 0.9647437123558629, "North Dakota": 0.8197733339108344, "Ohio": 0.9732941049217544, "Oklahoma": 0.8763253401976514, "Oregon": 0.9530168528559008, "Pennsylvania": 0.9688737799083643, "Rhode Island": 0.9418161162613282, "South Carolina": 0.9211656619872997, "South Dakota": 0.8696113923747897, "Tennessee": 0.963182509306958, "Texas": 0.9482034650154061, "Utah": 0.9516989968222802, "Vermont": 0.9085547817574454, "Virginia": 0.899609920825325, "Washington": 0.9527110423822424, "West Virginia": 0.8534348476556265, "Wisconsin": 0.9184792692439001, "Wyoming": 0.580818842461164}