{"Alabama": 0.9327879050922914, "Alaska": 0.7787775630656932, "Arizona": 0.940190359920159, "Arkansas": 0.9113352629541766, "California": 0.9435820060736821, "Colorado": 0.9130741670598687, "Connecticut": 0.9516441507405767, "Delaware": 0.9358728380320843, "Florida": 0.9381720851351375, "Georgia": 0.9583737075416913, "Hawaii": 0.8295938268173996, "Idaho": 0.9387689193132303, "Indiana": 0.9039962483756223, "Iowa": 0.932047175689877, "Kansas": 0.9595339540769404, "Kentucky": 0.9466898631115289, "Louisiana": 0.908044682443408, "Maine": 0.9149194534321482, "Maryland": 0.9320716925106772, "Massachusetts": 0.9412561789125105, "Michigan": 0.9591590312054138, "Minnesota": 0.9711797548653813, "Mississippi": 0.9016099820601705, "Missouri": 0.9744101501956682, "Montana": 0.8799816777958424, "Nebraska": 0.9572627118944106, "Nevada": 0.645595821081826, "New Hampshire": 0.9273572719849569, "New Jersey": 0.972219185849775, "New Mexico": 0.8975461899528523, "New York": 0.9469994965701327, "North Carolina": 0.9607903384179832, "North Dakota": 0.8856354838260433, "Ohio": 0.967051434804183, "Oklahoma": 0.8789937680936516, "Oregon": 0.9538820224670095, "Pennsylvania": 0.9646119221134656, "Rhode Island": 0.9388889890099825, "South Carolina": 0.9115445791821463, "South Dakota": 0.9185244977473184, "Tennessee": 0.9642716776430387, "Texas": 0.9461916283989743, "Utah": 0.9472607444051475, "Vermont": 0.8995220376594033, "Virginia": 0.9003683050519573, "Washington": 0.9454227689622358, "West Virginia": 0.8553872066473487, "Wisconsin": 0.9253167585582882, "Wyoming": 0.607583920219034}