{"Alabama": 0.9362082525063614, "Alaska": 0.7836048080249567, "Arizona": 0.9321118724429821, "Arkansas": 0.9017663825978001, "California": 0.9482193166672176, "Colorado": 0.9037639600448666, "Connecticut": 0.9629112134204878, "Delaware": 0.934375890728307, "Florida": 0.9110430033245526, "Georgia": 0.967415158157917, "Hawaii": 0.7922565105403514, "Idaho": 0.9121327535386919, "Indiana": 0.914350892700287, "Iowa": 0.9007776382955511, "Kansas": 0.9424330785592839, "Kentucky": 0.9312309093115297, "Louisiana": 0.911717876169028, "Maine": 0.9172931207161839, "Maryland": 0.9108004447120477, "Massachusetts": 0.939920926022741, "Michigan": 0.9726886257761369, "Minnesota": 0.9690427631696602, "Mississippi": 0.9013282246794447, "Missouri": 0.9666527101744272, "Montana": 0.8150140209565853, "Nebraska": 0.9343516652896655, "Nevada": 0.6237991925850549, "New Hampshire": 0.9427553022110533, "New Jersey": 0.9685565010346532, "New Mexico": 0.8639601705562284, "New York": 0.9314345931425431, "North Carolina": 0.9661684096022269, "North Dakota": 0.7974878511210597, "Ohio": 0.97280023516617, "Oklahoma": 0.8587101655192555, "Oregon": 0.9512532798942769, "Pennsylvania": 0.9683319545909441, "Rhode Island": 0.9420273976195328, "South Carolina": 0.9225256080852026, "South Dakota": 0.8616929651613582, "Tennessee": 0.9647889350925037, "Texas": 0.9467128566704456, "Utah": 0.9542143813616026, "Vermont": 0.9060966163458651, "Virginia": 0.8961741376277272, "Washington": 0.9509059348261548, "West Virginia": 0.8471680877268263, "Wisconsin": 0.9158456266786209, "Wyoming": 0.5660484623595176}