{"Alabama": 0.9351388912727778, "Alaska": 0.7769852530364654, "Arizona": 0.9409847277908404, "Arkansas": 0.9159867249589628, "California": 0.9415629721091476, "Colorado": 0.9138279439793371, "Connecticut": 0.9499060353525705, "Delaware": 0.9338401564225887, "Florida": 0.9372067051737791, "Georgia": 0.9590715426777321, "Hawaii": 0.8231368252572385, "Idaho": 0.9413778029928737, "Indiana": 0.8993982122655194, "Iowa": 0.9292212895095259, "Kansas": 0.9642956086346312, "Kentucky": 0.9470672086208382, "Louisiana": 0.908926184168311, "Maine": 0.9133153410832408, "Maryland": 0.92958977797016, "Massachusetts": 0.93866337748481, "Michigan": 0.956599446466942, "Minnesota": 0.9719469322003724, "Mississippi": 0.9054176798122076, "Missouri": 0.9744594019163682, "Montana": 0.8767706784128916, "Nebraska": 0.9568105216525843, "Nevada": 0.6479450877648553, "New Hampshire": 0.9248647406819573, "New Jersey": 0.9698011682337909, "New Mexico": 0.8937920507458488, "New York": 0.9465293688217995, "North Carolina": 0.9598463692564742, "North Dakota": 0.8567074456290358, "Ohio": 0.9657834727129226, "Oklahoma": 0.8847209846301404, "Oregon": 0.9531853928222295, "Pennsylvania": 0.9637757940108646, "Rhode Island": 0.9377524548536308, "South Carolina": 0.9125341704643106, "South Dakota": 0.9160021390745131, "Tennessee": 0.9634557008395024, "Texas": 0.9474947958996833, "Utah": 0.9488032475200608, "Vermont": 0.8979143142497679, "Virginia": 0.9025003703960467, "Washington": 0.9444850120443435, "West Virginia": 0.8497354802610575, "Wisconsin": 0.9224504730745963, "Wyoming": 0.5988420596707509}