{"Alabama": 0.9383514810725917, "Alaska": 0.7879184892451128, "Arizona": 0.9319357197335049, "Arkansas": 0.9083985567395878, "California": 0.9459938529931187, "Colorado": 0.9051995447757798, "Connecticut": 0.9600194974557487, "Delaware": 0.9311449810175906, "Florida": 0.9101127024269267, "Georgia": 0.9679820860320368, "Hawaii": 0.786199239393663, "Idaho": 0.9113555830211005, "Indiana": 0.9111384484146134, "Iowa": 0.8989049133948884, "Kansas": 0.9456272028903633, "Kentucky": 0.9319944582060242, "Louisiana": 0.9129888784076498, "Maine": 0.9160351418470305, "Maryland": 0.9079316272896399, "Massachusetts": 0.936915479391507, "Michigan": 0.9702744625601192, "Minnesota": 0.9703548880558908, "Mississippi": 0.905894459953542, "Missouri": 0.9672645422468138, "Montana": 0.8128150664142031, "Nebraska": 0.9335147525541726, "Nevada": 0.6263820668547345, "New Hampshire": 0.9400166493695115, "New Jersey": 0.9655271610055043, "New Mexico": 0.8598408888605239, "New York": 0.9304387920307094, "North Carolina": 0.9655624574631031, "North Dakota": 0.7750644087841063, "Ohio": 0.971396129155958, "Oklahoma": 0.8683104416870865, "Oregon": 0.9505399378155028, "Pennsylvania": 0.9675031509117462, "Rhode Island": 0.9407667426251832, "South Carolina": 0.9232324563034974, "South Dakota": 0.8590878569303056, "Tennessee": 0.9643491422434283, "Texas": 0.9481564889793029, "Utah": 0.9554533657297642, "Vermont": 0.9034031381178891, "Virginia": 0.8979515949445894, "Washington": 0.9505727163197871, "West Virginia": 0.8421229433942684, "Wisconsin": 0.9121951147905262, "Wyoming": 0.5580692463768228}