{"Alabama": 0.9370783629756054, "Alaska": 0.7722659137099803, "Arizona": 0.9330741697235841, "Arkansas": 0.9080816211811628, "California": 0.9528891662242692, "Colorado": 0.9016478600754755, "Connecticut": 0.9587357988177198, "Delaware": 0.9266456820062663, "Florida": 0.9052988475989379, "Georgia": 0.9692552807855945, "Hawaii": 0.7809271023711676, "Idaho": 0.9081464195598066, "Indiana": 0.905421345126386, "Iowa": 0.8973943267455844, "Kansas": 0.9406644043022095, "Kentucky": 0.9302434758330004, "Louisiana": 0.9047247657686652, "Maine": 0.9228281614288004, "Maryland": 0.9023000005925861, "Massachusetts": 0.9282290771726046, "Michigan": 0.9691044085052248, "Minnesota": 0.9668146820492223, "Mississippi": 0.9034092800206012, "Missouri": 0.9661381017151993, "Montana": 0.8029075547027826, "Nebraska": 0.9353310758227243, "Nevada": 0.631535952161731, "New Hampshire": 0.9362508133249606, "New Jersey": 0.962706733938498, "New Mexico": 0.8479435394423919, "New York": 0.9274775294856561, "North Carolina": 0.9647206128958631, "North Dakota": 0.7268791267188593, "Ohio": 0.9679874719716393, "Oklahoma": 0.8300337643632243, "Oregon": 0.9511524917266968, "Pennsylvania": 0.9647998955011994, "Rhode Island": 0.9399999941694536, "South Carolina": 0.9220511580906958, "South Dakota": 0.8503030731206637, "Tennessee": 0.9638968684634057, "Texas": 0.9371135465102753, "Utah": 0.9508831527099578, "Vermont": 0.9007168014908219, "Virginia": 0.8978206700255225, "Washington": 0.9488257463574333, "West Virginia": 0.8278661325385144, "Wisconsin": 0.9086859160553378, "Wyoming": 0.5254107445550088}