{"Alabama": 0.933081748726794, "Alaska": 0.7598125084538445, "Arizona": 0.9421076556817515, "Arkansas": 0.9105682664312233, "California": 0.9509663884495189, "Colorado": 0.9098019790736593, "Connecticut": 0.9495488560580376, "Delaware": 0.9288333182215065, "Florida": 0.9328857321167213, "Georgia": 0.9605199338267397, "Hawaii": 0.8160633832198323, "Idaho": 0.9358664593035634, "Indiana": 0.8927198564034242, "Iowa": 0.9248002989100693, "Kansas": 0.9565156461489907, "Kentucky": 0.9445481836498069, "Louisiana": 0.8994094673075191, "Maine": 0.921735701633795, "Maryland": 0.92575296955444, "Massachusetts": 0.9311719536045626, "Michigan": 0.9546479718140081, "Minnesota": 0.9680116577797687, "Mississippi": 0.9010101800817802, "Missouri": 0.9730395479725489, "Montana": 0.8663975134038963, "Nebraska": 0.955229532135829, "Nevada": 0.6529947612379732, "New Hampshire": 0.9228328889828744, "New Jersey": 0.968012261977208, "New Mexico": 0.8831933997467661, "New York": 0.9438343843424899, "North Carolina": 0.9586303150635642, "North Dakota": 0.7997538164954249, "Ohio": 0.9624850730873379, "Oklahoma": 0.8416606930228969, "Oregon": 0.9515065166148907, "Pennsylvania": 0.9610201390755285, "Rhode Island": 0.9378318377706614, "South Carolina": 0.9109033030840795, "South Dakota": 0.9093640718891792, "Tennessee": 0.9625137723367108, "Texas": 0.9352423501951318, "Utah": 0.943670494954206, "Vermont": 0.8952964671692955, "Virginia": 0.9029451003171102, "Washington": 0.9447063046372762, "West Virginia": 0.8353943432339417, "Wisconsin": 0.9174856700005704, "Wyoming": 0.5662608616741843}