{"Alabama": 0.9310908684965983, "Alaska": 0.7657494550957789, "Arizona": 0.9417979822866591, "Arkansas": 0.9129024114854635, "California": 0.952720386853893, "Colorado": 0.9038860056074868, "Connecticut": 0.9485552840189202, "Delaware": 0.9295949513286388, "Florida": 0.9306619386256604, "Georgia": 0.9614789386167153, "Hawaii": 0.817132967322556, "Idaho": 0.9334647991262313, "Indiana": 0.8879806080555802, "Iowa": 0.9182495699854337, "Kansas": 0.9541949667204174, "Kentucky": 0.9442661070058099, "Louisiana": 0.8979527817206568, "Maine": 0.9076116750241074, "Maryland": 0.925813368247651, "Massachusetts": 0.9301194170737901, "Michigan": 0.951022835584678, "Minnesota": 0.9644824042019493, "Mississippi": 0.8952121851249614, "Missouri": 0.9718048658570572, "Montana": 0.8608030230660316, "Nebraska": 0.9515858216567483, "Nevada": 0.661941389321769, "New Hampshire": 0.9226916743033909, "New Jersey": 0.9683425995534294, "New Mexico": 0.8778541700970561, "New York": 0.9434925504576087, "North Carolina": 0.9577344673502238, "North Dakota": 0.7847492915091684, "Ohio": 0.9594202907196175, "Oklahoma": 0.8286956559568592, "Oregon": 0.9480507226065388, "Pennsylvania": 0.9609484395695024, "Rhode Island": 0.9377379377638135, "South Carolina": 0.9101158262247387, "South Dakota": 0.9053730563510474, "Tennessee": 0.9612882310397739, "Texas": 0.9303588153885536, "Utah": 0.9422004537869757, "Vermont": 0.8931887124907165, "Virginia": 0.909452304476283, "Washington": 0.9421950981746579, "West Virginia": 0.8377689181513455, "Wisconsin": 0.9129445935675086, "Wyoming": 0.5809716418200089}