{"Alabama": 0.9344916085734969, "Alaska": 0.7717156895629129, "Arizona": 0.9335986569492618, "Arkansas": 0.9073488420301403, "California": 0.9553775727873451, "Colorado": 0.8971684610889905, "Connecticut": 0.9564523005299063, "Delaware": 0.9232602960377261, "Florida": 0.906258836562278, "Georgia": 0.9694068788952018, "Hawaii": 0.786383224695469, "Idaho": 0.9066896245866886, "Indiana": 0.8952223361203827, "Iowa": 0.8876723378436042, "Kansas": 0.9372603236888968, "Kentucky": 0.9275814620308007, "Louisiana": 0.9029516801846238, "Maine": 0.9090953659537443, "Maryland": 0.9034672036298274, "Massachusetts": 0.9250895009123705, "Michigan": 0.9630790126310658, "Minnesota": 0.9607038940914654, "Mississippi": 0.8955740430425824, "Missouri": 0.9655218206651027, "Montana": 0.8012935888580662, "Nebraska": 0.9304660041181321, "Nevada": 0.6428249527643438, "New Hampshire": 0.9388223931165661, "New Jersey": 0.9634458997516481, "New Mexico": 0.8402418856625161, "New York": 0.9260788873736077, "North Carolina": 0.9636154904596604, "North Dakota": 0.697062574219481, "Ohio": 0.9632969816978032, "Oklahoma": 0.8121456346937532, "Oregon": 0.9471921967325049, "Pennsylvania": 0.963583549187303, "Rhode Island": 0.9408265726348174, "South Carolina": 0.9218422087872882, "South Dakota": 0.8457385698386924, "Tennessee": 0.9630017923198552, "Texas": 0.9309266104529595, "Utah": 0.9474215671850217, "Vermont": 0.8949594714853617, "Virginia": 0.9112305171129986, "Washington": 0.945832787144962, "West Virginia": 0.8338749280299208, "Wisconsin": 0.8974515964141438, "Wyoming": 0.5300209765321217}