{"Alabama": 0.9301841595537237, "Alaska": 0.7560850247255771, "Arizona": 0.942377889610068, "Arkansas": 0.913113236196148, "California": 0.9542671981690148, "Colorado": 0.9039032782585447, "Connecticut": 0.9479042390600237, "Delaware": 0.9261292188023984, "Florida": 0.9316846957357344, "Georgia": 0.9620577860482742, "Hawaii": 0.8194236313776104, "Idaho": 0.9335386412091049, "Indiana": 0.8831120240130252, "Iowa": 0.9137589489044762, "Kansas": 0.9532154064464738, "Kentucky": 0.9423035968373911, "Louisiana": 0.8972546545639603, "Maine": 0.9065218737879276, "Maryland": 0.9272317363224264, "Massachusetts": 0.9280825966390863, "Michigan": 0.9471342879306895, "Minnesota": 0.9608734820781272, "Mississippi": 0.8950523080347126, "Missouri": 0.9716750136595342, "Montana": 0.8598301249225246, "Nebraska": 0.9502591356585037, "Nevada": 0.6623340528851698, "New Hampshire": 0.9259112278670574, "New Jersey": 0.9687304220374925, "New Mexico": 0.8751944463961542, "New York": 0.9420363464011055, "North Carolina": 0.9583061819760801, "North Dakota": 0.7644492211371985, "Ohio": 0.9570584023816645, "Oklahoma": 0.8201425533829187, "Oregon": 0.9467546714415512, "Pennsylvania": 0.959647397801241, "Rhode Island": 0.9376085953787253, "South Carolina": 0.9115349098345257, "South Dakota": 0.900313594201575, "Tennessee": 0.9615523714369478, "Texas": 0.9281920088701867, "Utah": 0.9400800716268495, "Vermont": 0.8909834868276677, "Virginia": 0.9170119554903129, "Washington": 0.9409121569477704, "West Virginia": 0.8425355775944592, "Wisconsin": 0.9074803274968056, "Wyoming": 0.5669803475424979}