{"Alabama": 0.9537542033120121, "Alaska": 0.7131126868508625, "Arizona": 0.9103105118756365, "Arkansas": 0.9439924726878152, "California": 0.927117529417924, "Colorado": 0.8781972681715884, "Connecticut": 0.9304979280207163, "Delaware": 0.8745410516123977, "Florida": 0.8691312283572751, "Georgia": 0.9249915388934753, "Hawaii": 0.7307853261095464, "Idaho": 0.9493026922790254, "Illinois": 0.9631160637529625, "Indiana": 0.929843353990724, "Iowa": 0.9878864758017365, "Kentucky": 0.9844970764525877, "Louisiana": 0.9241674207757284, "Maine": 0.9431127775352655, "Maryland": 0.8748147444455, "Massachusetts": 0.901769679597985, "Michigan": 0.9353946542449584, "Minnesota": 0.9878585850001829, "Mississippi": 0.9421755595349003, "Missouri": 0.9863705358428448, "Montana": 0.8845506065287336, "Nebraska": 0.9654574465525813, "Nevada": 0.5410341671429629, "New Hampshire": 0.9687872017075794, "New Jersey": 0.8936010617933582, "New Mexico": 0.8980835469948024, "New York": 0.8652763126726991, "North Carolina": 0.9129460585624828, "North Dakota": 0.9154485299055095, "Ohio": 0.9735659801392309, "Oklahoma": 0.9677324643973475, "Oregon": 0.9755826891018617, "Pennsylvania": 0.9745458547570188, "Rhode Island": 0.9253489370468828, "South Carolina": 0.8904813125364461, "South Dakota": 0.9604961363464037, "Tennessee": 0.9688509285657803, "Texas": 0.9635074202914349, "Utah": 0.9515375836681159, "Vermont": 0.9512807853153854, "Virginia": 0.9114159217020436, "Washington": 0.9746120011590964, "West Virginia": 0.9488240828291568, "Wisconsin": 0.9567833877944415, "Wyoming": 0.7484179754912503}