{"Alabama": 0.9570798340014243, "Alaska": 0.732786451356748, "Arizona": 0.9027560661383898, "Arkansas": 0.9436111597405066, "California": 0.9215778249363832, "Colorado": 0.8695200832356674, "Connecticut": 0.9311289616302769, "Delaware": 0.8794399856368262, "Florida": 0.85369371761626, "Georgia": 0.927053138903657, "Hawaii": 0.7307085909844142, "Idaho": 0.952457167898593, "Illinois": 0.9633123948157137, "Indiana": 0.9224465129001517, "Iowa": 0.9867077867132505, "Kentucky": 0.9824427121565211, "Louisiana": 0.9285405688232036, "Maine": 0.946078096677353, "Maryland": 0.8744038700344908, "Massachusetts": 0.9008252766072589, "Michigan": 0.930653686080708, "Minnesota": 0.9874512684918667, "Mississippi": 0.9358688785028922, "Missouri": 0.9858659885088161, "Montana": 0.8896473223091326, "Nebraska": 0.9661143825699102, "Nevada": 0.526833016686089, "New Hampshire": 0.967748757290294, "New Jersey": 0.8944948766637896, "New Mexico": 0.8983473298266644, "New York": 0.8676135048942608, "North Carolina": 0.9269102218698144, "North Dakota": 0.9177639110028079, "Ohio": 0.9718986848844379, "Oklahoma": 0.9664798003201979, "Oregon": 0.9765192927833473, "Pennsylvania": 0.9750466177897213, "Rhode Island": 0.9279336819550059, "South Carolina": 0.895494142489369, "South Dakota": 0.9581501006539298, "Tennessee": 0.9640705777232069, "Texas": 0.9597395142864547, "Utah": 0.9494478517523529, "Vermont": 0.9466335019506503, "Virginia": 0.9042285469682458, "Washington": 0.9738753525484296, "West Virginia": 0.9529639324278855, "Wisconsin": 0.9559094052076511, "Wyoming": 0.7508107182345127}