{"Alabama": 0.9585511719928177, "Alaska": 0.7427153027957377, "Arizona": 0.8960463520687015, "Arkansas": 0.9452605332345292, "California": 0.9226511402531331, "Colorado": 0.8614349759321754, "Connecticut": 0.9299519852434399, "Delaware": 0.8744938931841425, "Florida": 0.8443845966375593, "Georgia": 0.9298652671517064, "Hawaii": 0.7335134415798489, "Idaho": 0.9531253190743311, "Illinois": 0.9631957283234673, "Indiana": 0.9205673226058753, "Iowa": 0.98646821755101, "Kentucky": 0.9805576347902442, "Louisiana": 0.9258729373779995, "Maine": 0.9477783745808402, "Maryland": 0.8738372236084189, "Massachusetts": 0.8957447267468219, "Michigan": 0.9291588670668837, "Minnesota": 0.9866879015719993, "Mississippi": 0.9397863860966655, "Missouri": 0.9855066814749797, "Montana": 0.890202909222299, "Nebraska": 0.9684647238794744, "Nevada": 0.5349683832818999, "New Hampshire": 0.9648630318737661, "New Jersey": 0.8988833922939126, "New Mexico": 0.896319001224583, "New York": 0.8692586620087939, "North Carolina": 0.9359662378288904, "North Dakota": 0.9239333165027726, "Ohio": 0.9716907032838957, "Oklahoma": 0.9683476022126281, "Oregon": 0.9755686610237012, "Pennsylvania": 0.9752997542023227, "Rhode Island": 0.9317765953708741, "South Carolina": 0.903882759369724, "South Dakota": 0.9579527574659344, "Tennessee": 0.9633309123995369, "Texas": 0.9568524243568854, "Utah": 0.9477539259335852, "Vermont": 0.9428593710393711, "Virginia": 0.8957042331663313, "Washington": 0.9708020255960536, "West Virginia": 0.9538318664278967, "Wisconsin": 0.956406307724962, "Wyoming": 0.7455971303666232}