{"Alabama": 0.8691313046184727, "Alaska": 0.7220237148331209, "Arizona": 0.892469495095257, "Arkansas": 0.9414948681725404, "California": 0.9225531411295766, "Colorado": 0.8616590806852207, "Connecticut": 0.9298809500436576, "Delaware": 0.8473287851888495, "Florida": 0.8610882714360655, "Georgia": 0.9280265423225246, "Hawaii": 0.6990095392930883, "Idaho": 0.9490922791781634, "Illinois": 0.960721573679315, "Indiana": 0.9311192535747859, "Iowa": 0.9822840760771929, "Kentucky": 0.9797124489246475, "Louisiana": 0.9235233752939748, "Maine": 0.9468473673675768, "Maryland": 0.8709042044212163, "Massachusetts": 0.8928175133446238, "Michigan": 0.9404731647463573, "Minnesota": 0.9852284678549026, "Mississippi": 0.9463185584384469, "Missouri": 0.9804222562848435, "Montana": 0.8896417621084701, "Nebraska": 0.9590542824628024, "Nevada": 0.5548096552955105, "New Hampshire": 0.9628863030742595, "New Jersey": 0.8976409248964314, "New Mexico": 0.8927773627968941, "New York": 0.8729287302573803, "North Carolina": 0.9227002047071976, "North Dakota": 0.9315073805068107, "Ohio": 0.97612279179763, "Oklahoma": 0.9621840760948162, "Oregon": 0.9734436133503083, "Pennsylvania": 0.9724815631694074, "Rhode Island": 0.9186677515087247, "South Carolina": 0.9097360233928379, "South Dakota": 0.9538549576943355, "Tennessee": 0.9631210791183638, "Texas": 0.952958715511375, "Utah": 0.9444865369235381, "Vermont": 0.9440512694464981, "Virginia": 0.8914495610893997, "Washington": 0.9688259536859849, "West Virginia": 0.9462707385819155, "Wisconsin": 0.9613327888017019, "Wyoming": 0.6713893055080229}