{"Alabama": 0.964717290944926, "Alaska": 0.7236070661272418, "Arizona": 0.8963113490595044, "Arkansas": 0.9443600679162031, "California": 0.924813526237136, "Colorado": 0.8717048928365492, "Connecticut": 0.9303528670891996, "Delaware": 0.8651649227385569, "Florida": 0.8716521552973331, "Georgia": 0.9369810942320644, "Hawaii": 0.7209110420932695, "Idaho": 0.9526522737910565, "Illinois": 0.9657910297396836, "Indiana": 0.9255670261307423, "Iowa": 0.9829450072085674, "Kentucky": 0.9815804465788034, "Louisiana": 0.9335888024623498, "Maine": 0.9495577062089996, "Maryland": 0.8783486719446576, "Massachusetts": 0.8965952137326969, "Michigan": 0.9402228991138288, "Minnesota": 0.9854891163671298, "Mississippi": 0.9453572518991797, "Missouri": 0.9825893169534917, "Montana": 0.8976279954913807, "Nebraska": 0.9648761958706464, "Nevada": 0.5794635084308846, "New Hampshire": 0.9600049292006463, "New Jersey": 0.909633468402099, "New Mexico": 0.9043737542225408, "New York": 0.8824490357625796, "North Carolina": 0.9530344322744323, "North Dakota": 0.9431578559490246, "Ohio": 0.9774351913156966, "Oklahoma": 0.9641751087529314, "Oregon": 0.9727552485917038, "Pennsylvania": 0.9729270778901086, "Rhode Island": 0.8635057650206166, "South Carolina": 0.9221506844208304, "South Dakota": 0.9555833490049979, "Tennessee": 0.9652423247797554, "Texas": 0.956493264478934, "Utah": 0.9449497602307146, "Vermont": 0.8610217124169799, "Virginia": 0.8968215052368763, "Washington": 0.9672006303557796, "West Virginia": 0.949112998683588, "Wisconsin": 0.9640897733523028, "Wyoming": 0.6072037922931234}