{"Alabama": 0.966923794942251, "Alaska": 0.8177328400848204, "Arizona": 0.8987355324472556, "Arkansas": 0.9486636153064207, "California": 0.9208167238970141, "Colorado": 0.8777313114296496, "Connecticut": 0.9285616982120567, "Delaware": 0.8799141588134138, "Florida": 0.8664158855710657, "Georgia": 0.9392040892605844, "Hawaii": 0.7368188257169337, "Idaho": 0.9532450826835757, "Illinois": 0.9658435578203359, "Indiana": 0.9224697736143297, "Iowa": 0.9823410097367027, "Kentucky": 0.9829044173903566, "Louisiana": 0.9418109198223978, "Maine": 0.9537252682753609, "Maryland": 0.8806675491580764, "Massachusetts": 0.8953092886866716, "Michigan": 0.9408287986162588, "Minnesota": 0.9833838582241033, "Mississippi": 0.9485545151534304, "Missouri": 0.9830166558198743, "Montana": 0.903828706824322, "Nebraska": 0.9653106546876922, "Nevada": 0.5992092299824522, "New Hampshire": 0.9580973934930476, "New Jersey": 0.9166314693471784, "New Mexico": 0.9095626228581959, "New York": 0.8849965067776664, "North Carolina": 0.9576485202593455, "North Dakota": 0.9500623871049315, "Ohio": 0.9760058276368101, "Oklahoma": 0.9620243420569105, "Oregon": 0.9722574759258774, "Pennsylvania": 0.9720957714217265, "Rhode Island": 0.9397347851663799, "South Carolina": 0.9244888652142217, "South Dakota": 0.9601195786109689, "Tennessee": 0.9693148936419526, "Texas": 0.9584593452006059, "Utah": 0.9501090797865072, "Vermont": 0.9409941664820033, "Virginia": 0.8927698513172337, "Washington": 0.9655839977029548, "West Virginia": 0.9524881614683084, "Wisconsin": 0.9644191682718889, "Wyoming": 0.704061983915757}