{"Alabama": 0.9667698342843984, "Alaska": 0.7639714356933054, "Arizona": 0.8521762595747939, "Arkansas": 0.9602467582173921, "California": 0.9076256001127588, "Colorado": 0.838020597320411, "Connecticut": 0.9161777291952036, "Delaware": 0.8625321107379299, "Florida": 0.8010927582408603, "Georgia": 0.9367171299596205, "Hawaii": 0.7004467589506909, "Idaho": 0.9459811574246865, "Illinois": 0.9487813445158595, "Indiana": 0.9437820605578756, "Iowa": 0.9826400504957223, "Kentucky": 0.9859672284816892, "Louisiana": 0.9179345351108389, "Maine": 0.9307515595078061, "Maryland": 0.8184266393865669, "Massachusetts": 0.8647586682931097, "Michigan": 0.9652297629385763, "Minnesota": 0.9813031056764409, "Mississippi": 0.9590911893015346, "Missouri": 0.9818728186934277, "Montana": 0.8428586270592252, "Nebraska": 0.973571111958739, "Nevada": 0.543653997148906, "New Hampshire": 0.9406459169461898, "New Jersey": 0.8900214868694684, "New Mexico": 0.8534324942324741, "New York": 0.842002319443908, "North Carolina": 0.9608125021018303, "North Dakota": 0.8998425234397707, "Ohio": 0.9729015681105374, "Oklahoma": 0.9561489465679561, "Oregon": 0.9816380010799517, "Pennsylvania": 0.9556493065249397, "Rhode Island": 0.9152485396350474, "South Carolina": 0.9340148693115288, "South Dakota": 0.9372278626472502, "Tennessee": 0.9702346947717284, "Texas": 0.9410931688600694, "Utah": 0.9316951878664107, "Vermont": 0.9370185589476043, "Virginia": 0.86543404338083, "Washington": 0.9524093988193529, "West Virginia": 0.9318766846628195, "Wisconsin": 0.9674309839172726, "Wyoming": 0.6953663177594284}