{"Alabama": 0.9679220521987552, "Alaska": 0.8156166490692134, "Arizona": 0.8931786991020723, "Arkansas": 0.9529000716792907, "California": 0.9204107928166327, "Colorado": 0.8736777684428061, "Connecticut": 0.9335560993687947, "Delaware": 0.8811665421708335, "Florida": 0.8653712304535703, "Georgia": 0.9356692633500352, "Hawaii": 0.7714845704421285, "Idaho": 0.9485836808473075, "Illinois": 0.9658355994954424, "Indiana": 0.9257643518658925, "Iowa": 0.9803283215076177, "Kentucky": 0.9830898629740794, "Louisiana": 0.9412643594494098, "Maine": 0.9485574041993707, "Maryland": 0.8758899251771046, "Massachusetts": 0.8950745601510622, "Michigan": 0.9507178727842831, "Minnesota": 0.983713580338625, "Mississippi": 0.9492524732753591, "Missouri": 0.9832067815327984, "Montana": 0.8986277610159654, "Nebraska": 0.962338650021731, "Nevada": 0.6041287511768418, "New Hampshire": 0.9555438402375773, "New Jersey": 0.9156547514343657, "New Mexico": 0.9066968432227789, "New York": 0.8837711507334323, "North Carolina": 0.9641738799929522, "North Dakota": 0.9504750738219109, "Ohio": 0.9799759086028568, "Oklahoma": 0.9605480059518938, "Oregon": 0.973606564263889, "Pennsylvania": 0.9715111175257265, "Rhode Island": 0.8072092431559011, "South Carolina": 0.9274265446957276, "South Dakota": 0.9593567002420073, "Tennessee": 0.9693807218744847, "Texas": 0.9560342654833277, "Utah": 0.9463867918144581, "Vermont": 0.9394005652005443, "Virginia": 0.8836995579303742, "Washington": 0.9628577960180111, "West Virginia": 0.9475970799210998, "Wisconsin": 0.9679228067174805, "Wyoming": 0.6861474364987178}