{"Alabama": 0.9680358705533724, "Alaska": 0.758978972905417, "Arizona": 0.8361991991453976, "Arkansas": 0.9658597522153318, "California": 0.8975542474150535, "Colorado": 0.826498302951973, "Connecticut": 0.915182272270561, "Delaware": 0.7963410930440077, "Florida": 0.7904606002680749, "Georgia": 0.9321086116731292, "Hawaii": 0.6964207560589971, "Idaho": 0.9312281013319096, "Illinois": 0.94885940157322, "Indiana": 0.9496394987222128, "Iowa": 0.9810055299774874, "Kentucky": 0.9877977592194432, "Louisiana": 0.9153652828189336, "Maine": 0.9216695578802908, "Maryland": 0.8079620119006176, "Massachusetts": 0.8577058720777877, "Michigan": 0.9695549300137662, "Minnesota": 0.9810019012710584, "Mississippi": 0.9629255714652992, "Missouri": 0.978136321439138, "Montana": 0.830866840190041, "Nebraska": 0.9696873276521398, "Nevada": 0.5383830551147512, "New Hampshire": 0.9370932667232256, "New Jersey": 0.8847837743722514, "New Mexico": 0.8459126264816945, "New York": 0.8337621102287368, "North Carolina": 0.9629758409118119, "North Dakota": 0.9003017146479216, "Ohio": 0.9745939561352359, "Oklahoma": 0.9541246673500844, "Oregon": 0.9809548751381522, "Pennsylvania": 0.9506443334413436, "Rhode Island": 0.9109239540052994, "South Carolina": 0.9346906013776428, "South Dakota": 0.9334924545760909, "Tennessee": 0.9733211197893249, "Texas": 0.9364332469922071, "Utah": 0.9212080610320447, "Vermont": 0.9317642201614607, "Virginia": 0.8524733161848408, "Washington": 0.9479911071282733, "West Virginia": 0.9230432371661389, "Wisconsin": 0.9709028195345392, "Wyoming": 0.6687987030642358}