{"Alabama": 0.9694928484768893, "Alaska": 0.8082755766704617, "Arizona": 0.8815735585081197, "Arkansas": 0.9565465209570805, "California": 0.913704740050682, "Colorado": 0.8650939543080548, "Connecticut": 0.9350174636026976, "Delaware": 0.8035784843870036, "Florida": 0.8580738639724698, "Georgia": 0.9300244104181644, "Hawaii": 0.7701181092391202, "Idaho": 0.9350063755506521, "Illinois": 0.9654914040800383, "Indiana": 0.9337975309875309, "Iowa": 0.9784589740241175, "Kentucky": 0.9848364052400411, "Louisiana": 0.9376131087969687, "Maine": 0.9407511600780372, "Maryland": 0.8677640253640647, "Massachusetts": 0.8892144072036736, "Michigan": 0.9608819780679446, "Minnesota": 0.9836196424471176, "Mississippi": 0.9537523345532315, "Missouri": 0.9801691461499288, "Montana": 0.8881699141198383, "Nebraska": 0.9581302242867386, "Nevada": 0.5997673881610266, "New Hampshire": 0.9532803415102246, "New Jersey": 0.9105822370665342, "New Mexico": 0.9008577572608331, "New York": 0.877604694407502, "North Carolina": 0.9666358626084728, "North Dakota": 0.9508331311919394, "Ohio": 0.9826770792292752, "Oklahoma": 0.959672046484366, "Oregon": 0.9746127305806777, "Pennsylvania": 0.966652828015284, "Rhode Island": 0.9349382238773389, "South Carolina": 0.9294887201630004, "South Dakota": 0.9559561056291473, "Tennessee": 0.9734053314824708, "Texas": 0.9526398049853251, "Utah": 0.9365392366223512, "Vermont": 0.9362568856651249, "Virginia": 0.8741036474660615, "Washington": 0.9591688121288574, "West Virginia": 0.9413074046806976, "Wisconsin": 0.9708009935175856, "Wyoming": 0.7166934933147369}