{"Alabama": 0.968986453270698, "Alaska": 0.8007939617298863, "Arizona": 0.8768555024152016, "Arkansas": 0.9586752469294001, "California": 0.907240546400111, "Colorado": 0.8609171229586633, "Connecticut": 0.9339221738330646, "Delaware": 0.8788685579321374, "Florida": 0.8613983960841308, "Georgia": 0.925431387995004, "Hawaii": 0.7680916559228164, "Idaho": 0.9236074246566354, "Illinois": 0.9634072973922362, "Indiana": 0.9393893410792451, "Iowa": 0.9765497329240269, "Kentucky": 0.9864051134295422, "Louisiana": 0.9308996620368921, "Maine": 0.9367269899769944, "Maryland": 0.8624825697368825, "Massachusetts": 0.8856231697886083, "Michigan": 0.9667700298898502, "Minnesota": 0.9805539011202801, "Mississippi": 0.9570648283959525, "Missouri": 0.9777272802269276, "Montana": 0.8844090545025413, "Nebraska": 0.9570822707157401, "Nevada": 0.6051431382216773, "New Hampshire": 0.9549031434041483, "New Jersey": 0.9058314678605727, "New Mexico": 0.8931660129093839, "New York": 0.8714651812625508, "North Carolina": 0.9657723403161736, "North Dakota": 0.9478179489856512, "Ohio": 0.9829479473761397, "Oklahoma": 0.9556819910486481, "Oregon": 0.9731401084650824, "Pennsylvania": 0.9618023958831862, "Rhode Island": 0.9274831268926624, "South Carolina": 0.9270088387749036, "South Dakota": 0.9542209319613048, "Tennessee": 0.9749441356812419, "Texas": 0.9495709223793749, "Utah": 0.9240270530976739, "Vermont": 0.9326221275301718, "Virginia": 0.8677061672183963, "Washington": 0.9562398656200867, "West Virginia": 0.9360550314173928, "Wisconsin": 0.9715292074668058, "Wyoming": 0.6812040497952568}