{"Alabama": 0.9684967451603618, "Alaska": 0.7604257361218282, "Arizona": 0.8306497416123451, "Arkansas": 0.968966141160208, "California": 0.8910311105537119, "Colorado": 0.8216196110363463, "Connecticut": 0.9143269629816444, "Delaware": 0.8584316891486058, "Florida": 0.7942266816538142, "Georgia": 0.9279898599153319, "Hawaii": 0.6945456438158238, "Idaho": 0.9202911001992792, "Illinois": 0.9482564761697745, "Indiana": 0.9539961052661253, "Iowa": 0.9797506263447031, "Kentucky": 0.9889796755370843, "Louisiana": 0.9098728850151079, "Maine": 0.9186797201698753, "Maryland": 0.802470737132838, "Massachusetts": 0.854987322117436, "Michigan": 0.9721360737903505, "Minnesota": 0.9782713518133379, "Mississippi": 0.9661026654114058, "Missouri": 0.9756373351954511, "Montana": 0.8277024326159035, "Nebraska": 0.9684894972891792, "Nevada": 0.5449987100249293, "New Hampshire": 0.9376934128840828, "New Jersey": 0.8809219559333842, "New Mexico": 0.8387420725062619, "New York": 0.8272711330989713, "North Carolina": 0.9634006205425641, "North Dakota": 0.8982917640402062, "Ohio": 0.9758981903468072, "Oklahoma": 0.9511014072047662, "Oregon": 0.9784345892737865, "Pennsylvania": 0.9476611384978257, "Rhode Island": 0.9041266351423292, "South Carolina": 0.9329526458815701, "South Dakota": 0.9344286974159731, "Tennessee": 0.9747221261719591, "Texas": 0.9329449950235068, "Utah": 0.9100542427906196, "Vermont": 0.9271106158325115, "Virginia": 0.8443847321927773, "Washington": 0.946916543007442, "West Virginia": 0.9171203631477601, "Wisconsin": 0.9721905898199923, "Wyoming": 0.6349136138939453}