{"Alabama": 0.9682413771098788, "Alaska": 0.7912457990533636, "Arizona": 0.884112536182569, "Arkansas": 0.960682211259563, "California": 0.9047392488516569, "Colorado": 0.8567226942239865, "Connecticut": 0.931784504754521, "Delaware": 0.8828022119416996, "Florida": 0.867833934838795, "Georgia": 0.9216029817186576, "Hawaii": 0.7626966493437121, "Idaho": 0.9243163378297403, "Illinois": 0.9630871445480651, "Indiana": 0.9476659493675679, "Iowa": 0.9760096656883316, "Kentucky": 0.9852746410814508, "Louisiana": 0.9288082087055081, "Maine": 0.9338250046397267, "Maryland": 0.8608861618672515, "Massachusetts": 0.8812067242561811, "Michigan": 0.9716226467185772, "Minnesota": 0.977484424110568, "Mississippi": 0.9565727807838648, "Missouri": 0.9747188394737499, "Montana": 0.8769561732764495, "Nebraska": 0.9518874316603271, "Nevada": 0.6077726173211554, "New Hampshire": 0.9557081965079495, "New Jersey": 0.8981801158466999, "New Mexico": 0.8868588604226658, "New York": 0.8698424435665952, "North Carolina": 0.9628106422286957, "North Dakota": 0.9430293994387561, "Ohio": 0.9846091655862395, "Oklahoma": 0.9508051924511652, "Oregon": 0.9720663878603926, "Pennsylvania": 0.9587056510114846, "Rhode Island": 0.9220853834877677, "South Carolina": 0.9252940016242186, "South Dakota": 0.9511249906094587, "Tennessee": 0.9735506027571061, "Texas": 0.9452129508220729, "Utah": 0.9139084736095185, "Vermont": 0.9317554877064065, "Virginia": 0.8616511417079024, "Washington": 0.9494463372353341, "West Virginia": 0.929608776088939, "Wisconsin": 0.972879223445139, "Wyoming": 0.6656501953273315}