{"Alabama": 0.9691114507259339, "Alaska": 0.7516307266245531, "Arizona": 0.8352764361441377, "Arkansas": 0.973442364135723, "California": 0.8876587058662861, "Colorado": 0.8149807098620894, "Connecticut": 0.9103754042745253, "Delaware": 0.8626856879388621, "Florida": 0.7982868677323782, "Georgia": 0.9223846116088407, "Hawaii": 0.689436722774717, "Idaho": 0.9199372233561597, "Illinois": 0.9479696023124284, "Indiana": 0.9591241925012404, "Iowa": 0.9790721388165684, "Kentucky": 0.987955020458534, "Louisiana": 0.9081871321635752, "Maine": 0.9166121484049551, "Maryland": 0.7981578948884811, "Massachusetts": 0.8494058329681575, "Michigan": 0.9741581188862739, "Minnesota": 0.9750364743044382, "Mississippi": 0.9647518303950524, "Missouri": 0.9721743841773156, "Montana": 0.8194172125426676, "Nebraska": 0.9636559265278978, "Nevada": 0.5465374470675544, "New Hampshire": 0.9382687754216054, "New Jersey": 0.8700531638276778, "New Mexico": 0.8313856156664113, "New York": 0.8223299273685797, "North Carolina": 0.9613833297603293, "North Dakota": 0.8891592607369314, "Ohio": 0.9766008096455817, "Oklahoma": 0.9453482700258472, "Oregon": 0.9744202421927868, "Pennsylvania": 0.9442455947262741, "Rhode Island": 0.8978932959508306, "South Carolina": 0.9293210143051879, "South Dakota": 0.9314319342239781, "Tennessee": 0.9724705674148991, "Texas": 0.9279542854487297, "Utah": 0.9002926599933642, "Vermont": 0.9262767622691026, "Virginia": 0.8350011839686847, "Washington": 0.940145032721905, "West Virginia": 0.9095647887122998, "Wisconsin": 0.9741523387059672, "Wyoming": 0.6173397463040318}