{"Alabama": 0.9668381661879887, "Alaska": 0.7819452730294151, "Arizona": 0.891998514801517, "Arkansas": 0.9580304648250765, "California": 0.8979626897173633, "Colorado": 0.8530427745309581, "Connecticut": 0.9258291511097138, "Delaware": 0.8773999340756623, "Florida": 0.8736506178713555, "Georgia": 0.9135127432035972, "Hawaii": 0.759873916463058, "Idaho": 0.930445464843109, "Illinois": 0.9590270857581775, "Indiana": 0.9553518739391303, "Iowa": 0.9716110425549966, "Kentucky": 0.9850067974730694, "Louisiana": 0.9220510838228367, "Maine": 0.9421767066591377, "Maryland": 0.8551616122740732, "Massachusetts": 0.8770897895974732, "Michigan": 0.9749602618341232, "Minnesota": 0.9718949959194725, "Mississippi": 0.9546662336631189, "Missouri": 0.9690257279795971, "Montana": 0.8757787537638684, "Nebraska": 0.9454966859888805, "Nevada": 0.6085077697190436, "New Hampshire": 0.9541041550889316, "New Jersey": 0.8901591470314111, "New Mexico": 0.8847073094450746, "New York": 0.8653723876278977, "North Carolina": 0.9600719477951659, "North Dakota": 0.9411484062482833, "Ohio": 0.9833176378339764, "Oklahoma": 0.9388176061121571, "Oregon": 0.9678615326906028, "Pennsylvania": 0.9545858328166114, "Rhode Island": 0.913658612516447, "South Carolina": 0.925308729051162, "South Dakota": 0.9489263861849251, "Tennessee": 0.969715390926377, "Texas": 0.9380576138307479, "Utah": 0.9186589306843188, "Vermont": 0.9306676869169184, "Virginia": 0.8510370502007577, "Washington": 0.9463108366799536, "West Virginia": 0.9201187741119078, "Wisconsin": 0.9722589171541512, "Wyoming": 0.6428696832811345}