{"Alabama": 0.9682680448348802, "Alaska": 0.7774397721439278, "Arizona": 0.8619022815988213, "Arkansas": 0.9745573735281116, "California": 0.8883774498715334, "Colorado": 0.8297982104731665, "Connecticut": 0.9034456867498935, "Delaware": 0.8656621446595087, "Florida": 0.8233364149498484, "Georgia": 0.9210263349712356, "Hawaii": 0.7239841888141108, "Idaho": 0.9411752117877551, "Illinois": 0.9456928525729226, "Indiana": 0.9674205042647892, "Iowa": 0.9745783798890816, "Kentucky": 0.98788371710442, "Louisiana": 0.91134407619099, "Maine": 0.9335357948260199, "Maryland": 0.8146454350921499, "Massachusetts": 0.8497767807226579, "Michigan": 0.97004778193799, "Minnesota": 0.9692917855705974, "Mississippi": 0.9645213968815954, "Missouri": 0.9707395275786049, "Montana": 0.8445235597711739, "Nebraska": 0.9633441537959462, "Nevada": 0.5721335448995054, "New Hampshire": 0.9389605706248974, "New Jersey": 0.8730851676380401, "New Mexico": 0.8484694288751531, "New York": 0.8324768221279579, "North Carolina": 0.9625891561947368, "North Dakota": 0.8942705645999024, "Ohio": 0.9739747504117421, "Oklahoma": 0.94106914908134, "Oregon": 0.968296050644369, "Pennsylvania": 0.941413416058922, "Rhode Island": 0.8887345434434938, "South Carolina": 0.9351833266367969, "South Dakota": 0.9298663990534934, "Tennessee": 0.9703888883881403, "Texas": 0.9306042090022345, "Utah": 0.9119608988730415, "Vermont": 0.9266802162654182, "Virginia": 0.8275528507414013, "Washington": 0.9477871591320435, "West Virginia": 0.9050800798817331, "Wisconsin": 0.97416869149517, "Wyoming": 0.6529644424450983}