{"Alabama": 0.9658254780258202, "Alaska": 0.8225534657389363, "Arizona": 0.9133434974479545, "Arkansas": 0.9619093008403082, "California": 0.8999528417633091, "Colorado": 0.8759083421008699, "Connecticut": 0.920671084902908, "Delaware": 0.8980437070996761, "Florida": 0.8929479188182088, "Georgia": 0.9254943746399888, "Hawaii": 0.795419127949064, "Idaho": 0.9534114023305437, "Illinois": 0.9595339540769404, "Indiana": 0.9533919980812983, "Iowa": 0.9678920628547338, "Kentucky": 0.9856753395009982, "Louisiana": 0.9400207281611458, "Maine": 0.9429707986507146, "Maryland": 0.8778264405726877, "Massachusetts": 0.8866035977032682, "Michigan": 0.972395552720799, "Minnesota": 0.9684726546967589, "Mississippi": 0.9592403397486992, "Missouri": 0.972846602299371, "Montana": 0.90494573070506, "Nebraska": 0.95356977372015, "Nevada": 0.6338408174404068, "New Hampshire": 0.9528131556651994, "New Jersey": 0.9110435930414721, "New Mexico": 0.9102511762207061, "New York": 0.8860049961780108, "North Carolina": 0.9642380357844575, "North Dakota": 0.9377339690945167, "Ohio": 0.9802252294974356, "Oklahoma": 0.943164886002284, "Oregon": 0.9642273160991225, "Pennsylvania": 0.9565149207107212, "Rhode Island": 0.9141008291418222, "South Carolina": 0.9312543615617037, "South Dakota": 0.9511182440208106, "Tennessee": 0.9704795748724644, "Texas": 0.953558042113589, "Utah": 0.9314999601462529, "Vermont": 0.9286053068386132, "Virginia": 0.8545824534668152, "Washington": 0.9479821237131966, "West Virginia": 0.9297804333157625, "Wisconsin": 0.968616693298062, "Wyoming": 0.707617636334754}