{"Alabama": 0.9652911015393778, "Alaska": 0.7801955729603024, "Arizona": 0.8663836988485273, "Arkansas": 0.9746520113106955, "California": 0.881420819489541, "Colorado": 0.8339215838099449, "Connecticut": 0.9009078739680192, "Delaware": 0.8661799264986977, "Florida": 0.8229430608749315, "Georgia": 0.914716830525192, "Hawaii": 0.7240738540476979, "Idaho": 0.9456681603653753, "Illinois": 0.9424330785592839, "Indiana": 0.960813724104202, "Iowa": 0.9706734329468977, "Kentucky": 0.9875567769716012, "Louisiana": 0.9152422141522037, "Maine": 0.9223897572343966, "Maryland": 0.8162694992698447, "Massachusetts": 0.8509373150260559, "Michigan": 0.9686035242846324, "Minnesota": 0.9668965368119795, "Mississippi": 0.9645603335361619, "Missouri": 0.9674901229266684, "Montana": 0.8479782588169513, "Nebraska": 0.9622597730478801, "Nevada": 0.5722165655847703, "New Hampshire": 0.9362958238361986, "New Jersey": 0.8730824529800563, "New Mexico": 0.8551488842671386, "New York": 0.8315817031942381, "North Carolina": 0.9577342927517879, "North Dakota": 0.8865006520152132, "Ohio": 0.9714037371575035, "Oklahoma": 0.9348978157409473, "Oregon": 0.9647886343037534, "Pennsylvania": 0.9393666591021459, "Rhode Island": 0.8854996966876366, "South Carolina": 0.9295030093107474, "South Dakota": 0.9291646709119189, "Tennessee": 0.9662273358307997, "Texas": 0.9323714696515161, "Utah": 0.9162380239538189, "Vermont": 0.9234411797073072, "Virginia": 0.8239993160097073, "Washington": 0.9426978395050049, "West Virginia": 0.9061703651500479, "Wisconsin": 0.9694057025887771, "Wyoming": 0.6586803636712883}