{"Alabama": 0.9677179243607105, "Alaska": 0.8200541832601668, "Arizona": 0.9201676532849894, "Arkansas": 0.9635213095562819, "California": 0.9018716428733047, "Colorado": 0.8819726880464624, "Connecticut": 0.9247416965117057, "Delaware": 0.9046547261592197, "Florida": 0.8995763133852027, "Georgia": 0.9310494268550075, "Hawaii": 0.7967033269300244, "Idaho": 0.9602246266788509, "Illinois": 0.9642956086346312, "Indiana": 0.9486249973612555, "Iowa": 0.9701458157760008, "Kentucky": 0.9852139117059845, "Louisiana": 0.9399809070068234, "Maine": 0.944569895152303, "Maryland": 0.8806675927080734, "Massachusetts": 0.8884902491837735, "Michigan": 0.9703153462709261, "Minnesota": 0.9720408775228974, "Mississippi": 0.9598383285656774, "Missouri": 0.9759561264283492, "Montana": 0.9043591790186201, "Nebraska": 0.9591249480366159, "Nevada": 0.6407913086986455, "New Hampshire": 0.9530489997944444, "New Jersey": 0.9146947332602483, "New Mexico": 0.9088747750073197, "New York": 0.8907769954957849, "North Carolina": 0.9652800838164949, "North Dakota": 0.9183436818764891, "Ohio": 0.9808751375950189, "Oklahoma": 0.9448439161712093, "Oregon": 0.9656190760573483, "Pennsylvania": 0.9581066177408689, "Rhode Island": 0.9158800725937828, "South Carolina": 0.9354974084456739, "South Dakota": 0.9560803308156816, "Tennessee": 0.9716036908873157, "Texas": 0.9551031068597837, "Utah": 0.9365659600397187, "Vermont": 0.9274156278815426, "Virginia": 0.8584749768485935, "Washington": 0.9497334209131865, "West Virginia": 0.9209482039907935, "Wisconsin": 0.9675453567221535, "Wyoming": 0.6939608777293171}