{"Alabama": 0.9658689789060467, "Alaska": 0.7842164610131014, "Arizona": 0.8730350799460044, "Arkansas": 0.974731531225556, "California": 0.8812110672214256, "Colorado": 0.840570095516063, "Connecticut": 0.9038280781403629, "Delaware": 0.8694161003269539, "Florida": 0.8297671072858218, "Georgia": 0.9174877693759885, "Hawaii": 0.7270899570231633, "Idaho": 0.9528155114555558, "Illinois": 0.9456272028903634, "Indiana": 0.9564693896980665, "Iowa": 0.972615506119263, "Kentucky": 0.9871358554859313, "Louisiana": 0.9147224136724601, "Maine": 0.9245519244497522, "Maryland": 0.8181107806241177, "Massachusetts": 0.8515145901801529, "Michigan": 0.9697873472058002, "Minnesota": 0.9694403817359951, "Mississippi": 0.9642240490167384, "Missouri": 0.9701612862756187, "Montana": 0.85148206009599, "Nebraska": 0.9675797844316608, "Nevada": 0.5794388907938411, "New Hampshire": 0.937142124345836, "New Jersey": 0.8736155776354093, "New Mexico": 0.8572874724764756, "New York": 0.8349233267613166, "North Carolina": 0.9571814001873905, "North Dakota": 0.8743986551790477, "Ohio": 0.9717689282854246, "Oklahoma": 0.9402057888287547, "Oregon": 0.9671451460682554, "Pennsylvania": 0.9397681139171709, "Rhode Island": 0.8864263222539762, "South Carolina": 0.9319124342639994, "South Dakota": 0.9373926175475334, "Tennessee": 0.9659701553554205, "Texas": 0.9334175642157223, "Utah": 0.920087361616227, "Vermont": 0.9232226223974808, "Virginia": 0.8260258783111485, "Washington": 0.9456587028491645, "West Virginia": 0.8983203098368001, "Wisconsin": 0.9665422334553577, "Wyoming": 0.6495178616468521}