{"Alabama": 0.9624124602107382, "Alaska": 0.8206970497376239, "Arizona": 0.9189160187348973, "Arkansas": 0.9582993005195105, "California": 0.90632428329109, "Colorado": 0.8815931990451974, "Connecticut": 0.9209199392871924, "Delaware": 0.8962568335587119, "Florida": 0.8917549712546737, "Georgia": 0.9238478150749188, "Hawaii": 0.7867723714232795, "Idaho": 0.9582524170180158, "Illinois": 0.9565156461489909, "Indiana": 0.9403455133248952, "Iowa": 0.9640862877107548, "Kentucky": 0.9833386136245993, "Louisiana": 0.9402868433123676, "Maine": 0.9475856253475927, "Maryland": 0.8742473724096654, "Massachusetts": 0.8781640895988178, "Michigan": 0.9647613402949311, "Minnesota": 0.9650770922501777, "Mississippi": 0.9577934882120752, "Missouri": 0.9702348575027028, "Montana": 0.905717652275835, "Nebraska": 0.9553870251029943, "Nevada": 0.6458194380937129, "New Hampshire": 0.9486777634599335, "New Jersey": 0.9059462338405528, "New Mexico": 0.9118795717184498, "New York": 0.8829821718563434, "North Carolina": 0.9584033796120643, "North Dakota": 0.8890129299095987, "Ohio": 0.9754883953664379, "Oklahoma": 0.930095171263171, "Oregon": 0.959584815265578, "Pennsylvania": 0.9539503609919839, "Rhode Island": 0.9117753896803199, "South Carolina": 0.9271812956268473, "South Dakota": 0.951881454276085, "Tennessee": 0.9660353467608422, "Texas": 0.9538813136187683, "Utah": 0.9327724856877543, "Vermont": 0.9247739249163303, "Virginia": 0.8562450333778159, "Washington": 0.9485323855308927, "West Virginia": 0.9222265055605047, "Wisconsin": 0.9590338175359076, "Wyoming": 0.692763909502316}