{"Alabama": 0.9622963905563808, "Alaska": 0.7864816769593448, "Arizona": 0.8745582133356198, "Arkansas": 0.9709222235469791, "California": 0.8841196713803655, "Colorado": 0.8414399559240813, "Connecticut": 0.9014777517546325, "Delaware": 0.8652566336692192, "Florida": 0.8236583062871511, "Georgia": 0.912871235755132, "Hawaii": 0.7194431930939758, "Idaho": 0.9519678359579729, "Illinois": 0.9406644043022095, "Indiana": 0.9520170790434759, "Iowa": 0.9676053432367533, "Kentucky": 0.9857727439963218, "Louisiana": 0.91567355401333, "Maine": 0.9299186115602913, "Maryland": 0.8119247705684725, "Massachusetts": 0.8426738961563522, "Michigan": 0.9673450418918061, "Minnesota": 0.9642264703254454, "Mississippi": 0.9628656879532993, "Missouri": 0.964785126167167, "Montana": 0.851854421459154, "Nebraska": 0.9636433014910697, "Nevada": 0.5860946469511445, "New Hampshire": 0.9337029649067327, "New Jersey": 0.8661976089619784, "New Mexico": 0.860162179442331, "New York": 0.8289314794819445, "North Carolina": 0.9519574463208199, "North Dakota": 0.8469046923468515, "Ohio": 0.9700683218988657, "Oklahoma": 0.9267320487834396, "Oregon": 0.9612381499082526, "Pennsylvania": 0.9381678159664152, "Rhode Island": 0.8833955264929905, "South Carolina": 0.9265592316777526, "South Dakota": 0.9313954080419261, "Tennessee": 0.9620629400014765, "Texas": 0.9330997072878006, "Utah": 0.918318726250229, "Vermont": 0.9229615429087862, "Virginia": 0.8248518714210177, "Washington": 0.9464798280845467, "West Virginia": 0.8984370002810936, "Wisconsin": 0.9601605679446337, "Wyoming": 0.6471441457122314}