{"Alabama": 0.9622463293777109, "Alaska": 0.8254159963528771, "Arizona": 0.9199345979205557, "Arkansas": 0.9559844917602919, "California": 0.9090979672992948, "Colorado": 0.8807366163637114, "Connecticut": 0.9219291263312224, "Delaware": 0.8967408274153451, "Florida": 0.8910605331044006, "Georgia": 0.9242989900086295, "Hawaii": 0.7861346547052658, "Idaho": 0.9578728640060756, "Illinois": 0.9541949667204174, "Indiana": 0.9344826358879187, "Iowa": 0.9579533453244756, "Kentucky": 0.9797505813046196, "Louisiana": 0.9399744556131039, "Maine": 0.9353363352695512, "Maryland": 0.8758336137910818, "Massachusetts": 0.8750638748628082, "Michigan": 0.9622513699245424, "Minnesota": 0.9606799579940558, "Mississippi": 0.9521437678475374, "Missouri": 0.9681039608190295, "Montana": 0.9028464362702607, "Nebraska": 0.9511424571993254, "Nevada": 0.6530689504951172, "New Hampshire": 0.948178510639555, "New Jersey": 0.9067398640961216, "New Mexico": 0.9128887838599662, "New York": 0.8816182815968256, "North Carolina": 0.9569081919322842, "North Dakota": 0.8790614101115346, "Ohio": 0.972104742366251, "Oklahoma": 0.9285000171627479, "Oregon": 0.955651007579462, "Pennsylvania": 0.9508974804984854, "Rhode Island": 0.9063325844365698, "South Carolina": 0.9268381129045273, "South Dakota": 0.9464241375364332, "Tennessee": 0.9616296117852966, "Texas": 0.9554012934077702, "Utah": 0.9335690638043473, "Vermont": 0.9200472280778831, "Virginia": 0.8664793939364354, "Washington": 0.9484494141678064, "West Virginia": 0.923899688498751, "Wisconsin": 0.9537420132421521, "Wyoming": 0.7111955579989377}