{"Alabama": 0.9635399754584423, "Alaska": 0.7958355003260976, "Arizona": 0.8765400193418035, "Arkansas": 0.9694559027301701, "California": 0.8868614548141417, "Colorado": 0.8416597091460571, "Connecticut": 0.9034853641976588, "Delaware": 0.8653210079899982, "Florida": 0.8246198914776008, "Georgia": 0.9133964081740898, "Hawaii": 0.7211399435098053, "Idaho": 0.9529510415134831, "Illinois": 0.939453076246336, "Indiana": 0.9471694973423634, "Iowa": 0.9611056141054652, "Kentucky": 0.9828319301593966, "Louisiana": 0.9165993874647026, "Maine": 0.9198726623211182, "Maryland": 0.8142529078827133, "Massachusetts": 0.8408178252004163, "Michigan": 0.9674450976117126, "Minnesota": 0.9606422734458412, "Mississippi": 0.9577351042503224, "Missouri": 0.9638316521322159, "Montana": 0.8506596945402124, "Nebraska": 0.9601003564275461, "Nevada": 0.5957079777892151, "New Hampshire": 0.9344782940618523, "New Jersey": 0.867899520386469, "New Mexico": 0.861726044044211, "New York": 0.8294481711516605, "North Carolina": 0.9524564815995358, "North Dakota": 0.8358988801134969, "Ohio": 0.967946129852882, "Oklahoma": 0.9248872609784422, "Oregon": 0.9581265570759427, "Pennsylvania": 0.936534814418566, "Rhode Island": 0.8809472502006043, "South Carolina": 0.9275614649196103, "South Dakota": 0.9264297639285562, "Tennessee": 0.9591157734369421, "Texas": 0.9351097315546116, "Utah": 0.9203077692958499, "Vermont": 0.9199628402946836, "Virginia": 0.8358487972244928, "Washington": 0.9463773930010634, "West Virginia": 0.900503269161062, "Wisconsin": 0.956769223086992, "Wyoming": 0.6666942228192789}