{"Alabama": 0.9596547704889387, "Alaska": 0.8228105154976957, "Arizona": 0.9221589350545526, "Arkansas": 0.9572095912990031, "California": 0.9089844335156985, "Colorado": 0.8840835362233523, "Connecticut": 0.9202611767462455, "Delaware": 0.8962897270618796, "Florida": 0.89423761944774, "Georgia": 0.9244344958174037, "Hawaii": 0.7875703282368949, "Idaho": 0.9584036960877188, "Illinois": 0.9532154064464738, "Indiana": 0.9261329737001341, "Iowa": 0.9558221003546231, "Kentucky": 0.9762841381912809, "Louisiana": 0.941555736638782, "Maine": 0.9347207298378635, "Maryland": 0.8757548141728562, "Massachusetts": 0.872062493441534, "Michigan": 0.9569739279750031, "Minnesota": 0.9591530088394379, "Mississippi": 0.9507386643022914, "Missouri": 0.9692086635605758, "Montana": 0.9054377173478146, "Nebraska": 0.9531337556473989, "Nevada": 0.6536557019011578, "New Hampshire": 0.9491401104118481, "New Jersey": 0.9094183361101944, "New Mexico": 0.9125580489909266, "New York": 0.8813577942638484, "North Carolina": 0.9569045794125597, "North Dakota": 0.8692379532245822, "Ohio": 0.9700621929466583, "Oklahoma": 0.9260211337051429, "Oregon": 0.9540062193502347, "Pennsylvania": 0.9501433367323561, "Rhode Island": 0.9055710923565801, "South Carolina": 0.926093356202745, "South Dakota": 0.9448563242075186, "Tennessee": 0.9596173738451307, "Texas": 0.9561264423700796, "Utah": 0.9323354699860857, "Vermont": 0.9157942082459622, "Virginia": 0.8734243856708677, "Washington": 0.9464179339374676, "West Virginia": 0.9282871048969785, "Wisconsin": 0.9494154570309262, "Wyoming": 0.704109014108621}