{"Alabama": 0.9610776079101107, "Alaska": 0.7920353045646451, "Arizona": 0.8778493221181166, "Arkansas": 0.9692081053259738, "California": 0.8863952997068772, "Colorado": 0.8438241063286591, "Connecticut": 0.9004621531631962, "Delaware": 0.8644226265192919, "Florida": 0.8277949553189596, "Georgia": 0.9117617856293057, "Hawaii": 0.723853274993743, "Idaho": 0.9529603181816577, "Illinois": 0.9372603236888967, "Indiana": 0.9408932713547545, "Iowa": 0.960712724986007, "Kentucky": 0.9802920449074503, "Louisiana": 0.9165464192304503, "Maine": 0.9182917987941509, "Maryland": 0.8124131666453771, "Massachusetts": 0.8370222083033139, "Michigan": 0.9649433632563624, "Minnesota": 0.9590478382212705, "Mississippi": 0.9580896030630818, "Missouri": 0.9642892006247409, "Montana": 0.8556086821035697, "Nebraska": 0.9610314140639101, "Nevada": 0.5960790104979626, "New Hampshire": 0.9357465283042248, "New Jersey": 0.8692587058656842, "New Mexico": 0.859845238746281, "New York": 0.8274948334505767, "North Carolina": 0.9512399962112367, "North Dakota": 0.828657616866181, "Ohio": 0.9660902698342054, "Oklahoma": 0.924018400084191, "Oregon": 0.9567636705181246, "Pennsylvania": 0.9353420797192047, "Rhode Island": 0.8805581123515313, "South Carolina": 0.925254023958689, "South Dakota": 0.9279813120504816, "Tennessee": 0.9570595402143964, "Texas": 0.9344941632564753, "Utah": 0.9181318961636221, "Vermont": 0.9156646990359172, "Virginia": 0.842156337669717, "Washington": 0.9436539184373655, "West Virginia": 0.9042061166721141, "Wisconsin": 0.9526770731139057, "Wyoming": 0.6606917141821989}