{"Alabama": 0.8876125811627847, "Alaska": 0.6798226307006748, "Arizona": 0.9457037931397235, "Arkansas": 0.8329564106907111, "Colorado": 0.9476007068513939, "Connecticut": 0.9166507904609105, "Delaware": 0.9001591102140376, "Florida": 0.9229573924944772, "Georgia": 0.9213072038113798, "Hawaii": 0.7792463314845918, "Idaho": 0.9206075250007963, "Illinois": 0.9575969877101244, "Indiana": 0.8390400044476102, "Iowa": 0.8897163749348087, "Kansas": 0.927117529417924, "Kentucky": 0.8901989836212404, "Louisiana": 0.8685521275211708, "Maine": 0.8681148108608042, "Maryland": 0.9335984645248943, "Massachusetts": 0.9113264269159772, "Michigan": 0.9066570843892922, "Minnesota": 0.941849123936534, "Mississippi": 0.8388050962431073, "Missouri": 0.9400808592610148, "Montana": 0.8462008064484567, "Nebraska": 0.9112587421033942, "Nevada": 0.5751474614738749, "New Hampshire": 0.916949746901203, "New Jersey": 0.9306171764389731, "New Mexico": 0.9006347177209961, "New York": 0.8798504963156554, "North Carolina": 0.8532140085035205, "North Dakota": 0.8258562151937828, "Ohio": 0.9175621991341326, "Oklahoma": 0.9204797852250545, "Oregon": 0.9540092586481521, "Pennsylvania": 0.9129294319558428, "Rhode Island": 0.875469339725969, "South Carolina": 0.849378094555609, "South Dakota": 0.8647217933297916, "Tennessee": 0.9114928525481433, "Texas": 0.9467923970255382, "Utah": 0.9444796231694519, "Vermont": 0.8974446351634369, "Virginia": 0.968086537527794, "Washington": 0.964439235159671, "West Virginia": 0.8410071962945352, "Wisconsin": 0.8613919990677057, "Wyoming": 0.6834157903455709}