{"Alabama": 0.8932655801563082, "Alaska": 0.7108544380335988, "Arizona": 0.9402350277542287, "Arkansas": 0.826563156535737, "Colorado": 0.9420698333711637, "Connecticut": 0.9179292253277775, "Delaware": 0.8942471790416144, "Florida": 0.9107766459654203, "Georgia": 0.9298388339194507, "Hawaii": 0.7820425752408406, "Idaho": 0.9315428387254441, "Illinois": 0.9558986825720982, "Indiana": 0.8231956856993082, "Iowa": 0.874482423977568, "Kansas": 0.9226511402531331, "Kentucky": 0.8830211852517149, "Louisiana": 0.880609014685981, "Maine": 0.8705617074473272, "Maryland": 0.9386038088166343, "Massachusetts": 0.9191802749386441, "Michigan": 0.9002840166086855, "Minnesota": 0.9321877763845456, "Mississippi": 0.8330815636162042, "Missouri": 0.9371280856009092, "Montana": 0.8571184648920593, "Nebraska": 0.901861096358993, "Nevada": 0.5836931057159399, "New Hampshire": 0.9117291088133369, "New Jersey": 0.932012856332809, "New Mexico": 0.9068034328998319, "New York": 0.8857160723689541, "North Carolina": 0.8738556264323009, "North Dakota": 0.8300299443997396, "Ohio": 0.910852249421496, "Oklahoma": 0.9206181771992755, "Oregon": 0.9506370301151027, "Pennsylvania": 0.9090996723176187, "Rhode Island": 0.8811273811878088, "South Carolina": 0.8573636337888899, "South Dakota": 0.855703224950646, "Tennessee": 0.9073307039174684, "Texas": 0.9467280633077465, "Utah": 0.948064171810263, "Vermont": 0.8883457549484467, "Virginia": 0.9691704413136375, "Washington": 0.9712195934894385, "West Virginia": 0.8460340804082941, "Wisconsin": 0.8505394575972083, "Wyoming": 0.6844049235489011}