{"Alabama": 0.8000129266514534, "Alaska": 0.7359105937911194, "Arizona": 0.9432988349809128, "Arkansas": 0.8249085636135534, "Colorado": 0.9496907902044283, "Connecticut": 0.9131273315348586, "Delaware": 0.8682838710852823, "Florida": 0.9246558026350041, "Georgia": 0.9359735750530772, "Hawaii": 0.7716118327985768, "Idaho": 0.9408232626564207, "Illinois": 0.9572647471372198, "Indiana": 0.8329048937517153, "Iowa": 0.8701693479281628, "Kansas": 0.9225531411295766, "Kentucky": 0.8828626716621851, "Louisiana": 0.8789905491764073, "Maine": 0.873998049037437, "Maryland": 0.9444191969783304, "Massachusetts": 0.9204071627104521, "Michigan": 0.9059655069750805, "Minnesota": 0.9306525530251888, "Mississippi": 0.8461368679981159, "Missouri": 0.9346273126013747, "Montana": 0.8698218969720285, "Nebraska": 0.8946716322845409, "Nevada": 0.619112365344253, "New Hampshire": 0.9136354313570646, "New Jersey": 0.9351166835989124, "New Mexico": 0.9121167071341613, "New York": 0.8828309862454514, "North Carolina": 0.8758416935729911, "North Dakota": 0.8376486056795899, "Ohio": 0.9130435006597569, "Oklahoma": 0.9127715213596316, "Oregon": 0.9498094907769287, "Pennsylvania": 0.9092269050421058, "Rhode Island": 0.8754304056703577, "South Carolina": 0.8712478586465994, "South Dakota": 0.855840494173188, "Tennessee": 0.913271521001526, "Texas": 0.9494745251089257, "Utah": 0.9529672508328051, "Vermont": 0.884870739951899, "Virginia": 0.9714198912712082, "Washington": 0.9730110025324474, "West Virginia": 0.8398827511382732, "Wisconsin": 0.8535299184066504, "Wyoming": 0.6324025434199827}