{"Alabama": 0.91274942207073, "Alaska": 0.727787864937411, "Arizona": 0.9491101924429287, "Arkansas": 0.8271668970835044, "Colorado": 0.9563829771825736, "Connecticut": 0.913096261964973, "Delaware": 0.8725418329005799, "Florida": 0.9388839350387268, "Georgia": 0.9445280384566169, "Hawaii": 0.8045838119810297, "Idaho": 0.9480947894908222, "Illinois": 0.9585883182040231, "Indiana": 0.8313069666991659, "Iowa": 0.8726273196693344, "Kansas": 0.924813526237136, "Kentucky": 0.8870444983588784, "Louisiana": 0.8970063072017999, "Maine": 0.8813463788892343, "Maryland": 0.9525350300757792, "Massachusetts": 0.9191321072632014, "Michigan": 0.9089857575380342, "Minnesota": 0.9300872649209336, "Mississippi": 0.851771819363715, "Missouri": 0.9376981596163316, "Montana": 0.8852951799061815, "Nebraska": 0.8954419776403649, "Nevada": 0.64731143968847, "New Hampshire": 0.9186235209640782, "New Jersey": 0.942870582140591, "New Mexico": 0.9249802527298411, "New York": 0.8886875957264091, "North Carolina": 0.9031782620509974, "North Dakota": 0.8530097779479066, "Ohio": 0.9146549138162593, "Oklahoma": 0.9224390373196234, "Oregon": 0.9508476131239822, "Pennsylvania": 0.9123010891736827, "Rhode Island": 0.8218912302581781, "South Carolina": 0.885591845590358, "South Dakota": 0.8621485361234702, "Tennessee": 0.9177025814774264, "Texas": 0.9549762597825622, "Utah": 0.9572272167632428, "Vermont": 0.8012505793612346, "Virginia": 0.9740946529267743, "Washington": 0.9749585827763715, "West Virginia": 0.8491594322915631, "Wisconsin": 0.8571822679669934, "Wyoming": 0.5955965354313384}