{"Alabama": 0.9158651055729096, "Alaska": 0.7917984907604906, "Arizona": 0.9542477360595085, "Arkansas": 0.8279715755888992, "Colorado": 0.965619772822015, "Connecticut": 0.9127329885207103, "Delaware": 0.8888815876813217, "Florida": 0.942063277786723, "Georgia": 0.9503504936493252, "Hawaii": 0.8228584413458848, "Idaho": 0.9503435352396851, "Illinois": 0.9569169141231254, "Indiana": 0.8233480791454055, "Iowa": 0.8695682859298789, "Kansas": 0.9208167238970141, "Kentucky": 0.885233309903619, "Louisiana": 0.9021158570442193, "Maine": 0.8870996739145516, "Maryland": 0.9586677639053951, "Massachusetts": 0.91925549509629, "Michigan": 0.9072005321832695, "Minnesota": 0.9259516963196918, "Mississippi": 0.8519043437957825, "Missouri": 0.9385388622250971, "Montana": 0.8940646909220834, "Nebraska": 0.8908651178311101, "Nevada": 0.6693798685509227, "New Hampshire": 0.9199667780209264, "New Jersey": 0.9492544711283084, "New Mexico": 0.927454537181134, "New York": 0.8920500581210442, "North Carolina": 0.9104210966283705, "North Dakota": 0.856175276330295, "Ohio": 0.9096395235234933, "Oklahoma": 0.9149229073745507, "Oregon": 0.9431538937573953, "Pennsylvania": 0.9102086844492426, "Rhode Island": 0.8903946927087533, "South Carolina": 0.8898956783092966, "South Dakota": 0.862790475191208, "Tennessee": 0.9158972820523971, "Texas": 0.955943585598971, "Utah": 0.9610932393363317, "Vermont": 0.8861248974273865, "Virginia": 0.97295080913526, "Washington": 0.9762069460464902, "West Virginia": 0.8508504949582101, "Wisconsin": 0.8535233568456382, "Wyoming": 0.6842094118778624}