{"Alabama": 0.920081656363381, "Alaska": 0.7912416416988699, "Arizona": 0.9552164371930927, "Arkansas": 0.829152543252588, "Colorado": 0.9717519779416388, "Connecticut": 0.9126805029969458, "Delaware": 0.8948482153542798, "Florida": 0.9466341345869, "Georgia": 0.9529807545556984, "Hawaii": 0.8461226405525386, "Idaho": 0.9504712908841295, "Illinois": 0.9541286504709167, "Indiana": 0.8182156879522571, "Iowa": 0.8622548148135585, "Kansas": 0.9204107928166327, "Kentucky": 0.8824173933564794, "Louisiana": 0.9067902630605459, "Maine": 0.8796037370897619, "Maryland": 0.9593483019880978, "Massachusetts": 0.9166609916980176, "Michigan": 0.9063111972587794, "Minnesota": 0.9214439886211631, "Mississippi": 0.8515737972992609, "Missouri": 0.9382958046484425, "Montana": 0.8935120265380678, "Nebraska": 0.8874103233915773, "Nevada": 0.6865354842685939, "New Hampshire": 0.9199698504116083, "New Jersey": 0.9490210672820586, "New Mexico": 0.9274238747090164, "New York": 0.8886721342373735, "North Carolina": 0.9205552057832084, "North Dakota": 0.8555707383366573, "Ohio": 0.9049295569419389, "Oklahoma": 0.9183319800651265, "Oregon": 0.939635402578049, "Pennsylvania": 0.9062306472734045, "Rhode Island": 0.831424220615479, "South Carolina": 0.9028016350739306, "South Dakota": 0.8610674063457099, "Tennessee": 0.9153354264720651, "Texas": 0.9601350708377309, "Utah": 0.963530190272329, "Vermont": 0.885563755494796, "Virginia": 0.9724321391377998, "Washington": 0.9781890075200125, "West Virginia": 0.8458411229093973, "Wisconsin": 0.8492783035645929, "Wyoming": 0.6804733669605159}