{"Alabama": 0.9242397150579243, "Alaska": 0.7962510325748704, "Arizona": 0.9499349140321247, "Arkansas": 0.8324196935499186, "Colorado": 0.9619746525905359, "Connecticut": 0.9289718348054932, "Delaware": 0.9125409109014778, "Florida": 0.92238763265255, "Georgia": 0.9714298973088317, "Hawaii": 0.8096522438339959, "Idaho": 0.9193832316472434, "Illinois": 0.9599192517277043, "Indiana": 0.848691064473254, "Iowa": 0.8472302835113273, "Kansas": 0.9076256001127588, "Kentucky": 0.8699013389155174, "Louisiana": 0.916929479940342, "Maine": 0.8940767560789163, "Maryland": 0.9430186538276774, "Massachusetts": 0.9236292966602209, "Michigan": 0.9343140406306336, "Minnesota": 0.9257256984032439, "Mississippi": 0.8585150684605303, "Missouri": 0.9358861175434475, "Montana": 0.8229658443396465, "Nebraska": 0.8799124639722273, "Nevada": 0.6617090152131436, "New Hampshire": 0.9370708182129533, "New Jersey": 0.961564115597661, "New Mexico": 0.8976521035349108, "New York": 0.8898844607520109, "North Carolina": 0.9308826697054345, "North Dakota": 0.7636138388275522, "Ohio": 0.9191324819157325, "Oklahoma": 0.8913992822986305, "Oregon": 0.9413847954040163, "Pennsylvania": 0.9207420371228889, "Rhode Island": 0.9047956780777946, "South Carolina": 0.9212298855558274, "South Dakota": 0.8037559043896515, "Tennessee": 0.9173138757020615, "Texas": 0.9614085898982822, "Utah": 0.9687093852815947, "Vermont": 0.8975991941872721, "Virginia": 0.9737622114353632, "Washington": 0.9789316789475915, "West Virginia": 0.8495902154384002, "Wisconsin": 0.8561033723068587, "Wyoming": 0.6687611614836196}