{"Alabama": 0.9182436992683918, "Alaska": 0.7998447882933079, "Arizona": 0.9463649344802643, "Arkansas": 0.8294116016658314, "Colorado": 0.9639956149494595, "Connecticut": 0.9260982747010136, "Delaware": 0.823863110816701, "Florida": 0.926083020635295, "Georgia": 0.9708359898686664, "Hawaii": 0.8152074583268344, "Idaho": 0.918272607454434, "Illinois": 0.9558218493295523, "Indiana": 0.8391823870982051, "Iowa": 0.8323007088086848, "Kansas": 0.8975542474150535, "Kentucky": 0.8660923667074711, "Louisiana": 0.9152159214398481, "Maine": 0.8903409463861804, "Maryland": 0.9446563826208882, "Massachusetts": 0.9199413203837826, "Michigan": 0.9296085400937972, "Minnesota": 0.9178188253293403, "Mississippi": 0.8560980712376937, "Missouri": 0.9321468274590681, "Montana": 0.8273159157707108, "Nebraska": 0.8709816995144404, "Nevada": 0.6728661640327456, "New Hampshire": 0.9385798109447906, "New Jersey": 0.9601288921811896, "New Mexico": 0.8971797527037776, "New York": 0.8851404504411292, "North Carolina": 0.932324123836676, "North Dakota": 0.7631740515992907, "Ohio": 0.9090774817977691, "Oklahoma": 0.883463694673774, "Oregon": 0.9364979908489411, "Pennsylvania": 0.9115639373374914, "Rhode Island": 0.8974531244369721, "South Carolina": 0.9238911500765454, "South Dakota": 0.7990655224853219, "Tennessee": 0.9138833442548856, "Texas": 0.9598023116534274, "Utah": 0.9685332465091819, "Vermont": 0.8929153164959195, "Virginia": 0.9717880337955618, "Washington": 0.9776053100570921, "West Virginia": 0.8393605384413534, "Wisconsin": 0.8459581047192276, "Wyoming": 0.6575366343264311}