{"Alabama": 0.9168408979442099, "Alaska": 0.7911236597639171, "Arizona": 0.9519400185325767, "Arkansas": 0.8296152360847554, "Colorado": 0.9731954603245037, "Connecticut": 0.9099434409828542, "Delaware": 0.7978061879703762, "Florida": 0.9480883240352174, "Georgia": 0.9546940262833383, "Hawaii": 0.8491719500776174, "Idaho": 0.9475524069192914, "Illinois": 0.950229067700881, "Indiana": 0.8124535837541252, "Iowa": 0.8524106759299398, "Kansas": 0.913704740050682, "Kentucky": 0.8785940416026876, "Louisiana": 0.9043921577271185, "Maine": 0.8767894705092025, "Maryland": 0.9594239375456634, "Massachusetts": 0.9121592965218437, "Michigan": 0.905253975463157, "Minnesota": 0.9151421704659416, "Mississippi": 0.853427156172629, "Missouri": 0.9365293025802268, "Montana": 0.8942751305724834, "Nebraska": 0.8805403344466661, "Nevada": 0.6951069387995841, "New Hampshire": 0.9219145033673251, "New Jersey": 0.9469038728299035, "New Mexico": 0.9253962435070542, "New York": 0.8830012082322136, "North Carolina": 0.92429527346724, "North Dakota": 0.8562154633586024, "Ohio": 0.89584056006955, "Oklahoma": 0.9111704063449523, "Oregon": 0.9358767808447246, "Pennsylvania": 0.8970581076492384, "Rhode Island": 0.8803752491946049, "South Carolina": 0.9095261725202054, "South Dakota": 0.858469760563211, "Tennessee": 0.9128165280554558, "Texas": 0.9589971616868096, "Utah": 0.9636143260557559, "Vermont": 0.8818841779277568, "Virginia": 0.9711316257111695, "Washington": 0.9769424013167683, "West Virginia": 0.8365645452454064, "Wisconsin": 0.8428030650277605, "Wyoming": 0.6961751718420054}