{"Alabama": 0.9142514207623608, "Alaska": 0.7954719632328474, "Arizona": 0.9453354336709676, "Arkansas": 0.8265493573960407, "Colorado": 0.9636164351212577, "Connecticut": 0.9230691952119893, "Delaware": 0.9074293014488176, "Florida": 0.9326837220408603, "Georgia": 0.9710976241410247, "Hawaii": 0.8218301554248024, "Idaho": 0.9157643084244484, "Illinois": 0.9536940242512154, "Indiana": 0.8336425536162859, "Iowa": 0.8250951731796877, "Kansas": 0.891031110553712, "Kentucky": 0.8626383677996677, "Louisiana": 0.9145245297136114, "Maine": 0.8851789225593534, "Maryland": 0.9444144168511233, "Massachusetts": 0.9156865825944944, "Michigan": 0.9251041342073186, "Minnesota": 0.9105109722559539, "Mississippi": 0.854165123561437, "Missouri": 0.9296987763526942, "Montana": 0.8338647447514543, "Nebraska": 0.8678819729648108, "Nevada": 0.6847773219574316, "New Hampshire": 0.935936084891304, "New Jersey": 0.9592927245813919, "New Mexico": 0.9016950071816753, "New York": 0.8803726758251937, "North Carolina": 0.936085445697693, "North Dakota": 0.7639404558833114, "Ohio": 0.9019687313978044, "Oklahoma": 0.874995407002773, "Oregon": 0.9343567775314069, "Pennsylvania": 0.9025867465382892, "Rhode Island": 0.8896627295157735, "South Carolina": 0.9245491885423918, "South Dakota": 0.7978540821114826, "Tennessee": 0.914839816925189, "Texas": 0.9565659755039201, "Utah": 0.9626031632728148, "Vermont": 0.8874220945952196, "Virginia": 0.9698433749514426, "Washington": 0.9746825741708539, "West Virginia": 0.8306879640311818, "Wisconsin": 0.838070190678972, "Wyoming": 0.6248910001144126}