{"Alabama": 0.9146655598059793, "Alaska": 0.7809150975561577, "Arizona": 0.950374680273373, "Arkansas": 0.8299006634297805, "Colorado": 0.9723517052037969, "Connecticut": 0.9066657742163907, "Delaware": 0.891546201475568, "Florida": 0.9533387177319199, "Georgia": 0.9564747850436032, "Hawaii": 0.8547106474945501, "Idaho": 0.9415619304520438, "Illinois": 0.948436462581582, "Indiana": 0.8095958662574902, "Iowa": 0.844054851556318, "Kansas": 0.907240546400111, "Kentucky": 0.876246441237911, "Louisiana": 0.9057698990070008, "Maine": 0.8716812082353539, "Maryland": 0.9591905114683532, "Massachusetts": 0.9075677994975485, "Michigan": 0.9029648330804259, "Minnesota": 0.9073923708864257, "Mississippi": 0.8536188094823066, "Missouri": 0.9342780518677035, "Montana": 0.8957039973055887, "Nebraska": 0.8782001827364266, "Nevada": 0.705049298913691, "New Hampshire": 0.9199399324449097, "New Jersey": 0.9474569880272737, "New Mexico": 0.9274416920003585, "New York": 0.8787085260271226, "North Carolina": 0.9294216347619169, "North Dakota": 0.8496959256186914, "Ohio": 0.8888084895821674, "Oklahoma": 0.8990484961247303, "Oregon": 0.9338957068747575, "Pennsylvania": 0.8879311113547919, "Rhode Island": 0.8726747993465083, "South Carolina": 0.9125722150204699, "South Dakota": 0.8506185513850134, "Tennessee": 0.9136597811935933, "Texas": 0.9549287471165242, "Utah": 0.9571146734366585, "Vermont": 0.8763815068540722, "Virginia": 0.9705527294002846, "Washington": 0.9730637687247025, "West Virginia": 0.8286965854115299, "Wisconsin": 0.8357074144113991, "Wyoming": 0.6586500835467983}