{"Alabama": 0.9137241350679255, "Alaska": 0.7791409789221192, "Arizona": 0.949614924521528, "Arkansas": 0.8344792676174222, "Colorado": 0.9705010115603968, "Connecticut": 0.9039852607564017, "Delaware": 0.8955604838324956, "Florida": 0.9543032851973415, "Georgia": 0.9574445804034697, "Hawaii": 0.8610961035169046, "Idaho": 0.9370752494417044, "Illinois": 0.9482173617919918, "Indiana": 0.8120392917041764, "Iowa": 0.8396681789382335, "Kansas": 0.9047392488516569, "Kentucky": 0.8773051035116988, "Louisiana": 0.9018015821160635, "Maine": 0.8730863790947346, "Maryland": 0.9625834800668865, "Massachusetts": 0.907845305826325, "Michigan": 0.9040321495167297, "Minnesota": 0.9052958135404183, "Mississippi": 0.8527004498583897, "Missouri": 0.9344445184085215, "Montana": 0.8933529135782291, "Nebraska": 0.8759170416724643, "Nevada": 0.7079243209176392, "New Hampshire": 0.918536640939403, "New Jersey": 0.9520582186248916, "New Mexico": 0.9322258856352044, "New York": 0.8884798589732893, "North Carolina": 0.9311363140377331, "North Dakota": 0.850094011157662, "Ohio": 0.8906542784394612, "Oklahoma": 0.889576621164397, "Oregon": 0.9338224902591131, "Pennsylvania": 0.891034870174256, "Rhode Island": 0.8720639771017501, "South Carolina": 0.9119574247557232, "South Dakota": 0.8477887472348627, "Tennessee": 0.9159933253641044, "Texas": 0.9500458276345144, "Utah": 0.9430288378526492, "Vermont": 0.8739979915823974, "Virginia": 0.9724620957913688, "Washington": 0.9709348723403177, "West Virginia": 0.8282598863488051, "Wisconsin": 0.8336483263085452, "Wyoming": 0.6492391596436273}