{"Alabama": 0.9126335864892969, "Alaska": 0.7925232862040806, "Arizona": 0.9453470264347267, "Arkansas": 0.8288308889776969, "Colorado": 0.962228168188704, "Connecticut": 0.920210379413975, "Delaware": 0.9105093811087835, "Florida": 0.9351442262261995, "Georgia": 0.9702004159275166, "Hawaii": 0.829803575515995, "Idaho": 0.9161740901211783, "Illinois": 0.9527196091746586, "Indiana": 0.832809200485277, "Iowa": 0.8179598354845914, "Kansas": 0.8876587058662861, "Kentucky": 0.8629653789697487, "Louisiana": 0.9102248777978723, "Maine": 0.885534311414452, "Maryland": 0.9477710711973679, "Massachusetts": 0.9151939699946086, "Michigan": 0.9241251207054376, "Minnesota": 0.9080011742460778, "Mississippi": 0.8539918279730659, "Missouri": 0.9298943789615369, "Montana": 0.8364943939491575, "Nebraska": 0.8658123781519299, "Nevada": 0.6898079325093206, "New Hampshire": 0.9349691760349264, "New Jersey": 0.9606277429046809, "New Mexico": 0.906258536463073, "New York": 0.8881228200758738, "North Carolina": 0.9368881869951347, "North Dakota": 0.760357123154872, "Ohio": 0.9021926208867483, "Oklahoma": 0.864811684991451, "Oregon": 0.9340702629398957, "Pennsylvania": 0.9039625690459104, "Rhode Island": 0.8875958721417662, "South Carolina": 0.9218158134879759, "South Dakota": 0.7987878202847148, "Tennessee": 0.9173048944410139, "Texas": 0.9519132312672254, "Utah": 0.9500272768829928, "Vermont": 0.8847910341749574, "Virginia": 0.9710231846042535, "Washington": 0.9740243175035648, "West Virginia": 0.827403219307963, "Wisconsin": 0.8330063508966989, "Wyoming": 0.6123279765911548}