{"Alabama": 0.9142728768051132, "Alaska": 0.7755490664927784, "Arizona": 0.9505269375597868, "Arkansas": 0.8310646545455069, "Colorado": 0.9656181948532688, "Connecticut": 0.8966209498758524, "Delaware": 0.8895340058513366, "Florida": 0.9566040646792154, "Georgia": 0.9566270054811037, "Hawaii": 0.8678469295580429, "Idaho": 0.9392419665715114, "Illinois": 0.947024432665645, "Indiana": 0.8194099889948675, "Iowa": 0.8348853149062901, "Kansas": 0.8979626897173633, "Kentucky": 0.8788637930234682, "Louisiana": 0.8908495089544176, "Maine": 0.8845216266263254, "Maryland": 0.9622448611693774, "Massachusetts": 0.9139986848453328, "Michigan": 0.9125481151507249, "Minnesota": 0.9004681268433511, "Mississippi": 0.8538132789921199, "Missouri": 0.9345901682685201, "Montana": 0.8898750732867753, "Nebraska": 0.8747622406135639, "Nevada": 0.7060781666565703, "New Hampshire": 0.9177042128043973, "New Jersey": 0.9540162944543539, "New Mexico": 0.9260976165884639, "New York": 0.8971997294342325, "North Carolina": 0.9324943814710427, "North Dakota": 0.8465297203414612, "Ohio": 0.8925648198141648, "Oklahoma": 0.8598428410439782, "Oregon": 0.9360464005743087, "Pennsylvania": 0.8930467178852594, "Rhode Island": 0.8737352475571085, "South Carolina": 0.9128745299978256, "South Dakota": 0.8447575647576985, "Tennessee": 0.9178740223524171, "Texas": 0.9372204683642513, "Utah": 0.9407047538607767, "Vermont": 0.877023053510798, "Virginia": 0.971713412034446, "Washington": 0.968128802278821, "West Virginia": 0.8130424044722269, "Wisconsin": 0.8341474927402688, "Wyoming": 0.6049751615795511}