{"Alabama": 0.9187320230237214, "Alaska": 0.7859487057162075, "Arizona": 0.9573166840371152, "Arkansas": 0.8360592694468373, "Colorado": 0.9678412687872505, "Connecticut": 0.893078516817429, "Delaware": 0.8875194559122104, "Florida": 0.9598457235528597, "Georgia": 0.9579773525504581, "Hawaii": 0.8791874010443951, "Idaho": 0.943053388563117, "Illinois": 0.9470690597108009, "Indiana": 0.845537702139777, "Iowa": 0.84127469552909, "Kansas": 0.9050004719629834, "Kentucky": 0.8865267103836383, "Louisiana": 0.8836339290125799, "Maine": 0.8871937200204962, "Maryland": 0.9636410823214375, "Massachusetts": 0.9177345034041103, "Michigan": 0.9297118199576119, "Minnesota": 0.9022067291845983, "Mississippi": 0.8572055586928073, "Missouri": 0.9343805473338048, "Montana": 0.8948884889621098, "Nebraska": 0.8746238933182431, "Nevada": 0.7143034890314408, "New Hampshire": 0.9164860858119782, "New Jersey": 0.9574363088384543, "New Mexico": 0.9278746872195951, "New York": 0.9068619872318204, "North Carolina": 0.9376476966646512, "North Dakota": 0.842050599830744, "Ohio": 0.9029437702483859, "Oklahoma": 0.8669830547890167, "Oregon": 0.9408641949715365, "Pennsylvania": 0.8960787477517025, "Rhode Island": 0.8816539536680319, "South Carolina": 0.9154352409979508, "South Dakota": 0.8474534871695765, "Tennessee": 0.9229633847725321, "Texas": 0.9352426472794075, "Utah": 0.9418322598600145, "Vermont": 0.8777990812363401, "Virginia": 0.9667935045649619, "Washington": 0.9677387547255756, "West Virginia": 0.813482858954398, "Wisconsin": 0.8461657574959293, "Wyoming": 0.6388877472641904}