{"Alabama": 0.9151030298738568, "Alaska": 0.7815893053440841, "Arizona": 0.9584918484925851, "Arkansas": 0.8350983147136325, "Colorado": 0.9689401997787384, "Connecticut": 0.8907790651421613, "Delaware": 0.886151028680701, "Florida": 0.9609510959048231, "Georgia": 0.9565845377781304, "Hawaii": 0.8806282964214294, "Idaho": 0.944795609941584, "Illinois": 0.9435820060736821, "Indiana": 0.83537956650411, "Iowa": 0.8336839262433207, "Kansas": 0.8999528417633091, "Kentucky": 0.8849759399595972, "Louisiana": 0.8817804683202977, "Maine": 0.8781417602602274, "Maryland": 0.9639407639051826, "Massachusetts": 0.9193431982855176, "Michigan": 0.9265190469863233, "Minnesota": 0.9000215716719318, "Mississippi": 0.8551906499254279, "Missouri": 0.9307908108560919, "Montana": 0.8941909560845634, "Nebraska": 0.8704217112257346, "Nevada": 0.7111204679363101, "New Hampshire": 0.9156546975816087, "New Jersey": 0.9582266426280863, "New Mexico": 0.9230234593168837, "New York": 0.9072266613140321, "North Carolina": 0.9390576024000526, "North Dakota": 0.8154153296789817, "Ohio": 0.8994734601601043, "Oklahoma": 0.8437809122077885, "Oregon": 0.9408306742150067, "Pennsylvania": 0.8939164145140028, "Rhode Island": 0.880776801116228, "South Carolina": 0.9145334492884987, "South Dakota": 0.8411441505459905, "Tennessee": 0.9200510020215297, "Texas": 0.9296880252024576, "Utah": 0.9461519323673927, "Vermont": 0.8780847829302829, "Virginia": 0.9636630587284569, "Washington": 0.9686923119031863, "West Virginia": 0.8053771855791806, "Wisconsin": 0.841346261124919, "Wyoming": 0.6255711377866671}