{"Alabama": 0.9139336918483507, "Alaska": 0.7932598879685866, "Arizona": 0.9542669038785899, "Arkansas": 0.8276734864773357, "Colorado": 0.9619200131228738, "Connecticut": 0.9060110449867023, "Delaware": 0.8952717700071025, "Florida": 0.9422348165942513, "Georgia": 0.967181857791783, "Hawaii": 0.8527176981580223, "Idaho": 0.9166301955936471, "Illinois": 0.9482193166672176, "Indiana": 0.8437379143460444, "Iowa": 0.8056995199558961, "Kansas": 0.881420819489541, "Kentucky": 0.8690809761222419, "Louisiana": 0.8894839897528799, "Maine": 0.8862677751849568, "Maryland": 0.9507405645792794, "Massachusetts": 0.9231152490778106, "Michigan": 0.9384913899092195, "Minnesota": 0.9003542518819746, "Mississippi": 0.8522511498749682, "Missouri": 0.924799775244728, "Montana": 0.8349369145274552, "Nebraska": 0.8516250044024393, "Nevada": 0.6934617965690891, "New Hampshire": 0.9300853088291952, "New Jersey": 0.9622328312914213, "New Mexico": 0.8962810537004653, "New York": 0.9015072209263645, "North Carolina": 0.9442310905809536, "North Dakota": 0.7302186488005461, "Ohio": 0.9081043162167963, "Oklahoma": 0.8212759931120357, "Oregon": 0.9343829332693457, "Pennsylvania": 0.9039396098809689, "Rhode Island": 0.8909396124951947, "South Carolina": 0.9214738826056242, "South Dakota": 0.7864322239632895, "Tennessee": 0.9216330276344086, "Texas": 0.9313765763782308, "Utah": 0.9504243208000964, "Vermont": 0.8840913364673223, "Virginia": 0.96078605696908, "Washington": 0.9693035857793267, "West Virginia": 0.8016827199109329, "Wisconsin": 0.8348711241548754, "Wyoming": 0.5853821563978494}