{"Alabama": 0.9131853343077743, "Alaska": 0.7941010777054816, "Arizona": 0.9537306108176727, "Arkansas": 0.8312407241381471, "Colorado": 0.9644109747054468, "Connecticut": 0.9030386732217054, "Delaware": 0.8992261670868492, "Florida": 0.9442567716695297, "Georgia": 0.966476674665156, "Hawaii": 0.8493976025238967, "Idaho": 0.9126671226415988, "Illinois": 0.9459938529931188, "Indiana": 0.8360808246793592, "Iowa": 0.8003175843253355, "Kansas": 0.8812110672214255, "Kentucky": 0.8661065540669156, "Louisiana": 0.8892229354065497, "Maine": 0.8847930437942668, "Maryland": 0.949418683106011, "Massachusetts": 0.9223918472943672, "Michigan": 0.9323964429052336, "Minnesota": 0.8993401844824536, "Mississippi": 0.853342527471453, "Missouri": 0.9247943598608594, "Montana": 0.83585412779691, "Nebraska": 0.8494371057693072, "Nevada": 0.6980814917308991, "New Hampshire": 0.9280861275902829, "New Jersey": 0.9612688824894298, "New Mexico": 0.8909086266018238, "New York": 0.9047448186207483, "North Carolina": 0.9438138400002496, "North Dakota": 0.7030050663529016, "Ohio": 0.904093186959612, "Oklahoma": 0.8303184717577943, "Oregon": 0.9326507056702288, "Pennsylvania": 0.9017770509499144, "Rhode Island": 0.8913789595350452, "South Carolina": 0.9213534453294229, "South Dakota": 0.7843336848209704, "Tennessee": 0.9181889400554121, "Texas": 0.9318014779454119, "Utah": 0.9506116774392, "Vermont": 0.8800685801447762, "Virginia": 0.963018604584823, "Washington": 0.9669449163523123, "West Virginia": 0.7981007344281176, "Wisconsin": 0.8269388112863091, "Wyoming": 0.5764882387296137}