{"Alabama": 0.9147007425101038, "Alaska": 0.777191795422183, "Arizona": 0.9576818156309608, "Arkansas": 0.838405927452538, "Colorado": 0.9704275026401226, "Connecticut": 0.8880480002342196, "Delaware": 0.8916826520660335, "Florida": 0.9620466570354196, "Georgia": 0.9567379035252344, "Hawaii": 0.8766186172375637, "Idaho": 0.9453812854165881, "Illinois": 0.9415629721091476, "Indiana": 0.8263543951158294, "Iowa": 0.8289306661272875, "Kansas": 0.9018716428733048, "Kentucky": 0.8825003029868171, "Louisiana": 0.8812923752680575, "Maine": 0.8767465942002499, "Maryland": 0.962239162124579, "Massachusetts": 0.9186035482192203, "Michigan": 0.9205673361424827, "Minnesota": 0.8988521484827139, "Mississippi": 0.8553402637687544, "Missouri": 0.9307572185842444, "Montana": 0.8945608639187071, "Nebraska": 0.8706239902968046, "Nevada": 0.7147080279699416, "New Hampshire": 0.9134817725796515, "New Jersey": 0.9579315534051392, "New Mexico": 0.9177476497677477, "New York": 0.9105522625606794, "North Carolina": 0.9394996387773296, "North Dakota": 0.7835715804132407, "Ohio": 0.8957787999317159, "Oklahoma": 0.8497614389005358, "Oregon": 0.9394814442222859, "Pennsylvania": 0.8920121325153385, "Rhode Island": 0.8813357725292714, "South Carolina": 0.9159654440387525, "South Dakota": 0.8404679408566826, "Tennessee": 0.916500377452993, "Texas": 0.9298658705376632, "Utah": 0.9466338736001106, "Vermont": 0.8752009899013168, "Virginia": 0.9658017925982657, "Washington": 0.9660242310440925, "West Virginia": 0.80134115643627, "Wisconsin": 0.8352170658132975, "Wyoming": 0.6169150393745847}