{"Alabama": 0.9062910786099195, "Alaska": 0.7994719192556065, "Arizona": 0.9561032858506111, "Arkansas": 0.8433265186718, "Colorado": 0.9599980418160026, "Connecticut": 0.9192672444693509, "Delaware": 0.9083987867393712, "Florida": 0.9493150544142438, "Georgia": 0.9643554209952531, "Hawaii": 0.8445925528581619, "Idaho": 0.9141804032585132, "Illinois": 0.9528891662242693, "Indiana": 0.8317908545744647, "Iowa": 0.8064203981397866, "Kansas": 0.8841196713803655, "Kentucky": 0.8679306641580505, "Louisiana": 0.9014168046320468, "Maine": 0.910995242895778, "Maryland": 0.9600587790592593, "Massachusetts": 0.935673569233954, "Michigan": 0.9382504432634068, "Minnesota": 0.9148489391573021, "Mississippi": 0.8559651874791758, "Missouri": 0.9354875391018568, "Montana": 0.8432274200650179, "Nebraska": 0.8647669097979925, "Nevada": 0.6889579495136754, "New Hampshire": 0.9309359340081965, "New Jersey": 0.9689871078425147, "New Mexico": 0.896576561463029, "New York": 0.9303875182451758, "North Carolina": 0.9460172250006196, "North Dakota": 0.6823323458554525, "Ohio": 0.9118774094764803, "Oklahoma": 0.8004410885779553, "Oregon": 0.9456761621941213, "Pennsylvania": 0.9227285484877371, "Rhode Island": 0.9196281034909444, "South Carolina": 0.9073776344549245, "South Dakota": 0.7921810186620828, "Tennessee": 0.919836826582146, "Texas": 0.9255823794678552, "Utah": 0.9421636801355527, "Vermont": 0.8959543028254073, "Virginia": 0.9616657721659025, "Washington": 0.9653191431533226, "West Virginia": 0.8123899770366735, "Wisconsin": 0.8275003299105494, "Wyoming": 0.55316614639671}