{"Alabama": 0.9101645174029953, "Alaska": 0.7829185362000892, "Arizona": 0.9572917917783994, "Arkansas": 0.8526525237390921, "Colorado": 0.9633417528156967, "Connecticut": 0.9057648108493593, "Delaware": 0.900759409129228, "Florida": 0.9641166130146264, "Georgia": 0.956561910343268, "Hawaii": 0.8665890027085222, "Idaho": 0.9455102391851326, "Illinois": 0.9509663884495189, "Indiana": 0.8268349285267179, "Iowa": 0.8377548651733258, "Kansas": 0.9063242832910898, "Kentucky": 0.8873130283126526, "Louisiana": 0.8940850703338347, "Maine": 0.9053885752722624, "Maryland": 0.9718666315695562, "Massachusetts": 0.9328703401673957, "Michigan": 0.9284653432614578, "Minnesota": 0.917963171161214, "Mississippi": 0.8592528156535333, "Missouri": 0.9422023763924235, "Montana": 0.8979674785738448, "Nebraska": 0.8858338400605724, "Nevada": 0.7019986244423901, "New Hampshire": 0.9183137594989537, "New Jersey": 0.9664124893214465, "New Mexico": 0.9213320941423407, "New York": 0.9355064189800956, "North Carolina": 0.9451858774835284, "North Dakota": 0.753796964389677, "Ohio": 0.9082407721027732, "Oklahoma": 0.8164296143529435, "Oregon": 0.9515241059992728, "Pennsylvania": 0.916469050228487, "Rhode Island": 0.9125827717969305, "South Carolina": 0.9038585018267234, "South Dakota": 0.8513213811379944, "Tennessee": 0.920132140413333, "Texas": 0.9225496315613417, "Utah": 0.9385178316343373, "Vermont": 0.8935870843697249, "Virginia": 0.9632563372686483, "Washington": 0.9658805777781574, "West Virginia": 0.8157111260043605, "Wisconsin": 0.8421663877149589, "Wyoming": 0.5920686428564388}