{"Alabama": 0.9009029240485249, "Alaska": 0.8152349805520701, "Arizona": 0.9551953503206297, "Arkansas": 0.848492613744445, "Colorado": 0.9546086059925994, "Connecticut": 0.9207030747898926, "Delaware": 0.9071018766019555, "Florida": 0.9511870780173344, "Georgia": 0.9627131576920325, "Hawaii": 0.8481481610617462, "Idaho": 0.9142196266924849, "Illinois": 0.9539058999213735, "Indiana": 0.826745675971201, "Iowa": 0.800370049475388, "Kansas": 0.8868614548141417, "Kentucky": 0.8701523900317449, "Louisiana": 0.9061009896827289, "Maine": 0.911961008201373, "Maryland": 0.9618326347565356, "Massachusetts": 0.939685637559047, "Michigan": 0.9351904914098754, "Minnesota": 0.9161549670455911, "Mississippi": 0.8552911119915279, "Missouri": 0.9366790116782434, "Montana": 0.8465355944702121, "Nebraska": 0.8635269565319933, "Nevada": 0.697408223179221, "New Hampshire": 0.9322306286677811, "New Jersey": 0.9697297928478502, "New Mexico": 0.8953640484448842, "New York": 0.9354705233210543, "North Carolina": 0.94614532660709, "North Dakota": 0.6803873916162001, "Ohio": 0.9125914601701784, "Oklahoma": 0.7914252557398191, "Oregon": 0.9450673922182676, "Pennsylvania": 0.9281150342447544, "Rhode Island": 0.9254290094843888, "South Carolina": 0.90445118038876, "South Dakota": 0.7961701726410872, "Tennessee": 0.9207053067885282, "Texas": 0.9227949096839463, "Utah": 0.9411381744077587, "Vermont": 0.9000556485543229, "Virginia": 0.9635502928600987, "Washington": 0.9651361314363127, "West Virginia": 0.8236921887858043, "Wisconsin": 0.8236795205618687, "Wyoming": 0.5744893467567799}