{"Alabama": 0.9068002376312285, "Alaska": 0.7979687050569871, "Arizona": 0.9558742892231155, "Arkansas": 0.8624247643546431, "Colorado": 0.957147763528842, "Connecticut": 0.9078968889743677, "Delaware": 0.9003271949823735, "Florida": 0.9643918913362135, "Georgia": 0.9562073528640952, "Hawaii": 0.868111836970702, "Idaho": 0.9437296334508206, "Illinois": 0.952720386853893, "Indiana": 0.8244651221974425, "Iowa": 0.8362484994709313, "Kansas": 0.9090979672992948, "Kentucky": 0.8908934759590617, "Louisiana": 0.8991858700723182, "Maine": 0.9069194818293522, "Maryland": 0.9729124994077719, "Massachusetts": 0.9372423516365542, "Michigan": 0.9266593130688908, "Minnesota": 0.9198486544041328, "Mississippi": 0.8583216265305894, "Missouri": 0.9439927804441463, "Montana": 0.8986820753172473, "Nebraska": 0.8858012186152653, "Nevada": 0.7088395061299633, "New Hampshire": 0.920671007061503, "New Jersey": 0.967395724138426, "New Mexico": 0.9194894332550356, "New York": 0.9401882724261198, "North Carolina": 0.9466086851525873, "North Dakota": 0.7491707027690817, "Ohio": 0.9104368411065659, "Oklahoma": 0.8072460358069947, "Oregon": 0.9517531604670845, "Pennsylvania": 0.922968931558273, "Rhode Island": 0.9188967372033239, "South Carolina": 0.9025447243824377, "South Dakota": 0.8531369752619259, "Tennessee": 0.9221247587678205, "Texas": 0.919646572462773, "Utah": 0.9380453957162953, "Vermont": 0.8998045152401095, "Virginia": 0.964816323526291, "Washington": 0.9649850524702024, "West Virginia": 0.8274239908552984, "Wisconsin": 0.8423082301743855, "Wyoming": 0.6107076357393983}