{"Alabama": 0.9053850732715639, "Alaska": 0.7902112436357861, "Arizona": 0.9544031667969252, "Arkansas": 0.8652162695239227, "Colorado": 0.954809059610119, "Connecticut": 0.9110740598797872, "Delaware": 0.893283441828296, "Florida": 0.9641210562319631, "Georgia": 0.9559319371290887, "Hawaii": 0.8706008093272803, "Idaho": 0.9437667198112099, "Illinois": 0.9542671981690148, "Indiana": 0.821227650921657, "Iowa": 0.8353247431205548, "Kansas": 0.9089844335156985, "Kentucky": 0.8893794568741273, "Louisiana": 0.8987451062510947, "Maine": 0.9078161024800243, "Maryland": 0.9719787986566479, "Massachusetts": 0.9358456647754128, "Michigan": 0.9236594820762726, "Minnesota": 0.9193117675214793, "Mississippi": 0.86008874903666, "Missouri": 0.9455651602924595, "Montana": 0.8974728304343422, "Nebraska": 0.8843633481293522, "Nevada": 0.7132903892951993, "New Hampshire": 0.9233998928853377, "New Jersey": 0.9671080318662898, "New Mexico": 0.9167494023672018, "New York": 0.9388292244493479, "North Carolina": 0.9477584766406459, "North Dakota": 0.7309768046307583, "Ohio": 0.9099312757768095, "Oklahoma": 0.7977957115396468, "Oregon": 0.9519633870118258, "Pennsylvania": 0.9224142945784827, "Rhode Island": 0.9211147442001715, "South Carolina": 0.9037381866743308, "South Dakota": 0.8499021316510798, "Tennessee": 0.9238999677442121, "Texas": 0.917538988048222, "Utah": 0.9353398243191364, "Vermont": 0.9001246158384517, "Virginia": 0.9671533610547727, "Washington": 0.9646790415177321, "West Virginia": 0.8348601847875783, "Wisconsin": 0.8407895209290089, "Wyoming": 0.5973945424011179}