{"Alabama": 0.9009034211378746, "Alaska": 0.8080578283573173, "Arizona": 0.9535346022510722, "Arkansas": 0.8519537464470676, "Colorado": 0.9526557091573906, "Connecticut": 0.9229155779665231, "Delaware": 0.9007740649686913, "Florida": 0.9512468378467003, "Georgia": 0.9621709306731095, "Hawaii": 0.8511487962848628, "Idaho": 0.914546832266126, "Illinois": 0.9553775727873451, "Indiana": 0.8229495846043725, "Iowa": 0.8043735616437597, "Kansas": 0.8863952997068774, "Kentucky": 0.8686992664175014, "Louisiana": 0.9054905369293517, "Maine": 0.9126598879317178, "Maryland": 0.9605043800153336, "Massachusetts": 0.938045060285575, "Michigan": 0.9319334795126095, "Minnesota": 0.9161571890097246, "Mississippi": 0.8538738417146042, "Missouri": 0.9392680932830513, "Montana": 0.8492447896364199, "Nebraska": 0.8638791482461381, "Nevada": 0.7019771409623432, "New Hampshire": 0.9342149940631134, "New Jersey": 0.9695648415414685, "New Mexico": 0.8937484386028065, "New York": 0.933743919542466, "North Carolina": 0.9470147377546179, "North Dakota": 0.6666635177473003, "Ohio": 0.9120139807869811, "Oklahoma": 0.7854544410260346, "Oregon": 0.9462112428510981, "Pennsylvania": 0.9275968642704358, "Rhode Island": 0.9274328113283936, "South Carolina": 0.9056398238167533, "South Dakota": 0.7962400665589339, "Tennessee": 0.9225839078582911, "Texas": 0.9210680661853629, "Utah": 0.9385253956546025, "Vermont": 0.9003737876859496, "Virginia": 0.965826689055109, "Washington": 0.9650737815806902, "West Virginia": 0.8308702271531014, "Wisconsin": 0.8221407023350265, "Wyoming": 0.5631200535296046}