{"Alabama": 0.8847621503603132, "Alaska": 0.8686757427883018, "Arizona": 0.8987153103552508, "Arkansas": 0.8496570559079816, "California": 0.8685521275211708, "Colorado": 0.8956395399321625, "Connecticut": 0.8119869865232475, "Delaware": 0.8751597139975608, "Florida": 0.9072356147417896, "Georgia": 0.9030241638511992, "Hawaii": 0.8318296710129005, "Idaho": 0.951152254010103, "Illinois": 0.8635920292547178, "Indiana": 0.7696541634724278, "Iowa": 0.8966044341210471, "Kansas": 0.9241674207757286, "Kentucky": 0.9148813016604967, "Maine": 0.9401296795392565, "Maryland": 0.9231899575521076, "Massachusetts": 0.8312874123256611, "Michigan": 0.7840199509626062, "Minnesota": 0.894294032004106, "Mississippi": 0.8402429368223328, "Missouri": 0.9321879253733655, "Montana": 0.9609329227207227, "Nebraska": 0.9378762829544269, "Nevada": 0.6509947654010266, "New Hampshire": 0.8682260788533013, "New Jersey": 0.8727889705252032, "New Mexico": 0.9650861877017703, "New York": 0.8333908981454535, "North Carolina": 0.839365400950788, "North Dakota": 0.9452189315331748, "Ohio": 0.8433749292937093, "Oklahoma": 0.9602267846465563, "Oregon": 0.9054820591839948, "Pennsylvania": 0.9005182306810626, "Rhode Island": 0.8368089522920491, "South Carolina": 0.8556481419335478, "South Dakota": 0.9333051763433977, "Tennessee": 0.8831123391233647, "Texas": 0.9588209028424582, "Utah": 0.9160107053186727, "Vermont": 0.899637140725693, "Virginia": 0.9222927587509583, "Washington": 0.9071402727508919, "West Virginia": 0.9677968032862593, "Wisconsin": 0.8097565114258036, "Wyoming": 0.9015584985814233}