{"Alabama": 0.893076359235619, "Alaska": 0.8814220025601374, "Arizona": 0.9074824258936566, "Arkansas": 0.8544329101233178, "California": 0.8820095532304529, "Colorado": 0.8979572896861939, "Connecticut": 0.8272463186214619, "Delaware": 0.8815120903049984, "Florida": 0.9031403713702784, "Georgia": 0.9161096888724015, "Hawaii": 0.8457020153040234, "Idaho": 0.9556640581462732, "Illinois": 0.8794580077273804, "Indiana": 0.7671539749557816, "Iowa": 0.8981270469073489, "Kansas": 0.9285405688232036, "Kentucky": 0.9125289089164237, "Maine": 0.9463152378812936, "Maryland": 0.9277266951591925, "Massachusetts": 0.8442273990291764, "Michigan": 0.7863294973838256, "Minnesota": 0.9043437417903379, "Mississippi": 0.8406466632522658, "Missouri": 0.9414667109894767, "Montana": 0.9677772364913296, "Nebraska": 0.945642864501519, "Nevada": 0.647118229652601, "New Hampshire": 0.87981563208276, "New Jersey": 0.8812480442837981, "New Mexico": 0.9680373906144399, "New York": 0.8449578554205158, "North Carolina": 0.8605022889334614, "North Dakota": 0.9475223113795063, "Ohio": 0.8509302318740283, "Oklahoma": 0.9612299082245724, "Oregon": 0.9167668281213575, "Pennsylvania": 0.9091369272349621, "Rhode Island": 0.8541570022965216, "South Carolina": 0.8723322580518508, "South Dakota": 0.9332737129380352, "Tennessee": 0.8848777712974637, "Texas": 0.9614620973470198, "Utah": 0.9222511662059474, "Vermont": 0.903312468437886, "Virginia": 0.9222514825602244, "Washington": 0.9230353858929081, "West Virginia": 0.9635245215921281, "Wisconsin": 0.8182096286213653, "Wyoming": 0.8994899391520417}