{"Alabama": 0.7773247454640666, "Alaska": 0.8340464403981687, "Arizona": 0.9035110584866338, "Arkansas": 0.8641541327035799, "California": 0.8789905491764073, "Colorado": 0.8899805011979958, "Connecticut": 0.8303536810635059, "Delaware": 0.8498281597485382, "Florida": 0.9158044914669455, "Georgia": 0.9170393039742568, "Hawaii": 0.8343991109568332, "Idaho": 0.9571989807442871, "Illinois": 0.8908219417369172, "Indiana": 0.7961352882509369, "Iowa": 0.8990428494672652, "Kansas": 0.9235233752939748, "Kentucky": 0.9163199495631654, "Maine": 0.9492682272598224, "Maryland": 0.9167490054968064, "Massachusetts": 0.8322229834262486, "Michigan": 0.8126839860454698, "Minnesota": 0.9105853398532598, "Mississippi": 0.8806129011917119, "Missouri": 0.9478341267255487, "Montana": 0.9709087567013955, "Nebraska": 0.9449420200368603, "Nevada": 0.6796257659398108, "New Hampshire": 0.8867411949795388, "New Jersey": 0.879071694577167, "New Mexico": 0.9663941979453882, "New York": 0.8424656122278087, "North Carolina": 0.8905691424351536, "North Dakota": 0.9450487312699043, "Ohio": 0.868980449165451, "Oklahoma": 0.9600793438106927, "Oregon": 0.9091758970259328, "Pennsylvania": 0.9104928076017733, "Rhode Island": 0.8427574715970683, "South Carolina": 0.8904399199335719, "South Dakota": 0.9351899724692705, "Tennessee": 0.902038737369305, "Texas": 0.9622945899493492, "Utah": 0.9200918449455057, "Vermont": 0.8978514358028671, "Virginia": 0.9030487584642641, "Washington": 0.9235902673192354, "West Virginia": 0.9639492069504213, "Wisconsin": 0.8394532219407612, "Wyoming": 0.8122822860617797}