{"Alabama": 0.9089178768456456, "Alaska": 0.8776739249892959, "Arizona": 0.9133916596430848, "Arkansas": 0.8753329217390811, "California": 0.8970063072017999, "Colorado": 0.9038145401432905, "Connecticut": 0.8447116910787963, "Delaware": 0.8632533245755681, "Florida": 0.9249667190564361, "Georgia": 0.9253409074791097, "Hawaii": 0.8470940461472795, "Idaho": 0.9600069107207719, "Illinois": 0.9076619321281995, "Indiana": 0.802786768789216, "Iowa": 0.9059941792223218, "Kansas": 0.9335888024623498, "Kentucky": 0.9238906406835738, "Maine": 0.9528304995957337, "Maryland": 0.9238005382847003, "Massachusetts": 0.8555665603761802, "Michigan": 0.8315415745624434, "Minnesota": 0.9216118553531316, "Mississippi": 0.8907479757838945, "Missouri": 0.9545251225990344, "Montana": 0.9726712617789255, "Nebraska": 0.9473876139545219, "Nevada": 0.6933171529676306, "New Hampshire": 0.9103290112022077, "New Jersey": 0.8966054992651528, "New Mexico": 0.9701467007633565, "New York": 0.8593549407739843, "North Carolina": 0.9050431227346895, "North Dakota": 0.9507745766880028, "Ohio": 0.8865683696731538, "Oklahoma": 0.9683002479484619, "Oregon": 0.9218055474738339, "Pennsylvania": 0.9214815537188784, "Rhode Island": 0.7618163308085509, "South Carolina": 0.9005171442211335, "South Dakota": 0.9388581919486729, "Tennessee": 0.9079100600328258, "Texas": 0.9685384219973403, "Utah": 0.928143799286537, "Vermont": 0.8344873080244846, "Virginia": 0.9117318239976312, "Washington": 0.9361019413509275, "West Virginia": 0.963157226619828, "Wisconsin": 0.8535084943904218, "Wyoming": 0.6933702490229482}