{"Alabama": 0.9157395128462227, "Alaska": 0.9313584334838847, "Arizona": 0.9180354688884802, "Arkansas": 0.8829277857920487, "California": 0.9021158570442191, "Colorado": 0.9095327674200305, "Connecticut": 0.8534894160591924, "Delaware": 0.8786759607458299, "Florida": 0.9191245183487108, "Georgia": 0.9322525835984391, "Hawaii": 0.8557021471647491, "Idaho": 0.9609472061490472, "Illinois": 0.9171947618891529, "Indiana": 0.8099793499551741, "Iowa": 0.9084524207108869, "Kansas": 0.9418109198223978, "Kentucky": 0.9307412005546865, "Maine": 0.9580124882557958, "Maryland": 0.9230530220538697, "Massachusetts": 0.8669054629567937, "Michigan": 0.8457177715162817, "Minnesota": 0.9263512067892837, "Mississippi": 0.8983840740254111, "Missouri": 0.9576140449983803, "Montana": 0.9741482378460614, "Nebraska": 0.9475498016976127, "Nevada": 0.709497819490764, "New Hampshire": 0.9168694094864851, "New Jersey": 0.9046893520809751, "New Mexico": 0.9723658659417543, "New York": 0.86790395038369, "North Carolina": 0.9170018887419019, "North Dakota": 0.9530370735221445, "Ohio": 0.8958742467456794, "Oklahoma": 0.970713173452769, "Oregon": 0.9271132385001306, "Pennsylvania": 0.927817297051521, "Rhode Island": 0.8981440336981348, "South Carolina": 0.9035606982141898, "South Dakota": 0.9418039794269354, "Tennessee": 0.9188071129667182, "Texas": 0.9705824940019997, "Utah": 0.9266638108379117, "Vermont": 0.9233059395877482, "Virginia": 0.9099697938881404, "Washington": 0.9412251249056733, "West Virginia": 0.9656415448641459, "Wisconsin": 0.8636243893795207, "Wyoming": 0.8612664922778215}