{"Alabama": 0.9048127043630325, "Alaska": 0.9243864893725904, "Arizona": 0.93379023831698, "Arkansas": 0.851633997039045, "California": 0.9169294799403421, "Colorado": 0.9142653087417492, "Connecticut": 0.891484263235917, "Delaware": 0.8965979184297654, "Florida": 0.9181219311118882, "Georgia": 0.9331937361361949, "Hawaii": 0.8575655785974915, "Idaho": 0.9310595989378283, "Illinois": 0.9231148172517792, "Indiana": 0.8377075920969032, "Iowa": 0.8722051028223144, "Kansas": 0.917934535110839, "Kentucky": 0.9034332440861698, "Maine": 0.9616741435898561, "Maryland": 0.9169859449841591, "Massachusetts": 0.8885508361939032, "Michigan": 0.899924497587041, "Minnesota": 0.9276365004576411, "Mississippi": 0.8874639239461256, "Missouri": 0.9536214833388773, "Montana": 0.9217339171182225, "Nebraska": 0.9194020693044754, "Nevada": 0.7107802139965717, "New Hampshire": 0.9425228681485901, "New Jersey": 0.9160020410462201, "New Mexico": 0.9631873508976704, "New York": 0.8796397705166636, "North Carolina": 0.912619812744988, "North Dakota": 0.8729351571225492, "Ohio": 0.9134908974144714, "Oklahoma": 0.9451262170312624, "Oregon": 0.9409463837876749, "Pennsylvania": 0.9379184899265764, "Rhode Island": 0.9184908837358301, "South Carolina": 0.9055606496861186, "South Dakota": 0.88782069189693, "Tennessee": 0.9105473347805424, "Texas": 0.9728676269894327, "Utah": 0.9378369648626551, "Vermont": 0.9436895867339551, "Virginia": 0.9126756176346527, "Washington": 0.9559128971979589, "West Virginia": 0.9679690911269421, "Wisconsin": 0.8524350779100586, "Wyoming": 0.8407189141489175}