{"Alabama": 0.9168995738332871, "Alaska": 0.9298535542866156, "Arizona": 0.9173163128868395, "Arkansas": 0.8888411281517873, "California": 0.9067902630605459, "Colorado": 0.9078672607168129, "Connecticut": 0.8623271836261872, "Delaware": 0.887000012145372, "Florida": 0.9245265600583589, "Georgia": 0.9334511293796764, "Hawaii": 0.8828534252747888, "Idaho": 0.958608313621153, "Illinois": 0.9200622213830792, "Indiana": 0.811375201786454, "Iowa": 0.904925472083421, "Kansas": 0.9412643594494098, "Kentucky": 0.9322344791381028, "Maine": 0.9571426054809224, "Maryland": 0.9216499289601416, "Massachusetts": 0.8735601228137411, "Michigan": 0.8587553146889658, "Minnesota": 0.9283766702211063, "Mississippi": 0.8977026377944098, "Missouri": 0.9603723961762791, "Montana": 0.9751214644591378, "Nebraska": 0.9477966863967093, "Nevada": 0.7224466230383356, "New Hampshire": 0.9163710838842353, "New Jersey": 0.9089916452790056, "New Mexico": 0.9753131595246469, "New York": 0.873356605008485, "North Carolina": 0.9292354490075063, "North Dakota": 0.9573028354364655, "Ohio": 0.903154476472092, "Oklahoma": 0.9693211258321255, "Oregon": 0.9305665482490013, "Pennsylvania": 0.9329758251006778, "Rhode Island": 0.8901494840334003, "South Carolina": 0.911465865976199, "South Dakota": 0.9422616486733775, "Tennessee": 0.9201118726087611, "Texas": 0.9685183853888337, "Utah": 0.9259159081304914, "Vermont": 0.9292080449266233, "Virginia": 0.9051818221042677, "Washington": 0.9447128318283973, "West Virginia": 0.9679847968855768, "Wisconsin": 0.8665936442974336, "Wyoming": 0.8464868260928355}