{"Alabama": 0.9072884921047384, "Alaska": 0.9239155898642408, "Arizona": 0.928417435286164, "Arkansas": 0.8655921306411805, "California": 0.915215921439848, "Colorado": 0.9124420919729491, "Connecticut": 0.8913920705355325, "Delaware": 0.7650078231662, "Florida": 0.9141367775926975, "Georgia": 0.9360145160059707, "Hawaii": 0.8584485626141789, "Idaho": 0.9342258126286509, "Illinois": 0.9228587876110683, "Indiana": 0.841012102709635, "Iowa": 0.8667227058500279, "Kansas": 0.9153652828189336, "Kentucky": 0.9119795152459266, "Maine": 0.9607965770152075, "Maryland": 0.913440437754829, "Massachusetts": 0.8824384583523066, "Michigan": 0.9071042973264662, "Minnesota": 0.9257011686814742, "Mississippi": 0.894087615449391, "Missouri": 0.9548488708601077, "Montana": 0.9239014948693854, "Nebraska": 0.9166829602291932, "Nevada": 0.7105655318499162, "New Hampshire": 0.9412981192000459, "New Jersey": 0.9135301820136015, "New Mexico": 0.9626509981885899, "New York": 0.871018231256591, "North Carolina": 0.9250778278345528, "North Dakota": 0.873486366519104, "Ohio": 0.9139122637625463, "Oklahoma": 0.948748793134763, "Oregon": 0.9424136782635499, "Pennsylvania": 0.9357343280264381, "Rhode Island": 0.9163049605401057, "South Carolina": 0.914180690679769, "South Dakota": 0.884395127563232, "Tennessee": 0.9190334122277891, "Texas": 0.9736652139321623, "Utah": 0.9352020223907614, "Vermont": 0.943607042500465, "Virginia": 0.9106289824858593, "Washington": 0.9548263573399831, "West Virginia": 0.967052120750587, "Wisconsin": 0.8523467823349622, "Wyoming": 0.8290268915773046}