{"Alabama": 0.911397691223109, "Alaska": 0.9161851682420833, "Arizona": 0.9352786260521886, "Arkansas": 0.8708710252591577, "California": 0.9145245297136115, "Colorado": 0.9185029476356876, "Connecticut": 0.8850706568709897, "Delaware": 0.9026868812762009, "Florida": 0.9245926387360374, "Georgia": 0.9410326661039156, "Hawaii": 0.8454563035719416, "Idaho": 0.9431940262342758, "Illinois": 0.9191637925604285, "Indiana": 0.838950156465332, "Iowa": 0.8605141159431695, "Kansas": 0.9098728850151079, "Kentucky": 0.9088180211622725, "Maine": 0.9533699498698804, "Maryland": 0.9154491275214081, "Massachusetts": 0.8715535816483801, "Michigan": 0.9039392698992964, "Minnesota": 0.9135694285157209, "Mississippi": 0.9014087434521514, "Missouri": 0.950577097842213, "Montana": 0.9274828680622239, "Nebraska": 0.910594850136879, "Nevada": 0.7060134834699726, "New Hampshire": 0.940840325955459, "New Jersey": 0.9079858960163798, "New Mexico": 0.9588500169363962, "New York": 0.852689187388349, "North Carolina": 0.9367292699516508, "North Dakota": 0.8711072771487818, "Ohio": 0.9050534109541747, "Oklahoma": 0.9500410832986357, "Oregon": 0.9394925166569692, "Pennsylvania": 0.922624668194431, "Rhode Island": 0.8985829614761957, "South Carolina": 0.9226283476633957, "South Dakota": 0.8760179385658989, "Tennessee": 0.927521787578847, "Texas": 0.9768239906896826, "Utah": 0.9404022857474855, "Vermont": 0.936698078516932, "Virginia": 0.9152410379279111, "Washington": 0.9530405667346623, "West Virginia": 0.958091738149862, "Wisconsin": 0.8430951746762984, "Wyoming": 0.8138892948111327}