{"Alabama": 0.9205067974738389, "Alaska": 0.9123619217496998, "Arizona": 0.933184657054297, "Arkansas": 0.8869952650266916, "California": 0.9102248777978722, "Colorado": 0.9111887095701868, "Connecticut": 0.8800061138559125, "Delaware": 0.8975923373332606, "Florida": 0.9215796193895747, "Georgia": 0.9433059924615306, "Hawaii": 0.8476894857160171, "Idaho": 0.9462903567171218, "Illinois": 0.9180047807059901, "Indiana": 0.850930535553754, "Iowa": 0.8598548301711778, "Kansas": 0.9081871321635753, "Kentucky": 0.9159676535384348, "Maine": 0.9544136612261975, "Maryland": 0.9101894580358351, "Massachusetts": 0.8635237867541964, "Michigan": 0.9086635425757976, "Minnesota": 0.9117706914405399, "Mississippi": 0.9164764443301155, "Missouri": 0.953220371065276, "Montana": 0.9288478076743681, "Nebraska": 0.91124584637522, "Nevada": 0.7093983554374051, "New Hampshire": 0.9387809072939157, "New Jersey": 0.8993852398430364, "New Mexico": 0.9515641031053962, "New York": 0.8506223170044973, "North Carolina": 0.9465176218090772, "North Dakota": 0.8665491278221603, "Ohio": 0.9109705782069573, "Oklahoma": 0.9458490386193354, "Oregon": 0.9439149252832307, "Pennsylvania": 0.9240715923225847, "Rhode Island": 0.8964567043669694, "South Carolina": 0.9271587240779757, "South Dakota": 0.8754046206066566, "Tennessee": 0.939620574056545, "Texas": 0.9752838168959166, "Utah": 0.9313348273586689, "Vermont": 0.9351557992629173, "Virginia": 0.9062133605110868, "Washington": 0.9494650256200367, "West Virginia": 0.9558555489734271, "Wisconsin": 0.8463982213910743, "Wyoming": 0.8054346294958227}