{"Alabama": 0.9288520833472301, "Alaska": 0.9124619038074077, "Arizona": 0.9260870374926006, "Arkansas": 0.9185423566553854, "California": 0.9018015821160635, "Colorado": 0.9099231252141595, "Connecticut": 0.856022499557305, "Delaware": 0.8884633214387565, "Florida": 0.9316913037559827, "Georgia": 0.9393511385294917, "Hawaii": 0.8726127529086887, "Idaho": 0.9612203004739044, "Illinois": 0.9136328928833959, "Indiana": 0.8366644155655873, "Iowa": 0.8906389541799515, "Kansas": 0.9288082087055081, "Kentucky": 0.9388781620329925, "Maine": 0.9499503381851079, "Maryland": 0.9187656015567195, "Massachusetts": 0.8509638942019546, "Michigan": 0.8820009277680605, "Minnesota": 0.9103871839887673, "Mississippi": 0.9253121757686997, "Missouri": 0.9590248523458169, "Montana": 0.9711500145423738, "Nebraska": 0.9297284133511727, "Nevada": 0.7220012916595289, "New Hampshire": 0.9176771021180852, "New Jersey": 0.8922699961211599, "New Mexico": 0.9658994398070644, "New York": 0.8473171435727286, "North Carolina": 0.9547757250331564, "North Dakota": 0.9439482936082533, "Ohio": 0.9035388348983974, "Oklahoma": 0.9653738812035815, "Oregon": 0.9366776028218244, "Pennsylvania": 0.9171840991113851, "Rhode Island": 0.883969017688294, "South Carolina": 0.9284944243889667, "South Dakota": 0.9170217483405215, "Tennessee": 0.9447726643986648, "Texas": 0.9711579500625079, "Utah": 0.9208481496569997, "Vermont": 0.9232350774743929, "Virginia": 0.9014175623794982, "Washington": 0.9379967525271466, "West Virginia": 0.9586416021810399, "Wisconsin": 0.8596342200985865, "Wyoming": 0.8355906734654465}