{"Alabama": 0.9228148445147378, "Alaska": 0.9141710813689812, "Arizona": 0.9240071925918096, "Arkansas": 0.9185869364118785, "California": 0.8908495089544176, "Colorado": 0.9075023332103034, "Connecticut": 0.8425116654740866, "Delaware": 0.8797475024962051, "Florida": 0.9332336593310919, "Georgia": 0.9317559066145612, "Hawaii": 0.8769857808980575, "Idaho": 0.9608870949339086, "Illinois": 0.9053340280576864, "Indiana": 0.8385748131917938, "Iowa": 0.8806189905995426, "Kansas": 0.9220510838228367, "Kentucky": 0.9390546620980559, "Maine": 0.9541355167102787, "Maryland": 0.9139421382453939, "Massachusetts": 0.8458110193287193, "Michigan": 0.8854042972307891, "Minnesota": 0.8984059743448813, "Mississippi": 0.9274090127588783, "Missouri": 0.9532782492085804, "Montana": 0.9696216324047046, "Nebraska": 0.923027187954072, "Nevada": 0.7203195446103206, "New Hampshire": 0.9091024762324152, "New Jersey": 0.8869736116304294, "New Mexico": 0.9687833981011593, "New York": 0.8496017037253741, "North Carolina": 0.9478577671993358, "North Dakota": 0.9491182561460709, "Ohio": 0.8992105585371961, "Oklahoma": 0.9583806544781013, "Oregon": 0.9272248862824849, "Pennsylvania": 0.9116323395428123, "Rhode Island": 0.8776367159990214, "South Carolina": 0.9194745732520216, "South Dakota": 0.9104918743817522, "Tennessee": 0.9418116524137602, "Texas": 0.968397160041199, "Utah": 0.9099569675391095, "Vermont": 0.919300084993584, "Virginia": 0.8907126848583622, "Washington": 0.9282172072947762, "West Virginia": 0.9578264022770314, "Wisconsin": 0.8484393451043605, "Wyoming": 0.8218877193373882}