{"Alabama": 0.9154243937459069, "Alaska": 0.9135407806538333, "Arizona": 0.9318429048376402, "Arkansas": 0.8847324102815222, "California": 0.8996475372217279, "Colorado": 0.9090733337010982, "Connecticut": 0.8685896262585613, "Delaware": 0.8883231750298173, "Florida": 0.9239712464205225, "Georgia": 0.9358553064738733, "Hawaii": 0.8531501519177664, "Idaho": 0.9409503823424462, "Illinois": 0.9100543252643015, "Indiana": 0.8504876925913433, "Iowa": 0.8460563445840569, "Kansas": 0.9019096908724856, "Kentucky": 0.9147970249437776, "Maine": 0.9583296321376414, "Maryland": 0.9064513448753708, "Massachusetts": 0.8585252924303493, "Michigan": 0.9094934368774699, "Minnesota": 0.9002240414283638, "Mississippi": 0.9179957675205216, "Missouri": 0.9463428547181616, "Montana": 0.9259058591369785, "Nebraska": 0.9026837480688864, "Nevada": 0.7089080220886381, "New Hampshire": 0.9311799809350318, "New Jersey": 0.8936746385089587, "New Mexico": 0.954632148994466, "New York": 0.8520947358700569, "North Carolina": 0.9402933133924577, "North Dakota": 0.871094416209275, "Ohio": 0.9071420026416219, "Oklahoma": 0.9401411623467302, "Oregon": 0.9337308492282489, "Pennsylvania": 0.9189540320815499, "Rhode Island": 0.8906285041713878, "South Carolina": 0.9177736070889728, "South Dakota": 0.8670216299095574, "Tennessee": 0.9366150434080377, "Texas": 0.9728730813920586, "Utah": 0.9200228754763438, "Vermont": 0.9302689894935589, "Virginia": 0.8954254641243038, "Washington": 0.9395062911050818, "West Virginia": 0.9549305954052285, "Wisconsin": 0.8342793921407079, "Wyoming": 0.7905652239502207}