{"Alabama": 0.9235030634183645, "Alaska": 0.9218572245308242, "Arizona": 0.92147891721488, "Arkansas": 0.9006612049414973, "California": 0.8912760061041262, "Colorado": 0.8998001676861769, "Connecticut": 0.8586701386355363, "Delaware": 0.8785379054506023, "Florida": 0.9175953947855617, "Georgia": 0.9352403726558542, "Hawaii": 0.8654460550495596, "Idaho": 0.93997272016378, "Illinois": 0.9097012650911691, "Indiana": 0.875738169492108, "Iowa": 0.8578413385415946, "Kansas": 0.9113440761909899, "Kentucky": 0.927597413263946, "Maine": 0.9601517329492061, "Maryland": 0.9026357735673798, "Massachusetts": 0.8543193679840894, "Michigan": 0.9260776564680713, "Minnesota": 0.8968871427783076, "Mississippi": 0.926888646069452, "Missouri": 0.9479447147208839, "Montana": 0.9271943008225367, "Nebraska": 0.9027903013139877, "Nevada": 0.7106953852871342, "New Hampshire": 0.9321050430368738, "New Jersey": 0.8886382191108424, "New Mexico": 0.9499945242230421, "New York": 0.8547765061866505, "North Carolina": 0.9461497401611592, "North Dakota": 0.8816969535508442, "Ohio": 0.9195946836848502, "Oklahoma": 0.9482465965409659, "Oregon": 0.9295521886223072, "Pennsylvania": 0.9196594753203899, "Rhode Island": 0.8917921789822553, "South Carolina": 0.9208819995114038, "South Dakota": 0.8733057367213886, "Tennessee": 0.9439435651807095, "Texas": 0.9714488141996955, "Utah": 0.9065188538964108, "Vermont": 0.9333467842064456, "Virginia": 0.8830477542956544, "Washington": 0.9313286838167977, "West Virginia": 0.952544400243684, "Wisconsin": 0.8488107339514429, "Wyoming": 0.8212454270396886}