{"Alabama": 0.9320553082666985, "Alaska": 0.9218683310596787, "Arizona": 0.9135386381687707, "Arkansas": 0.9331056303796479, "California": 0.8836339290125799, "Colorado": 0.8980526783678323, "Connecticut": 0.8338696309302366, "Delaware": 0.8714873328685986, "Florida": 0.9261448195671108, "Georgia": 0.9320929810766097, "Hawaii": 0.8859777447072446, "Idaho": 0.9622664707373252, "Illinois": 0.9060374823171681, "Indiana": 0.8738780035233196, "Iowa": 0.893069610975425, "Kansas": 0.9329643173177019, "Kentucky": 0.9515887006545848, "Maine": 0.9567391729558308, "Maryland": 0.9091992284936634, "Massachusetts": 0.8437569886392031, "Michigan": 0.9088348070228974, "Minnesota": 0.8966738625758517, "Mississippi": 0.939348164011658, "Missouri": 0.9546252075722338, "Montana": 0.9701070660988524, "Nebraska": 0.9256001256892683, "Nevada": 0.7219405475775542, "New Hampshire": 0.911675213523179, "New Jersey": 0.8842704724983727, "New Mexico": 0.9640266092247236, "New York": 0.854254275488017, "North Carolina": 0.952855566294277, "North Dakota": 0.9539106875049758, "Ohio": 0.9139713952669694, "Oklahoma": 0.9673684121584187, "Oregon": 0.9284488601253408, "Pennsylvania": 0.9136817663504386, "Rhode Island": 0.881180250419684, "South Carolina": 0.9239703116634557, "South Dakota": 0.9170369451003246, "Tennessee": 0.948684036626307, "Texas": 0.9677346096984724, "Utah": 0.8979624473376573, "Vermont": 0.9245783879716116, "Virginia": 0.8791321720018374, "Washington": 0.9213456318981242, "West Virginia": 0.9560664329258108, "Wisconsin": 0.8671946375836351, "Wyoming": 0.8501862983409592}