{"Alabama": 0.9225170623209958, "Alaska": 0.9240658559856212, "Arizona": 0.9227482364892068, "Arkansas": 0.899355698612234, "California": 0.8894839897528798, "Colorado": 0.9008056250682874, "Connecticut": 0.8639204852039961, "Delaware": 0.8865765166773633, "Florida": 0.9171139470670213, "Georgia": 0.9306119286300931, "Hawaii": 0.8640514481165218, "Idaho": 0.93530783532077, "Illinois": 0.911717876169028, "Indiana": 0.8647354843244415, "Iowa": 0.8494107766675931, "Kansas": 0.9152422141522039, "Kentucky": 0.9255916586585727, "Maine": 0.9528758403795369, "Maryland": 0.9038728900687125, "Massachusetts": 0.8644786480335719, "Michigan": 0.9238643478448548, "Minnesota": 0.8987398847674484, "Mississippi": 0.9293359933557999, "Missouri": 0.9457770056115721, "Montana": 0.9263209726095398, "Nebraska": 0.8944135661566133, "Nevada": 0.7016967095318323, "New Hampshire": 0.9316374910143722, "New Jersey": 0.8952948638693131, "New Mexico": 0.9517139767129706, "New York": 0.8648195120519333, "North Carolina": 0.9415920745839188, "North Dakota": 0.8782777035962548, "Ohio": 0.9198792307799557, "Oklahoma": 0.9455883781484573, "Oregon": 0.9267912565374214, "Pennsylvania": 0.9256776547244057, "Rhode Island": 0.8971856008265211, "South Carolina": 0.9155054999099431, "South Dakota": 0.87045954453543, "Tennessee": 0.943628611880108, "Texas": 0.9724083807841692, "Utah": 0.9089593516084485, "Vermont": 0.9306582291460724, "Virginia": 0.8785601367196971, "Washington": 0.9239602575577747, "West Virginia": 0.9546761001224018, "Wisconsin": 0.8451919960577979, "Wyoming": 0.8109876667347036}