{"Alabama": 0.9294578738536701, "Alaska": 0.9246096545255931, "Arizona": 0.9144052685932176, "Arkansas": 0.932997867624827, "California": 0.8817804683202977, "Colorado": 0.8991483634180596, "Connecticut": 0.8392500343755588, "Delaware": 0.8819815706346201, "Florida": 0.925738760039213, "Georgia": 0.9277275844145082, "Hawaii": 0.884968977186928, "Idaho": 0.9597309943832832, "Illinois": 0.908044682443408, "Indiana": 0.8626369643123392, "Iowa": 0.8885018217366708, "Kansas": 0.9400207281611458, "Kentucky": 0.9496825818068131, "Maine": 0.9493652986610018, "Maryland": 0.9101420792410152, "Massachusetts": 0.8544086250291626, "Michigan": 0.9055102905834947, "Minnesota": 0.8989716507064272, "Mississippi": 0.940708406526317, "Missouri": 0.9524903128030143, "Montana": 0.9708587531606824, "Nebraska": 0.9229885233379016, "Nevada": 0.7125179495569446, "New Hampshire": 0.9102294072078293, "New Jersey": 0.8919655729194866, "New Mexico": 0.9661650801190775, "New York": 0.8652014419159546, "North Carolina": 0.9476627325219275, "North Dakota": 0.9523176587025202, "Ohio": 0.9140491325575728, "Oklahoma": 0.9640226322386529, "Oregon": 0.9258007518438355, "Pennsylvania": 0.9201275352977581, "Rhode Island": 0.8866320899268408, "South Carolina": 0.9172300191545217, "South Dakota": 0.9188342251019658, "Tennessee": 0.9471656806616947, "Texas": 0.9685639665221579, "Utah": 0.9011283671250615, "Vermont": 0.9216156747714433, "Virginia": 0.8750434074736573, "Washington": 0.9139680463000001, "West Virginia": 0.958155297234574, "Wisconsin": 0.8654707641620041, "Wyoming": 0.8418687901952951}