{"Alabama": 0.9250626561102706, "Alaska": 0.9247577772346119, "Arizona": 0.9238354572582121, "Arkansas": 0.9081995578764561, "California": 0.8892229354065497, "Colorado": 0.8998238899679666, "Connecticut": 0.8654100020558854, "Delaware": 0.8863496495275504, "Florida": 0.9175135336981628, "Georgia": 0.9312809496239173, "Hawaii": 0.8652290000787508, "Idaho": 0.9303986663947543, "Illinois": 0.9129888784076498, "Indiana": 0.865203004136896, "Iowa": 0.8506066731083692, "Kansas": 0.9147224136724601, "Kentucky": 0.9283582482625711, "Maine": 0.9554469288984105, "Maryland": 0.9036444768358584, "Massachusetts": 0.8664221156363856, "Michigan": 0.91811916459736, "Minnesota": 0.9028111952021469, "Mississippi": 0.9366683016996763, "Missouri": 0.9485992992214206, "Montana": 0.9268492920194507, "Nebraska": 0.8955194997220914, "Nevada": 0.7083503445740192, "New Hampshire": 0.9313302471098112, "New Jersey": 0.895474056050867, "New Mexico": 0.9503359147005442, "New York": 0.8671687672163366, "North Carolina": 0.9420617685715543, "North Dakota": 0.8809830229847267, "Ohio": 0.9221608532218367, "Oklahoma": 0.947847007597407, "Oregon": 0.9272477761207429, "Pennsylvania": 0.9296038027432789, "Rhode Island": 0.9011649315657265, "South Carolina": 0.9149288273897743, "South Dakota": 0.8718035673694641, "Tennessee": 0.9472726366533373, "Texas": 0.9700725184925222, "Utah": 0.9066453324386351, "Vermont": 0.9327706479601291, "Virginia": 0.878105734992361, "Washington": 0.9211202028436013, "West Virginia": 0.9544693500343004, "Wisconsin": 0.8424600735150377, "Wyoming": 0.7980439248623857}