{"Alabama": 0.931520640003817, "Alaska": 0.922098484234947, "Arizona": 0.9160143892409204, "Arkansas": 0.9392894675905644, "California": 0.8812923752680573, "Colorado": 0.8975624695116402, "Connecticut": 0.8411047360486996, "Delaware": 0.8826388723503404, "Florida": 0.9262198400653534, "Georgia": 0.9284049901127218, "Hawaii": 0.8863781389732344, "Idaho": 0.9583640456580399, "Illinois": 0.908926184168311, "Indiana": 0.8611330819541335, "Iowa": 0.889269922173688, "Kansas": 0.9399809070068234, "Kentucky": 0.9519949125581295, "Maine": 0.9523939236985068, "Maryland": 0.9104294077936862, "Massachusetts": 0.8565622433434732, "Michigan": 0.8992702517764449, "Minnesota": 0.9029388441902065, "Mississippi": 0.9455888310928341, "Missouri": 0.954946124436648, "Montana": 0.9714746598658863, "Nebraska": 0.9258399484225046, "Nevada": 0.7191172833836763, "New Hampshire": 0.9098388906349953, "New Jersey": 0.8925915406809116, "New Mexico": 0.9657118076156999, "New York": 0.8679985005237422, "North Carolina": 0.9478462996922782, "North Dakota": 0.950257548141171, "Ohio": 0.9164474012815793, "Oklahoma": 0.9632122747082151, "Oregon": 0.9263612703862794, "Pennsylvania": 0.9242139911989, "Rhode Island": 0.8912193322853803, "South Carolina": 0.9172164311344057, "South Dakota": 0.9216682339674096, "Tennessee": 0.9500324822812514, "Texas": 0.965511608717553, "Utah": 0.8983847171961866, "Vermont": 0.9257791358290709, "Virginia": 0.8745374258503401, "Washington": 0.9104777077155106, "West Virginia": 0.9578891266836651, "Wisconsin": 0.8639295340449898, "Wyoming": 0.8294810538025564}