{"Alabama": 0.916111248741287, "Alaska": 0.9235142903763314, "Arizona": 0.9259544472690667, "Arkansas": 0.9084298437232353, "California": 0.9014168046320467, "Colorado": 0.9062427844609078, "Connecticut": 0.8664427069517613, "Delaware": 0.8779728422841185, "Florida": 0.9136354114987673, "Georgia": 0.9249133417507229, "Hawaii": 0.8601879175485452, "Idaho": 0.9276896812434106, "Illinois": 0.9047247657686652, "Indiana": 0.853319887350266, "Iowa": 0.8439672411890011, "Kansas": 0.91567355401333, "Kentucky": 0.917044998238742, "Maine": 0.9545708856558053, "Maryland": 0.9028797038057228, "Massachusetts": 0.8620385672042482, "Michigan": 0.9079827796417964, "Minnesota": 0.8967947001580134, "Mississippi": 0.931515516582987, "Missouri": 0.9422407425937713, "Montana": 0.9282657046372728, "Nebraska": 0.8953886909455553, "Nevada": 0.716133977098646, "New Hampshire": 0.9276657985190205, "New Jersey": 0.8933446454505332, "New Mexico": 0.9498188140210105, "New York": 0.8644677727974108, "North Carolina": 0.9366297755401402, "North Dakota": 0.8699131563009916, "Ohio": 0.913830140538493, "Oklahoma": 0.9316960755369701, "Oregon": 0.9235580362383408, "Pennsylvania": 0.9261146504062454, "Rhode Island": 0.8996498321391619, "South Carolina": 0.9066903621005172, "South Dakota": 0.8586215057893679, "Tennessee": 0.9379457013021919, "Texas": 0.9700787561992265, "Utah": 0.9091686177680238, "Vermont": 0.9273691706619045, "Virginia": 0.8804356505473052, "Washington": 0.9193346469956737, "West Virginia": 0.9523970189848113, "Wisconsin": 0.8310479258391592, "Wyoming": 0.7886439192158459}