{"Alabama": 0.9212727248579747, "Alaska": 0.92071465991072, "Arizona": 0.9177184099399835, "Arkansas": 0.9351378877060901, "California": 0.8940850703338347, "Colorado": 0.9038846370349878, "Connecticut": 0.8417908304339708, "Delaware": 0.8737244633531267, "Florida": 0.9224779977572988, "Georgia": 0.9212282869550671, "Hawaii": 0.8806511040791365, "Idaho": 0.9562014163008641, "Illinois": 0.8994094673075191, "Indiana": 0.8470885056406496, "Iowa": 0.8807493927304797, "Kansas": 0.9402868433123674, "Kentucky": 0.9400992588446336, "Maine": 0.9518157765132292, "Maryland": 0.9106456726116258, "Massachusetts": 0.852257344815627, "Michigan": 0.8871571106743891, "Minnesota": 0.896528653828605, "Mississippi": 0.9386356004053124, "Missouri": 0.9484294674372027, "Montana": 0.9740399112984468, "Nebraska": 0.9234099937396505, "Nevada": 0.7266120332487421, "New Hampshire": 0.9074231532581603, "New Jersey": 0.8904188557526617, "New Mexico": 0.9675019343956026, "New York": 0.8651998504156865, "North Carolina": 0.940930231606106, "North Dakota": 0.9342459609883441, "Ohio": 0.9077326767173939, "Oklahoma": 0.9448880654149324, "Oregon": 0.9209448356797606, "Pennsylvania": 0.9200315209834015, "Rhode Island": 0.8896494863701911, "South Carolina": 0.9076243123605268, "South Dakota": 0.9130456482600102, "Tennessee": 0.9393498061333821, "Texas": 0.9651901521843297, "Utah": 0.9007240492161857, "Vermont": 0.9227179328836205, "Virginia": 0.8769730990399495, "Washington": 0.9095444998277793, "West Virginia": 0.9567039121163657, "Wisconsin": 0.8503556420108088, "Wyoming": 0.8222831607034699}