{"Alabama": 0.916781972040562, "Alaska": 0.9230908450913196, "Arizona": 0.9168976636162057, "Arkansas": 0.9352848801068745, "California": 0.8991858700723182, "Colorado": 0.903062243795536, "Connecticut": 0.8464225158809439, "Delaware": 0.8731432188042892, "Florida": 0.9219470958712381, "Georgia": 0.9201021770941695, "Hawaii": 0.882319359829511, "Idaho": 0.9553902262017928, "Illinois": 0.8979527817206568, "Indiana": 0.8436464713747196, "Iowa": 0.8802959883658603, "Kansas": 0.9399744556131039, "Kentucky": 0.9344898288690943, "Maine": 0.9460871003875215, "Maryland": 0.9131637410654694, "Massachusetts": 0.8533404877916557, "Michigan": 0.881438990256676, "Minnesota": 0.8960599544832758, "Mississippi": 0.9395759059407882, "Missouri": 0.9474117220056795, "Montana": 0.9715004885564493, "Nebraska": 0.9232498837212609, "Nevada": 0.7350024837335113, "New Hampshire": 0.9084410131413637, "New Jersey": 0.8912491309539247, "New Mexico": 0.9679127509679074, "New York": 0.8666983269943247, "North Carolina": 0.940256564760707, "North Dakota": 0.9289378246852593, "Ohio": 0.9067460389382369, "Oklahoma": 0.9390414389858988, "Oregon": 0.9215392394624966, "Pennsylvania": 0.9197691377396477, "Rhode Island": 0.8871785885192114, "South Carolina": 0.9067839227787987, "South Dakota": 0.9106583214265935, "Tennessee": 0.9353417758837627, "Texas": 0.9633403616872674, "Utah": 0.9004959741005051, "Vermont": 0.924022090513188, "Virginia": 0.8805518730629619, "Washington": 0.9125510738383938, "West Virginia": 0.9558008172922604, "Wisconsin": 0.8517778667282159, "Wyoming": 0.8329653962291931}