{"Alabama": 0.9115363530528712, "Alaska": 0.9272666618090379, "Arizona": 0.9242030200899694, "Arkansas": 0.9074583224884332, "California": 0.9061009896827288, "Colorado": 0.9049115878935391, "Connecticut": 0.8702450345996157, "Delaware": 0.876654298230701, "Florida": 0.9131074711324014, "Georgia": 0.9242036334575139, "Hawaii": 0.8619524055577502, "Idaho": 0.9273404974023196, "Illinois": 0.9037192340705186, "Indiana": 0.8493733225259784, "Iowa": 0.8399614373350968, "Kansas": 0.9165993874647027, "Kentucky": 0.9117026014490626, "Maine": 0.9485863949747683, "Maryland": 0.9047207242826499, "Massachusetts": 0.8625905516445157, "Michigan": 0.9025694625970792, "Minnesota": 0.8966185188191281, "Mississippi": 0.9331593204879939, "Missouri": 0.9408521508285446, "Montana": 0.9249686256004387, "Nebraska": 0.8941824938518274, "Nevada": 0.724840119821407, "New Hampshire": 0.9276949446816307, "New Jersey": 0.894076770375486, "New Mexico": 0.9481971075580923, "New York": 0.8656629655703898, "North Carolina": 0.9367221985313579, "North Dakota": 0.8650485306712197, "Ohio": 0.9130303028870461, "Oklahoma": 0.9252350561310734, "Oregon": 0.9229497335603485, "Pennsylvania": 0.92605778460593, "Rhode Island": 0.8976049459583173, "South Carolina": 0.9062429355306624, "South Dakota": 0.8569825056495224, "Tennessee": 0.934321156195334, "Texas": 0.9682036325744908, "Utah": 0.9090710565043668, "Vermont": 0.9262926518254655, "Virginia": 0.8836440302574492, "Washington": 0.9225507090659216, "West Virginia": 0.9506599459433681, "Wisconsin": 0.8310251861488848, "Wyoming": 0.8000845937116466}