{"Alabama": 0.9118023197513709, "Alaska": 0.9199413170435053, "Arizona": 0.9140917249530456, "Arkansas": 0.9347049074256291, "California": 0.8987451062510947, "Colorado": 0.9059929816861734, "Connecticut": 0.8489537381834764, "Delaware": 0.8672369885826041, "Florida": 0.9208906342806625, "Georgia": 0.9152039023492649, "Hawaii": 0.8802229805735845, "Idaho": 0.9553623216589193, "Illinois": 0.8972546545639603, "Indiana": 0.8361698337217246, "Iowa": 0.8817734112051978, "Kansas": 0.941555736638782, "Kentucky": 0.9300000865470616, "Maine": 0.9456492791455879, "Maryland": 0.9106427350936652, "Massachusetts": 0.8516693839161222, "Michigan": 0.8758647003958852, "Minnesota": 0.8957836743852388, "Mississippi": 0.9353536523363273, "Missouri": 0.944892878164096, "Montana": 0.970059596139035, "Nebraska": 0.9221002673926916, "Nevada": 0.7372898282771434, "New Hampshire": 0.9081532712377328, "New Jersey": 0.8891026646830267, "New Mexico": 0.9655869306316609, "New York": 0.8653255023083004, "North Carolina": 0.936906189026352, "North Dakota": 0.9200331330597875, "Ohio": 0.9054328171300511, "Oklahoma": 0.9311049952092936, "Oregon": 0.9220328418188917, "Pennsylvania": 0.9185241170861007, "Rhode Island": 0.885934649598546, "South Carolina": 0.9031911814451025, "South Dakota": 0.9081134109758704, "Tennessee": 0.931223890762368, "Texas": 0.9620697490314911, "Utah": 0.8979688268109937, "Vermont": 0.9266791196833456, "Virginia": 0.8824067723705032, "Washington": 0.9142866922068437, "West Virginia": 0.9560437361651088, "Wisconsin": 0.8504004654395091, "Wyoming": 0.8244729691938105}