{"Alabama": 0.9084701707553896, "Alaska": 0.9251977482869244, "Arizona": 0.9206383920749114, "Arkansas": 0.9078052552013488, "California": 0.9054905369293516, "Colorado": 0.907906381065943, "Connecticut": 0.8712096841628819, "Delaware": 0.8713007876333163, "Florida": 0.9122852877504123, "Georgia": 0.9197123470535823, "Hawaii": 0.8601935021216498, "Idaho": 0.9266850127458591, "Illinois": 0.9029516801846239, "Indiana": 0.8411594959721138, "Iowa": 0.8451162410808568, "Kansas": 0.9165464192304503, "Kentucky": 0.9071105841094113, "Maine": 0.9480939065393885, "Maryland": 0.9016675257949667, "Massachusetts": 0.860414240968118, "Michigan": 0.8965329111976489, "Minnesota": 0.8963537359315688, "Mississippi": 0.9261946617147926, "Missouri": 0.9393269416747669, "Montana": 0.9262139229134025, "Nebraska": 0.894369745594286, "Nevada": 0.7271894364101897, "New Hampshire": 0.9261291454468096, "New Jersey": 0.892237109522944, "New Mexico": 0.9460112134619423, "New York": 0.8639368499219572, "North Carolina": 0.9336157296677037, "North Dakota": 0.8595985765277546, "Ohio": 0.9114036826076536, "Oklahoma": 0.9196879235769253, "Oregon": 0.9233381498824225, "Pennsylvania": 0.9245292168823995, "Rhode Island": 0.8962812460794699, "South Carolina": 0.9032453987723373, "South Dakota": 0.8564889216102989, "Tennessee": 0.9306888034831263, "Texas": 0.9670120218104294, "Utah": 0.9063805333747043, "Vermont": 0.9274102763721158, "Virginia": 0.8852837145060254, "Washington": 0.9232895015461781, "West Virginia": 0.9504930488749882, "Wisconsin": 0.8289423204835574, "Wyoming": 0.7929232192354329}