{"Alabama": 0.9390402252328627, "Alaska": 0.7189647954692109, "Arizona": 0.9178735154291472, "Arkansas": 0.9313181928646416, "California": 0.9400808592610148, "Colorado": 0.895492903491807, "Connecticut": 0.9310078669644187, "Delaware": 0.9012213769267071, "Florida": 0.8916601567880198, "Georgia": 0.9378337355346068, "Hawaii": 0.778331802322126, "Idaho": 0.9499187505246237, "Illinois": 0.9649002268727483, "Indiana": 0.9028316525856467, "Iowa": 0.9764328936301929, "Kansas": 0.9863705358428448, "Kentucky": 0.9701314831462402, "Louisiana": 0.9321879253733655, "Maine": 0.9498633748074167, "Maryland": 0.9032108103462562, "Massachusetts": 0.9213224028120114, "Michigan": 0.9136784685421168, "Minnesota": 0.9892702956553487, "Mississippi": 0.9210081630090133, "Montana": 0.8983321967442874, "Nebraska": 0.9737075267816456, "Nevada": 0.5832919509900425, "New Hampshire": 0.9578973713645709, "New Jersey": 0.9169670606952866, "New Mexico": 0.9076133982502214, "New York": 0.8939269269476653, "North Carolina": 0.9084347093137685, "North Dakota": 0.9223495650051198, "Ohio": 0.9590136445317528, "Oklahoma": 0.952052626944464, "Oregon": 0.9726861709291822, "Pennsylvania": 0.9762050004745334, "Rhode Island": 0.9330311964849909, "South Carolina": 0.8876150892258362, "South Dakota": 0.9627652951895436, "Tennessee": 0.961176657244937, "Texas": 0.956403166365931, "Utah": 0.9600523588368053, "Vermont": 0.9537405609763319, "Virginia": 0.9338528276662187, "Washington": 0.972775470579387, "West Virginia": 0.9328904779243045, "Wisconsin": 0.9372753680674398, "Wyoming": 0.7396893678680849}