{"Alabama": 0.9424898354152828, "Alaska": 0.7481411541415758, "Arizona": 0.9156571927327114, "Arkansas": 0.9323492889887427, "California": 0.9352134349481033, "Colorado": 0.8865835655371932, "Connecticut": 0.9296853549123538, "Delaware": 0.9012325394441086, "Florida": 0.8776959995761388, "Georgia": 0.9386599870885566, "Hawaii": 0.7827346809605239, "Idaho": 0.9561827461213643, "Illinois": 0.9638622772622494, "Indiana": 0.8982886919933233, "Iowa": 0.9741388934990678, "Kansas": 0.9858659885088161, "Kentucky": 0.969395114396502, "Louisiana": 0.9414667109894767, "Maine": 0.9512558467741302, "Maryland": 0.8982297840935137, "Massachusetts": 0.9156247849263888, "Michigan": 0.9102081305787443, "Minnesota": 0.988572553239667, "Mississippi": 0.9188848253478491, "Montana": 0.9058703430801204, "Nebraska": 0.9743821377346088, "Nevada": 0.5776111515735373, "New Hampshire": 0.9590289217005733, "New Jersey": 0.9114492513667806, "New Mexico": 0.9119771578873348, "New York": 0.8879604038029133, "North Carolina": 0.9220751580629537, "North Dakota": 0.9252472742573374, "Ohio": 0.9585518322822238, "Oklahoma": 0.9542031670819023, "Oregon": 0.9771534972871252, "Pennsylvania": 0.9744240223457686, "Rhode Island": 0.9340162201288484, "South Carolina": 0.8956091322397616, "South Dakota": 0.96262182396936, "Tennessee": 0.9588594531439024, "Texas": 0.954699272907959, "Utah": 0.9605553139570052, "Vermont": 0.9499037939571698, "Virginia": 0.9247660274840983, "Washington": 0.9739914816620322, "West Virginia": 0.9383608679621388, "Wisconsin": 0.9368642516410799, "Wyoming": 0.751603575815334}