{"Alabama": 0.9452347098543638, "Alaska": 0.7612349420558019, "Arizona": 0.9131775662525671, "Arkansas": 0.9321481175906828, "California": 0.9371280856009092, "Colorado": 0.883736134212497, "Connecticut": 0.9285193915510277, "Delaware": 0.8980959930964286, "Florida": 0.8716947692978698, "Georgia": 0.9427619459479974, "Hawaii": 0.7883323510233938, "Idaho": 0.9607950442977929, "Illinois": 0.963925620435429, "Indiana": 0.8951727680174211, "Iowa": 0.970653326619585, "Kansas": 0.9855066814749796, "Kentucky": 0.9661412817009508, "Louisiana": 0.9427793786764455, "Maine": 0.953469238688076, "Maryland": 0.9002241310695333, "Massachusetts": 0.9105499212458765, "Michigan": 0.9097821209055033, "Minnesota": 0.9870734950779042, "Mississippi": 0.924806802368705, "Montana": 0.9104220116715024, "Nebraska": 0.9761570420493945, "Nevada": 0.5894734477132103, "New Hampshire": 0.9569502141560781, "New Jersey": 0.9151122574648899, "New Mexico": 0.9139202645938632, "New York": 0.8878010517353778, "North Carolina": 0.9313251585052695, "North Dakota": 0.9296498985726399, "Ohio": 0.9577840502894887, "Oklahoma": 0.9581283284417935, "Oregon": 0.9773494668174417, "Pennsylvania": 0.9727025211584387, "Rhode Island": 0.9368666873642105, "South Carolina": 0.9039274793428276, "South Dakota": 0.9618861157007741, "Tennessee": 0.9588023042662098, "Texas": 0.9555811338989227, "Utah": 0.9615226081947063, "Vermont": 0.9471914077814312, "Virginia": 0.919502665978243, "Washington": 0.9739561345279936, "West Virginia": 0.9410382147909472, "Wisconsin": 0.9351592165524145, "Wyoming": 0.751627862401927}