{"Alabama": 0.8376536720826795, "Alaska": 0.7797195096144834, "Arizona": 0.914660284875489, "Arkansas": 0.9289729213972582, "California": 0.9346273126013749, "Colorado": 0.8867224276380259, "Connecticut": 0.9282648566725559, "Delaware": 0.883678247901153, "Florida": 0.8971372756464728, "Georgia": 0.9409801861958823, "Hawaii": 0.7685155253682239, "Idaho": 0.964202665262128, "Illinois": 0.9641417909198886, "Indiana": 0.9019834042716546, "Iowa": 0.9669058406666091, "Kansas": 0.9804222562848435, "Kentucky": 0.9653486649886701, "Louisiana": 0.9478341267255487, "Maine": 0.9597427494096533, "Maryland": 0.9052650284950864, "Massachusetts": 0.9088313264499653, "Michigan": 0.9166218125081251, "Minnesota": 0.9888671034904942, "Mississippi": 0.9316140868403818, "Montana": 0.9212071931202058, "Nebraska": 0.9729855805517783, "Nevada": 0.6153645447506695, "New Hampshire": 0.9546536459620494, "New Jersey": 0.9178789446366962, "New Mexico": 0.917151327602616, "New York": 0.8955290891446056, "North Carolina": 0.9301585938458508, "North Dakota": 0.9442161607769327, "Ohio": 0.960958837918604, "Oklahoma": 0.9510352501450722, "Oregon": 0.9746690360114092, "Pennsylvania": 0.9723200852387509, "Rhode Island": 0.9211720953687963, "South Carolina": 0.9101515475466015, "South Dakota": 0.9654280763940839, "Tennessee": 0.959112576377115, "Texas": 0.9559834073442357, "Utah": 0.9603590586378633, "Vermont": 0.9427852453429483, "Virginia": 0.9172713676107467, "Washington": 0.9727799795012041, "West Virginia": 0.9381743897039321, "Wisconsin": 0.937957258948658, "Wyoming": 0.6783876691290949}