{"Alabama": 0.949398381347135, "Alaska": 0.7654602668269, "Arizona": 0.9196498980715738, "Arkansas": 0.9322360451056209, "California": 0.9376981596163316, "Colorado": 0.8980165347367141, "Connecticut": 0.9300795917814082, "Delaware": 0.8936272475548256, "Florida": 0.9034664432377693, "Georgia": 0.9438083242125884, "Hawaii": 0.7855500313412207, "Idaho": 0.9668217740961239, "Illinois": 0.9675483882918222, "Indiana": 0.902876961527813, "Iowa": 0.9687537219812594, "Kansas": 0.9825893169534917, "Kentucky": 0.9690640209130019, "Louisiana": 0.9545251225990344, "Maine": 0.9609879301124435, "Maryland": 0.9074024561127125, "Massachusetts": 0.9141004892310844, "Michigan": 0.9248185579382523, "Minnesota": 0.9891789383739863, "Mississippi": 0.9376013479450697, "Montana": 0.9279495133967343, "Nebraska": 0.9736628421766356, "Nevada": 0.6394598871403028, "New Hampshire": 0.9629769829704822, "New Jersey": 0.924128530014249, "New Mexico": 0.927766482020497, "New York": 0.9001608432932346, "North Carolina": 0.9490945708979824, "North Dakota": 0.9525191755297009, "Ohio": 0.9674938157463429, "Oklahoma": 0.9563595856680644, "Oregon": 0.9776862568677114, "Pennsylvania": 0.9734936802177928, "Rhode Island": 0.8523336591406262, "South Carolina": 0.920126017816139, "South Dakota": 0.9674473156038702, "Tennessee": 0.9591655360666715, "Texas": 0.9604194610824967, "Utah": 0.9634553797850091, "Vermont": 0.8719034664653148, "Virginia": 0.9193270875818742, "Washington": 0.9749861731297559, "West Virginia": 0.9416660817457547, "Wisconsin": 0.9442447134381133, "Wyoming": 0.6059866357392204}