{"Alabama": 0.9600170991815863, "Alaska": 0.8123616555267542, "Arizona": 0.9021706056573655, "Arkansas": 0.9395136429782491, "California": 0.9358861175434474, "Colorado": 0.8859498989826061, "Connecticut": 0.9338229261207042, "Delaware": 0.9088527988310057, "Florida": 0.8605256491414259, "Georgia": 0.9566774622372994, "Hawaii": 0.7780886000158743, "Idaho": 0.9598044898888499, "Illinois": 0.9626775632151804, "Indiana": 0.9247022396508352, "Iowa": 0.9627589088748022, "Kansas": 0.9818728186934277, "Kentucky": 0.9694140239550761, "Louisiana": 0.9536214833388773, "Maine": 0.9580459292276973, "Maryland": 0.8721430955632217, "Massachusetts": 0.9015546622626448, "Michigan": 0.9616361918039774, "Minnesota": 0.9893402956970032, "Mississippi": 0.9493185448581641, "Montana": 0.8790123085150351, "Nebraska": 0.9759652340115151, "Nevada": 0.6241167604834252, "New Hampshire": 0.9654330986989423, "New Jersey": 0.9229935270332338, "New Mexico": 0.8962784070060823, "New York": 0.8792978373008453, "North Carolina": 0.9666109816116671, "North Dakota": 0.8993383087408967, "Ohio": 0.9726806071159367, "Oklahoma": 0.9482203754161378, "Oregon": 0.9899645866541208, "Pennsylvania": 0.9700234444295266, "Rhode Island": 0.9421874353212957, "South Carolina": 0.9433940519074703, "South Dakota": 0.9389828275976847, "Tennessee": 0.9676085413088675, "Texas": 0.9590940093402692, "Utah": 0.960390821394386, "Vermont": 0.9577308324628004, "Virginia": 0.9058680857452516, "Washington": 0.9755988049368565, "West Virginia": 0.9373838295856928, "Wisconsin": 0.9481034173403463, "Wyoming": 0.7180122994231434}