{"Alabama": 0.9581496820373122, "Alaska": 0.8367524216915736, "Arizona": 0.9237823788137897, "Arkansas": 0.938893654990007, "California": 0.9382958046484425, "Colorado": 0.9045352124012376, "Connecticut": 0.9362814211949321, "Delaware": 0.9097836398105225, "Florida": 0.9016300050503437, "Georgia": 0.9458144547665487, "Hawaii": 0.8277025650216985, "Idaho": 0.9668237379890084, "Illinois": 0.9687911560775301, "Indiana": 0.9071462529783461, "Iowa": 0.9674754629161003, "Kansas": 0.9832067815327984, "Kentucky": 0.9724697866452658, "Louisiana": 0.9603723961762791, "Maine": 0.9604733419569806, "Maryland": 0.9057304653533514, "Massachusetts": 0.9148166141376124, "Michigan": 0.9415557020981346, "Minnesota": 0.9887820754292698, "Mississippi": 0.9434645398568647, "Montana": 0.9291041704677921, "Nebraska": 0.9678980678207979, "Nevada": 0.6672560299354318, "New Hampshire": 0.9670589010175354, "New Jersey": 0.9284706138650223, "New Mexico": 0.9310949682035157, "New York": 0.8994755119836678, "North Carolina": 0.9665964390124316, "North Dakota": 0.9564740122217276, "Ohio": 0.9733241546178094, "Oklahoma": 0.9536515560984998, "Oregon": 0.9816890248639152, "Pennsylvania": 0.9738072575631908, "Rhode Island": 0.8556694883663538, "South Carolina": 0.9325851577594112, "South Dakota": 0.9686690992074092, "Tennessee": 0.9662894210566927, "Texas": 0.961887949456405, "Utah": 0.9648325334489668, "Vermont": 0.9527068279748744, "Virginia": 0.9101392366331338, "Washington": 0.9766678720572843, "West Virginia": 0.9402426308436347, "Wisconsin": 0.9504351705252596, "Wyoming": 0.7104384433510709}