{"Alabama": 0.9575162559567144, "Alaska": 0.8171189723686517, "Arizona": 0.895239775656315, "Arkansas": 0.9416693521902125, "California": 0.9321468274590681, "Colorado": 0.8857065833882414, "Connecticut": 0.9344049983106535, "Delaware": 0.8199381672694201, "Florida": 0.8602731407726459, "Georgia": 0.9547472082242173, "Hawaii": 0.7883559313728242, "Idaho": 0.9549315350329579, "Illinois": 0.9619472179894263, "Indiana": 0.921015932070763, "Iowa": 0.9568271403365822, "Kansas": 0.978136321439138, "Kentucky": 0.9687607045820695, "Louisiana": 0.9548488708601077, "Maine": 0.9560943615971225, "Maryland": 0.8732982650310182, "Massachusetts": 0.8989715395215155, "Michigan": 0.9623583378803588, "Minnesota": 0.9878866189893124, "Mississippi": 0.9496449574258699, "Montana": 0.882423803965304, "Nebraska": 0.9735170821315392, "Nevada": 0.6297881708754616, "New Hampshire": 0.9660984962951863, "New Jersey": 0.9240995000648218, "New Mexico": 0.8997163116003518, "New York": 0.8774403408785038, "North Carolina": 0.9695097335310597, "North Dakota": 0.9051803582699933, "Ohio": 0.970299648645421, "Oklahoma": 0.9470628906287889, "Oregon": 0.9903003004872795, "Pennsylvania": 0.9673724871799774, "Rhode Island": 0.9399667799121768, "South Carolina": 0.9446597948859492, "South Dakota": 0.9393750007418308, "Tennessee": 0.96818677972252, "Texas": 0.958371053223783, "Utah": 0.955390760912021, "Vermont": 0.9565354388609081, "Virginia": 0.9027685995652404, "Washington": 0.9761053059011817, "West Virginia": 0.9333936525184295, "Wisconsin": 0.9438998530354304, "Wyoming": 0.7020427252553137}