{"Alabama": 0.9573202406330088, "Alaska": 0.8393966775858045, "Arizona": 0.917360457558468, "Arkansas": 0.9419545308393353, "California": 0.9365293025802268, "Colorado": 0.9047304951582266, "Connecticut": 0.9370210948902822, "Delaware": 0.8099006484336945, "Florida": 0.9010213136542874, "Georgia": 0.9455325507211881, "Hawaii": 0.837440272713996, "Idaho": 0.9600508779436429, "Illinois": 0.9678268997647685, "Indiana": 0.9043232008972901, "Iowa": 0.9629195262525515, "Kansas": 0.9801691461499288, "Kentucky": 0.9705009990615627, "Louisiana": 0.9606071247490516, "Maine": 0.9589099016208245, "Maryland": 0.9069383302580807, "Massachusetts": 0.9120572765395799, "Michigan": 0.9448914876925316, "Minnesota": 0.9872798324862332, "Mississippi": 0.9445275642619821, "Montana": 0.9290396936278565, "Nebraska": 0.9661599712920933, "Nevada": 0.6713228159831143, "New Hampshire": 0.9668934718467433, "New Jersey": 0.9303932351843077, "New Mexico": 0.9325103808492293, "New York": 0.8979491536815526, "North Carolina": 0.9717740686800723, "North Dakota": 0.9591716965183612, "Ohio": 0.9711075985465942, "Oklahoma": 0.951398941109131, "Oregon": 0.9813817809842024, "Pennsylvania": 0.9710423045023648, "Rhode Island": 0.9482931413309167, "South Carolina": 0.9370617387312213, "South Dakota": 0.9671177776270659, "Tennessee": 0.9670883568267294, "Texas": 0.9610545061031114, "Utah": 0.9596431669617228, "Vermont": 0.9514326687259151, "Virginia": 0.9092238230328104, "Washington": 0.9763480442923783, "West Virginia": 0.9364607789375577, "Wisconsin": 0.9468040295181445, "Wyoming": 0.7365905345853034}