{"Alabama": 0.9572363506926507, "Alaska": 0.8177772896357506, "Arizona": 0.8954808597150874, "Arkansas": 0.9442786197585642, "California": 0.929698776352694, "Colorado": 0.8859654485612474, "Connecticut": 0.9351556185495633, "Delaware": 0.9162783665354644, "Florida": 0.8726202793730014, "Georgia": 0.9551780661950127, "Hawaii": 0.7949389607028104, "Idaho": 0.9494825671200068, "Illinois": 0.9633971588077067, "Indiana": 0.921648991936626, "Iowa": 0.9544521521733971, "Kansas": 0.9756373351954511, "Kentucky": 0.9678666382507275, "Louisiana": 0.9505770978422131, "Maine": 0.9560307459202654, "Maryland": 0.8750418856993016, "Massachusetts": 0.8985680783458913, "Michigan": 0.963937748565024, "Minnesota": 0.9847623336590305, "Mississippi": 0.9531025225060616, "Montana": 0.8861768031113347, "Nebraska": 0.973507131863641, "Nevada": 0.6426944201809943, "New Hampshire": 0.9668331196385134, "New Jersey": 0.9259220893377875, "New Mexico": 0.8968278192591563, "New York": 0.87595297545665, "North Carolina": 0.9745073021644814, "North Dakota": 0.9080996961100448, "Ohio": 0.970093035903473, "Oklahoma": 0.9416224003962108, "Oregon": 0.9908022021866494, "Pennsylvania": 0.9653203862775347, "Rhode Island": 0.9375942069961363, "South Carolina": 0.9469564102479742, "South Dakota": 0.9413964344792648, "Tennessee": 0.9731344430550554, "Texas": 0.9562479456072954, "Utah": 0.9481845458154524, "Vermont": 0.9546580698555075, "Virginia": 0.9004130202951277, "Washington": 0.9762764709463647, "West Virginia": 0.9284118861053504, "Wisconsin": 0.9410874724016978, "Wyoming": 0.6664425638948039}