{"Alabama": 0.9581396581529706, "Alaska": 0.8319075444908465, "Arizona": 0.925941320713744, "Arkansas": 0.9522758810342655, "California": 0.9344445184085215, "Colorado": 0.9033550394801446, "Connecticut": 0.933957330764022, "Delaware": 0.9267171451574234, "Florida": 0.9238116634301589, "Georgia": 0.9521701023920924, "Hawaii": 0.8502655376888993, "Idaho": 0.9558781298369861, "Illinois": 0.9700440351430625, "Indiana": 0.9090921831919705, "Iowa": 0.9576393732300401, "Kansas": 0.9747188394737499, "Kentucky": 0.9718227324746087, "Louisiana": 0.9590248523458169, "Maine": 0.9612594969985382, "Maryland": 0.9138433116794211, "Massachusetts": 0.9074295844722149, "Michigan": 0.9491610937838818, "Minnesota": 0.9804908632422531, "Mississippi": 0.949977241424277, "Montana": 0.9297601099603824, "Nebraska": 0.9690231457299117, "Nevada": 0.692062123504824, "New Hampshire": 0.9647794584832049, "New Jersey": 0.9341284968237382, "New Mexico": 0.9260926083063039, "New York": 0.902184676816835, "North Carolina": 0.9800579483993048, "North Dakota": 0.9581751677183096, "Ohio": 0.9707535627778984, "Oklahoma": 0.9371247079219268, "Oregon": 0.982212364578473, "Pennsylvania": 0.9685223698240668, "Rhode Island": 0.9432414883068807, "South Carolina": 0.9425977287538339, "South Dakota": 0.961538921527671, "Tennessee": 0.9763760812675292, "Texas": 0.9580734918048568, "Utah": 0.9418925881082711, "Vermont": 0.9465557212097563, "Virginia": 0.9059927983401187, "Washington": 0.9692287591536888, "West Virginia": 0.9307283803677681, "Wisconsin": 0.942058296818406, "Wyoming": 0.6913574287598834}