{"Alabama": 0.9589307084135217, "Alaska": 0.8144838815226096, "Arizona": 0.905898971670904, "Arkansas": 0.9496636109082944, "California": 0.9298943789615368, "Colorado": 0.8845598575856223, "Connecticut": 0.9336959032063411, "Delaware": 0.9219215253846755, "Florida": 0.8850275569707674, "Georgia": 0.9561786682100547, "Hawaii": 0.8031191131212062, "Idaho": 0.9538019874711495, "Illinois": 0.9647493297242742, "Indiana": 0.9237571336777626, "Iowa": 0.9506228490687479, "Kansas": 0.9721743841773156, "Kentucky": 0.9694699104391397, "Louisiana": 0.9532203710652761, "Maine": 0.958789373956338, "Maryland": 0.8793169082623559, "Massachusetts": 0.8959066255275561, "Michigan": 0.9655794141678767, "Minnesota": 0.9822195481860156, "Mississippi": 0.9557719166945132, "Montana": 0.8886628408110403, "Nebraska": 0.9734229238739371, "Nevada": 0.6534883961375991, "New Hampshire": 0.9671350724030789, "New Jersey": 0.9232771205472318, "New Mexico": 0.8966176171652401, "New York": 0.8796949387724032, "North Carolina": 0.9770744488929765, "North Dakota": 0.9056394956500284, "Ohio": 0.9713195029086948, "Oklahoma": 0.9355386763147365, "Oregon": 0.9910156455300345, "Pennsylvania": 0.9657850707901516, "Rhode Island": 0.935886877581232, "South Carolina": 0.9463787252690202, "South Dakota": 0.9410556326320595, "Tennessee": 0.9772753967785608, "Texas": 0.9561228925567491, "Utah": 0.940433761192549, "Vermont": 0.9536213036951459, "Virginia": 0.8964534362237007, "Washington": 0.9727776326555017, "West Virginia": 0.9271900318869799, "Wisconsin": 0.9383684021835976, "Wyoming": 0.6573672767038259}