{"Alabama": 0.9585652658673368, "Alaska": 0.804684016747317, "Arizona": 0.9170602715605278, "Arkansas": 0.9487893405162833, "California": 0.9292999634677847, "Colorado": 0.8845849123283059, "Connecticut": 0.9316697844295257, "Delaware": 0.9223140573668469, "Florida": 0.901556648995484, "Georgia": 0.9577378526954453, "Hawaii": 0.8126489636674958, "Idaho": 0.9600408899961286, "Illinois": 0.9660043987901761, "Indiana": 0.9267138403851527, "Iowa": 0.9458598112332343, "Kansas": 0.967730519845398, "Kentucky": 0.9698492661350367, "Louisiana": 0.9463428547181616, "Maine": 0.9722378364643317, "Maryland": 0.8821695598912547, "Massachusetts": 0.8975684211210675, "Michigan": 0.9687390280907197, "Minnesota": 0.979266775700791, "Mississippi": 0.9549034740025584, "Montana": 0.890849924728744, "Nebraska": 0.9727787325939302, "Nevada": 0.6579045605138634, "New Hampshire": 0.9657823163278841, "New Jersey": 0.9250035652320677, "New Mexico": 0.8942351775612875, "New York": 0.8859560332247406, "North Carolina": 0.9789391427702273, "North Dakota": 0.9061485069513258, "Ohio": 0.9714189462222635, "Oklahoma": 0.9156476611818858, "Oregon": 0.9899591554031768, "Pennsylvania": 0.965305348459632, "Rhode Island": 0.93442850324303, "South Carolina": 0.9478561663645584, "South Dakota": 0.9410067994971908, "Tennessee": 0.9797988133515227, "Texas": 0.9480438950661666, "Utah": 0.9432025623832853, "Vermont": 0.953679710122552, "Virginia": 0.8909666571360835, "Washington": 0.9725908107612097, "West Virginia": 0.9135141580434437, "Wisconsin": 0.9346332893119362, "Wyoming": 0.6179429068458782}