{"Alabama": 0.9576541871917079, "Alaska": 0.8247979206856768, "Arizona": 0.9366938087947626, "Arkansas": 0.9520844818019, "California": 0.9345901682685201, "Colorado": 0.9031423331427082, "Connecticut": 0.9299559468903134, "Delaware": 0.9302638777498358, "Florida": 0.9406026023191306, "Georgia": 0.956451502118993, "Hawaii": 0.8602076136063116, "Idaho": 0.963850368787702, "Illinois": 0.9720325704822529, "Indiana": 0.9132998925155902, "Iowa": 0.9540092195048672, "Kansas": 0.9690257279795971, "Kentucky": 0.972050139848475, "Louisiana": 0.9532782492085804, "Maine": 0.9752498280686764, "Maryland": 0.9167866767446742, "Massachusetts": 0.9098211210222897, "Michigan": 0.9542784013977782, "Minnesota": 0.9770675123350715, "Mississippi": 0.9487109045566663, "Montana": 0.93110854623441, "Nebraska": 0.9693523296508311, "Nevada": 0.6960001388510829, "New Hampshire": 0.9618431436279525, "New Jersey": 0.9388837368381534, "New Mexico": 0.9239879403970688, "New York": 0.9106802569565453, "North Carolina": 0.9838702976637808, "North Dakota": 0.9557470273277454, "Ohio": 0.9705710836363269, "Oklahoma": 0.9137847517224523, "Oregon": 0.9808609781164842, "Pennsylvania": 0.968454833592727, "Rhode Island": 0.9422852954862969, "South Carolina": 0.9464760509499343, "South Dakota": 0.9599434980190477, "Tennessee": 0.9795083246833006, "Texas": 0.9498302578969234, "Utah": 0.94531001648667, "Vermont": 0.946164069963119, "Virginia": 0.9016829525949823, "Washington": 0.9666954150954616, "West Virginia": 0.9170337846735285, "Wisconsin": 0.9388530522518936, "Wyoming": 0.6528646070364799}