{"Alabama": 0.9580859509361885, "Alaska": 0.8265430871634664, "Arizona": 0.9265517337128099, "Arkansas": 0.9510402978724655, "California": 0.9288073627938255, "Colorado": 0.8911781226445082, "Connecticut": 0.927193841244265, "Delaware": 0.9221703275351318, "Florida": 0.9103503187229994, "Georgia": 0.9574300516731593, "Hawaii": 0.8359610821634983, "Idaho": 0.966931004943708, "Illinois": 0.9664044898808655, "Indiana": 0.9384774115384158, "Iowa": 0.9492020769475343, "Kansas": 0.9707395275786052, "Kentucky": 0.973338919954596, "Louisiana": 0.947944714720884, "Maine": 0.9746614089921837, "Maryland": 0.8905912859091344, "Massachusetts": 0.8996354021988215, "Michigan": 0.9753300580793589, "Minnesota": 0.9774717366044252, "Mississippi": 0.9561108985413997, "Montana": 0.9078090321679515, "Nebraska": 0.9724248367828288, "Nevada": 0.6705710407081714, "New Hampshire": 0.9654941421069156, "New Jersey": 0.9289646756096744, "New Mexico": 0.9072924810433762, "New York": 0.8985728529748684, "North Carolina": 0.9798257350340754, "North Dakota": 0.9126424262430758, "Ohio": 0.975861598458394, "Oklahoma": 0.9265972614426128, "Oregon": 0.9883254967883428, "Pennsylvania": 0.9658290457298491, "Rhode Island": 0.934790468289673, "South Carolina": 0.9476752616326651, "South Dakota": 0.9434048779481676, "Tennessee": 0.9822057177887592, "Texas": 0.9527419745922655, "Utah": 0.9423982164610563, "Vermont": 0.9538758753518667, "Virginia": 0.8843220300360778, "Washington": 0.9724740793117038, "West Virginia": 0.9172549638219554, "Wisconsin": 0.9388665107262679, "Wyoming": 0.669974281266869}