{"Alabama": 0.9587391608497512, "Alaska": 0.8450887323180352, "Arizona": 0.942086477452178, "Arkansas": 0.9553398297129634, "California": 0.9343805473338048, "Colorado": 0.9073491255958149, "Connecticut": 0.9242670579939016, "Delaware": 0.930959327642396, "Florida": 0.9452874624484064, "Georgia": 0.9601173925284658, "Hawaii": 0.8767579249887846, "Idaho": 0.9716419395120833, "Illinois": 0.9736689840559783, "Indiana": 0.933571654672374, "Iowa": 0.9590440247790857, "Kansas": 0.974214077791135, "Kentucky": 0.9766773833801679, "Louisiana": 0.9546252075722338, "Maine": 0.9780788676368001, "Maryland": 0.9214321821022692, "Massachusetts": 0.9123178721471525, "Michigan": 0.9664756862504852, "Minnesota": 0.9752957474483168, "Mississippi": 0.9526891993363501, "Montana": 0.9437082388702002, "Nebraska": 0.9713783159603236, "Nevada": 0.705930237475087, "New Hampshire": 0.9611970179282179, "New Jersey": 0.9454040234478644, "New Mexico": 0.9327388919970429, "New York": 0.9230658667897172, "North Carolina": 0.9864955317719099, "North Dakota": 0.9570814892899226, "Ohio": 0.9766532953661766, "Oklahoma": 0.9274079291657423, "Oregon": 0.981508961940537, "Pennsylvania": 0.9700487491945131, "Rhode Island": 0.9439319336334533, "South Carolina": 0.9488840910630675, "South Dakota": 0.9625872544590387, "Tennessee": 0.9829136235091582, "Texas": 0.9548085406358078, "Utah": 0.9455165639372769, "Vermont": 0.9469348718986248, "Virginia": 0.8946087949211576, "Washington": 0.9658505647836603, "West Virginia": 0.9208966218352201, "Wisconsin": 0.947476655478353, "Wyoming": 0.7014878630091205}