{"Alabama": 0.9571180377223326, "Alaska": 0.8376755415990681, "Arizona": 0.9474217960140543, "Arkansas": 0.9539051791302913, "California": 0.9307908108560919, "Colorado": 0.9077795547881631, "Connecticut": 0.9285822826088959, "Delaware": 0.9378437967595591, "Florida": 0.9473089744209564, "Georgia": 0.9585383811550081, "Hawaii": 0.8762316573935458, "Idaho": 0.9728023216999406, "Illinois": 0.9744101501956682, "Indiana": 0.9250930541460748, "Iowa": 0.9560648707542513, "Kansas": 0.972846602299371, "Kentucky": 0.974896625277037, "Louisiana": 0.9524903128030143, "Maine": 0.9673739852989524, "Maryland": 0.9213567480813314, "Massachusetts": 0.9189449237568365, "Michigan": 0.9637611349583041, "Minnesota": 0.9769222726319466, "Mississippi": 0.9526678978194381, "Montana": 0.940026320486415, "Nebraska": 0.9701782394642033, "Nevada": 0.7017344296032356, "New Hampshire": 0.9609573950207925, "New Jersey": 0.9493810383499357, "New Mexico": 0.9307017012512, "New York": 0.9293631674499866, "North Carolina": 0.984508043809939, "North Dakota": 0.9383422597533834, "Ohio": 0.9767329719446627, "Oklahoma": 0.9088938277300682, "Oregon": 0.9802486124738272, "Pennsylvania": 0.9717850671174209, "Rhode Island": 0.9483248123034974, "South Carolina": 0.9455938484618466, "South Dakota": 0.962587735645726, "Tennessee": 0.9816919089060897, "Texas": 0.9516251211058616, "Utah": 0.9488317893967516, "Vermont": 0.9435221274564586, "Virginia": 0.888633697777083, "Washington": 0.9614219104677062, "West Virginia": 0.9143274253843584, "Wisconsin": 0.9463814163619478, "Wyoming": 0.6828845172418776}