{"Alabama": 0.9552721083207116, "Alaska": 0.8202508125786065, "Arizona": 0.9322044251499387, "Arkansas": 0.9484427362598459, "California": 0.924799775244728, "Colorado": 0.8922065568179693, "Connecticut": 0.9296560841612326, "Delaware": 0.9273943881132263, "Florida": 0.9134547891094431, "Georgia": 0.9543485692009122, "Hawaii": 0.8375947149358833, "Idaho": 0.9679889644755113, "Illinois": 0.9666527101744271, "Indiana": 0.9277517850102823, "Iowa": 0.9433395051735695, "Kansas": 0.9674901229266684, "Kentucky": 0.9708316954679449, "Louisiana": 0.945777005611572, "Maine": 0.9638441198953775, "Maryland": 0.8920827256508598, "Massachusetts": 0.9055114223368455, "Michigan": 0.9718007007123618, "Minnesota": 0.9780060282742044, "Mississippi": 0.9551641634980422, "Montana": 0.9056122191958266, "Nebraska": 0.9694395337937061, "Nevada": 0.6680201479367338, "New Hampshire": 0.9640562650167778, "New Jersey": 0.9326804311134043, "New Mexico": 0.9070675685453684, "New York": 0.9045705064477861, "North Carolina": 0.9771450081173769, "North Dakota": 0.8951660809167791, "Ohio": 0.974540545697341, "Oklahoma": 0.9082699211432036, "Oregon": 0.9863131989269204, "Pennsylvania": 0.9666897634655327, "Rhode Island": 0.9386014964224808, "South Carolina": 0.9433049362736429, "South Dakota": 0.9418489201424558, "Tennessee": 0.9805326263066125, "Texas": 0.9488667902300987, "Utah": 0.9444673897790249, "Vermont": 0.9503463871652638, "Virginia": 0.8787256981632892, "Washington": 0.9673896967035651, "West Virginia": 0.9110095699692632, "Wisconsin": 0.9340949999876429, "Wyoming": 0.6521801639029329}