{"Alabama": 0.9589646427632, "Alaska": 0.8363020166172459, "Arizona": 0.9500776810726035, "Arkansas": 0.9575558632712117, "California": 0.9307572185842443, "Colorado": 0.9105475479687848, "Connecticut": 0.9299793181244669, "Delaware": 0.9361680840676923, "Florida": 0.9492328285629232, "Georgia": 0.9585634707329117, "Hawaii": 0.870209835083462, "Idaho": 0.9760577683648135, "Illinois": 0.9744594019163682, "Indiana": 0.9187297590294781, "Iowa": 0.9533098590591437, "Kansas": 0.9759561264283492, "Kentucky": 0.9739457662217967, "Louisiana": 0.954946124436648, "Maine": 0.9680012748855878, "Maryland": 0.9233649679345932, "Massachusetts": 0.9201711612512093, "Michigan": 0.9586156175708354, "Minnesota": 0.9782661402770141, "Mississippi": 0.9538093549882091, "Montana": 0.9381589244687922, "Nebraska": 0.9699950018346999, "Nevada": 0.6996780059895774, "New Hampshire": 0.9602202852344011, "New Jersey": 0.9497015656098473, "New Mexico": 0.9297524246171206, "New York": 0.9311802983213836, "North Carolina": 0.982989937220011, "North Dakota": 0.9108885644321196, "Ohio": 0.9765557438727498, "Oklahoma": 0.9149649805802407, "Oregon": 0.9796136005230609, "Pennsylvania": 0.9731481398099597, "Rhode Island": 0.9500781412801794, "South Carolina": 0.944142925638665, "South Dakota": 0.9615539129942015, "Tennessee": 0.9797687410379867, "Texas": 0.9522277409783694, "Utah": 0.9485221268102662, "Vermont": 0.9441725294789, "Virginia": 0.8920588363953432, "Washington": 0.9604438514955821, "West Virginia": 0.910354050261007, "Wisconsin": 0.9420645189120926, "Wyoming": 0.671359017405156}