{"Alabama": 0.9573061565041806, "Alaska": 0.8250469654501723, "Arizona": 0.9350716556713671, "Arkansas": 0.9529686522853278, "California": 0.9247943598608596, "Colorado": 0.8959359280903837, "Connecticut": 0.9313200516204468, "Delaware": 0.925216163372872, "Florida": 0.9160524036011891, "Georgia": 0.9546435335992673, "Hawaii": 0.8329042027201976, "Idaho": 0.9692154917275628, "Illinois": 0.9672645422468138, "Indiana": 0.9230466047521132, "Iowa": 0.9403505810416064, "Kansas": 0.9701612862756186, "Kentucky": 0.9699526575572933, "Louisiana": 0.9485992992214207, "Maine": 0.9651814019549436, "Maryland": 0.8941459932649641, "Massachusetts": 0.9070555654810585, "Michigan": 0.9685545874682496, "Minnesota": 0.9787290003567538, "Mississippi": 0.9571899396854503, "Montana": 0.9043508642913801, "Nebraska": 0.9682158042733389, "Nevada": 0.6670333914463721, "New Hampshire": 0.9640683392058331, "New Jersey": 0.9327729532523132, "New Mexico": 0.9072017889024712, "New York": 0.9064144239201527, "North Carolina": 0.9764349366684313, "North Dakota": 0.8711567846947746, "Ohio": 0.9747437620647006, "Oklahoma": 0.9161155423468181, "Oregon": 0.9855777870296835, "Pennsylvania": 0.9681829436306818, "Rhode Island": 0.9404763689231124, "South Carolina": 0.9418367250055282, "South Dakota": 0.9400657484156921, "Tennessee": 0.9790595744597809, "Texas": 0.9497298391397905, "Utah": 0.9446292453557525, "Vermont": 0.9504743140279118, "Virginia": 0.8817423404386486, "Washington": 0.9669336909002718, "West Virginia": 0.907142046243171, "Wisconsin": 0.928787345606335, "Wyoming": 0.6419457278048085}