{"Alabama": 0.9499671965344799, "Alaska": 0.8262353933834952, "Arizona": 0.948346994725131, "Arkansas": 0.9582788958195135, "California": 0.9422023763924235, "Colorado": 0.9064771014407949, "Connecticut": 0.938309284935223, "Delaware": 0.9354369248236447, "Florida": 0.9437094193264677, "Georgia": 0.9537114721371777, "Hawaii": 0.8587368867254924, "Idaho": 0.9742368351556943, "Illinois": 0.9730395479725489, "Indiana": 0.9098439756621657, "Iowa": 0.9527593352782107, "Kansas": 0.9702348575027027, "Kentucky": 0.9698575598780341, "Louisiana": 0.9484294674372027, "Maine": 0.9802204519741161, "Maryland": 0.925443003185726, "Massachusetts": 0.925612151871306, "Michigan": 0.9534210358148197, "Minnesota": 0.9818951796458768, "Mississippi": 0.9469638704710484, "Montana": 0.9331340205960936, "Nebraska": 0.9742767442458963, "Nevada": 0.69516722294787, "New Hampshire": 0.9608301588111604, "New Jersey": 0.9520356550680313, "New Mexico": 0.9258782886753214, "New York": 0.938134549585038, "North Carolina": 0.9793419635564357, "North Dakota": 0.863477701946768, "Ohio": 0.9767955253310744, "Oklahoma": 0.8719382765933543, "Oregon": 0.9794133308661773, "Pennsylvania": 0.9786662846598077, "Rhode Island": 0.9594322778137043, "South Carolina": 0.9318148154676628, "South Dakota": 0.9616394327646737, "Tennessee": 0.9740347124821256, "Texas": 0.9384607634041513, "Utah": 0.943397306078816, "Vermont": 0.949309320333069, "Virginia": 0.893235698342842, "Washington": 0.9650056737170827, "West Virginia": 0.90467923267405, "Wisconsin": 0.9386015544071024, "Wyoming": 0.6408236412923496}