{"Alabama": 0.9485326132058749, "Alaska": 0.8153380906500267, "Arizona": 0.9358402905861695, "Arkansas": 0.954290789046844, "California": 0.9354875391018569, "Colorado": 0.8932250554564622, "Connecticut": 0.9400655998298147, "Delaware": 0.9262899565231049, "Florida": 0.9121605012748867, "Georgia": 0.949997314355313, "Hawaii": 0.8235469103568693, "Idaho": 0.9681912048304337, "Illinois": 0.9661381017151995, "Indiana": 0.9154914398997238, "Iowa": 0.9395622865857556, "Kansas": 0.9647851261671672, "Kentucky": 0.965566009018623, "Louisiana": 0.9422407425937713, "Maine": 0.9781971161221555, "Maryland": 0.8963051762262756, "Massachusetts": 0.9127554956638473, "Michigan": 0.9646316614995698, "Minnesota": 0.9820167141115975, "Mississippi": 0.951305015196547, "Montana": 0.9008120684250954, "Nebraska": 0.9727095721968653, "Nevada": 0.6644684335548405, "New Hampshire": 0.9642981041862376, "New Jersey": 0.9350140280592902, "New Mexico": 0.9042084063385515, "New York": 0.913898278363594, "North Carolina": 0.9723714946678884, "North Dakota": 0.8293333662416466, "Ohio": 0.9753184507155297, "Oklahoma": 0.8765320133396958, "Oregon": 0.9855894225858988, "Pennsylvania": 0.9741033579506818, "Rhode Island": 0.9491626350767656, "South Carolina": 0.9303594450825838, "South Dakota": 0.9383505807861212, "Tennessee": 0.9737191987494933, "Texas": 0.9373326324225636, "Utah": 0.9403440106151878, "Vermont": 0.954947535864523, "Virginia": 0.8834987672883379, "Washington": 0.9728950532002093, "West Virginia": 0.9014155746022887, "Wisconsin": 0.9238321923893729, "Wyoming": 0.6117013246797143}