{"Alabama": 0.9484112618659237, "Alaska": 0.821895708813666, "Arizona": 0.9316115814599918, "Arkansas": 0.9593613283832367, "California": 0.9366790116782434, "Colorado": 0.8840733418627583, "Connecticut": 0.9415297437401018, "Delaware": 0.9206242384098607, "Florida": 0.9070254437008126, "Georgia": 0.9484113089698862, "Hawaii": 0.8218805290593089, "Idaho": 0.9677514802754233, "Illinois": 0.9648937534563471, "Indiana": 0.9155466572350256, "Iowa": 0.9376276194627853, "Kansas": 0.963831652132216, "Kentucky": 0.9659719712932467, "Louisiana": 0.9408521508285446, "Maine": 0.968801116890003, "Maryland": 0.8924067175466994, "Massachusetts": 0.9096385059934087, "Michigan": 0.9628714196608829, "Minnesota": 0.9824654858275386, "Mississippi": 0.9501218070863702, "Montana": 0.8976003726732793, "Nebraska": 0.9729342002610066, "Nevada": 0.6711849381189754, "New Hampshire": 0.9635207432147673, "New Jersey": 0.9326118432799833, "New Mexico": 0.8979102619006849, "New York": 0.9121278561617527, "North Carolina": 0.9727565502123202, "North Dakota": 0.8174559739425328, "Ohio": 0.9763572973438419, "Oklahoma": 0.8662967366607104, "Oregon": 0.9854539353647171, "Pennsylvania": 0.9747428220540372, "Rhode Island": 0.9490028568439887, "South Carolina": 0.9306287179691326, "South Dakota": 0.9376490143665056, "Tennessee": 0.9728453721105843, "Texas": 0.9315539421164918, "Utah": 0.9378835437079975, "Vermont": 0.9551609436032542, "Virginia": 0.8870375395386773, "Washington": 0.9732202768306157, "West Virginia": 0.9042408009202749, "Wisconsin": 0.9269111726892536, "Wyoming": 0.6260115260240441}