{"Alabama": 0.9491803242815975, "Alaska": 0.8195077895873276, "Arizona": 0.947159534011271, "Arkansas": 0.9625184859828188, "California": 0.9455651602924595, "Colorado": 0.8989837227922289, "Connecticut": 0.9429225046068476, "Delaware": 0.9263301634372546, "Florida": 0.940296249162318, "Georgia": 0.9505346780230325, "Hawaii": 0.856428024527345, "Idaho": 0.9736758682997431, "Illinois": 0.9716750136595342, "Indiana": 0.907214288312097, "Iowa": 0.9516836556435058, "Kansas": 0.9692086635605758, "Kentucky": 0.9668110422949077, "Louisiana": 0.944892878164096, "Maine": 0.969901324467912, "Maryland": 0.9208842240056827, "Massachusetts": 0.9208501115729976, "Michigan": 0.9496476799289006, "Minnesota": 0.9816448925610621, "Mississippi": 0.9446349163733028, "Montana": 0.928529919053587, "Nebraska": 0.9732497196149134, "Nevada": 0.7047255950230134, "New Hampshire": 0.9644620714007459, "New Jersey": 0.950129812742161, "New Mexico": 0.9164094310929903, "New York": 0.9355208840441118, "North Carolina": 0.9780165123487743, "North Dakota": 0.8293205477443572, "Ohio": 0.9778420236724554, "Oklahoma": 0.8528787862224194, "Oregon": 0.9813882423700625, "Pennsylvania": 0.978009007003318, "Rhode Island": 0.9584448513158002, "South Carolina": 0.9321722484839964, "South Dakota": 0.9580103030864582, "Tennessee": 0.9715042887170692, "Texas": 0.9307829171739287, "Utah": 0.9403659136252559, "Vermont": 0.9496522697189863, "Virginia": 0.9037396054793715, "Washington": 0.9677684448345163, "West Virginia": 0.9097186637338608, "Wisconsin": 0.9412166729530941, "Wyoming": 0.6383704350793389}