{"Alabama": 0.9488426044685705, "Alaska": 0.8139261177543395, "Arizona": 0.9326269584068476, "Arkansas": 0.9600752056557684, "California": 0.9392680932830513, "Colorado": 0.8852972460460171, "Connecticut": 0.9425598708507459, "Delaware": 0.9181461521832722, "Florida": 0.9088190353686433, "Georgia": 0.9481512488180166, "Hawaii": 0.8232959913859994, "Idaho": 0.9675043952532344, "Illinois": 0.9655218206651027, "Indiana": 0.9112705180224867, "Iowa": 0.9389415300350459, "Kansas": 0.9642892006247409, "Kentucky": 0.9622718814824041, "Louisiana": 0.9393269416747668, "Maine": 0.9678987301942006, "Maryland": 0.8907281117553835, "Massachusetts": 0.9078269363284218, "Michigan": 0.9609852588367135, "Minnesota": 0.9817821849308486, "Mississippi": 0.9488779165851831, "Montana": 0.8972380540569643, "Nebraska": 0.9724332576972744, "Nevada": 0.6749080376958612, "New Hampshire": 0.9662919432151682, "New Jersey": 0.9343596070038345, "New Mexico": 0.8922322404386074, "New York": 0.9110888340961503, "North Carolina": 0.9736599102820891, "North Dakota": 0.7956907124946442, "Ohio": 0.9757738403629063, "Oklahoma": 0.8582042859488038, "Oregon": 0.9858248817702884, "Pennsylvania": 0.9739693507036822, "Rhode Island": 0.9495283795724031, "South Carolina": 0.9317893861014437, "South Dakota": 0.9358501479537719, "Tennessee": 0.9718405275394882, "Texas": 0.9293043719412581, "Utah": 0.9379267863664716, "Vermont": 0.9538771273771819, "Virginia": 0.8943485974963309, "Washington": 0.9736046592335463, "West Virginia": 0.9052962956582572, "Wisconsin": 0.9263481919169176, "Wyoming": 0.6112605572076892}