{"Alabama": 0.9305925764517258, "Alaska": 0.7045749220919594, "Arizona": 0.9473503206294824, "Arkansas": 0.9102985820766394, "California": 0.9540092586481521, "Colorado": 0.9088652229686678, "Connecticut": 0.9254529798731401, "Delaware": 0.857007578932628, "Florida": 0.8889156212778669, "Georgia": 0.904594324525364, "Hawaii": 0.7538003984172268, "Idaho": 0.9690248294781264, "Illinois": 0.9499312978020101, "Indiana": 0.9316468733746021, "Iowa": 0.956056558322037, "Kansas": 0.9755826891018617, "Kentucky": 0.9624899229698597, "Louisiana": 0.9054820591839948, "Maine": 0.9244417914259013, "Maryland": 0.8848456677294358, "Massachusetts": 0.8986082601491407, "Michigan": 0.9552145313411193, "Minnesota": 0.9701362291115723, "Mississippi": 0.9296820982628224, "Missouri": 0.9726861709291822, "Montana": 0.888429326576827, "Nebraska": 0.9300670715474539, "Nevada": 0.5912455721194493, "New Hampshire": 0.9808791799447402, "New Jersey": 0.870953402488217, "New Mexico": 0.9113440373414292, "New York": 0.8360515318322785, "North Carolina": 0.8874767602205127, "North Dakota": 0.8827300681083866, "Ohio": 0.9711732325954577, "Oklahoma": 0.9444934873427809, "Pennsylvania": 0.9452854273646781, "Rhode Island": 0.90945534590976, "South Carolina": 0.8715396641761955, "South Dakota": 0.9362248374598687, "Tennessee": 0.9562981958713926, "Texas": 0.9549170441644615, "Utah": 0.9640372534667799, "Vermont": 0.9649441614130722, "Virginia": 0.9241951262106316, "Washington": 0.9957438378455801, "West Virginia": 0.9065802316767235, "Wisconsin": 0.9344054082192546, "Wyoming": 0.7350519631131245}