{"Alabama": 0.9343807064616487, "Alaska": 0.73183224427147, "Arizona": 0.9406266390474964, "Arkansas": 0.9105226658785166, "California": 0.9491410017869233, "Colorado": 0.8991569692202086, "Connecticut": 0.9290221214077887, "Delaware": 0.8651747323957215, "Florida": 0.8783023131145515, "Georgia": 0.9080049217081917, "Hawaii": 0.76260987126274, "Idaho": 0.9715172632832082, "Illinois": 0.9521810880000616, "Indiana": 0.9251161740344419, "Iowa": 0.9567338542059605, "Kansas": 0.9765192927833473, "Kentucky": 0.9641052242931156, "Louisiana": 0.9167668281213575, "Maine": 0.9308920696220832, "Maryland": 0.8861627914735221, "Massachusetts": 0.9035997231485415, "Michigan": 0.9506929429166926, "Minnesota": 0.973353209773122, "Mississippi": 0.9269658805812895, "Missouri": 0.9771534972871252, "Montana": 0.8987508844427734, "Nebraska": 0.9327733854313068, "Nevada": 0.5829510391505629, "New Hampshire": 0.9800251688217618, "New Jersey": 0.8744972202851746, "New Mexico": 0.9147120517318629, "New York": 0.8475569841501437, "North Carolina": 0.9013716362663106, "North Dakota": 0.8934200279162348, "Ohio": 0.970934427408003, "Oklahoma": 0.9487152430458666, "Pennsylvania": 0.9509522755184454, "Rhode Island": 0.92029652592896, "South Carolina": 0.8770998504488271, "South Dakota": 0.9406842497592681, "Tennessee": 0.9538058310353106, "Texas": 0.9534000182423248, "Utah": 0.9617018998540056, "Vermont": 0.9621630743201279, "Virginia": 0.9170767117785252, "Washington": 0.9933812494372536, "West Virginia": 0.9172270080689591, "Wisconsin": 0.9343619000778581, "Wyoming": 0.7429432813455583}