{"Alabama": 0.9364345834247504, "Alaska": 0.7335618846311647, "Arizona": 0.9333225710194926, "Arkansas": 0.9126853161626012, "California": 0.9506370301151027, "Colorado": 0.8893993870732396, "Connecticut": 0.9281513952685235, "Delaware": 0.8564725672597624, "Florida": 0.8675299310680952, "Georgia": 0.9097873928654308, "Hawaii": 0.7642959781857992, "Idaho": 0.9719343337034398, "Illinois": 0.9521769286791801, "Indiana": 0.9260322499370598, "Iowa": 0.9563257751535592, "Kansas": 0.975568661023701, "Kentucky": 0.9635060614622845, "Louisiana": 0.9137360338028279, "Maine": 0.9323084387320465, "Maryland": 0.8840873546685579, "Massachusetts": 0.9011479130952574, "Michigan": 0.9546217824088528, "Minnesota": 0.9727270376191343, "Mississippi": 0.9327309540633124, "Missouri": 0.9773494668174417, "Montana": 0.8982875833838494, "Nebraska": 0.9331146762440137, "Nevada": 0.5894286313575977, "New Hampshire": 0.9799482635314961, "New Jersey": 0.8774198591548449, "New Mexico": 0.9120653587033754, "New York": 0.8487504331669335, "North Carolina": 0.9123512810638167, "North Dakota": 0.8977230701625816, "Ohio": 0.972398329907796, "Oklahoma": 0.9515383251314007, "Pennsylvania": 0.951648467806257, "Rhode Island": 0.9269810660220182, "South Carolina": 0.8863391527596994, "South Dakota": 0.9396155067829085, "Tennessee": 0.9547894146602494, "Texas": 0.9512751406746947, "Utah": 0.958179177357854, "Vermont": 0.9606574276528006, "Virginia": 0.909141877912236, "Washington": 0.98919282729927, "West Virginia": 0.9204383647369934, "Wisconsin": 0.935322944672642, "Wyoming": 0.735045301063706}