{"Alabama": 0.823493253024398, "Alaska": 0.737688018536065, "Arizona": 0.9308363779682957, "Arkansas": 0.9100032326499727, "California": 0.9498094907769288, "Colorado": 0.8845141964910638, "Connecticut": 0.9310073817227771, "Delaware": 0.8254900594121622, "Florida": 0.8854389733223422, "Georgia": 0.9075942283367379, "Hawaii": 0.7424087213313084, "Idaho": 0.9666066554824018, "Illinois": 0.9531682171717927, "Indiana": 0.9379056803440958, "Iowa": 0.952171666159644, "Kansas": 0.9734436133503083, "Kentucky": 0.9633621885385483, "Louisiana": 0.9091758970259328, "Maine": 0.9345813142679149, "Maryland": 0.8828983285767336, "Massachusetts": 0.904086830597046, "Michigan": 0.9664835082192009, "Minnesota": 0.97475756574725, "Mississippi": 0.938379164198632, "Missouri": 0.9746690360114092, "Montana": 0.8991616654974832, "Nebraska": 0.9227769597418962, "Nevada": 0.6079138745294346, "New Hampshire": 0.9788773507792518, "New Jersey": 0.8807767992120962, "New Mexico": 0.9065688137282466, "New York": 0.8565061501329594, "North Carolina": 0.9142537809358434, "North Dakota": 0.906119650638371, "Ohio": 0.9787480234668565, "Oklahoma": 0.9449616727893339, "Pennsylvania": 0.9527441283385454, "Rhode Island": 0.9228839586996931, "South Carolina": 0.8934998601899952, "South Dakota": 0.9369277701846008, "Tennessee": 0.9559667553758056, "Texas": 0.9457506733951021, "Utah": 0.9536901438399564, "Vermont": 0.9598795970318263, "Virginia": 0.902477259200065, "Washington": 0.9855576657867041, "West Virginia": 0.9137389685674397, "Wisconsin": 0.9417388645269845, "Wyoming": 0.6733134746195013}