{"Alabama": 0.9462864300820689, "Alaska": 0.7395709200050987, "Arizona": 0.9326908472990434, "Arkansas": 0.91242530966715, "California": 0.9508476131239822, "Colorado": 0.8934403386809655, "Connecticut": 0.931778731094089, "Delaware": 0.8395241738605985, "Florida": 0.8965898651237247, "Georgia": 0.9163203365810191, "Hawaii": 0.7666261451031995, "Idaho": 0.9700973601714077, "Illinois": 0.9563964366891873, "Indiana": 0.9346188430282902, "Iowa": 0.9525449880275901, "Kansas": 0.972755248591704, "Kentucky": 0.9656835353223081, "Louisiana": 0.9218055474738341, "Maine": 0.9415765435578344, "Maryland": 0.8915304813010281, "Massachusetts": 0.9089659285595765, "Michigan": 0.9681309444354785, "Minnesota": 0.9754969981952534, "Mississippi": 0.9413353537145716, "Missouri": 0.9776862568677115, "Montana": 0.9088908963090224, "Nebraska": 0.9263705971845954, "Nevada": 0.6326245046029699, "New Hampshire": 0.9755944788236903, "New Jersey": 0.8935782917808249, "New Mexico": 0.9198728626848132, "New York": 0.8691719931932087, "North Carolina": 0.9309477451118102, "North Dakota": 0.9211973545303855, "Ohio": 0.9798587465872378, "Oklahoma": 0.948887583970223, "Pennsylvania": 0.956171009416735, "Rhode Island": 0.8636549892155908, "South Carolina": 0.9057224990851566, "South Dakota": 0.939837481404682, "Tennessee": 0.9585908729892222, "Texas": 0.9496363914632558, "Utah": 0.9521341837165506, "Vermont": 0.8925151001735593, "Virginia": 0.9071172602492981, "Washington": 0.9836284484400756, "West Virginia": 0.9213533445884743, "Wisconsin": 0.9450292229846147, "Wyoming": 0.6114988922068446}