{"Alabama": 0.9439546253401319, "Alaska": 0.8038758117273399, "Arizona": 0.9253800728233834, "Arkansas": 0.9157336190969881, "California": 0.9431538937573951, "Colorado": 0.8884470736592415, "Connecticut": 0.9386003756352655, "Delaware": 0.8536214810668146, "Florida": 0.8881755008767243, "Georgia": 0.9151182376241385, "Hawaii": 0.7774004327059428, "Idaho": 0.9636334197139279, "Illinois": 0.9594629560681337, "Indiana": 0.9303231007884848, "Iowa": 0.9542054457392904, "Kansas": 0.9722574759258774, "Kentucky": 0.9660094652343009, "Louisiana": 0.9271132385001306, "Maine": 0.9517439562647335, "Maryland": 0.8949061664845271, "Massachusetts": 0.9196682148472048, "Michigan": 0.9694385203588574, "Minnesota": 0.9796261961388187, "Mississippi": 0.9395165431879069, "Missouri": 0.9805392342544764, "Montana": 0.9115816016562609, "Nebraska": 0.9263172495287614, "Nevada": 0.6371218324680326, "New Hampshire": 0.9728060551349254, "New Jersey": 0.90660479159024, "New Mexico": 0.9213644451901759, "New York": 0.8885036438450058, "North Carolina": 0.9350017605148155, "North Dakota": 0.9336338559238735, "Ohio": 0.9817707845960105, "Oklahoma": 0.9413819641638348, "Pennsylvania": 0.9653699963237943, "Rhode Island": 0.956747067468801, "South Carolina": 0.9008274129239586, "South Dakota": 0.9473132897651232, "Tennessee": 0.9591648693547022, "Texas": 0.9444299612342881, "Utah": 0.9478463738060795, "Vermont": 0.9607972534563566, "Virginia": 0.8971060073868958, "Washington": 0.9796786372305698, "West Virginia": 0.9306550234646371, "Wisconsin": 0.9486136572395351, "Wyoming": 0.6781502323652729}