{"Alabama": 0.9497335074719278, "Alaska": 0.8036993140138352, "Arizona": 0.9202835790043533, "Arkansas": 0.9204342300396001, "California": 0.939635402578049, "Colorado": 0.886466723245651, "Connecticut": 0.9395083554550063, "Delaware": 0.8557886628297534, "Florida": 0.8876317247626729, "Georgia": 0.9152224241467553, "Hawaii": 0.8010988390848083, "Idaho": 0.9617107946901077, "Illinois": 0.9573208780255553, "Indiana": 0.9332431210236184, "Iowa": 0.9529809973932365, "Kansas": 0.973606564263889, "Kentucky": 0.9671459676644009, "Louisiana": 0.9305665482490013, "Maine": 0.9466441462789758, "Maryland": 0.8902351715812791, "Massachusetts": 0.9181842464004819, "Michigan": 0.9754400308454458, "Minnesota": 0.9795232349698549, "Mississippi": 0.9445188031415654, "Missouri": 0.9816890248639152, "Montana": 0.9056116131944744, "Nebraska": 0.923618075228037, "Nevada": 0.6417253349408205, "New Hampshire": 0.9739359164365847, "New Jersey": 0.9032442762911209, "New Mexico": 0.918843081241131, "New York": 0.8832096463468078, "North Carolina": 0.9470672971536609, "North Dakota": 0.9330718245878277, "Ohio": 0.9831867580278131, "Oklahoma": 0.9429513254569931, "Pennsylvania": 0.9649960413440601, "Rhode Island": 0.8290822633381306, "South Carolina": 0.9115438491058709, "South Dakota": 0.9458891062468532, "Tennessee": 0.9611157735831177, "Texas": 0.9443015386967156, "Utah": 0.9473042500235583, "Vermont": 0.9605405223662508, "Virginia": 0.8921139868029906, "Washington": 0.9776621539538629, "West Virginia": 0.9269318499130095, "Wisconsin": 0.9508358423694779, "Wyoming": 0.6654854680431175}