{"Alabama": 0.963756424874281, "Alaska": 0.8036919053389975, "Arizona": 0.8924913797989543, "Arkansas": 0.9427284677988618, "California": 0.9413847954040163, "Colorado": 0.8717090532656044, "Connecticut": 0.9296241770184303, "Delaware": 0.8797624215260751, "Florida": 0.8511450032449683, "Georgia": 0.9535528580502988, "Hawaii": 0.7660917312891204, "Idaho": 0.9618018499667577, "Illinois": 0.9599209486168102, "Indiana": 0.9337889816726969, "Iowa": 0.9587494869416613, "Kansas": 0.9816380010799517, "Kentucky": 0.9703281826013793, "Louisiana": 0.9409463837876749, "Maine": 0.958024647678079, "Maryland": 0.8676425983214365, "Massachusetts": 0.9064602276148735, "Michigan": 0.9751525597686301, "Minnesota": 0.9851195995739921, "Mississippi": 0.9522201775755004, "Missouri": 0.9899645866541207, "Montana": 0.8642469250469629, "Nebraska": 0.9594432250914828, "Nevada": 0.6023570285927927, "New Hampshire": 0.9641969385377238, "New Jersey": 0.9195540673397524, "New Mexico": 0.8882920674268866, "New York": 0.8729483361909879, "North Carolina": 0.9695172341068022, "North Dakota": 0.8845003016859327, "Ohio": 0.9776928362210546, "Oklahoma": 0.9427785605857917, "Pennsylvania": 0.969607940738335, "Rhode Island": 0.9462164835011523, "South Carolina": 0.9442129723709787, "South Dakota": 0.9224202005615543, "Tennessee": 0.9691855748578526, "Texas": 0.9485841288661115, "Utah": 0.9454642751363781, "Vermont": 0.9624916453593335, "Virginia": 0.8997339358367111, "Washington": 0.9760931538311277, "West Virginia": 0.93145856682958, "Wisconsin": 0.9534690931068988, "Wyoming": 0.6877096222481733}