{"Alabama": 0.9550871563114767, "Alaska": 0.8023637912214279, "Arizona": 0.9137733768904924, "Arkansas": 0.9252282978716602, "California": 0.9358767808447246, "Colorado": 0.8852038872517212, "Connecticut": 0.9387041127036478, "Delaware": 0.7702855295118017, "Florida": 0.8852332922515103, "Georgia": 0.9175642804440199, "Hawaii": 0.8038131038144751, "Idaho": 0.9560104493965663, "Illinois": 0.9559832294881521, "Indiana": 0.9360009786118249, "Iowa": 0.9516704651190737, "Kansas": 0.9746127305806777, "Kentucky": 0.9683697118227406, "Louisiana": 0.9303224058603629, "Maine": 0.9436390059553711, "Maryland": 0.8872769153642077, "Massachusetts": 0.9113881637871968, "Michigan": 0.9788163528668123, "Minnesota": 0.9786245535502232, "Mississippi": 0.9493616547511652, "Missouri": 0.9813817809842024, "Montana": 0.9032582460934195, "Nebraska": 0.9227646251103555, "Nevada": 0.6444566222908101, "New Hampshire": 0.9757432523246216, "New Jersey": 0.9004228979758053, "New Mexico": 0.917042036774011, "New York": 0.8761413276722739, "North Carolina": 0.9551418945871543, "North Dakota": 0.9361334248834001, "Ohio": 0.982321679852929, "Oklahoma": 0.9416890220818394, "Pennsylvania": 0.9615383119880929, "Rhode Island": 0.9482247433748687, "South Carolina": 0.9210896669932042, "South Dakota": 0.9455496157600309, "Tennessee": 0.9654653810258125, "Texas": 0.9440292555728484, "Utah": 0.9444409478785389, "Vermont": 0.9605368267678654, "Virginia": 0.8904530724706202, "Washington": 0.9780816783029278, "West Virginia": 0.9211364586849744, "Wisconsin": 0.9516810858362723, "Wyoming": 0.6952642662704397}