{"Alabama": 0.9656852157386631, "Alaska": 0.8060087936456404, "Arizona": 0.8858222432827384, "Arkansas": 0.9480029518772303, "California": 0.9364979908489413, "Colorado": 0.8703322484156585, "Connecticut": 0.9292986892684887, "Delaware": 0.8039884811613183, "Florida": 0.848874442246318, "Georgia": 0.95447717042441, "Hawaii": 0.7694076837314596, "Idaho": 0.9562902599032328, "Illinois": 0.9599731254065272, "Indiana": 0.9355491217657643, "Iowa": 0.9559248449831224, "Kansas": 0.980954875138152, "Kentucky": 0.9723480281298656, "Louisiana": 0.9424136782635499, "Maine": 0.9555371653606858, "Maryland": 0.8654342189559967, "Massachusetts": 0.901382706176179, "Michigan": 0.977443488436573, "Minnesota": 0.9844408260961179, "Mississippi": 0.9560375520078885, "Missouri": 0.9903003004872794, "Montana": 0.864222005376544, "Nebraska": 0.9576876968295427, "Nevada": 0.6068044618166825, "New Hampshire": 0.9663579144215554, "New Jersey": 0.9177451748824187, "New Mexico": 0.8880846436847061, "New York": 0.8664664252588946, "North Carolina": 0.9750733703425685, "North Dakota": 0.8885538753367823, "Ohio": 0.9774760658094822, "Oklahoma": 0.9419839428387743, "Pennsylvania": 0.9666538651697316, "Rhode Island": 0.9424254106536897, "South Carolina": 0.9493847709558912, "South Dakota": 0.9226705772443303, "Tennessee": 0.9728749996871161, "Texas": 0.9483824845909085, "Utah": 0.9424634445454013, "Vermont": 0.962463000932465, "Virginia": 0.8958828509497848, "Washington": 0.9766469335027473, "West Virginia": 0.9252702912931764, "Wisconsin": 0.9533359351268405, "Wyoming": 0.6704769264149041}