{"Alabama": 0.9679840928039902, "Alaska": 0.8069377753225092, "Arizona": 0.8875024198934552, "Arkansas": 0.9513681675566771, "California": 0.9343567775314069, "Colorado": 0.8722633043927227, "Connecticut": 0.9278347231338326, "Delaware": 0.8858456958255327, "Florida": 0.8593023304211913, "Georgia": 0.9549441921468087, "Hawaii": 0.7724388829207137, "Idaho": 0.954094655175411, "Illinois": 0.9590600119669145, "Indiana": 0.9374923392004716, "Iowa": 0.9545940744140835, "Kansas": 0.9784345892737865, "Kentucky": 0.9720539715644377, "Louisiana": 0.9394925166569692, "Maine": 0.9562225199008897, "Maryland": 0.8654204592635052, "Massachusetts": 0.8974096831198772, "Michigan": 0.9774846787839204, "Minnesota": 0.9819175554661868, "Mississippi": 0.9609198356791553, "Missouri": 0.9908022021866494, "Montana": 0.8705394101264123, "Nebraska": 0.9573313609636315, "Nevada": 0.620592994031602, "New Hampshire": 0.9696389413175173, "New Jersey": 0.9153257622213795, "New Mexico": 0.8862145984857976, "New York": 0.8592866417002443, "North Carolina": 0.9808321058712671, "North Dakota": 0.8900330049929885, "Ohio": 0.9757631862729037, "Oklahoma": 0.9364996816994413, "Pennsylvania": 0.962597213218012, "Rhode Island": 0.9355500412187551, "South Carolina": 0.9528853536001942, "South Dakota": 0.9256480546023835, "Tennessee": 0.9766728329779888, "Texas": 0.9467255871784166, "Utah": 0.9381687706683548, "Vermont": 0.9619809731324458, "Virginia": 0.8942306803495558, "Washington": 0.9789993960539327, "West Virginia": 0.9188654249667572, "Wisconsin": 0.9518712014296303, "Wyoming": 0.6392885936574301}