{"Alabama": 0.9615395228480058, "Alaska": 0.7958523180011939, "Arizona": 0.9152861391933969, "Arkansas": 0.9304769820663186, "California": 0.9338957068747575, "Colorado": 0.8877108325637584, "Connecticut": 0.9363924344375142, "Delaware": 0.8649131450363908, "Florida": 0.895229592164607, "Georgia": 0.9205109703907981, "Hawaii": 0.8068916667216539, "Idaho": 0.9529305387176915, "Illinois": 0.955141130897543, "Indiana": 0.9382843002209279, "Iowa": 0.9505148197612333, "Kansas": 0.9731401084650824, "Kentucky": 0.9684580889334851, "Louisiana": 0.9298595706010879, "Maine": 0.9443413499236558, "Maryland": 0.8878673632293282, "Massachusetts": 0.9063447875466167, "Michigan": 0.978532830646877, "Minnesota": 0.9759759886455514, "Mississippi": 0.9551980373547218, "Missouri": 0.9815489924870593, "Montana": 0.9071294304893769, "Nebraska": 0.9245120129469827, "Nevada": 0.6568048510413544, "New Hampshire": 0.9785194084546531, "New Jersey": 0.8995432273792325, "New Mexico": 0.9142070612922996, "New York": 0.8698590561865196, "North Carolina": 0.9630068175081786, "North Dakota": 0.9338105427409392, "Ohio": 0.9792108818381638, "Oklahoma": 0.935401279066102, "Pennsylvania": 0.95699997666121, "Rhode Island": 0.9393118583109726, "South Carolina": 0.9276855534613858, "South Dakota": 0.9447326804658542, "Tennessee": 0.9692020407928336, "Texas": 0.9438105515311258, "Utah": 0.9396418323540504, "Vermont": 0.9606136791151402, "Virginia": 0.8920073398214889, "Washington": 0.9803629400116276, "West Virginia": 0.9149118315186252, "Wisconsin": 0.9507598973209186, "Wyoming": 0.6628194407895811}