{"Alabama": 0.9639657119089862, "Alaska": 0.7999120371199446, "Arizona": 0.922322271017549, "Arkansas": 0.9353924247337598, "California": 0.9338224902591131, "Colorado": 0.8894254475329921, "Connecticut": 0.9316359409614979, "Delaware": 0.8752231989183558, "Florida": 0.9033397066047315, "Georgia": 0.9234391094008662, "Hawaii": 0.8168686549694049, "Idaho": 0.9580260234615817, "Illinois": 0.9535274937628889, "Indiana": 0.9391909470236144, "Iowa": 0.948443059936255, "Kansas": 0.9720663878603926, "Kentucky": 0.9689770774997537, "Louisiana": 0.9366776028218244, "Maine": 0.9514231712082152, "Maryland": 0.8954134145652145, "Massachusetts": 0.9043784007476825, "Michigan": 0.9766265908468806, "Minnesota": 0.9735729515608424, "Mississippi": 0.9580934913936319, "Missouri": 0.982212364578473, "Montana": 0.914215027127719, "Nebraska": 0.9275838706201373, "Nevada": 0.6723944751400477, "New Hampshire": 0.9809170834981512, "New Jersey": 0.9002688687353257, "New Mexico": 0.9183594874695297, "New York": 0.873751952693078, "North Carolina": 0.967362463860656, "North Dakota": 0.9369317283178483, "Ohio": 0.9778590663087912, "Oklahoma": 0.9294662912946436, "Pennsylvania": 0.9575931911716814, "Rhode Island": 0.9370758269490439, "South Carolina": 0.9328727391196514, "South Dakota": 0.9453677529207332, "Tennessee": 0.9693627672357555, "Texas": 0.9428826830585153, "Utah": 0.9323980313536638, "Vermont": 0.9637693996125888, "Virginia": 0.8954972482140272, "Washington": 0.9797063040901346, "West Virginia": 0.9170758189886317, "Wisconsin": 0.9494812230808741, "Wyoming": 0.6642766926346434}