{"Alabama": 0.9687415869760176, "Alaska": 0.8076336667672791, "Arizona": 0.8955330175703088, "Arkansas": 0.9545318963679196, "California": 0.9340702629398957, "Colorado": 0.8732051713170589, "Connecticut": 0.9237428699317187, "Delaware": 0.893976397753207, "Florida": 0.8679115280940107, "Georgia": 0.9523087440698339, "Hawaii": 0.782218859193448, "Idaho": 0.9597196970747643, "Illinois": 0.9567915972477378, "Indiana": 0.9376842294795472, "Iowa": 0.949639447668644, "Kansas": 0.9744202421927868, "Kentucky": 0.9715971153285965, "Louisiana": 0.9439149252832307, "Maine": 0.9617110130998492, "Maryland": 0.8704178470689099, "Massachusetts": 0.8948847194876083, "Michigan": 0.9769019184792913, "Minnesota": 0.9792645649177553, "Mississippi": 0.9631204628983442, "Missouri": 0.9910156455300344, "Montana": 0.8781134791423195, "Nebraska": 0.956012510798941, "Nevada": 0.6365057278679028, "New Hampshire": 0.9729960787916587, "New Jersey": 0.9101681800895979, "New Mexico": 0.89054691658403, "New York": 0.8602080485029073, "North Carolina": 0.9823385500080603, "North Dakota": 0.8881732071191267, "Ohio": 0.9748534175107024, "Oklahoma": 0.9281332486536389, "Pennsylvania": 0.961999623888167, "Rhode Island": 0.9328873427255127, "South Carolina": 0.9514452895814375, "South Dakota": 0.9264191937509355, "Tennessee": 0.9767573899628029, "Texas": 0.9446652102651415, "Utah": 0.9308260077943328, "Vermont": 0.9654876015490075, "Virginia": 0.8943822760029739, "Washington": 0.9780594981130629, "West Virginia": 0.9191815761599645, "Wisconsin": 0.9487924432571311, "Wyoming": 0.6375523223675013}