{"Alabama": 0.9634314614794808, "Alaska": 0.8028421560643126, "Arizona": 0.9038809460159429, "Arkansas": 0.9519239156745188, "California": 0.9352620986650025, "Colorado": 0.8707489082847254, "Connecticut": 0.9212344437859794, "Delaware": 0.8922037640983106, "Florida": 0.8820091131315744, "Georgia": 0.9492722051103721, "Hawaii": 0.794926414456172, "Idaho": 0.9613657598167933, "Illinois": 0.9557048676973455, "Indiana": 0.9381097620260007, "Iowa": 0.9415664033238087, "Kansas": 0.9679207484520953, "Kentucky": 0.9688042653244028, "Louisiana": 0.9337308492282489, "Maine": 0.9689008902234423, "Maryland": 0.874307840494985, "Massachusetts": 0.8991269808457448, "Michigan": 0.97867071246948, "Minnesota": 0.9773338439712629, "Mississippi": 0.9574859467346685, "Missouri": 0.9899591554031767, "Montana": 0.8797140020617913, "Nebraska": 0.9532816433131672, "Nevada": 0.6416651107199383, "New Hampshire": 0.9723467457729543, "New Jersey": 0.9133697661697389, "New Mexico": 0.8872575804428161, "New York": 0.8698783115071845, "North Carolina": 0.9808563711194909, "North Dakota": 0.8874787895355077, "Ohio": 0.974646197750032, "Oklahoma": 0.9023133201410208, "Pennsylvania": 0.9636769469947761, "Rhode Island": 0.9350318169363786, "South Carolina": 0.9489375685808614, "South Dakota": 0.9247984369723891, "Tennessee": 0.9747516393362989, "Texas": 0.9304700895437361, "Utah": 0.9289037843283834, "Vermont": 0.9675564044117897, "Virginia": 0.8885982319552584, "Washington": 0.978236726564367, "West Virginia": 0.9063674384536764, "Wisconsin": 0.9442750011222074, "Wyoming": 0.5955702148795359}