{"Alabama": 0.9590084284417716, "Alaska": 0.7981222848505576, "Arizona": 0.929941523946038, "Arkansas": 0.9337184266296, "California": 0.9360464005743087, "Colorado": 0.8864485307914608, "Connecticut": 0.9283230237715736, "Delaware": 0.8769507221223352, "Florida": 0.917416837291996, "Georgia": 0.9228453448448651, "Hawaii": 0.8305056436479045, "Idaho": 0.9599068178281791, "Illinois": 0.9529886163411572, "Indiana": 0.9400460954599982, "Iowa": 0.9422427573160534, "Kansas": 0.9678615326906028, "Kentucky": 0.966327230841462, "Louisiana": 0.9272248862824849, "Maine": 0.959540657042289, "Maryland": 0.8995666485263435, "Massachusetts": 0.9095905591124747, "Michigan": 0.9788118917098988, "Minnesota": 0.9723099550984649, "Mississippi": 0.9517877091631917, "Missouri": 0.9808609781164842, "Montana": 0.9161221226367273, "Nebraska": 0.9267936192359715, "Nevada": 0.6769272225955285, "New Hampshire": 0.9792162494274314, "New Jersey": 0.907021058999687, "New Mexico": 0.9157473216827142, "New York": 0.8864092491727124, "North Carolina": 0.9679510767367426, "North Dakota": 0.9368371361622184, "Ohio": 0.9776066029098351, "Oklahoma": 0.9024892833285063, "Pennsylvania": 0.9607240242377845, "Rhode Island": 0.9403450176668916, "South Carolina": 0.9335294468166406, "South Dakota": 0.9447430453121032, "Tennessee": 0.9666680264872621, "Texas": 0.9289279584988094, "Utah": 0.9298304275517842, "Vermont": 0.9660121340230423, "Virginia": 0.8908987338407682, "Washington": 0.9788488608677642, "West Virginia": 0.905194911781979, "Wisconsin": 0.946418411683474, "Wyoming": 0.6238975862122064}