{"Alabama": 0.9560163839162609, "Alaska": 0.822112912598869, "Arizona": 0.9114721353705828, "Arkansas": 0.9507489460650076, "California": 0.9348178801542704, "Colorado": 0.8751169951132569, "Connecticut": 0.9159193248882367, "Delaware": 0.8903753107450307, "Florida": 0.8899080947446711, "Georgia": 0.942696864765844, "Hawaii": 0.8161560025329652, "Idaho": 0.9677394232738655, "Illinois": 0.9530168528559008, "Indiana": 0.9438494994785185, "Iowa": 0.9407124454282249, "Kansas": 0.9682960506443691, "Kentucky": 0.9691899735814264, "Louisiana": 0.9295521886223072, "Maine": 0.9708683386674749, "Maryland": 0.8853514099469211, "Massachusetts": 0.9052428492441895, "Michigan": 0.9824929397162361, "Minnesota": 0.9775400799565719, "Mississippi": 0.9512282258941303, "Missouri": 0.9883254967883427, "Montana": 0.8974206722380113, "Nebraska": 0.9518882900766673, "Nevada": 0.6462461497082626, "New Hampshire": 0.9692428739570464, "New Jersey": 0.9180313136643842, "New Mexico": 0.903003407763033, "New York": 0.8862954403253709, "North Carolina": 0.9773349075925261, "North Dakota": 0.8956951261987948, "Ohio": 0.976698742022816, "Oklahoma": 0.9090484089417129, "Pennsylvania": 0.9648276495762367, "Rhode Island": 0.9373515324284195, "South Carolina": 0.9406774857701486, "South Dakota": 0.9259033365810844, "Tennessee": 0.9713141437478685, "Texas": 0.9285643698191253, "Utah": 0.9221889625805472, "Vermont": 0.9674845239724129, "Virginia": 0.8839030406858182, "Washington": 0.9797298461677209, "West Virginia": 0.9104477674714442, "Wisconsin": 0.9448638912014589, "Wyoming": 0.6388388639969332}