{"Alabama": 0.952672384149973, "Alaska": 0.8204420304323048, "Arizona": 0.9158224079659507, "Arkansas": 0.9493433168038455, "California": 0.9343829332693456, "Colorado": 0.878350091909237, "Connecticut": 0.9176530134202003, "Delaware": 0.8910763480214556, "Florida": 0.8897811094586701, "Georgia": 0.9383982213399644, "Hawaii": 0.8157478471945827, "Idaho": 0.971000219704947, "Illinois": 0.9512532798942769, "Indiana": 0.9357224837351179, "Iowa": 0.9345051549610627, "Kansas": 0.9647886343037535, "Kentucky": 0.9671313270431827, "Louisiana": 0.9267912565374213, "Maine": 0.9675917358156338, "Maryland": 0.8878730579505829, "Massachusetts": 0.9115452029927891, "Michigan": 0.9796332508368757, "Minnesota": 0.9767113356569547, "Mississippi": 0.9489873210906421, "Missouri": 0.9863131989269204, "Montana": 0.894794633309248, "Nebraska": 0.9482283142087167, "Nevada": 0.6437198311992024, "New Hampshire": 0.9682768247815826, "New Jersey": 0.9205639939313436, "New Mexico": 0.9030726783715541, "New York": 0.8904984456972207, "North Carolina": 0.9736660714457508, "North Dakota": 0.8748803370905579, "Ohio": 0.9752433127822988, "Oklahoma": 0.8878460048289996, "Pennsylvania": 0.9648021124934245, "Rhode Island": 0.9379102757276498, "South Carolina": 0.9354079865118157, "South Dakota": 0.9223185651221237, "Tennessee": 0.9677678167667294, "Texas": 0.9233197867738651, "Utah": 0.9274037229210854, "Vermont": 0.967075904422755, "Virginia": 0.8813078737792789, "Washington": 0.9798084145588236, "West Virginia": 0.9032301361514932, "Wisconsin": 0.9411053052937716, "Wyoming": 0.6231034704293156}