{"Alabama": 0.9511852045713852, "Alaska": 0.8237840269695198, "Arizona": 0.9411104834229631, "Arkansas": 0.9335945511322371, "California": 0.9408306742150067, "Colorado": 0.8964717178555565, "Connecticut": 0.9279203477503132, "Delaware": 0.8889667016112324, "Florida": 0.9271302791747875, "Georgia": 0.9271297349151997, "Hawaii": 0.8511946201858196, "Idaho": 0.9697238502085473, "Illinois": 0.9538820224670093, "Indiana": 0.941508643048563, "Iowa": 0.9357553581152114, "Kansas": 0.9642273160991225, "Kentucky": 0.9644852880748933, "Louisiana": 0.9258007518438355, "Maine": 0.9666264349607295, "Maryland": 0.9166234296354828, "Massachusetts": 0.928836610261732, "Michigan": 0.9828492857276026, "Minnesota": 0.9742347807247157, "Mississippi": 0.944796674950573, "Missouri": 0.9802486124738271, "Montana": 0.9281639463681275, "Nebraska": 0.9286523472253282, "Nevada": 0.680076318553813, "New Hampshire": 0.9776052263075906, "New Jersey": 0.9280351494555719, "New Mexico": 0.9297865234616357, "New York": 0.9154108260930187, "North Carolina": 0.9682743623403028, "North Dakota": 0.9161798068470032, "Ohio": 0.9805315530976962, "Oklahoma": 0.8879943687007804, "Pennsylvania": 0.9676431080908436, "Rhode Island": 0.9500183270849055, "South Carolina": 0.9276966659877566, "South Dakota": 0.9408668347120676, "Tennessee": 0.9633035862269705, "Texas": 0.9259795119322195, "Utah": 0.9325769426499422, "Vermont": 0.9666423849630146, "Virginia": 0.8898923040926148, "Washington": 0.9812022157196522, "West Virginia": 0.9053668915056928, "Wisconsin": 0.947009447386365, "Wyoming": 0.6509710451736997}