{"Alabama": 0.9526942861669637, "Alaska": 0.8207301519038119, "Arizona": 0.9394742050267183, "Arkansas": 0.9357004757860127, "California": 0.9394814442222856, "Colorado": 0.8993793871060121, "Connecticut": 0.9248589262640683, "Delaware": 0.8872025367110483, "Florida": 0.9258968766279876, "Georgia": 0.9265700286749655, "Hawaii": 0.8459805256709795, "Idaho": 0.9732314583097914, "Illinois": 0.9531853928222295, "Indiana": 0.938226222601415, "Iowa": 0.9350842772784744, "Kansas": 0.9656190760573483, "Kentucky": 0.9638321843280048, "Louisiana": 0.9263612703862794, "Maine": 0.9651533789139792, "Maryland": 0.9160757689634202, "Massachusetts": 0.9282641556179264, "Michigan": 0.9791384575883582, "Minnesota": 0.9737370819669094, "Mississippi": 0.9464633926042895, "Missouri": 0.9796136005230609, "Montana": 0.9258917752154686, "Nebraska": 0.9290312144874832, "Nevada": 0.683124845720493, "New Hampshire": 0.9775307280405309, "New Jersey": 0.9249363122797261, "New Mexico": 0.9287949841166284, "New York": 0.9122659793507466, "North Carolina": 0.9656020303304269, "North Dakota": 0.8857080822732609, "Ohio": 0.9806039466778587, "Oklahoma": 0.8947667761970467, "Pennsylvania": 0.9672248901353433, "Rhode Island": 0.9494347227676996, "South Carolina": 0.9292051253324627, "South Dakota": 0.9427829603566211, "Tennessee": 0.961216472350368, "Texas": 0.9254928475898804, "Utah": 0.9312774141063467, "Vermont": 0.9668755532104746, "Virginia": 0.8940221585405017, "Washington": 0.9827393954296728, "West Virginia": 0.9007124298677778, "Wisconsin": 0.9459076631677725, "Wyoming": 0.6398838283422794}