{"Alabama": 0.9550114086093572, "Alaska": 0.8243117757733404, "Arizona": 0.9136488249202289, "Arkansas": 0.9528511710050757, "California": 0.9326507056702287, "Colorado": 0.8811707313032786, "Connecticut": 0.9147857434388561, "Delaware": 0.8871197616878822, "Florida": 0.8878780653911357, "Georgia": 0.9373206927827739, "Hawaii": 0.8102843332725519, "Idaho": 0.9723289221598691, "Illinois": 0.9505399378155028, "Indiana": 0.9339430780607182, "Iowa": 0.933887405097251, "Kansas": 0.9671451460682554, "Kentucky": 0.9669177757450155, "Louisiana": 0.9272477761207427, "Maine": 0.9665908050265035, "Maryland": 0.8860366995531096, "Massachusetts": 0.910430962341467, "Michigan": 0.9773694463161977, "Minnesota": 0.9760099053815418, "Mississippi": 0.9514678870890874, "Missouri": 0.9855777870296833, "Montana": 0.8923179733270623, "Nebraska": 0.9484548403840823, "Nevada": 0.6465351018768561, "New Hampshire": 0.9685322720656321, "New Jersey": 0.9158060113502594, "New Mexico": 0.9022464748832902, "New York": 0.8861568826836937, "North Carolina": 0.9719588782088995, "North Dakota": 0.8468900129391153, "Ohio": 0.9756145512189865, "Oklahoma": 0.8959683691995722, "Pennsylvania": 0.9640875948914669, "Rhode Island": 0.9372081598165969, "South Carolina": 0.9366692622537888, "South Dakota": 0.9235432351979042, "Tennessee": 0.9656549874489789, "Texas": 0.9221012921123177, "Utah": 0.9264236480729247, "Vermont": 0.9677331483381548, "Virginia": 0.8837845836204504, "Washington": 0.9813316501964293, "West Virginia": 0.8981524254549678, "Wisconsin": 0.9396948278761648, "Wyoming": 0.6129087501234104}