{"Alabama": 0.9513598775031734, "Alaska": 0.8041169012661792, "Arizona": 0.9398766921929123, "Arkansas": 0.935480151664056, "California": 0.9515241059992728, "Colorado": 0.8978921737567211, "Connecticut": 0.926596117259193, "Delaware": 0.8829017178461379, "Florida": 0.9235032825708186, "Georgia": 0.9276919455491835, "Hawaii": 0.8421278268860837, "Idaho": 0.9735161232033552, "Illinois": 0.9515065166148907, "Indiana": 0.9337406954584744, "Iowa": 0.9348610595509128, "Kansas": 0.9595848152655779, "Kentucky": 0.9625178911731347, "Louisiana": 0.9209448356797606, "Maine": 0.965419993776002, "Maryland": 0.9140492259525591, "Massachusetts": 0.924479972669854, "Michigan": 0.9767723648306111, "Minnesota": 0.9727616577155573, "Mississippi": 0.9459940624189309, "Missouri": 0.9794133308661773, "Montana": 0.92117874338207, "Nebraska": 0.9310366060257481, "Nevada": 0.689258716902455, "New Hampshire": 0.9766304073729261, "New Jersey": 0.9233975441101007, "New Mexico": 0.92155634575401, "New York": 0.9100412506175154, "North Carolina": 0.9668349860424528, "North Dakota": 0.8315693535456623, "Ohio": 0.9784515452014745, "Oklahoma": 0.8554495179635253, "Pennsylvania": 0.9657040153873776, "Rhode Island": 0.950873673170233, "South Carolina": 0.9270271428078964, "South Dakota": 0.9407966618810196, "Tennessee": 0.9605412993479723, "Texas": 0.9146648502609822, "Utah": 0.9312327963165452, "Vermont": 0.9652602850042313, "Virginia": 0.8961128185469729, "Washington": 0.9872220801478253, "West Virginia": 0.8896377918313029, "Wisconsin": 0.9436973157038666, "Wyoming": 0.6113323662311023}