{"Alabama": 0.9542927690525972, "Alaska": 0.810651030226823, "Arizona": 0.917237708416648, "Arkansas": 0.9538497877426397, "California": 0.9456761621941212, "Colorado": 0.8819578037620238, "Connecticut": 0.9190357139942323, "Delaware": 0.8865020225659171, "Florida": 0.8875976167699687, "Georgia": 0.9403676509511615, "Hawaii": 0.8087271916490028, "Idaho": 0.9716448116336781, "Illinois": 0.9511524917266967, "Indiana": 0.9320465931079027, "Iowa": 0.9324457226110803, "Kansas": 0.9612381499082525, "Kentucky": 0.9639010884567382, "Louisiana": 0.9235580362383408, "Maine": 0.9692311612153002, "Maryland": 0.884973191776226, "Massachusetts": 0.9094746603631492, "Michigan": 0.9770541137456409, "Minnesota": 0.975962349447547, "Mississippi": 0.9509536257828896, "Missouri": 0.9855894225858987, "Montana": 0.8845840287484926, "Nebraska": 0.9490345962267059, "Nevada": 0.6552313507426446, "New Hampshire": 0.9699486359606242, "New Jersey": 0.916016771172629, "New Mexico": 0.8948172137443049, "New York": 0.8864369458999628, "North Carolina": 0.9739631808931677, "North Dakota": 0.793274287792144, "Ohio": 0.9760342701965681, "Oklahoma": 0.857190407937945, "Pennsylvania": 0.9650580441931315, "Rhode Island": 0.9406824002794358, "South Carolina": 0.9362808007647664, "South Dakota": 0.9164018662531137, "Tennessee": 0.9652922731343441, "Texas": 0.9132022846537267, "Utah": 0.9289257197917008, "Vermont": 0.9680455125361797, "Virginia": 0.8872728137128916, "Washington": 0.9871376395058344, "West Virginia": 0.8869746673645761, "Wisconsin": 0.937850378786214, "Wyoming": 0.5831776214561778}