{"Alabama": 0.955464836703423, "Alaska": 0.8193626982771309, "Arizona": 0.911286076211996, "Arkansas": 0.957981613809605, "California": 0.9450673922182676, "Colorado": 0.8747785512398739, "Connecticut": 0.9198668945811979, "Delaware": 0.880714064552055, "Florida": 0.8832788870676154, "Georgia": 0.9372653005889733, "Hawaii": 0.8097042422115327, "Idaho": 0.9712601851770989, "Illinois": 0.947781624732197, "Indiana": 0.9308338276647651, "Iowa": 0.9297185041720591, "Kansas": 0.9581265570759426, "Kentucky": 0.9635870137310427, "Louisiana": 0.9229497335603486, "Maine": 0.9682627355649946, "Maryland": 0.8813571732223991, "Massachusetts": 0.9062506873458173, "Michigan": 0.9754492999665032, "Minnesota": 0.9747115570166108, "Mississippi": 0.9495063186884999, "Missouri": 0.9854539353647169, "Montana": 0.8836204850809241, "Nebraska": 0.9477853802699521, "Nevada": 0.6650988244765063, "New Hampshire": 0.9704859894812923, "New Jersey": 0.911876378422185, "New Mexico": 0.8886607254300523, "New York": 0.8840243397481298, "North Carolina": 0.9746451030415725, "North Dakota": 0.7776255039574851, "Ohio": 0.9761067156007841, "Oklahoma": 0.8458402413378365, "Pennsylvania": 0.9649335280484952, "Rhode Island": 0.9388460767201717, "South Carolina": 0.9377592785592096, "South Dakota": 0.9145706774080951, "Tennessee": 0.9638192839065818, "Texas": 0.9060346188054282, "Utah": 0.9296514106074104, "Vermont": 0.9698132046542433, "Virginia": 0.8937666332872487, "Washington": 0.9865190173329552, "West Virginia": 0.8888691714524565, "Wisconsin": 0.9394766953669914, "Wyoming": 0.5983483517986092}