{"Alabama": 0.9529630792519025, "Alaska": 0.8119390336980506, "Arizona": 0.9343934290938278, "Arkansas": 0.9404664867344913, "California": 0.9517531604670845, "Colorado": 0.8912123655209132, "Connecticut": 0.9274479078756851, "Delaware": 0.8800977773058801, "Florida": 0.920380343094584, "Georgia": 0.926749600942648, "Hawaii": 0.843986037132599, "Idaho": 0.9723924194824661, "Illinois": 0.9480507226065388, "Indiana": 0.9316859493245009, "Iowa": 0.9333511855618626, "Kansas": 0.955651007579462, "Kentucky": 0.9624636295738802, "Louisiana": 0.9215392394624966, "Maine": 0.9660307983557381, "Maryland": 0.9123443380961462, "Massachusetts": 0.9219149546809562, "Michigan": 0.9742456128561308, "Minnesota": 0.97130007736065, "Mississippi": 0.9440459728709608, "Missouri": 0.9801027594154879, "Montana": 0.9204207600684102, "Nebraska": 0.9306518317276047, "Nevada": 0.699180867931273, "New Hampshire": 0.9770277830901446, "New Jersey": 0.920955319271757, "New Mexico": 0.9166380009669846, "New York": 0.9085161429478602, "North Carolina": 0.9673593595886599, "North Dakota": 0.8162196124856961, "Ohio": 0.9785058746859532, "Oklahoma": 0.8440006156485675, "Pennsylvania": 0.9661031333983954, "Rhode Island": 0.9486372939283797, "South Carolina": 0.9290919608289927, "South Dakota": 0.9381417459719295, "Tennessee": 0.9593757148946833, "Texas": 0.9078700517486766, "Utah": 0.9316047652322689, "Vermont": 0.9666430742706675, "Virginia": 0.9037297680102367, "Washington": 0.9868568356048532, "West Virginia": 0.8927926250934908, "Wisconsin": 0.9446060847825949, "Wyoming": 0.6256209571500274}