{"Alabama": 0.9520001129310831, "Alaska": 0.8052067394227721, "Arizona": 0.9337658804868, "Arkansas": 0.9424066816437701, "California": 0.9519633870118258, "Colorado": 0.8913866091728185, "Connecticut": 0.9286787612243407, "Delaware": 0.8755204260435276, "Florida": 0.9201587143230743, "Georgia": 0.9244928910710055, "Hawaii": 0.8422681200650816, "Idaho": 0.9734282529158834, "Illinois": 0.9467546714415512, "Indiana": 0.9272915001131451, "Iowa": 0.9325615876670985, "Kansas": 0.9540062193502347, "Kentucky": 0.9596049845797889, "Louisiana": 0.9220328418188917, "Maine": 0.9682162718150129, "Maryland": 0.9115300841956578, "Massachusetts": 0.9199092151248732, "Michigan": 0.9721231547210399, "Minnesota": 0.9714217111146303, "Mississippi": 0.9443058507538301, "Missouri": 0.9813882423700625, "Montana": 0.9212735490675651, "Nebraska": 0.9305133650467605, "Nevada": 0.6996820497615077, "New Hampshire": 0.977738791163799, "New Jersey": 0.9208838387969187, "New Mexico": 0.9129580636004222, "New York": 0.9070781858141883, "North Carolina": 0.9669286116662217, "North Dakota": 0.7957933886983299, "Ohio": 0.9781012681103651, "Oklahoma": 0.8359409192101579, "Pennsylvania": 0.9647872983609895, "Rhode Island": 0.9495079599056707, "South Carolina": 0.9287836675669352, "South Dakota": 0.9366449883563737, "Tennessee": 0.9582097658054647, "Texas": 0.9057254801808515, "Utah": 0.9294454868852401, "Vermont": 0.9655847130875292, "Virginia": 0.9087186096209793, "Washington": 0.9862951324814914, "West Virginia": 0.8963162024948951, "Wisconsin": 0.9440414923524232, "Wyoming": 0.6125802306745677}