{"Alabama": 0.9545294375626702, "Alaska": 0.8146934932794762, "Arizona": 0.9108651257472874, "Arkansas": 0.9590756701384184, "California": 0.9462112428510981, "Colorado": 0.8754722510758516, "Connecticut": 0.920941466569734, "Delaware": 0.8775627149201032, "Florida": 0.8839210550816322, "Georgia": 0.9355175911960847, "Hawaii": 0.809730884414891, "Idaho": 0.9706685306757096, "Illinois": 0.947192196732505, "Indiana": 0.9269514121204122, "Iowa": 0.9302287684860658, "Kansas": 0.9567636705181246, "Kentucky": 0.9597798395748406, "Louisiana": 0.9233381498824225, "Maine": 0.9694124436629034, "Maryland": 0.88033586030586, "Massachusetts": 0.9049655816346783, "Michigan": 0.9742664140793205, "Minnesota": 0.974798260717849, "Mississippi": 0.948930433338597, "Missouri": 0.9858248817702883, "Montana": 0.8850223270054154, "Nebraska": 0.9465678579221966, "Nevada": 0.6665759327901438, "New Hampshire": 0.9719151035357708, "New Jersey": 0.9129524533120681, "New Mexico": 0.8838214841683706, "New York": 0.882549814957113, "North Carolina": 0.9746289998509045, "North Dakota": 0.7578087650764749, "Ohio": 0.9758211245754491, "Oklahoma": 0.8389194068377932, "Pennsylvania": 0.9644382260313269, "Rhode Island": 0.9407141653693412, "South Carolina": 0.9372297008924119, "South Dakota": 0.9127938344369253, "Tennessee": 0.9626065279780412, "Texas": 0.9039514715666757, "Utah": 0.9282573315902661, "Vermont": 0.9692843616199796, "Virginia": 0.8991518530805223, "Washington": 0.985875090131705, "West Virginia": 0.8914993984322345, "Wisconsin": 0.9387577910809374, "Wyoming": 0.586287365261617}