{"Alabama": 0.9250878853740526, "Alaska": 0.6338700116500295, "Arizona": 0.8975441932853577, "Arkansas": 0.9078279389855037, "California": 0.916949746901203, "Colorado": 0.8602064482567958, "Connecticut": 0.9409740474693576, "Delaware": 0.8364955283997172, "Florida": 0.8210674478742604, "Georgia": 0.8662712609592413, "Hawaii": 0.6834203127589643, "Idaho": 0.9402520105348628, "Illinois": 0.9357403623803435, "Indiana": 0.9515210885431776, "Iowa": 0.9635609177750868, "Kansas": 0.9687872017075795, "Kentucky": 0.9579267540247522, "Louisiana": 0.8682260788533013, "Maine": 0.9123779888608008, "Maryland": 0.8444453749382209, "Massachusetts": 0.9084338819468695, "Michigan": 0.9648170119066894, "Minnesota": 0.9674232709991648, "Mississippi": 0.9403145802657462, "Missouri": 0.9578973713645709, "Montana": 0.8476801703659629, "Nebraska": 0.9057238895326225, "Nevada": 0.5212992457672732, "New Jersey": 0.8336655617144154, "New Mexico": 0.8702942755951105, "New York": 0.8269242323148677, "North Carolina": 0.881567619644718, "North Dakota": 0.8535028629077335, "Ohio": 0.9774806676741576, "Oklahoma": 0.9178698555415236, "Oregon": 0.9808791799447402, "Pennsylvania": 0.9553378022343373, "Rhode Island": 0.9219949627488103, "South Carolina": 0.8549952440249855, "South Dakota": 0.9299361747866087, "Tennessee": 0.9426069836495344, "Texas": 0.9172767602106817, "Utah": 0.9473217269534492, "Vermont": 0.9772272782426817, "Virginia": 0.8871848976364124, "Washington": 0.9764272722550374, "West Virginia": 0.8973666736869225, "Wisconsin": 0.9546721984089448, "Wyoming": 0.694062623826613}