{"Alabama": 0.9291805956622197, "Alaska": 0.6728067132925754, "Arizona": 0.8831691444056479, "Arkansas": 0.9033790255902149, "California": 0.9117291088133369, "Colorado": 0.8432820024404346, "Connecticut": 0.9318971467879862, "Delaware": 0.8389899435370574, "Florida": 0.7981525683928046, "Georgia": 0.8717262507890188, "Hawaii": 0.6963200870115562, "Idaho": 0.9487183250262567, "Illinois": 0.9298187705665394, "Indiana": 0.9398873167052458, "Iowa": 0.9619775181639898, "Kansas": 0.964863031873766, "Kentucky": 0.9561686208595591, "Louisiana": 0.8760401048457773, "Maine": 0.9198566774613252, "Maryland": 0.8455820276747302, "Massachusetts": 0.8998012441758989, "Michigan": 0.9583136631120953, "Minnesota": 0.9641810290670862, "Mississippi": 0.9388808797860029, "Missouri": 0.9569502141560781, "Montana": 0.8592826692165414, "Nebraska": 0.9093238176491307, "Nevada": 0.5214258104650189, "New Jersey": 0.8401928572767766, "New Mexico": 0.8713726097841161, "New York": 0.8269551359101018, "North Carolina": 0.9045682743184029, "North Dakota": 0.8649133829619988, "Ohio": 0.9712002074718182, "Oklahoma": 0.9224107832776517, "Oregon": 0.9799482635314961, "Pennsylvania": 0.9537106376469352, "Rhode Island": 0.9256120106178242, "South Carolina": 0.871508557099551, "South Dakota": 0.9290373946602216, "Tennessee": 0.9347969038765095, "Texas": 0.9133802284762084, "Utah": 0.9436553164765938, "Vermont": 0.9738736955550884, "Virginia": 0.8767339465078724, "Washington": 0.9650392878140374, "West Virginia": 0.9079851419051825, "Wisconsin": 0.9477325798158456, "Wyoming": 0.7034223826029978}