{"Alabama": 0.8435793378389759, "Alaska": 0.7100941321345168, "Arizona": 0.89040982340922, "Arkansas": 0.8967205207029328, "California": 0.9136354313570646, "Colorado": 0.8541604901322317, "Connecticut": 0.9305373297133475, "Delaware": 0.8180673323159999, "Florida": 0.8303915668737689, "Georgia": 0.8797770383004616, "Hawaii": 0.6813558297077502, "Idaho": 0.9523254339873475, "Illinois": 0.9269423039387331, "Indiana": 0.9403936851173204, "Iowa": 0.9569349745637504, "Kansas": 0.9628863030742593, "Kentucky": 0.9537512327534562, "Louisiana": 0.8867411949795387, "Maine": 0.9305728565180889, "Maryland": 0.8567977969268405, "Massachusetts": 0.9021272151559286, "Michigan": 0.960320449586103, "Minnesota": 0.9637982444563348, "Mississippi": 0.9418964626030091, "Missouri": 0.9546536459620494, "Montana": 0.8756813745090224, "Nebraska": 0.9031650043120378, "Nevada": 0.5529701414393419, "New Jersey": 0.8489042349503582, "New Mexico": 0.8783013203944277, "New York": 0.834085780999898, "North Carolina": 0.907663488485827, "North Dakota": 0.8814261026327989, "Ohio": 0.9677315687068521, "Oklahoma": 0.9206904135748312, "Oregon": 0.9788773507792515, "Pennsylvania": 0.9514366120830593, "Rhode Island": 0.9243999355014004, "South Carolina": 0.8857964229739717, "South Dakota": 0.9307993569454192, "Tennessee": 0.9316638572610844, "Texas": 0.9185050948907933, "Utah": 0.947854267129479, "Vermont": 0.9761966563380037, "Virginia": 0.8818162378530685, "Washington": 0.9661687256528046, "West Virginia": 0.9041786242628906, "Wisconsin": 0.9453631043921757, "Wyoming": 0.6953680117849329}