{"Alabama": 0.9375417935224687, "Alaska": 0.7159336894925759, "Arizona": 0.9036578497496964, "Arkansas": 0.8894139121990153, "California": 0.9186235209640782, "Colorado": 0.8802480029257486, "Connecticut": 0.9293576983033833, "Delaware": 0.8489543300180455, "Florida": 0.8554611856422343, "Georgia": 0.8939531181847487, "Hawaii": 0.7266134666130802, "Idaho": 0.9612321805861388, "Illinois": 0.9284284518674857, "Indiana": 0.9209011776234927, "Iowa": 0.9548573613396154, "Kansas": 0.9600049292006463, "Kentucky": 0.9494760361026214, "Louisiana": 0.9103290112022077, "Maine": 0.9426040520549469, "Maryland": 0.8789253076554848, "Massachusetts": 0.9096467464836178, "Michigan": 0.9468492166657843, "Minnesota": 0.9636745585651016, "Mississippi": 0.935094698420284, "Missouri": 0.9629769829704822, "Montana": 0.9029628891125616, "Nebraska": 0.913301316172897, "Nevada": 0.5971650171361887, "New Jersey": 0.8694704298224966, "New Mexico": 0.9042979247069435, "New York": 0.8538868774881011, "North Carolina": 0.9198170236974739, "North Dakota": 0.9074589664488057, "Ohio": 0.9579825095587285, "Oklahoma": 0.9291805234374677, "Oregon": 0.9755944788236902, "Pennsylvania": 0.9515687659689352, "Rhode Island": 0.8490645696859886, "South Carolina": 0.8977448825370236, "South Dakota": 0.9403605450991882, "Tennessee": 0.9266037890374014, "Texas": 0.9310601688673, "Utah": 0.9564030101536432, "Vermont": 0.9237511722741742, "Virginia": 0.8978444249373021, "Washington": 0.9673578403347606, "West Virginia": 0.916770147783959, "Wisconsin": 0.936424545266896, "Wyoming": 0.6296241192104162}