{"Alabama": 0.9428163956491141, "Alaska": 0.7867733236316428, "Arizona": 0.9122638435572691, "Arkansas": 0.8893527886534994, "California": 0.9199667780209264, "Colorado": 0.8895490474050444, "Connecticut": 0.9279508599600425, "Delaware": 0.8663197619999488, "Florida": 0.8560627137908202, "Georgia": 0.9013190834074049, "Hawaii": 0.744633742820317, "Idaho": 0.9656123476067924, "Illinois": 0.9304352437744684, "Indiana": 0.9150718236183978, "Iowa": 0.9529235352217594, "Kansas": 0.9580973934930476, "Kentucky": 0.948424807861212, "Louisiana": 0.9168694094864852, "Maine": 0.9489833189592, "Maryland": 0.8859928778540334, "Massachusetts": 0.9111101427149082, "Michigan": 0.9453902299000605, "Minnesota": 0.9624143390546501, "Mississippi": 0.9336644351636793, "Missouri": 0.9664478285378868, "Montana": 0.9106803325599097, "Nebraska": 0.9136279422711944, "Nevada": 0.6184960518288853, "New Jersey": 0.8826580826321283, "New Mexico": 0.9111026221613299, "New York": 0.8591622854614456, "North Carolina": 0.9266518973078538, "North Dakota": 0.9140601990316178, "Ohio": 0.9553172224909925, "Oklahoma": 0.9247894531458175, "Oregon": 0.9728060551349254, "Pennsylvania": 0.9516838934278228, "Rhode Island": 0.9334165765681653, "South Carolina": 0.9040316910775258, "South Dakota": 0.9436209955773257, "Tennessee": 0.9347766828708695, "Texas": 0.9325582001924902, "Utah": 0.9625458658355863, "Vermont": 0.9709504455046132, "Virginia": 0.9001135767495066, "Washington": 0.968655370474372, "West Virginia": 0.9170380115002048, "Wisconsin": 0.935182535844282, "Wyoming": 0.7059744699832017}