{"Alabama": 0.9430053660919686, "Alaska": 0.7873443441775758, "Arizona": 0.911828116800615, "Arkansas": 0.8893943913303854, "California": 0.9199698504116083, "Colorado": 0.890634781587072, "Connecticut": 0.930746298800981, "Delaware": 0.8714320523402849, "Florida": 0.8600082044109125, "Georgia": 0.8951841246065614, "Hawaii": 0.7719745453772743, "Idaho": 0.9628895325716044, "Illinois": 0.9241001462827632, "Indiana": 0.9108179266065305, "Iowa": 0.9497600828034731, "Kansas": 0.9555438402375773, "Kentucky": 0.9452270505416084, "Louisiana": 0.9163710838842353, "Maine": 0.9449400933054651, "Maryland": 0.8834501660186018, "Massachusetts": 0.9094116170838958, "Michigan": 0.9477301276215564, "Minnesota": 0.9609273349888416, "Mississippi": 0.932228477306769, "Missouri": 0.9670589010175354, "Montana": 0.9109304942913361, "Nebraska": 0.9097122780127201, "Nevada": 0.6320981446979903, "New Jersey": 0.8799519908335697, "New Mexico": 0.911490979900153, "New York": 0.8570589092971881, "North Carolina": 0.933268196541914, "North Dakota": 0.9175005756542264, "Ohio": 0.9518908537283199, "Oklahoma": 0.9223276250877076, "Oregon": 0.9739359164365847, "Pennsylvania": 0.9479963520818743, "Rhode Island": 0.8130819980262252, "South Carolina": 0.9093876952894198, "South Dakota": 0.9448587760541152, "Tennessee": 0.9305579884916222, "Texas": 0.9293590861487179, "Utah": 0.9618226205859434, "Vermont": 0.9698147236222859, "Virginia": 0.8953344990772641, "Washington": 0.9670698287080314, "West Virginia": 0.913620661068879, "Wisconsin": 0.9339329164168023, "Wyoming": 0.6970608891390124}