{"Alabama": 0.9435296283180296, "Alaska": 0.7898516043139833, "Arizona": 0.9063007704010048, "Arkansas": 0.8922639171104075, "California": 0.9219145033673251, "Colorado": 0.8942073180065776, "Connecticut": 0.933473237613181, "Delaware": 0.7561866447247445, "Florida": 0.8604207294660986, "Georgia": 0.8951353701540128, "Hawaii": 0.7783593038246726, "Idaho": 0.9586352252250019, "Illinois": 0.9239023445512088, "Indiana": 0.9077287619791421, "Iowa": 0.9445425689185928, "Kansas": 0.9532803415102246, "Kentucky": 0.9414366122103468, "Louisiana": 0.9148456879534472, "Maine": 0.9424278230627435, "Maryland": 0.8859693931798365, "Massachusetts": 0.907977373944578, "Michigan": 0.9485412801715919, "Minnesota": 0.9602687672422079, "Mississippi": 0.9337167658597851, "Missouri": 0.9668934718467433, "Montana": 0.9103972042168007, "Nebraska": 0.9061656722524367, "Nevada": 0.6318053486702918, "New Jersey": 0.8817639595920044, "New Mexico": 0.913023670936928, "New York": 0.8574366315056131, "North Carolina": 0.9398689108213192, "North Dakota": 0.9219379875837412, "Ohio": 0.9482224845735513, "Oklahoma": 0.9217693708604892, "Oregon": 0.9757432523246216, "Pennsylvania": 0.9457172272891607, "Rhode Island": 0.9257418189639712, "South Carolina": 0.9124263512579182, "South Dakota": 0.9459415361116031, "Tennessee": 0.9319239122237227, "Texas": 0.9285007382108784, "Utah": 0.9598408226281006, "Vermont": 0.9694088462341008, "Virginia": 0.8967799545829808, "Washington": 0.9692428235124744, "West Virginia": 0.9087400932458459, "Wisconsin": 0.9309041965774216, "Wyoming": 0.7266746757706927}