{"Alabama": 0.9460145272457479, "Alaska": 0.7870349935788178, "Arizona": 0.9031956865151711, "Arkansas": 0.8976400789059381, "California": 0.9199399324449097, "Colorado": 0.8922345134864229, "Connecticut": 0.9355435502140662, "Delaware": 0.8838542727699056, "Florida": 0.8735650000224061, "Georgia": 0.8984265799756526, "Hawaii": 0.7810270424218059, "Idaho": 0.9527979607183055, "Illinois": 0.9283320471958727, "Indiana": 0.907139512113907, "Iowa": 0.9451286998437668, "Kansas": 0.9549031434041483, "Kentucky": 0.9412501535805682, "Louisiana": 0.9192731645196218, "Maine": 0.9431926160681562, "Maryland": 0.8884722602458737, "Massachusetts": 0.9080660876683427, "Michigan": 0.9489564194205232, "Minnesota": 0.9602356483697803, "Mississippi": 0.938221764368171, "Missouri": 0.9670727446640135, "Montana": 0.9135010921880102, "Nebraska": 0.912751452127335, "Nevada": 0.6336957602691552, "New Jersey": 0.8895739075910334, "New Mexico": 0.9119150005295368, "New York": 0.8641863937877795, "North Carolina": 0.9440384380045944, "North Dakota": 0.9283676344414147, "Ohio": 0.9476087126942526, "Oklahoma": 0.9178222376943508, "Oregon": 0.9785194084546531, "Pennsylvania": 0.9474625238120417, "Rhode Island": 0.9252092792142563, "South Carolina": 0.9145992938437834, "South Dakota": 0.9480297852121574, "Tennessee": 0.9345669764479902, "Texas": 0.9273596441044356, "Utah": 0.9526840200092019, "Vermont": 0.9686684029197925, "Virginia": 0.8976876030449353, "Washington": 0.9709459811850388, "West Virginia": 0.910433224127443, "Wisconsin": 0.9301954314272254, "Wyoming": 0.6898053536474412}