{"Alabama": 0.948882911265132, "Alaska": 0.7795597633303677, "Arizona": 0.9083277217299999, "Arkansas": 0.902458698997354, "California": 0.918536640939403, "Colorado": 0.8860775234427624, "Connecticut": 0.9362235315079671, "Delaware": 0.8869626506616038, "Florida": 0.8784208034096929, "Georgia": 0.8981717965265419, "Hawaii": 0.7812401201976275, "Idaho": 0.9527816968298247, "Illinois": 0.9308736282724996, "Indiana": 0.9137719560291339, "Iowa": 0.9427037411364169, "Kansas": 0.9557081965079495, "Kentucky": 0.9436632105018521, "Louisiana": 0.9176771021180852, "Maine": 0.9442625348530432, "Maryland": 0.8911326916429018, "Massachusetts": 0.9078107199116189, "Michigan": 0.9537937286197116, "Minnesota": 0.9598191701355953, "Mississippi": 0.9375149541398643, "Missouri": 0.9647794584832049, "Montana": 0.9106832474396676, "Nebraska": 0.9130143346185531, "Nevada": 0.6333078662657955, "New Jersey": 0.8911511911105023, "New Mexico": 0.9094589683594713, "New York": 0.8717350793092918, "North Carolina": 0.9456489244342658, "North Dakota": 0.9276168326220288, "Ohio": 0.9522567241239714, "Oklahoma": 0.9128054447319862, "Oregon": 0.9809170834981512, "Pennsylvania": 0.9497538398630253, "Rhode Island": 0.925940977934347, "South Carolina": 0.9150278806802502, "South Dakota": 0.945913355953758, "Tennessee": 0.93675291136279, "Texas": 0.9245409682798419, "Utah": 0.9440079076981818, "Vermont": 0.9675036463926692, "Virginia": 0.8944239261358828, "Washington": 0.9672043945031923, "West Virginia": 0.9102862929231798, "Wisconsin": 0.932763270262314, "Wyoming": 0.6739306661276363}