{"Alabama": 0.9492702602753502, "Alaska": 0.7721085446436751, "Arizona": 0.9161763799251604, "Arkansas": 0.9020474605593671, "California": 0.9177042128043973, "Colorado": 0.883508924773765, "Connecticut": 0.9318700632294641, "Delaware": 0.8837350592207863, "Florida": 0.8922343693205079, "Georgia": 0.8974840219656822, "Hawaii": 0.7912382782835197, "Idaho": 0.9562573904655677, "Illinois": 0.9310435533399785, "Indiana": 0.9193100616935044, "Iowa": 0.9398291700472942, "Kansas": 0.9541041550889316, "Kentucky": 0.9437966484801713, "Louisiana": 0.9091024762324152, "Maine": 0.9540190722605401, "Maryland": 0.8910589812138966, "Massachusetts": 0.9086453624840668, "Michigan": 0.9567151857871826, "Minnesota": 0.9556391750974831, "Mississippi": 0.935413442308096, "Missouri": 0.9618431436279525, "Montana": 0.9108603788588465, "Nebraska": 0.9133223735494644, "Nevada": 0.6347832468309392, "New Jersey": 0.8928141003453937, "New Mexico": 0.906008988164069, "New York": 0.8773589986008238, "North Carolina": 0.9487194067191594, "North Dakota": 0.925160965058381, "Ohio": 0.9520956528458996, "Oklahoma": 0.8913659132585293, "Oregon": 0.9792162494274314, "Pennsylvania": 0.9497946749836725, "Rhode Island": 0.92335180248722, "South Carolina": 0.9203985799936035, "South Dakota": 0.9446642343179753, "Tennessee": 0.9377545060491437, "Texas": 0.9154874632623284, "Utah": 0.9481195809506745, "Vermont": 0.9680041441990951, "Virginia": 0.8884259504483945, "Washington": 0.9675710443943095, "West Virginia": 0.8951303092496601, "Wisconsin": 0.9312669494722526, "Wyoming": 0.6355830837872579}