{"Alabama": 0.9513688356712342, "Alaska": 0.7926182597012057, "Arizona": 0.9214859429086939, "Arkansas": 0.9044123866660394, "California": 0.9164860858119782, "Colorado": 0.8885051442930949, "Connecticut": 0.9243905221543773, "Delaware": 0.8785485902513329, "Florida": 0.8965121874061651, "Georgia": 0.9018602632721606, "Hawaii": 0.8107891716192909, "Idaho": 0.9615839880914919, "Illinois": 0.9287694483001516, "Indiana": 0.9344637933271832, "Iowa": 0.9393253676593022, "Kansas": 0.9550958645311284, "Kentucky": 0.9469978586001502, "Louisiana": 0.911675213523179, "Maine": 0.958295040323419, "Maryland": 0.8970753415806493, "Massachusetts": 0.9097808835298657, "Michigan": 0.963408427700982, "Minnesota": 0.9514725688128385, "Mississippi": 0.9371831591621004, "Missouri": 0.9611970179282179, "Montana": 0.9201913207604263, "Nebraska": 0.9139479122457324, "Nevada": 0.6421886990290968, "New Jersey": 0.897877676233553, "New Mexico": 0.9160824633554827, "New York": 0.8858610852537728, "North Carolina": 0.9531573972835917, "North Dakota": 0.9232204105284134, "Ohio": 0.9562606158407058, "Oklahoma": 0.904107132881687, "Oregon": 0.9781551840830335, "Pennsylvania": 0.949937041541098, "Rhode Island": 0.9233327010082946, "South Carolina": 0.9251339899049689, "South Dakota": 0.9425467930380276, "Tennessee": 0.9399292868818612, "Texas": 0.9197394099871826, "Utah": 0.9478324584107589, "Vermont": 0.9672528559431269, "Virginia": 0.8845393785907616, "Washington": 0.9697522142555631, "West Virginia": 0.8970930629503906, "Wisconsin": 0.936203839875524, "Wyoming": 0.6827979062071299}