{"Alabama": 0.9502038958761961, "Alaska": 0.7901085789991953, "Arizona": 0.9267193550976891, "Arkansas": 0.9046244737318657, "California": 0.9156546975816087, "Colorado": 0.8932372546188219, "Connecticut": 0.9265744576901451, "Delaware": 0.8874951191351892, "Florida": 0.8995889383286431, "Georgia": 0.9020053054373725, "Hawaii": 0.8145768232946573, "Idaho": 0.9649742743823003, "Illinois": 0.9273572719849569, "Indiana": 0.9272376607764368, "Iowa": 0.9377068001124476, "Kansas": 0.9528131556651994, "Kentucky": 0.9455218028774355, "Louisiana": 0.9102294072078293, "Maine": 0.9530256677540647, "Maryland": 0.8997369256231587, "Massachusetts": 0.9137050459942557, "Michigan": 0.9608864934438338, "Minnesota": 0.9507064253902272, "Mississippi": 0.9374495230488884, "Missouri": 0.9609573950207925, "Montana": 0.9197916228710579, "Nebraska": 0.9144126877061942, "Nevada": 0.6418109110246037, "New Jersey": 0.9032772903838321, "New Mexico": 0.9159199795311043, "New York": 0.8902546050734039, "North Carolina": 0.9522949281207925, "North Dakota": 0.9070053103311271, "Ohio": 0.9540047919243282, "Oklahoma": 0.8867012994855059, "Oregon": 0.9776052263075906, "Pennsylvania": 0.948728410659735, "Rhode Island": 0.921914432507282, "South Carolina": 0.9228918851544635, "South Dakota": 0.9432256033733916, "Tennessee": 0.939603792744111, "Texas": 0.918511830631278, "Utah": 0.9536029276025907, "Vermont": 0.9665589279734169, "Virginia": 0.8844655763100463, "Washington": 0.9689571366931905, "West Virginia": 0.8902402292130903, "Wisconsin": 0.9328713510626363, "Wyoming": 0.6703209466408468}