{"Alabama": 0.9490086285293364, "Alaska": 0.7858403986139958, "Arizona": 0.9250941790021233, "Arkansas": 0.9065586470360032, "California": 0.9134817725796514, "Colorado": 0.8950677779957362, "Connecticut": 0.9235508275339753, "Delaware": 0.886484468681801, "Florida": 0.8995076755291544, "Georgia": 0.8999616255379747, "Hawaii": 0.8099915406766298, "Idaho": 0.9680056212591369, "Illinois": 0.9248647406819573, "Indiana": 0.9231561550076599, "Iowa": 0.9385487783999038, "Kansas": 0.9530489997944444, "Kentucky": 0.9432181354485853, "Louisiana": 0.9098388906349953, "Maine": 0.9522606026917031, "Maryland": 0.8983931173840559, "Massachusetts": 0.9118596158090294, "Michigan": 0.9555173192868333, "Minnesota": 0.9507038265343547, "Mississippi": 0.9358491868133728, "Missouri": 0.9602202852344011, "Montana": 0.9189513464220748, "Nebraska": 0.9133320768373501, "Nevada": 0.6430337590577065, "New Jersey": 0.9005694305590718, "New Mexico": 0.9131678217479571, "New York": 0.8870250380524383, "North Carolina": 0.9496443282722495, "North Dakota": 0.880576555111773, "Ohio": 0.9539933094905152, "Oklahoma": 0.8943309418956888, "Oregon": 0.9775307280405309, "Pennsylvania": 0.9477469648485326, "Rhode Island": 0.9209411429692427, "South Carolina": 0.9236672446512864, "South Dakota": 0.9467396240315186, "Tennessee": 0.9358834133615467, "Texas": 0.9169309965049542, "Utah": 0.9515199625877792, "Vermont": 0.9654053315806242, "Virginia": 0.8855744450562394, "Washington": 0.9694606215645765, "West Virginia": 0.8850241163316022, "Wisconsin": 0.9307437040311047, "Wyoming": 0.6585090861964263}