{"Alabama": 0.9450245424007115, "Alaska": 0.770290369227138, "Arizona": 0.9276859902549262, "Arkansas": 0.9065856419315753, "California": 0.9183137594989537, "Colorado": 0.8955662241589454, "Connecticut": 0.9262941040428636, "Delaware": 0.887366906157462, "Florida": 0.9007516642900212, "Georgia": 0.9017903830644104, "Hawaii": 0.8096811345489772, "Idaho": 0.9709887322995338, "Illinois": 0.9228328889828744, "Indiana": 0.9147328969052819, "Iowa": 0.9398246233199052, "Kansas": 0.9486777634599335, "Kentucky": 0.9406420935687133, "Louisiana": 0.9074231532581603, "Maine": 0.9598264290485398, "Maryland": 0.8975713365610849, "Massachusetts": 0.905151600759397, "Michigan": 0.9500196257089636, "Minnesota": 0.9505705924872481, "Mississippi": 0.934798391532853, "Missouri": 0.9608301588111604, "Montana": 0.915792286266355, "Nebraska": 0.9166381500393453, "Nevada": 0.6503147548337752, "New Jersey": 0.9027970542585089, "New Mexico": 0.9079328003574538, "New York": 0.8899403469286741, "North Carolina": 0.9519685281266468, "North Dakota": 0.8339262292769521, "Ohio": 0.9504072718230631, "Oklahoma": 0.8590305739307157, "Oregon": 0.9766304073729261, "Pennsylvania": 0.9473924288683301, "Rhode Island": 0.9214735977985782, "South Carolina": 0.918859993648969, "South Dakota": 0.9479579378553098, "Tennessee": 0.9341240374036097, "Texas": 0.9082330907670749, "Utah": 0.9555705112477013, "Vermont": 0.9597646307436676, "Virginia": 0.8871994403309222, "Washington": 0.9682221653130734, "West Virginia": 0.877389444857135, "Wisconsin": 0.9264789716445606, "Wyoming": 0.6332666119498622}