{"Alabama": 0.9479418741024056, "Alaska": 0.7705388798549114, "Arizona": 0.9317035806163931, "Arkansas": 0.9119087043707257, "California": 0.9233998928853379, "Colorado": 0.8975613948035222, "Connecticut": 0.933182998656257, "Delaware": 0.884439930128993, "Florida": 0.9082974888882985, "Georgia": 0.9082776758589096, "Hawaii": 0.8127828338838791, "Idaho": 0.97232929214542, "Illinois": 0.9259112278670576, "Indiana": 0.9073250776166177, "Iowa": 0.9400604428510521, "Kansas": 0.9491401104118482, "Kentucky": 0.9399753193203446, "Louisiana": 0.9081532712377328, "Maine": 0.9540999427424889, "Maryland": 0.9003364545526362, "Massachusetts": 0.9042985359476241, "Michigan": 0.9503525842612988, "Minnesota": 0.9506048505487149, "Mississippi": 0.9316294184853045, "Missouri": 0.964462071400746, "Montana": 0.918325681804224, "Nebraska": 0.9196051971559409, "Nevada": 0.6651676881060608, "New Jersey": 0.909713027869079, "New Mexico": 0.901013642071241, "New York": 0.8947638723419502, "North Carolina": 0.9564571176644087, "North Dakota": 0.80288531522866, "Ohio": 0.9502868585111156, "Oklahoma": 0.8446971542381384, "Oregon": 0.9777387911637991, "Pennsylvania": 0.9464361137692316, "Rhode Island": 0.923820232312454, "South Carolina": 0.9245814213093343, "South Dakota": 0.9451479399699766, "Tennessee": 0.9351996329582605, "Texas": 0.9076133175471324, "Utah": 0.9591766278333836, "Vermont": 0.9567878030559226, "Virginia": 0.9022755670324489, "Washington": 0.9720710201690089, "West Virginia": 0.8801668754026425, "Wisconsin": 0.9264483373164001, "Wyoming": 0.6338511872343993}