{"Alabama": 0.906633294212614, "Alaska": 0.7886969661189023, "Arizona": 0.9319954923011462, "Arkansas": 0.8793503668687296, "California": 0.9204797852250545, "Colorado": 0.9002383788312035, "Connecticut": 0.8879648518064518, "Delaware": 0.8745438184177283, "Florida": 0.9198796136805696, "Georgia": 0.9012002481606568, "Hawaii": 0.7808910292655384, "Idaho": 0.9387384351194611, "Illinois": 0.9261998397597955, "Indiana": 0.8532278083282417, "Iowa": 0.9313655521822611, "Kansas": 0.9677324643973475, "Kentucky": 0.9455885949600872, "Louisiana": 0.9602267846465563, "Maine": 0.9183456780732927, "Maryland": 0.9099783219378897, "Massachusetts": 0.8701904612302109, "Michigan": 0.8817672802388561, "Minnesota": 0.9414393583223893, "Mississippi": 0.8756182697868753, "Missouri": 0.952052626944464, "Montana": 0.9166537034074876, "Nebraska": 0.9441982254101777, "Nevada": 0.572030152099244, "New Hampshire": 0.9178698555415236, "New Jersey": 0.8827202062546569, "New Mexico": 0.9467782331663017, "New York": 0.8544523177678482, "North Carolina": 0.8512949054561215, "North Dakota": 0.9258846098148525, "Ohio": 0.9179593240249232, "Oregon": 0.9444934873427809, "Pennsylvania": 0.936791054183836, "Rhode Island": 0.8843226856986935, "South Carolina": 0.8557738511461209, "South Dakota": 0.9357606311771461, "Tennessee": 0.9218306785294891, "Texas": 0.9797581280309716, "Utah": 0.9396206641040653, "Vermont": 0.9108973056368388, "Virginia": 0.9228522048121488, "Washington": 0.9438700413451382, "West Virginia": 0.9708318028220791, "Wisconsin": 0.8737310188649134, "Wyoming": 0.8360356170095399}