{"Alabama": 0.9136951334921397, "Alaska": 0.8017431073427168, "Arizona": 0.9337551948082089, "Arkansas": 0.8818294178647297, "California": 0.9195446440332917, "Colorado": 0.8924530673441955, "Connecticut": 0.8906712049367302, "Delaware": 0.8762023447337631, "Florida": 0.914583883762154, "Georgia": 0.9089795756464035, "Hawaii": 0.7895130940853874, "Idaho": 0.9416492195561197, "Illinois": 0.9292735436120887, "Indiana": 0.8492505396205294, "Iowa": 0.9277602335463634, "Kansas": 0.9664798003201979, "Kentucky": 0.9451182396100546, "Louisiana": 0.9612299082245724, "Maine": 0.9188447953198112, "Maryland": 0.9086671968754121, "Massachusetts": 0.8716210964019756, "Michigan": 0.8795311731075466, "Minnesota": 0.9407287042280035, "Mississippi": 0.8737095740952382, "Missouri": 0.9542031670819023, "Montana": 0.9210662132202224, "Nebraska": 0.9423538860074986, "Nevada": 0.5703481278822174, "New Hampshire": 0.9194281307314133, "New Jersey": 0.8825143342735393, "New Mexico": 0.94779558721556, "New York": 0.854323020716397, "North Carolina": 0.8704709932462869, "North Dakota": 0.92267537777601, "Ohio": 0.9215749842172697, "Oregon": 0.9487152430458666, "Pennsylvania": 0.9374757886635152, "Rhode Island": 0.8902853148751116, "South Carolina": 0.8690935593314886, "South Dakota": 0.9315566322637143, "Tennessee": 0.9243935227600331, "Texas": 0.9783010018765935, "Utah": 0.940829515280105, "Vermont": 0.9079238465442659, "Virginia": 0.916864737025524, "Washington": 0.9476957044767019, "West Virginia": 0.9705068110303269, "Wisconsin": 0.8755080670496629, "Wyoming": 0.8372769145430864}