{"Alabama": 0.922317703858104, "Alaska": 0.8098808705302252, "Arizona": 0.9330706713268908, "Arkansas": 0.8885595293090087, "California": 0.9206181771992755, "Colorado": 0.8857932445892708, "Connecticut": 0.8923423949487872, "Delaware": 0.8727659576502073, "Florida": 0.9100023617018452, "Georgia": 0.9185566185408758, "Hawaii": 0.7945505421294394, "Idaho": 0.950135246174596, "Illinois": 0.9326336935609786, "Indiana": 0.855553616909841, "Iowa": 0.931576852931847, "Kansas": 0.9683476022126281, "Kentucky": 0.946123002046277, "Louisiana": 0.9602934982405205, "Maine": 0.9248975028439794, "Maryland": 0.9041689981265764, "Massachusetts": 0.8675721758524425, "Michigan": 0.8866710647033408, "Minnesota": 0.9426054913824926, "Mississippi": 0.8890445714308851, "Missouri": 0.9581283284417935, "Montana": 0.922045067392855, "Nebraska": 0.9478494447773005, "Nevada": 0.587517093356911, "New Hampshire": 0.9224107832776517, "New Jersey": 0.8867453085045107, "New Mexico": 0.9487941990445058, "New York": 0.853027664563913, "North Carolina": 0.8885836235504456, "North Dakota": 0.9258031054932542, "Ohio": 0.9259712313612068, "Oregon": 0.9515383251314007, "Pennsylvania": 0.937742161554487, "Rhode Island": 0.8964997919111463, "South Carolina": 0.8852495210525707, "South Dakota": 0.9332893295588324, "Tennessee": 0.9328031089260018, "Texas": 0.9778788299012586, "Utah": 0.9454394866507269, "Vermont": 0.9085713369514747, "Virginia": 0.9104028330553584, "Washington": 0.9513617929084591, "West Virginia": 0.9699348133986028, "Wisconsin": 0.8826943959185185, "Wyoming": 0.8339555892252327}