{"Alabama": 0.8263079040494161, "Alaska": 0.7464146184455763, "Arizona": 0.9305601815360116, "Arkansas": 0.8866248668047129, "California": 0.9127715213596316, "Colorado": 0.8813205641623227, "Connecticut": 0.8812677212364332, "Delaware": 0.8367642904590847, "Florida": 0.9175353373054398, "Georgia": 0.9139498403045057, "Hawaii": 0.7727839899114447, "Idaho": 0.9487332488614182, "Illinois": 0.9267097355226002, "Indiana": 0.8704107676324887, "Iowa": 0.9258591346771152, "Kansas": 0.9621840760948162, "Kentucky": 0.9462374296302628, "Louisiana": 0.9600793438106927, "Maine": 0.9184671582082092, "Maryland": 0.8907850357706616, "Massachusetts": 0.8488737026213703, "Michigan": 0.8971468619485462, "Minnesota": 0.9348750234556673, "Mississippi": 0.9059990636868006, "Missouri": 0.9510352501450722, "Montana": 0.9195672375902018, "Nebraska": 0.9349106774406988, "Nevada": 0.6152264820250389, "New Hampshire": 0.9206904135748312, "New Jersey": 0.8734863832422688, "New Mexico": 0.9455440646470767, "New York": 0.8394585843992457, "North Carolina": 0.8947665605529593, "North Dakota": 0.9248755740245236, "Ohio": 0.9303763484251746, "Oregon": 0.9449616727893339, "Pennsylvania": 0.9271397798214275, "Rhode Island": 0.8738555321940583, "South Carolina": 0.8968879531268861, "South Dakota": 0.9276787335321344, "Tennessee": 0.9375067623770567, "Texas": 0.9756947906045267, "Utah": 0.9413820671923051, "Vermont": 0.9040170124048236, "Virginia": 0.8970248810130312, "Washington": 0.9410624966866544, "West Virginia": 0.9645783334586183, "Wisconsin": 0.8868675596448211, "Wyoming": 0.7549362436681121}