{"Alabama": 0.934463576814384, "Alaska": 0.8080305376560749, "Arizona": 0.9343186266869877, "Arkansas": 0.8874587978082179, "California": 0.9224390373196234, "Colorado": 0.8963639765508201, "Connecticut": 0.8876635671937618, "Delaware": 0.8520045930570106, "Florida": 0.92713792170247, "Georgia": 0.9247916669699786, "Hawaii": 0.8000622794313008, "Idaho": 0.9549214879231781, "Illinois": 0.93409379506329, "Indiana": 0.8650829730729588, "Iowa": 0.9270561968941363, "Kansas": 0.9641751087529314, "Kentucky": 0.9480789600303562, "Louisiana": 0.9683002479484619, "Maine": 0.9270105563838039, "Maryland": 0.9029098477853793, "Massachusetts": 0.863346234406701, "Michigan": 0.9003765535124213, "Minnesota": 0.9393306894220883, "Mississippi": 0.9095285627766542, "Missouri": 0.9563595856680644, "Montana": 0.9303846430343125, "Nebraska": 0.9357804563217234, "Nevada": 0.6391511581595681, "New Hampshire": 0.9291805234374677, "New Jersey": 0.892909207711769, "New Mexico": 0.9553531465213795, "New York": 0.8571826084781294, "North Carolina": 0.912790977039705, "North Dakota": 0.9379096835138232, "Ohio": 0.93344116804603, "Oregon": 0.948887583970223, "Pennsylvania": 0.9322566892930819, "Rhode Island": 0.8162376093016496, "South Carolina": 0.9060134068649097, "South Dakota": 0.9318217619990651, "Tennessee": 0.9382459936561, "Texas": 0.979241071027176, "Utah": 0.9448118750507467, "Vermont": 0.8179117877805201, "Virginia": 0.9075779347291958, "Washington": 0.9475595453604105, "West Virginia": 0.9661557885257671, "Wisconsin": 0.8899967467338332, "Wyoming": 0.6944153292607772}