{"Alabama": 0.9329076486280184, "Alaska": 0.8661769220379415, "Arizona": 0.9298502888756605, "Arkansas": 0.887656612875968, "California": 0.9149229073745506, "Colorado": 0.8979521415749585, "Connecticut": 0.8833543723947054, "Delaware": 0.8606562512366155, "Florida": 0.9172078058006197, "Georgia": 0.9220829754205707, "Hawaii": 0.8051681551300165, "Idaho": 0.9505843005152033, "Illinois": 0.9317521452522013, "Indiana": 0.8586387679533357, "Iowa": 0.9200842999083828, "Kansas": 0.9620243420569105, "Kentucky": 0.9455708489648343, "Louisiana": 0.970713173452769, "Maine": 0.9271165180871227, "Maryland": 0.8993061423935576, "Massachusetts": 0.8612736406042647, "Michigan": 0.9007801526744652, "Minnesota": 0.9332166872190034, "Mississippi": 0.908939895673297, "Missouri": 0.9515710884148578, "Montana": 0.9304842150439968, "Nebraska": 0.9269814638724648, "Nevada": 0.6518780937878706, "New Hampshire": 0.9247894531458175, "New Jersey": 0.8938902592245486, "New Mexico": 0.9539581389489344, "New York": 0.8558942222517225, "North Carolina": 0.916294417172166, "North Dakota": 0.93609823543031, "Ohio": 0.9287016678911514, "Oregon": 0.9413819641638348, "Pennsylvania": 0.9274630846512883, "Rhode Island": 0.8968835750408406, "South Carolina": 0.9036237603590991, "South Dakota": 0.9286142381127425, "Tennessee": 0.9334416891320121, "Texas": 0.9782592926663468, "Utah": 0.9391745190860639, "Vermont": 0.9069365090587305, "Virginia": 0.8982998532767595, "Washington": 0.9420022792958543, "West Virginia": 0.9679457827929457, "Wisconsin": 0.8872067165511033, "Wyoming": 0.8219091935378798}