{"Alabama": 0.9375892558527795, "Alaska": 0.8581083995319514, "Arizona": 0.9314612476951531, "Arkansas": 0.8913889122560982, "California": 0.9183319800651265, "Colorado": 0.8986835665388674, "Connecticut": 0.8907771027108935, "Delaware": 0.8684515120657831, "Florida": 0.9229909909275287, "Georgia": 0.9282424184097281, "Hawaii": 0.8303972353194674, "Idaho": 0.9492951332588662, "Illinois": 0.9378421436134278, "Indiana": 0.8603610790745997, "Iowa": 0.9167292763034514, "Kansas": 0.9605480059518938, "Kentucky": 0.9467671036172666, "Louisiana": 0.9693211258321255, "Maine": 0.9198181088792432, "Maryland": 0.8976052007909308, "Massachusetts": 0.8641106003489555, "Michigan": 0.9108349104856929, "Minnesota": 0.9333935327948728, "Mississippi": 0.9101102825860669, "Missouri": 0.9536515560984998, "Montana": 0.9264348867112062, "Nebraska": 0.9254898695411466, "Nevada": 0.6647375743821726, "New Hampshire": 0.9223276250877076, "New Jersey": 0.8982549163708863, "New Mexico": 0.9515048512602274, "New York": 0.8573355486562163, "North Carolina": 0.9290919965122495, "North Dakota": 0.9348508130741229, "Ohio": 0.9333061600024556, "Oregon": 0.9429513254569931, "Pennsylvania": 0.929122123771861, "Rhode Island": 0.8382937736912323, "South Carolina": 0.9165728071366763, "South Dakota": 0.9263107793477866, "Tennessee": 0.9391425504679881, "Texas": 0.9789672454499676, "Utah": 0.941266353412481, "Vermont": 0.9053932883424441, "Virginia": 0.8939277402258499, "Washington": 0.9427413977672805, "West Virginia": 0.9634479095756299, "Wisconsin": 0.8891425107870302, "Wyoming": 0.8055611467505264}