{"Alabama": 0.9187202886853493, "Alaska": 0.81537091683119, "Arizona": 0.8898820620325357, "Arkansas": 0.8848290706323901, "California": 0.8913992822986304, "Colorado": 0.8646717131378879, "Connecticut": 0.8617225322478114, "Delaware": 0.8500426584615508, "Florida": 0.869569755186686, "Georgia": 0.9132159127382, "Hawaii": 0.7813309792909319, "Idaho": 0.9527140624826064, "Illinois": 0.905876662673054, "Indiana": 0.8525273052674661, "Iowa": 0.9166588039842125, "Kansas": 0.9561489465679561, "Kentucky": 0.9410819185540339, "Louisiana": 0.9451262170312623, "Maine": 0.907153131487893, "Maryland": 0.8503845064455664, "Massachusetts": 0.8258578548514991, "Michigan": 0.9036993844988589, "Minnesota": 0.9230596961137955, "Mississippi": 0.9045091993091172, "Missouri": 0.9482203754161378, "Montana": 0.9039252046293914, "Nebraska": 0.9430144803503426, "Nevada": 0.6118888640035648, "New Hampshire": 0.8982731347034626, "New Jersey": 0.8692024098131356, "New Mexico": 0.9191502495210031, "New York": 0.818828969532842, "North Carolina": 0.90580291114569, "North Dakota": 0.916285798107284, "Ohio": 0.9085824810308516, "Oregon": 0.9427785605857917, "Pennsylvania": 0.9055470044782897, "Rhode Island": 0.8667527236000697, "South Carolina": 0.9022595325768635, "South Dakota": 0.9243274200121697, "Tennessee": 0.9238074350071558, "Texas": 0.9597424270536372, "Utah": 0.9131943521532688, "Vermont": 0.90024274543048, "Virginia": 0.8721756667387823, "Washington": 0.928308943898961, "West Virginia": 0.954876827464931, "Wisconsin": 0.8746540642903035, "Wyoming": 0.8162872081280332}