{"Alabama": 0.9174418393133207, "Alaska": 0.8214961780535094, "Arizona": 0.8816560852747366, "Arkansas": 0.8893699843380182, "California": 0.883463694673774, "Colorado": 0.8611703608406536, "Connecticut": 0.8611705233397491, "Delaware": 0.7666358460973252, "Florida": 0.8603199290616919, "Georgia": 0.9132421412704615, "Hawaii": 0.7798059416672055, "Idaho": 0.944911176299106, "Illinois": 0.9035086097649562, "Indiana": 0.8536271520215186, "Iowa": 0.9095430716697613, "Kansas": 0.9541246673500844, "Kentucky": 0.9428347886871472, "Louisiana": 0.948748793134763, "Maine": 0.906551308925219, "Maryland": 0.84592847535966, "Massachusetts": 0.8224143726775222, "Michigan": 0.9078125466583071, "Minnesota": 0.9205384738042133, "Mississippi": 0.9086119013584966, "Missouri": 0.9470628906287889, "Montana": 0.9028167398752427, "Nebraska": 0.9362047033469809, "Nevada": 0.6149273889405433, "New Hampshire": 0.8995322667250357, "New Jersey": 0.8663152083247834, "New Mexico": 0.9216553476086222, "New York": 0.8133467030257151, "North Carolina": 0.9100249607306552, "North Dakota": 0.9203356872943212, "Ohio": 0.906220982020421, "Oregon": 0.9419839428387743, "Pennsylvania": 0.9019444793531152, "Rhode Island": 0.8643049424005492, "South Carolina": 0.9053431727044466, "South Dakota": 0.9197782331978724, "Tennessee": 0.9245711862243606, "Texas": 0.9597254660720536, "Utah": 0.9059884978061272, "Vermont": 0.9008024691204733, "Virginia": 0.8654251795149159, "Washington": 0.926509322372841, "West Virginia": 0.9557436608384037, "Wisconsin": 0.8737938707639678, "Wyoming": 0.8089285099723789}