{"Alabama": 0.9367572189974729, "Alaska": 0.860824455318624, "Arizona": 0.9221857709554834, "Arkansas": 0.8950609797827042, "California": 0.9111704063449523, "Colorado": 0.8948748333100831, "Connecticut": 0.8887538436216618, "Delaware": 0.7710310807450693, "Florida": 0.9137337409500873, "Georgia": 0.9260309401927823, "Hawaii": 0.8287228575952316, "Idaho": 0.941668229504984, "Illinois": 0.9324399961146282, "Indiana": 0.8609944974661762, "Iowa": 0.9100790177296614, "Kansas": 0.959672046484366, "Kentucky": 0.9486465067383058, "Louisiana": 0.9707841366155266, "Maine": 0.9182262242162089, "Maryland": 0.8920651597500799, "Massachusetts": 0.8583868218585947, "Michigan": 0.9160143326069379, "Minnesota": 0.9296622134465, "Mississippi": 0.9140413103990356, "Missouri": 0.951398941109131, "Montana": 0.9254240164634764, "Nebraska": 0.9194269971782464, "Nevada": 0.6661963701034691, "New Hampshire": 0.9217693708604892, "New Jersey": 0.893010266724125, "New Mexico": 0.9525813111267067, "New York": 0.850621016973318, "North Carolina": 0.932668940613318, "North Dakota": 0.9388569019772015, "Ohio": 0.9292614620438615, "Oregon": 0.9416890220818394, "Pennsylvania": 0.9233937661654078, "Rhode Island": 0.8948259612173303, "South Carolina": 0.9198622118021069, "South Dakota": 0.9218362205415545, "Tennessee": 0.9387521593800046, "Texas": 0.9778766297601948, "Utah": 0.9329794083029044, "Vermont": 0.9056581150898969, "Virginia": 0.8875568029949438, "Washington": 0.9398077851442769, "West Virginia": 0.9644154282900572, "Wisconsin": 0.8873666663135032, "Wyoming": 0.8362179300766811}