{"Alabama": 0.916630536540854, "Alaska": 0.8242343553961882, "Arizona": 0.8752988573269627, "Arkansas": 0.8945939865014415, "California": 0.8749954070027729, "Colorado": 0.85629311218208, "Connecticut": 0.8566723401736859, "Delaware": 0.8477144730278059, "Florida": 0.8576990118496273, "Georgia": 0.9102876053315977, "Hawaii": 0.7752555440022237, "Idaho": 0.9312496307510556, "Illinois": 0.9014046455337286, "Indiana": 0.8579350201276118, "Iowa": 0.9021265336765165, "Kansas": 0.9511014072047662, "Kentucky": 0.9436115317318703, "Louisiana": 0.9500410832986358, "Maine": 0.8997925544556641, "Maryland": 0.8374154991094808, "Massachusetts": 0.8156032891151814, "Michigan": 0.9101744035992579, "Minnesota": 0.9132167772714476, "Mississippi": 0.9174883221294071, "Missouri": 0.9416224003962109, "Montana": 0.8976683565658566, "Nebraska": 0.927469149464177, "Nevada": 0.6201098010047557, "New Hampshire": 0.8987864768635977, "New Jersey": 0.8590468482604597, "New Mexico": 0.9134487952499729, "New York": 0.8013435650437278, "North Carolina": 0.9157241757849587, "North Dakota": 0.9140594024507983, "Ohio": 0.9053379211353143, "Oregon": 0.9364996816994413, "Pennsylvania": 0.8946989482052251, "Rhode Island": 0.8553104374870304, "South Carolina": 0.9072587304192686, "South Dakota": 0.9102696884183676, "Tennessee": 0.9293288140251281, "Texas": 0.9576050442019421, "Utah": 0.895419294370635, "Vermont": 0.8941815072065014, "Virginia": 0.85569640984806, "Washington": 0.9191274523682957, "West Virginia": 0.9556623952784447, "Wisconsin": 0.8716199522363067, "Wyoming": 0.7898537021564634}