{"Alabama": 0.9322238732738045, "Alaska": 0.8534774534725357, "Arizona": 0.9138029282570101, "Arkansas": 0.8962443978281528, "California": 0.8990484961247303, "Colorado": 0.888044302283656, "Connecticut": 0.8801841754869472, "Delaware": 0.8608983686203819, "Florida": 0.9077781496153731, "Georgia": 0.9179783645756011, "Hawaii": 0.8221652872161597, "Idaho": 0.9273203141997166, "Illinois": 0.9246928518788561, "Indiana": 0.8633861323512159, "Iowa": 0.9007273061914048, "Kansas": 0.9556819910486481, "Kentucky": 0.948007449092305, "Louisiana": 0.968493287244061, "Maine": 0.9076173562699851, "Maryland": 0.8802156329413263, "Massachusetts": 0.8462439377539887, "Michigan": 0.9171098654083731, "Minnesota": 0.9190673965117332, "Mississippi": 0.9196602725092347, "Missouri": 0.9434192641073416, "Montana": 0.9203196136784063, "Nebraska": 0.9091883344563794, "Nevada": 0.6683696243497594, "New Hampshire": 0.917822237694351, "New Jersey": 0.8802579396628748, "New Mexico": 0.9434903945528915, "New York": 0.8350482977952357, "North Carolina": 0.9316601618446002, "North Dakota": 0.9322266613995899, "Ohio": 0.9234273812566677, "Oregon": 0.935401279066102, "Pennsylvania": 0.9104347232545088, "Rhode Island": 0.8803073972709479, "South Carolina": 0.9163026690347951, "South Dakota": 0.9111065737243743, "Tennessee": 0.9390897171911563, "Texas": 0.974670015965414, "Utah": 0.9183785878447522, "Vermont": 0.897279399384716, "Virginia": 0.8752807947843506, "Washington": 0.9293973011446408, "West Virginia": 0.9628028319269992, "Wisconsin": 0.8816206043706706, "Wyoming": 0.8176285115310976}