{"Alabama": 0.9304981990073605, "Alaska": 0.8543856196010484, "Arizona": 0.9154254177699055, "Arkansas": 0.9001280386817327, "California": 0.8895766211643967, "Colorado": 0.8835344055184787, "Connecticut": 0.8738333539433935, "Delaware": 0.85949232057079, "Florida": 0.9059826058067822, "Georgia": 0.9105315582740469, "Hawaii": 0.8147048834108532, "Idaho": 0.9226383753744578, "Illinois": 0.9191752800601953, "Indiana": 0.867553052661888, "Iowa": 0.8940010478784194, "Kansas": 0.9508051924511652, "Kentucky": 0.9437307875791814, "Louisiana": 0.9653738812035815, "Maine": 0.9025576674243158, "Maryland": 0.874613149495907, "Massachusetts": 0.8361510368719054, "Michigan": 0.9174073315719189, "Minnesota": 0.9102071539315266, "Mississippi": 0.9203348714212534, "Missouri": 0.9371247079219266, "Montana": 0.9149067373499764, "Nebraska": 0.8987012291150059, "Nevada": 0.6686130624860533, "New Hampshire": 0.9128054447319862, "New Jersey": 0.8689020923912845, "New Mexico": 0.9371497510899623, "New York": 0.8308134456432008, "North Carolina": 0.927560758113108, "North Dakota": 0.9273571577695305, "Ohio": 0.9210873921772267, "Oregon": 0.9294662912946435, "Pennsylvania": 0.9049717449068697, "Rhode Island": 0.870944365495534, "South Carolina": 0.9116832397069715, "South Dakota": 0.903509457117202, "Tennessee": 0.937251668681892, "Texas": 0.9707761063212716, "Utah": 0.9053592065617603, "Vermont": 0.8903906480595483, "Virginia": 0.8654473305452386, "Washington": 0.9166335538005593, "West Virginia": 0.9592315491463759, "Wisconsin": 0.8768960456296885, "Wyoming": 0.8154507752689015}