{"Alabama": 0.9166171002503489, "Alaska": 0.8227329325275967, "Arizona": 0.8749515013223691, "Arkansas": 0.9017656862465315, "California": 0.864811684991451, "Colorado": 0.8492828913498198, "Connecticut": 0.8474428545778542, "Delaware": 0.8462803055861811, "Florida": 0.8539952929025885, "Georgia": 0.9016266737941059, "Hawaii": 0.7678166012237533, "Idaho": 0.9264649275289761, "Illinois": 0.8953984137129045, "Indiana": 0.8579595459266492, "Iowa": 0.8964641126881048, "Kansas": 0.9453482700258471, "Kentucky": 0.9402982376343504, "Louisiana": 0.9458490386193353, "Maine": 0.8949071459916232, "Maryland": 0.8289981047024741, "Massachusetts": 0.8036164964881519, "Michigan": 0.9082715552832661, "Minnesota": 0.904397773777142, "Mississippi": 0.9179718899968904, "Missouri": 0.9355386763147365, "Montana": 0.8930746985511342, "Nebraska": 0.9178630390483487, "Nevada": 0.6178887364217501, "New Hampshire": 0.8921510843908377, "New Jersey": 0.8444878428310859, "New Mexico": 0.9075926404270864, "New York": 0.793473523444777, "North Carolina": 0.9131414769221787, "North Dakota": 0.9086443148166577, "Ohio": 0.9016484748203727, "Oregon": 0.928133248653639, "Pennsylvania": 0.888040251584307, "Rhode Island": 0.8447014257191171, "South Carolina": 0.9007601438164706, "South Dakota": 0.9044737743082286, "Tennessee": 0.9274811789409579, "Texas": 0.9527079271674467, "Utah": 0.8807369065810414, "Vermont": 0.8868267540118382, "Virginia": 0.8428886859419978, "Washington": 0.9044906798575686, "West Virginia": 0.9526348915301949, "Wisconsin": 0.8670208478432837, "Wyoming": 0.7872893134550766}