{"Alabama": 0.9035790351387489, "Alaska": 0.8192254698761349, "Arizona": 0.8654146493944038, "Arkansas": 0.8935241315597606, "California": 0.837988159505755, "Colorado": 0.8378450405214722, "Connecticut": 0.8219861605696318, "Delaware": 0.8261677614383449, "Florida": 0.8393423970376577, "Georgia": 0.8802779021471651, "Hawaii": 0.7551865543926051, "Idaho": 0.9184749320334744, "Illinois": 0.8726254100973126, "Indiana": 0.8471469377235694, "Iowa": 0.8746857914303472, "Kansas": 0.9332255346453968, "Kentucky": 0.9284613031505409, "Louisiana": 0.9401411623467302, "Maine": 0.8931545804101975, "Maryland": 0.8076484753361093, "Massachusetts": 0.7802320617299865, "Michigan": 0.8942209353320828, "Minnesota": 0.8779722355814169, "Mississippi": 0.9109627909804853, "Missouri": 0.9156476611818858, "Montana": 0.8833128007964712, "Nebraska": 0.8955213395277734, "Nevada": 0.6139937598257907, "New Hampshire": 0.8736005453489395, "New Jersey": 0.8179110746318072, "New Mexico": 0.9018240185278823, "New York": 0.7715414764153322, "North Carolina": 0.8973617776647402, "North Dakota": 0.901229172253699, "Ohio": 0.8842969209023035, "Oregon": 0.9023133201410208, "Pennsylvania": 0.8664207263639838, "Rhode Island": 0.8204803310099039, "South Carolina": 0.8862526579558608, "South Dakota": 0.8856396774489131, "Tennessee": 0.9107111553427107, "Texas": 0.944986621476077, "Utah": 0.8670767154605222, "Vermont": 0.8707281924027325, "Virginia": 0.8182198107147376, "Washington": 0.8836693312980389, "West Virginia": 0.9484233177842475, "Wisconsin": 0.8483053532210297, "Wyoming": 0.7882583070442767}