{"Alabama": 0.9140246525264145, "Alaska": 0.8494428700725718, "Arizona": 0.9048313514931626, "Arkansas": 0.8866100738679161, "California": 0.8598428410439782, "Colorado": 0.8707542505073544, "Connecticut": 0.8443643057531968, "Delaware": 0.8367653741874211, "Florida": 0.8894055913665508, "Georgia": 0.884883235993083, "Hawaii": 0.8013202848034136, "Idaho": 0.9129690394510882, "Illinois": 0.8918146146575403, "Indiana": 0.8551393746758787, "Iowa": 0.8696954016550559, "Kansas": 0.9388176061121571, "Kentucky": 0.9294580070041252, "Louisiana": 0.9583806544781013, "Maine": 0.896160523738538, "Maryland": 0.850555034279933, "Massachusetts": 0.8093452590285531, "Michigan": 0.9026818556658806, "Minnesota": 0.8804036463636528, "Mississippi": 0.9115175093696504, "Missouri": 0.9137847517224523, "Montana": 0.9048639108945035, "Nebraska": 0.8736539852229623, "Nevada": 0.6630281008878961, "New Hampshire": 0.8913659132585293, "New Jersey": 0.8396031205443164, "New Mexico": 0.9320732982191257, "New York": 0.8075217734774551, "North Carolina": 0.9076336183720892, "North Dakota": 0.9208081638823289, "Ohio": 0.9000346329834655, "Oregon": 0.9024892833285063, "Pennsylvania": 0.8799258637722083, "Rhode Island": 0.8430035744639286, "South Carolina": 0.8945005170728931, "South Dakota": 0.8846864771254304, "Tennessee": 0.9164545283977527, "Texas": 0.9626602501429046, "Utah": 0.8894218057743186, "Vermont": 0.8720193339095583, "Virginia": 0.838734634404365, "Washington": 0.8912925065668937, "West Virginia": 0.9549691742686708, "Wisconsin": 0.854118020309761, "Wyoming": 0.8169662630287104}