{"Alabama": 0.9256763868988667, "Alaska": 0.8772746830043234, "Arizona": 0.9109516812641831, "Arkansas": 0.9033405305536575, "California": 0.8669830547890167, "Colorado": 0.8810510594085627, "Connecticut": 0.8469307301119922, "Delaware": 0.8530695108764038, "Florida": 0.9011320000544466, "Georgia": 0.899370872113831, "Hawaii": 0.8327738064620864, "Idaho": 0.9293790340408875, "Illinois": 0.89847474887922, "Indiana": 0.8802535202227848, "Iowa": 0.8872292693098638, "Kansas": 0.9487181597746475, "Kentucky": 0.9423816006648894, "Louisiana": 0.9673684121584187, "Maine": 0.9155726080508844, "Maryland": 0.8647703122507954, "Massachusetts": 0.8199125589105409, "Michigan": 0.9176679921424253, "Minnesota": 0.8872819029654381, "Mississippi": 0.9270033413734522, "Missouri": 0.9274079291657423, "Montana": 0.9273178322782786, "Nebraska": 0.8903735516814333, "Nevada": 0.6882111644394994, "New Hampshire": 0.904107132881687, "New Jersey": 0.8577088949697687, "New Mexico": 0.9395979071666434, "New York": 0.8298429427842042, "North Carolina": 0.9208963514851308, "North Dakota": 0.9359788096930063, "Ohio": 0.9124275255475608, "Oregon": 0.9099965434470814, "Pennsylvania": 0.8906374589041154, "Rhode Island": 0.8546076221356772, "South Carolina": 0.909016800120334, "South Dakota": 0.9030449980220974, "Tennessee": 0.9280383712731619, "Texas": 0.9685534764716154, "Utah": 0.8962842784383939, "Vermont": 0.8860822778554264, "Virginia": 0.8429375946222053, "Washington": 0.9001890059868528, "West Virginia": 0.9605024602515733, "Wisconsin": 0.8707097540098754, "Wyoming": 0.8555965389547956}