{"Alabama": 0.9118755624167261, "Alaska": 0.8461227002504302, "Arizona": 0.8749480374387271, "Arkansas": 0.9058424273735026, "California": 0.842488358116028, "Colorado": 0.8487585464341126, "Connecticut": 0.8242950171828792, "Delaware": 0.8384333977873789, "Florida": 0.852832820014788, "Georgia": 0.8863056684859842, "Hawaii": 0.7898980092352033, "Idaho": 0.9334369741978877, "Illinois": 0.8763253401976514, "Indiana": 0.8653354593389522, "Iowa": 0.8876214852841724, "Kansas": 0.94106914908134, "Kentucky": 0.9393057023045324, "Louisiana": 0.9482465965409658, "Maine": 0.9080134900204817, "Maryland": 0.8224324095995621, "Massachusetts": 0.7882268175793453, "Michigan": 0.905805137537953, "Minnesota": 0.8832750117558468, "Mississippi": 0.9230590748770217, "Missouri": 0.9265972614426129, "Montana": 0.908641954037761, "Nebraska": 0.9067094616642024, "Nevada": 0.6401446604711549, "New Hampshire": 0.8846525924711587, "New Jersey": 0.8292595149166915, "New Mexico": 0.9135472516117814, "New York": 0.7915805196173001, "North Carolina": 0.9047422900234345, "North Dakota": 0.9178914887623527, "Ohio": 0.8945836649367329, "Oregon": 0.9090484089417128, "Pennsylvania": 0.8735403897340362, "Rhode Island": 0.8282143979661537, "South Carolina": 0.8951448237892843, "South Dakota": 0.9015535610510389, "Tennessee": 0.9190852870541603, "Texas": 0.950971159181469, "Utah": 0.8719480336323521, "Vermont": 0.8825512495858223, "Virginia": 0.8201126352747939, "Washington": 0.8916860584536527, "West Virginia": 0.9537720118485697, "Wisconsin": 0.8582113056600408, "Wyoming": 0.8315486300744224}