{"Alabama": 0.8957071038310315, "Alaska": 0.8458069017539209, "Arizona": 0.862388472804368, "Arkansas": 0.8919829596207899, "California": 0.8212759931120357, "Colorado": 0.8418084996551619, "Connecticut": 0.8088927095536602, "Delaware": 0.8276820828602914, "Florida": 0.8385845674975488, "Georgia": 0.8649369393274062, "Hawaii": 0.7742487889479858, "Idaho": 0.9172900936521883, "Illinois": 0.8587101655192555, "Indiana": 0.8399668611605051, "Iowa": 0.8631363922559336, "Kansas": 0.9348978157409473, "Kentucky": 0.9231436732269902, "Louisiana": 0.9455883781484574, "Maine": 0.8813101481251937, "Maryland": 0.8109396036293194, "Massachusetts": 0.77881953565861, "Michigan": 0.8865286778336886, "Minnesota": 0.8653977823663093, "Mississippi": 0.9117253234838841, "Missouri": 0.9082699211432036, "Montana": 0.9015062368731577, "Nebraska": 0.8848285347035034, "Nevada": 0.6256192632661888, "New Hampshire": 0.8695455559267294, "New Jersey": 0.8168581987900396, "New Mexico": 0.9126599544252798, "New York": 0.7812933168055544, "North Carolina": 0.8856445971790923, "North Dakota": 0.9105793422394576, "Ohio": 0.8773128770642863, "Oregon": 0.8878460048289997, "Pennsylvania": 0.8616209122829787, "Rhode Island": 0.8148871016607695, "South Carolina": 0.8752988119613714, "South Dakota": 0.8831971876444493, "Tennessee": 0.9009391956168071, "Texas": 0.94576828192151, "Utah": 0.85931621165235, "Vermont": 0.8647049467154554, "Virginia": 0.8031667673000137, "Washington": 0.8694508376047971, "West Virginia": 0.9537520422671967, "Wisconsin": 0.8359561628610462, "Wyoming": 0.8434484850321794}