{"Alabama": 0.908966882071946, "Alaska": 0.8753680831678001, "Arizona": 0.8949097394634487, "Arkansas": 0.8914313315766266, "California": 0.8437809122077885, "Colorado": 0.8718468836658904, "Connecticut": 0.8291725148905135, "Delaware": 0.8438332275780778, "Florida": 0.8837772093732055, "Georgia": 0.8791424032778058, "Hawaii": 0.8150118315650822, "Idaho": 0.9138826405292244, "Illinois": 0.8789937680936516, "Indiana": 0.852820487303653, "Iowa": 0.864872070748099, "Kansas": 0.943164886002284, "Kentucky": 0.9267603290064507, "Louisiana": 0.9640226322386529, "Maine": 0.8901665329191801, "Maryland": 0.8503560459314924, "Massachusetts": 0.8083471064043676, "Michigan": 0.8966299578625024, "Minnesota": 0.8692130209421758, "Mississippi": 0.9156335269290408, "Missouri": 0.9088938277300682, "Montana": 0.9202525752129437, "Nebraska": 0.8706404626848361, "Nevada": 0.6699232660355191, "New Hampshire": 0.8867012994855059, "New Jersey": 0.844354975041105, "New Mexico": 0.9359622024010673, "New York": 0.8181112638300414, "North Carolina": 0.9010723417403658, "North Dakota": 0.9301942135992444, "Ohio": 0.8932144831035227, "Oregon": 0.8879943687007804, "Pennsylvania": 0.8777033282817988, "Rhode Island": 0.8384145107433816, "South Carolina": 0.8886509006683562, "South Dakota": 0.8866755517381069, "Tennessee": 0.9092792762502847, "Texas": 0.9627845202434145, "Utah": 0.8823673152436957, "Vermont": 0.8669283642867286, "Virginia": 0.8241593006843485, "Washington": 0.8762752591190804, "West Virginia": 0.9598817202966362, "Wisconsin": 0.8491458518524139, "Wyoming": 0.8651478060242525}