{"Alabama": 0.9190328335851661, "Alaska": 0.8697642321252602, "Arizona": 0.9011019485805084, "Arkansas": 0.900670140837737, "California": 0.8497614389005358, "Colorado": 0.8765196579383049, "Connecticut": 0.8357793082228416, "Delaware": 0.8471169955751902, "Florida": 0.8865625547239714, "Georgia": 0.8859058940486725, "Hawaii": 0.8168675431212341, "Idaho": 0.9213733860578157, "Illinois": 0.8847209846301404, "Indiana": 0.8603858143283248, "Iowa": 0.8715820611268555, "Kansas": 0.9448439161712093, "Kentucky": 0.9333143586280176, "Louisiana": 0.9632122747082151, "Maine": 0.8957972749821698, "Maryland": 0.8541483372881641, "Massachusetts": 0.8135961225227322, "Michigan": 0.8998611547862004, "Minnesota": 0.8770705361810788, "Mississippi": 0.924721811899688, "Missouri": 0.9149649805802407, "Montana": 0.9222918231440198, "Nebraska": 0.8755477783907355, "Nevada": 0.6774994900668425, "New Hampshire": 0.8943309418956888, "New Jersey": 0.8489317497487704, "New Mexico": 0.9386869861551612, "New York": 0.8219906054276758, "North Carolina": 0.9086967415315977, "North Dakota": 0.9367557447967557, "Ohio": 0.8998602827447145, "Oregon": 0.8947667761970467, "Pennsylvania": 0.8844543170177039, "Rhode Island": 0.8429317295047729, "South Carolina": 0.8965512194057795, "South Dakota": 0.8933081584906769, "Tennessee": 0.9168810551380674, "Texas": 0.9652055663348724, "Utah": 0.8893527949421011, "Vermont": 0.8742916539345008, "Virginia": 0.8310498035221942, "Washington": 0.8821680459167784, "West Virginia": 0.9587503898982, "Wisconsin": 0.8552973801208538, "Wyoming": 0.8586391518380916}