{"Alabama": 0.876772924846484, "Alaska": 0.8469454533196948, "Arizona": 0.8399383222106388, "Arkansas": 0.879745433036704, "California": 0.8004410885779553, "Colorado": 0.8253260412809867, "Connecticut": 0.7865781452798976, "Delaware": 0.7938314633925427, "Florida": 0.8033068142893165, "Georgia": 0.8360931406816696, "Hawaii": 0.7380478573628416, "Idaho": 0.8920172221451378, "Illinois": 0.8300337643632243, "Indiana": 0.8196157085853661, "Iowa": 0.8381696247498154, "Kansas": 0.9267320487834396, "Kentucky": 0.9001339180632024, "Louisiana": 0.9316960755369702, "Maine": 0.8641826741796452, "Maryland": 0.7769054847430873, "Massachusetts": 0.7454383121508019, "Michigan": 0.8585732501896258, "Minnesota": 0.8389621091154058, "Mississippi": 0.898563897003126, "Missouri": 0.8765320133396958, "Montana": 0.8836121795721006, "Nebraska": 0.8578799837556411, "Nevada": 0.6219824471698933, "New Hampshire": 0.8468723566973645, "New Jersey": 0.7845259934235879, "New Mexico": 0.903161803485939, "New York": 0.7468418784746552, "North Carolina": 0.8611950502433566, "North Dakota": 0.9076448506717194, "Ohio": 0.8556825601359048, "Oregon": 0.8571904079379449, "Pennsylvania": 0.8412915513775888, "Rhode Island": 0.788384009087914, "South Carolina": 0.8514425444226073, "South Dakota": 0.8534729889733117, "Tennessee": 0.873809405243401, "Texas": 0.9377095862376102, "Utah": 0.8414584098069545, "Vermont": 0.8408068389934786, "Virginia": 0.7766476870573218, "Washington": 0.8424384733276324, "West Virginia": 0.9472963581651507, "Wisconsin": 0.8104103549593076, "Wyoming": 0.8517709939456013}