{"Alabama": 0.86650630897806, "Alaska": 0.8466484967241658, "Arizona": 0.829983026784065, "Arkansas": 0.8745589327770553, "California": 0.7914252557398191, "Colorado": 0.8150266693661316, "Connecticut": 0.7783846185759751, "Delaware": 0.7839049586745366, "Florida": 0.7922474947490564, "Georgia": 0.8253511735651061, "Hawaii": 0.7317231100658513, "Idaho": 0.8825067597615894, "Illinois": 0.8175785257933862, "Indiana": 0.808947095377902, "Iowa": 0.8291647183003397, "Kansas": 0.9248872609784422, "Kentucky": 0.8875540944301884, "Louisiana": 0.9252350561310734, "Maine": 0.8454454561012182, "Maryland": 0.7672780957973068, "Massachusetts": 0.7325636654325095, "Michigan": 0.845821941650994, "Minnesota": 0.8274408111677719, "Mississippi": 0.8923405762238336, "Missouri": 0.8662967366607103, "Montana": 0.8748110994862534, "Nebraska": 0.8483256799843444, "Nevada": 0.6265849771858062, "New Hampshire": 0.8389027898347269, "New Jersey": 0.7736620075723071, "New Mexico": 0.9031793084520167, "New York": 0.7353067254021313, "North Carolina": 0.8531665672309969, "North Dakota": 0.9048279026133996, "Ohio": 0.8454158302542317, "Oregon": 0.8458402413378365, "Pennsylvania": 0.8307621979078873, "Rhode Island": 0.775834936996766, "South Carolina": 0.8429845401494763, "South Dakota": 0.8457296903571769, "Tennessee": 0.8614682510497172, "Texas": 0.9345806292943697, "Utah": 0.8314799075335619, "Vermont": 0.8323127133849758, "Virginia": 0.7719356434945266, "Washington": 0.8336642884518749, "West Virginia": 0.9429042595543262, "Wisconsin": 0.8034474660448467, "Wyoming": 0.8665876176511804}