{"Alabama": 0.8647472761217417, "Alaska": 0.8560006766237046, "Arizona": 0.8505561150768423, "Arkansas": 0.8557723392743224, "California": 0.7977957115396469, "Colorado": 0.8379205392753101, "Connecticut": 0.7845015257799358, "Delaware": 0.7780972369940238, "Florida": 0.8263229365775471, "Georgia": 0.8198203065630412, "Hawaii": 0.7591260950460227, "Idaho": 0.8672242199258217, "Illinois": 0.8201425533829189, "Indiana": 0.8020674228647352, "Iowa": 0.8193321918009713, "Kansas": 0.926021133705143, "Kentucky": 0.8779456590780975, "Louisiana": 0.9311049952092936, "Maine": 0.8363081902701459, "Maryland": 0.7899293394265899, "Massachusetts": 0.741682762351524, "Michigan": 0.8381625453466719, "Minnesota": 0.8158231793841512, "Mississippi": 0.8860097855911103, "Missouri": 0.8528787862224195, "Montana": 0.886603871960781, "Nebraska": 0.820650564354411, "Nevada": 0.6633351100193047, "New Hampshire": 0.8446971542381384, "New Jersey": 0.7844913509713387, "New Mexico": 0.9189186278508927, "New York": 0.7554779985251167, "North Carolina": 0.8474178860496807, "North Dakota": 0.9214592226854402, "Ohio": 0.8455622981373755, "Oregon": 0.835940919210158, "Pennsylvania": 0.8293032678250548, "Rhode Island": 0.7809475525991125, "South Carolina": 0.8395482094396742, "South Dakota": 0.841909495189976, "Tennessee": 0.8546300220979524, "Texas": 0.9457512339238935, "Utah": 0.8380745041304547, "Vermont": 0.8172718454413899, "Virginia": 0.7842742662180185, "Washington": 0.8268107731754445, "West Virginia": 0.9440474032919768, "Wisconsin": 0.798594147700187, "Wyoming": 0.8781038341958124}