{"Alabama": 0.8609991365575878, "Alaska": 0.8470124686742149, "Arizona": 0.8235404777649464, "Arkansas": 0.8699429484987833, "California": 0.7854544410260346, "Colorado": 0.8134308381618006, "Connecticut": 0.7713175222241476, "Delaware": 0.7739421880559889, "Florida": 0.7875171586560589, "Georgia": 0.8184425937697378, "Hawaii": 0.727695732920733, "Idaho": 0.8734894771471257, "Illinois": 0.8121456346937532, "Indiana": 0.8005162793825178, "Iowa": 0.8242236626141964, "Kansas": 0.9240184000841909, "Kentucky": 0.8792287949809537, "Louisiana": 0.9196879235769254, "Maine": 0.8370580790566806, "Maryland": 0.756203942534398, "Massachusetts": 0.7227187882904413, "Michigan": 0.8381343230158032, "Minnesota": 0.8198017904206324, "Mississippi": 0.8887690213956307, "Missouri": 0.8582042859488038, "Montana": 0.8675939648646877, "Nebraska": 0.841041408622701, "Nevada": 0.6265529001648754, "New Hampshire": 0.8351786560286094, "New Jersey": 0.7678278798982844, "New Mexico": 0.8982385947838809, "New York": 0.7260458932936954, "North Carolina": 0.8473046121200084, "North Dakota": 0.9017492476731835, "Ohio": 0.8401370447448588, "Oregon": 0.8389194068377932, "Pennsylvania": 0.8243484496063964, "Rhode Island": 0.7684990609464942, "South Carolina": 0.8380953884547868, "South Dakota": 0.8368788699811144, "Tennessee": 0.8546459618441687, "Texas": 0.9322782441202392, "Utah": 0.8252268048648254, "Vermont": 0.8236458811024433, "Virginia": 0.7704096023055574, "Washington": 0.8267123640935815, "West Virginia": 0.9403033427415395, "Wisconsin": 0.7980276971035404, "Wyoming": 0.8605570072985138}