{"Alabama": 0.9117246961811251, "Alaska": 0.8116767930275415, "Arizona": 0.8564900085163921, "Arkansas": 0.902615472654017, "California": 0.8681148108608042, "Colorado": 0.8370229191006762, "Connecticut": 0.8652152623417735, "Delaware": 0.8808640695281441, "Florida": 0.8633088401214258, "Georgia": 0.8979426462581855, "Hawaii": 0.771437919811137, "Idaho": 0.9458811522764431, "Illinois": 0.8837579259040688, "Indiana": 0.8179378495005483, "Iowa": 0.9471954829536584, "Kansas": 0.9431127775352656, "Kentucky": 0.9342920562385951, "Louisiana": 0.9401296795392565, "Maryland": 0.8914650339999176, "Massachusetts": 0.881658018000168, "Michigan": 0.8261037762262601, "Minnesota": 0.9315590450728638, "Mississippi": 0.8862988735331695, "Missouri": 0.9498633748074167, "Montana": 0.9215148311500426, "Nebraska": 0.9471454818706009, "Nevada": 0.555224430007987, "New Hampshire": 0.9123779888608008, "New Jersey": 0.8744020568840867, "New Mexico": 0.900930999471098, "New York": 0.8667218226364045, "North Carolina": 0.8807576818724132, "North Dakota": 0.9383575736359631, "Ohio": 0.8868512408358391, "Oklahoma": 0.9183456780732927, "Oregon": 0.9244417914259013, "Pennsylvania": 0.9495124047241057, "Rhode Island": 0.912567123338174, "South Carolina": 0.8736520958582294, "South Dakota": 0.957330207176433, "Tennessee": 0.8991538548950281, "Texas": 0.9082508098654233, "Utah": 0.8920813547324812, "Vermont": 0.9336582838835277, "Virginia": 0.8928470275234262, "Washington": 0.9223390823682847, "West Virginia": 0.9486251404574302, "Wisconsin": 0.8842164850614671, "Wyoming": 0.7660087752428455}