{"Alabama": 0.9069350275558407, "Alaska": 0.8238326161941734, "Arizona": 0.8521033566601288, "Arkansas": 0.8999333041511776, "California": 0.8669051078295114, "Colorado": 0.8299574917039673, "Connecticut": 0.8774916182519712, "Delaware": 0.8792106944797792, "Florida": 0.8406344083537034, "Georgia": 0.8916129959620606, "Hawaii": 0.7706226073776663, "Idaho": 0.9436602401330227, "Illinois": 0.8909452237210258, "Indiana": 0.81429770265063, "Iowa": 0.9450391238214292, "Kansas": 0.946078096677353, "Kentucky": 0.928581139005858, "Louisiana": 0.9463152378812936, "Maryland": 0.890690407743593, "Massachusetts": 0.8889288884172931, "Michigan": 0.826482200278187, "Minnesota": 0.9383474386691733, "Mississippi": 0.8774009265989243, "Missouri": 0.9512558467741302, "Montana": 0.9273361257698662, "Nebraska": 0.9495543227868279, "Nevada": 0.5414941511190862, "New Hampshire": 0.9200155397472625, "New Jersey": 0.874627006949234, "New Mexico": 0.9060983922156836, "New York": 0.8741616064636917, "North Carolina": 0.887079557084021, "North Dakota": 0.9426206005238177, "Ohio": 0.8888317161077618, "Oklahoma": 0.9188447953198112, "Oregon": 0.9308920696220832, "Pennsylvania": 0.9543347769162696, "Rhode Island": 0.9233505176496382, "South Carolina": 0.8688728068265664, "South Dakota": 0.9585248978577151, "Tennessee": 0.8875139352651872, "Texas": 0.9046138628038842, "Utah": 0.8910354973041769, "Vermont": 0.9369777161049353, "Virginia": 0.8824524442574144, "Washington": 0.9286126797652815, "West Virginia": 0.9540931525406527, "Wisconsin": 0.8859758883894662, "Wyoming": 0.7717112761569591}