{"Alabama": 0.9083736966971687, "Alaska": 0.832344978993546, "Arizona": 0.8514571332544446, "Arkansas": 0.897094718048779, "California": 0.8705617074473272, "Colorado": 0.8305432529330217, "Connecticut": 0.8846606745283453, "Delaware": 0.8825289694692896, "Florida": 0.8345078916700895, "Georgia": 0.8928067828648966, "Hawaii": 0.7766700845532439, "Idaho": 0.9464861218396043, "Illinois": 0.8981885948053794, "Indiana": 0.8153746598463569, "Iowa": 0.9421067087617606, "Kansas": 0.9477783745808402, "Kentucky": 0.9219124301468274, "Louisiana": 0.9491466223233279, "Maryland": 0.8967410722714787, "Massachusetts": 0.887377764795976, "Michigan": 0.8336732332965457, "Minnesota": 0.9437209024714345, "Mississippi": 0.8851431666080709, "Missouri": 0.953469238688076, "Montana": 0.9334707044689577, "Nebraska": 0.9518360883936583, "Nevada": 0.5545358872402171, "New Hampshire": 0.9198566774613252, "New Jersey": 0.8804986121492692, "New Mexico": 0.9138004264692327, "New York": 0.8779660282704321, "North Carolina": 0.892688314472451, "North Dakota": 0.9482271671646167, "Ohio": 0.8929916258461387, "Oklahoma": 0.9248975028439794, "Oregon": 0.9323084387320465, "Pennsylvania": 0.9555987662605779, "Rhode Island": 0.9294821795101607, "South Carolina": 0.8707925131840198, "South Dakota": 0.9599279110865707, "Tennessee": 0.88669607228223, "Texas": 0.9069286639744011, "Utah": 0.8937026208481649, "Vermont": 0.9383755461324093, "Virginia": 0.8784530699263116, "Washington": 0.9323598132928407, "West Virginia": 0.9590930043761144, "Wisconsin": 0.8870466013867138, "Wyoming": 0.7761498401349636}