{"Alabama": 0.9061367254860139, "Alaska": 0.8171552830812131, "Arizona": 0.8697776122637932, "Arkansas": 0.8955652634592063, "California": 0.8813463788892343, "Colorado": 0.8541982611951541, "Connecticut": 0.8969982484473144, "Delaware": 0.8741346209327919, "Florida": 0.8706471961665145, "Georgia": 0.8905368921253088, "Hawaii": 0.7664459883193241, "Idaho": 0.9525785958108488, "Illinois": 0.9096989256518739, "Indiana": 0.8342630302493728, "Iowa": 0.942377781867446, "Kansas": 0.9495577062089996, "Kentucky": 0.9304165526245904, "Louisiana": 0.9528304995957337, "Maryland": 0.9005522120834301, "Massachusetts": 0.8995054451962614, "Michigan": 0.8650075767589793, "Minnesota": 0.9530035730473886, "Mississippi": 0.899644102954965, "Missouri": 0.9609879301124435, "Montana": 0.9473561826755938, "Nebraska": 0.9483739624958836, "Nevada": 0.5988834387744576, "New Hampshire": 0.9426040520549469, "New Jersey": 0.8895236082644925, "New Mexico": 0.9272750670056565, "New York": 0.8952849615921759, "North Carolina": 0.9098212086454952, "North Dakota": 0.9606822318471938, "Ohio": 0.9156120270315237, "Oklahoma": 0.9270105563838039, "Oregon": 0.9415765435578343, "Pennsylvania": 0.9585870499616342, "Rhode Island": 0.8425247463432007, "South Carolina": 0.8797399832595579, "South Dakota": 0.9608559932462433, "Tennessee": 0.8923116114725674, "Texas": 0.9177490198138938, "Utah": 0.9039630626460727, "Vermont": 0.9006307684469239, "Virginia": 0.8797179428470926, "Washington": 0.9441361384093331, "West Virginia": 0.9601012009447192, "Wisconsin": 0.9018181514240086, "Wyoming": 0.6552607708087452}