{"Alabama": 0.9134563079316645, "Alaska": 0.885739777704924, "Arizona": 0.8826345736306394, "Arkansas": 0.9003402270989153, "California": 0.8870996739145516, "Colorado": 0.8666447202256825, "Connecticut": 0.9013451276857967, "Delaware": 0.8901851692459049, "Florida": 0.8678832187935422, "Georgia": 0.8996062939244216, "Hawaii": 0.7771616593276168, "Idaho": 0.9576468725762529, "Illinois": 0.9171539599079731, "Indiana": 0.8393913081839122, "Iowa": 0.9431089930002334, "Kansas": 0.9537252682753609, "Kentucky": 0.9355119306460188, "Louisiana": 0.9580124882557959, "Maryland": 0.9044047798941404, "Massachusetts": 0.9061209265978251, "Michigan": 0.8764688510556836, "Minnesota": 0.9575975197329415, "Mississippi": 0.9037360426195011, "Missouri": 0.9648031241008811, "Montana": 0.9502934922726478, "Nebraska": 0.948764626465972, "Nevada": 0.6179114272578278, "New Hampshire": 0.9489833189592001, "New Jersey": 0.8991867605205556, "New Mexico": 0.9360190784796146, "New York": 0.9009100052953646, "North Carolina": 0.9204720076849763, "North Dakota": 0.9651202121461188, "Ohio": 0.9229242587371518, "Oklahoma": 0.9271165180871229, "Oregon": 0.9517439562647337, "Pennsylvania": 0.9623624178305351, "Rhode Island": 0.9473714242343146, "South Carolina": 0.8836512097177159, "South Dakota": 0.9650511389560353, "Tennessee": 0.9060148676309115, "Texas": 0.9237743581027142, "Utah": 0.911233171385262, "Vermont": 0.961314608413196, "Virginia": 0.8809865797062536, "Washington": 0.9498412045926922, "West Virginia": 0.9606693450054817, "Wisconsin": 0.9074924791605327, "Wyoming": 0.7464464120237297}