{"Alabama": 0.9061923233374327, "Alaska": 0.8944348112183429, "Arizona": 0.8738117240086671, "Arkansas": 0.9016557405210842, "California": 0.8796037370897619, "Colorado": 0.8589344085383858, "Connecticut": 0.9009851525347793, "Delaware": 0.8896813337995216, "Florida": 0.8617297580496486, "Georgia": 0.887957463914345, "Hawaii": 0.7974327447534828, "Idaho": 0.9505380974059752, "Illinois": 0.9070660040107152, "Indiana": 0.8322282385539609, "Iowa": 0.9352943053936237, "Kansas": 0.9485574041993707, "Kentucky": 0.9295368808573033, "Louisiana": 0.9571426054809224, "Maryland": 0.8964612119126908, "Massachusetts": 0.9028385593545942, "Michigan": 0.8787517050596586, "Minnesota": 0.9536207075163847, "Mississippi": 0.8966175856058802, "Missouri": 0.9604733419569806, "Montana": 0.9492181602254305, "Nebraska": 0.9446153439702852, "Nevada": 0.6192605972190579, "New Hampshire": 0.9449400933054651, "New Jersey": 0.8929950036653327, "New Mexico": 0.9354436716664375, "New York": 0.897043293160946, "North Carolina": 0.9226091338428556, "North Dakota": 0.9670899400082364, "Ohio": 0.919705065701598, "Oklahoma": 0.9198181088792432, "Oregon": 0.9466441462789758, "Pennsylvania": 0.9594153238172617, "Rhode Island": 0.8857470572585204, "South Carolina": 0.8783473629694357, "South Dakota": 0.9634209630683395, "Tennessee": 0.8961575846139773, "Texas": 0.9158099835726734, "Utah": 0.9034359986968885, "Vermont": 0.9626772175795122, "Virginia": 0.8675892277942545, "Washington": 0.9449002371019154, "West Virginia": 0.9585792884509015, "Wisconsin": 0.9034142180753241, "Wyoming": 0.7368708936592745}