{"Alabama": 0.8983671840345638, "Alaska": 0.8909897989672495, "Arizona": 0.8894001467046623, "Arkansas": 0.8692567851642762, "California": 0.8940767560789165, "Colorado": 0.8686724786005451, "Connecticut": 0.9221694164469789, "Delaware": 0.900119871380464, "Florida": 0.8566910931926683, "Georgia": 0.8974491425679408, "Hawaii": 0.7758093608015678, "Idaho": 0.9316213608319233, "Illinois": 0.9123832511972895, "Indiana": 0.8528015717479288, "Iowa": 0.9054345202813657, "Kansas": 0.9307515595078061, "Kentucky": 0.9073846474548636, "Louisiana": 0.9616741435898561, "Maryland": 0.8916524708513546, "Massachusetts": 0.9124192992520401, "Michigan": 0.9134645152272632, "Minnesota": 0.952405131664525, "Mississippi": 0.8895556111348055, "Missouri": 0.9580459292276973, "Montana": 0.9041776282829702, "Nebraska": 0.9269812727387821, "Nevada": 0.6099288800443293, "New Hampshire": 0.9635382876779527, "New Jersey": 0.9022079686924028, "New Mexico": 0.9252201028427176, "New York": 0.9006306382786132, "North Carolina": 0.9100576302213608, "North Dakota": 0.8936469567102763, "Ohio": 0.9257937996172377, "Oklahoma": 0.907153131487893, "Oregon": 0.9580246476780792, "Pennsylvania": 0.9603798310521141, "Rhode Island": 0.9483975162565702, "South Carolina": 0.8801484055129771, "South Dakota": 0.9167145681343161, "Tennessee": 0.8933210179040015, "Texas": 0.9264229515499198, "Utah": 0.9177735720008778, "Vermont": 0.973364455786744, "Virginia": 0.8790879505833935, "Washington": 0.9573478376162301, "West Virginia": 0.9602260920595475, "Wisconsin": 0.8846830478087473, "Wyoming": 0.7478464986883397}