{"Alabama": 0.8923814522151292, "Alaska": 0.8969198970068549, "Arizona": 0.8814214732333905, "Arkansas": 0.8716692369772971, "California": 0.8903409463861804, "Colorado": 0.8690120677050749, "Connecticut": 0.9199785915393935, "Delaware": 0.7844005646703348, "Florida": 0.8555207410173968, "Georgia": 0.8932150379889202, "Hawaii": 0.786493578726166, "Idaho": 0.9286802863529996, "Illinois": 0.9084389308133979, "Indiana": 0.845066407855953, "Iowa": 0.8938230226852658, "Kansas": 0.9216695578802909, "Kentucky": 0.9056602163063097, "Louisiana": 0.9607965770152075, "Maryland": 0.8929783763513551, "Massachusetts": 0.9088129256952439, "Michigan": 0.9130703360788553, "Minnesota": 0.9475140053679132, "Mississippi": 0.8880299519669126, "Missouri": 0.9560943615971225, "Montana": 0.910456435667497, "Nebraska": 0.9216179552240807, "Nevada": 0.6128818384765201, "New Hampshire": 0.9613362551950283, "New Jersey": 0.9023182346438224, "New Mexico": 0.9283629551926833, "New York": 0.8979687673086001, "North Carolina": 0.9150089143744442, "North Dakota": 0.8958853524371544, "Ohio": 0.9204669238087184, "Oklahoma": 0.906551308925219, "Oregon": 0.9555371653606858, "Pennsylvania": 0.9577695109159738, "Rhode Island": 0.9465121266373052, "South Carolina": 0.8796196020380397, "South Dakota": 0.9158264631755341, "Tennessee": 0.8948157779167943, "Texas": 0.9235550498289429, "Utah": 0.9111371041919948, "Vermont": 0.9740984050097495, "Virginia": 0.8777749177649775, "Washington": 0.9555403121271597, "West Virginia": 0.956376855913814, "Wisconsin": 0.8755878617248563, "Wyoming": 0.7336280754192521}