{"Alabama": 0.9009175536141717, "Alaska": 0.8990319284909525, "Arizona": 0.8673936341932591, "Arkansas": 0.9049413236997836, "California": 0.8767894705092025, "Colorado": 0.8600366149163018, "Connecticut": 0.8996953206895169, "Delaware": 0.7654110909356625, "Florida": 0.8598954934398856, "Georgia": 0.8847955667740568, "Hawaii": 0.8069434530004309, "Idaho": 0.9421737644740159, "Illinois": 0.9037890971469135, "Indiana": 0.8273237562735737, "Iowa": 0.9265360576077025, "Kansas": 0.9407511600780372, "Kentucky": 0.9250217532811468, "Louisiana": 0.9564768315007882, "Maryland": 0.8978715487704503, "Massachusetts": 0.89976421556703, "Michigan": 0.8825078314495095, "Minnesota": 0.9494474496079981, "Mississippi": 0.8963427531710586, "Missouri": 0.9589099016208245, "Montana": 0.9502185889513757, "Nebraska": 0.938899844447348, "Nevada": 0.6210917510146216, "New Hampshire": 0.9424278230627435, "New Jersey": 0.8940749011369329, "New Mexico": 0.937028368045048, "New York": 0.8946391425692063, "North Carolina": 0.9279192607471242, "North Dakota": 0.9659456512504296, "Ohio": 0.9158740493776454, "Oklahoma": 0.9182262242162089, "Oregon": 0.9436390059553711, "Pennsylvania": 0.9565093649118663, "Rhode Island": 0.9407065586312742, "South Carolina": 0.8785931446163135, "South Dakota": 0.96083434541854, "Tennessee": 0.8975137468613991, "Texas": 0.9131332435859186, "Utah": 0.8966347599103494, "Vermont": 0.9637320475121092, "Virginia": 0.8674760999724443, "Washington": 0.9427523644769694, "West Virginia": 0.9542749742283768, "Wisconsin": 0.8954433742647134, "Wyoming": 0.754758756504061}