{"Alabama": 0.8897737694454524, "Alaska": 0.8964473094043721, "Arizona": 0.8769853696931748, "Arkansas": 0.8779437682633751, "California": 0.8851789225593534, "Colorado": 0.8639999389202558, "Connecticut": 0.9195800370453616, "Delaware": 0.9059165043989672, "Florida": 0.8658989056993219, "Georgia": 0.8933174187057903, "Hawaii": 0.7868258598466262, "Idaho": 0.9214939678560848, "Illinois": 0.9100220720415014, "Indiana": 0.847003164676638, "Iowa": 0.89330457844509, "Kansas": 0.9186797201698753, "Kentucky": 0.9050957840779138, "Louisiana": 0.9533699498698804, "Maryland": 0.892366015727702, "Massachusetts": 0.9088087051444754, "Michigan": 0.9170307074478472, "Minnesota": 0.9476023050282978, "Mississippi": 0.8940523244739045, "Missouri": 0.9560307459202653, "Montana": 0.9119086767056162, "Nebraska": 0.9235565335101459, "Nevada": 0.6158447335180655, "New Hampshire": 0.9612086743635212, "New Jersey": 0.9047959521588296, "New Mexico": 0.9213173342045582, "New York": 0.8991959554541766, "North Carolina": 0.9230081275596472, "North Dakota": 0.9038513011026502, "Ohio": 0.9221630671307692, "Oklahoma": 0.899792554455664, "Oregon": 0.9562225199008897, "Pennsylvania": 0.9595102163059269, "Rhode Island": 0.948837333673319, "South Carolina": 0.8805142663678133, "South Dakota": 0.9171197258356607, "Tennessee": 0.905017410085653, "Texas": 0.9177892762799321, "Utah": 0.9028027160312477, "Vermont": 0.9742452424329809, "Virginia": 0.8735213054475423, "Washington": 0.9525769555942815, "West Virginia": 0.953018472978494, "Wisconsin": 0.8740763306960535, "Wyoming": 0.6960866663475721}