{"Alabama": 0.8962543685912995, "Alaska": 0.895341884114714, "Arizona": 0.8636480783663278, "Arkansas": 0.9111704358834549, "California": 0.8716812082353539, "Colorado": 0.8553660657453279, "Connecticut": 0.8991532903473267, "Delaware": 0.8978653499565729, "Florida": 0.8703514737266576, "Georgia": 0.8847878450623182, "Hawaii": 0.8071536649576271, "Idaho": 0.9314302148741049, "Illinois": 0.9047488297253952, "Indiana": 0.8314553231632607, "Iowa": 0.9240413093274137, "Kansas": 0.9367269899769944, "Kentucky": 0.9237386969129776, "Louisiana": 0.9486054938090045, "Maryland": 0.8980135000931115, "Massachusetts": 0.8998326835919003, "Michigan": 0.8895717790713273, "Minnesota": 0.9489591504243751, "Mississippi": 0.9011881504187967, "Missouri": 0.958741899517326, "Montana": 0.9477028646972091, "Nebraska": 0.9402971457570797, "Nevada": 0.6231366657970197, "New Hampshire": 0.9431926160681562, "New Jersey": 0.8973144398202788, "New Mexico": 0.9285395328458557, "New York": 0.8966225127243234, "North Carolina": 0.9330882292214024, "North Dakota": 0.9663998758291524, "Ohio": 0.9174310536524608, "Oklahoma": 0.907617356269985, "Oregon": 0.9443413499236558, "Pennsylvania": 0.9577543916069184, "Rhode Island": 0.9436058944561899, "South Carolina": 0.8780795784356926, "South Dakota": 0.9558690411600753, "Tennessee": 0.9063790311250053, "Texas": 0.9062687474512888, "Utah": 0.8877121387179165, "Vermont": 0.9633727664009862, "Virginia": 0.8637109313006013, "Washington": 0.9388295423962376, "West Virginia": 0.951205467323534, "Wisconsin": 0.8935101781986661, "Wyoming": 0.7144800993255123}