{"Alabama": 0.8977517101880675, "Alaska": 0.8873610399215379, "Arizona": 0.8840103430778808, "Arkansas": 0.8933027041726818, "California": 0.885534311414452, "Colorado": 0.8579562107277493, "Connecticut": 0.9171969714903535, "Delaware": 0.9075327584527016, "Florida": 0.8726255504908225, "Georgia": 0.8972432449472151, "Hawaii": 0.7890237500017689, "Idaho": 0.9296975490801481, "Illinois": 0.911800504522797, "Indiana": 0.8576214383925467, "Iowa": 0.8934163507688044, "Kansas": 0.916612148404955, "Kentucky": 0.91257742457349, "Louisiana": 0.9544136612261975, "Maryland": 0.891813027766899, "Massachusetts": 0.9048242964358455, "Michigan": 0.9246081487661706, "Minnesota": 0.9496582121641606, "Mississippi": 0.9066978220184552, "Missouri": 0.9587893739563379, "Montana": 0.9122540719593705, "Nebraska": 0.9275950195256895, "Nevada": 0.6203956709580944, "New Hampshire": 0.9623881722751774, "New Jersey": 0.9004599515635033, "New Mexico": 0.9162081607276175, "New York": 0.8971263773933964, "North Carolina": 0.9326235812094558, "North Dakota": 0.8992858068407944, "Ohio": 0.9289810804638626, "Oklahoma": 0.8949071459916232, "Oregon": 0.9617110130998491, "Pennsylvania": 0.9617483968326902, "Rhode Island": 0.9481616937234247, "South Carolina": 0.8845424333119382, "South Dakota": 0.9175937546044515, "Tennessee": 0.9167679893026361, "Texas": 0.9162512054796262, "Utah": 0.8952931671991927, "Vermont": 0.9754547022157476, "Virginia": 0.8692737657381654, "Washington": 0.9475355504253717, "West Virginia": 0.9523483597893283, "Wisconsin": 0.8771458599572411, "Wyoming": 0.6839302259035434}