{"Alabama": 0.9022137999391231, "Alaska": 0.8867923330398603, "Arizona": 0.8725804616935087, "Arkansas": 0.9243899293408301, "California": 0.8730863790947346, "Colorado": 0.850833568112058, "Connecticut": 0.8972245315635062, "Delaware": 0.9000734035240411, "Florida": 0.878672604188997, "Georgia": 0.8886497446473534, "Hawaii": 0.8094702471684682, "Idaho": 0.9371343938347011, "Illinois": 0.9065630479780088, "Indiana": 0.8454400844687635, "Iowa": 0.9246760143261138, "Kansas": 0.9338250046397267, "Kentucky": 0.9306480675210799, "Louisiana": 0.9499503381851079, "Maryland": 0.8988875197262728, "Massachusetts": 0.8963163688802155, "Michigan": 0.8999366958478229, "Minnesota": 0.9507311952125311, "Mississippi": 0.9118429319514723, "Missouri": 0.9612594969985382, "Montana": 0.9455909844228653, "Nebraska": 0.9423091853522797, "Nevada": 0.6281118204987207, "New Hampshire": 0.9442625348530432, "New Jersey": 0.8943654756950579, "New Mexico": 0.9249539204218865, "New York": 0.8961172884678495, "North Carolina": 0.940309556836449, "North Dakota": 0.9659855210708267, "Ohio": 0.925215584643485, "Oklahoma": 0.9025576674243159, "Oregon": 0.9514231712082152, "Pennsylvania": 0.9599735271094001, "Rhode Island": 0.9428900168594684, "South Carolina": 0.8810174299167379, "South Dakota": 0.9528313329149866, "Tennessee": 0.9175849755068181, "Texas": 0.9046755264809389, "Utah": 0.8796498796569185, "Vermont": 0.9654136330699273, "Virginia": 0.8608087631616115, "Washington": 0.9326934241320312, "West Virginia": 0.9519585424422202, "Wisconsin": 0.8974703308358702, "Wyoming": 0.7054124007673831}