{"Alabama": 0.9166097466939703, "Alaska": 0.8640163845653632, "Arizona": 0.8952793666721226, "Arkansas": 0.9397741975294351, "California": 0.8845216266263255, "Colorado": 0.863794991365822, "Connecticut": 0.9051850689987267, "Delaware": 0.9120411942325659, "Florida": 0.9047363789919166, "Georgia": 0.9068029882077531, "Hawaii": 0.8263975115080338, "Idaho": 0.9505355932078435, "Illinois": 0.9252545921126158, "Indiana": 0.8743751313591019, "Iowa": 0.9327922996246487, "Kansas": 0.9421767066591378, "Kentucky": 0.9472966925302944, "Louisiana": 0.9541355167102789, "Maryland": 0.9081782503943192, "Massachusetts": 0.9080442034169411, "Michigan": 0.9240318247948598, "Minnesota": 0.9611675209016611, "Mississippi": 0.9232295464454423, "Missouri": 0.9752498280686767, "Montana": 0.9458524497570189, "Nebraska": 0.9501654998099399, "Nevada": 0.6406416005505645, "New Hampshire": 0.9540190722605402, "New Jersey": 0.9088470960624234, "New Mexico": 0.9300221895630298, "New York": 0.9094360849260348, "North Carolina": 0.9572285718813488, "North Dakota": 0.9649825361793232, "Ohio": 0.9442060182764062, "Oklahoma": 0.896160523738538, "Oregon": 0.9595406570422892, "Pennsylvania": 0.9713161467626878, "Rhode Island": 0.9509090475351971, "South Carolina": 0.8995582390054061, "South Dakota": 0.9534724363987016, "Tennessee": 0.9390050429183256, "Texas": 0.9107447977194818, "Utah": 0.900186957936915, "Vermont": 0.9713282005734547, "Virginia": 0.8692678833392479, "Washington": 0.9408726752700727, "West Virginia": 0.9464767969619802, "Wisconsin": 0.9104603440184477, "Wyoming": 0.6766711471621468}