{"Alabama": 0.9104922520103237, "Alaska": 0.8649660416325621, "Arizona": 0.9048110335787387, "Arkansas": 0.9075220249673915, "California": 0.8949125591385577, "Colorado": 0.8705136816344784, "Connecticut": 0.923796175097978, "Delaware": 0.9175239962244627, "Florida": 0.897669129764763, "Georgia": 0.9132457799288716, "Hawaii": 0.8071091959396227, "Idaho": 0.9411398933872569, "Illinois": 0.9273225947028648, "Indiana": 0.8787670974592869, "Iowa": 0.8991930084925388, "Kansas": 0.9259754433165369, "Kentucky": 0.9285607058827345, "Louisiana": 0.9583296321376413, "Maryland": 0.9005941990057952, "Massachusetts": 0.914124083891098, "Michigan": 0.9424904228673062, "Minnesota": 0.9590841559852347, "Mississippi": 0.9177170536500574, "Missouri": 0.9722378364643316, "Montana": 0.9153287526572605, "Nebraska": 0.9367252658150079, "Nevada": 0.632255956262118, "New Hampshire": 0.9697299045275577, "New Jersey": 0.9125045418672364, "New Mexico": 0.9221492259383831, "New York": 0.9084421284412343, "North Carolina": 0.9472373459907983, "North Dakota": 0.9049858720766143, "Ohio": 0.9445477463755525, "Oklahoma": 0.8931545804101975, "Oregon": 0.9689008902234423, "Pennsylvania": 0.9713959945584835, "Rhode Island": 0.954359183044797, "South Carolina": 0.899091118703931, "South Dakota": 0.9209977308159402, "Tennessee": 0.9359097657616856, "Texas": 0.922348620494688, "Utah": 0.9119195685739158, "Vermont": 0.9801822868198584, "Virginia": 0.8761716642220578, "Washington": 0.9550735937641938, "West Virginia": 0.9480470170802838, "Wisconsin": 0.885869645487383, "Wyoming": 0.656611424608759}