{"Alabama": 0.9169005985622, "Alaska": 0.8806036933616782, "Arizona": 0.9107457858415844, "Arkansas": 0.9198686471379404, "California": 0.8951527368584613, "Colorado": 0.8733022309870595, "Connecticut": 0.9156653114943422, "Delaware": 0.9108909610173433, "Florida": 0.9017893580115355, "Georgia": 0.918001502966142, "Hawaii": 0.8261615245067792, "Idaho": 0.949436866117344, "Illinois": 0.9308878070144534, "Indiana": 0.902806564595236, "Iowa": 0.9059493826997409, "Kansas": 0.93353579482602, "Kentucky": 0.9401204089385542, "Louisiana": 0.9601517329492062, "Maryland": 0.9041846227981164, "Massachusetts": 0.9126612335450014, "Michigan": 0.9587878055335013, "Minnesota": 0.9583536997263931, "Mississippi": 0.9249310891698206, "Missouri": 0.9746614089921836, "Montana": 0.923510639723675, "Nebraska": 0.9345928274820282, "Nevada": 0.6419569065242746, "New Hampshire": 0.9714163360704732, "New Jersey": 0.9129728440438882, "New Mexico": 0.9317585022176427, "New York": 0.9120821315117329, "North Carolina": 0.9564205430273833, "North Dakota": 0.9065120461057827, "Ohio": 0.9581209261501992, "Oklahoma": 0.9080134900204817, "Oregon": 0.9708683386674749, "Pennsylvania": 0.9721567870169311, "Rhode Island": 0.9534704453711327, "South Carolina": 0.9056229945521388, "South Dakota": 0.9198674768621377, "Tennessee": 0.9454791050403566, "Texas": 0.9285936090932286, "Utah": 0.9093511321372627, "Vermont": 0.9806256066037511, "Virginia": 0.8699775652939652, "Washington": 0.9562289423887961, "West Virginia": 0.9492783429075663, "Wisconsin": 0.8985418847604523, "Wyoming": 0.7018298464979533}