{"Alabama": 0.9251458263570139, "Alaska": 0.8782314695963308, "Arizona": 0.9026276099410526, "Arkansas": 0.9502196646189588, "California": 0.8871937200204962, "Colorado": 0.8676407589448387, "Connecticut": 0.8990289311689779, "Delaware": 0.9055819544696142, "Florida": 0.908686733149525, "Georgia": 0.9129181748434987, "Hawaii": 0.8421082492575472, "Idaho": 0.9627656252459428, "Illinois": 0.9303030223837675, "Indiana": 0.9094865034938939, "Iowa": 0.9403091025641307, "Kansas": 0.9526107052635844, "Kentucky": 0.9599434604543945, "Louisiana": 0.9567391729558308, "Maryland": 0.9107828075126058, "Massachusetts": 0.908416211479512, "Michigan": 0.9476800770708064, "Minnesota": 0.9617782314680509, "Mississippi": 0.9348833373766021, "Missouri": 0.9780788676368001, "Montana": 0.9542951782853157, "Nebraska": 0.9499450956883443, "Nevada": 0.6507266876718917, "New Hampshire": 0.958295040323419, "New Jersey": 0.9108647019767759, "New Mexico": 0.9403722046169642, "New York": 0.9142679728621546, "North Carolina": 0.9657182982170728, "North Dakota": 0.9631092721430605, "Ohio": 0.9601440083875944, "Oklahoma": 0.9155726080508844, "Oregon": 0.9680439363045755, "Pennsylvania": 0.972861149703558, "Rhode Island": 0.9511765482640716, "South Carolina": 0.908510031129345, "South Dakota": 0.9540782190394076, "Tennessee": 0.9493427088250397, "Texas": 0.9198640346076437, "Utah": 0.9010997705196554, "Vermont": 0.974587202743444, "Virginia": 0.8644051245319937, "Washington": 0.945570044318845, "West Virginia": 0.9493767971306944, "Wisconsin": 0.9272799148755423, "Wyoming": 0.7208848788477208}