{"Alabama": 0.9106571606547302, "Alaska": 0.8906248118737214, "Arizona": 0.9069406022712859, "Arkansas": 0.9142484072665945, "California": 0.8862677751849569, "Colorado": 0.8632628383609113, "Connecticut": 0.9089942818821766, "Delaware": 0.9069525118641194, "Florida": 0.8929482609010213, "Georgia": 0.9039679358003337, "Hawaii": 0.8183641389757369, "Idaho": 0.9499298200855593, "Illinois": 0.9172931207161839, "Indiana": 0.8850647938858456, "Iowa": 0.894115304289337, "Kansas": 0.9223897572343966, "Kentucky": 0.9300311028614789, "Louisiana": 0.9528758403795369, "Maryland": 0.8964853161948719, "Massachusetts": 0.9100135907839608, "Michigan": 0.9456871503776552, "Minnesota": 0.9486866681923827, "Mississippi": 0.9242190288513219, "Missouri": 0.9638441198953775, "Montana": 0.9193524806982037, "Nebraska": 0.9222829476907645, "Nevada": 0.6304747423517519, "New Hampshire": 0.9663188128222473, "New Jersey": 0.9052234615334622, "New Mexico": 0.925320589442453, "New York": 0.9061222938507918, "North Carolina": 0.9442319860481133, "North Dakota": 0.8876388242946377, "Ohio": 0.9484964059279163, "Oklahoma": 0.8813101481251938, "Oregon": 0.967591735815634, "Pennsylvania": 0.9650767137441552, "Rhode Island": 0.9459626019244664, "South Carolina": 0.8951050140384549, "South Dakota": 0.9144320095755601, "Tennessee": 0.9356184590388044, "Texas": 0.9148327275207713, "Utah": 0.9004484182071774, "Vermont": 0.9765313899514484, "Virginia": 0.8568462799567985, "Washington": 0.9485996887291919, "West Virginia": 0.9381240035643301, "Wisconsin": 0.8883783944615716, "Wyoming": 0.6776544467173078}