{"Alabama": 0.917422010365285, "Alaska": 0.861679998934774, "Arizona": 0.9131521021084886, "Arkansas": 0.9523677052696817, "California": 0.9053885752722624, "Colorado": 0.8736307181796918, "Connecticut": 0.9065505117717035, "Delaware": 0.9085530490395037, "Florida": 0.9076349951659414, "Georgia": 0.9060926387537914, "Hawaii": 0.8373975456896405, "Idaho": 0.9701534870488435, "Illinois": 0.921735701633795, "Indiana": 0.8863426602291621, "Iowa": 0.9336108695416312, "Kansas": 0.9475856253475926, "Kentucky": 0.9503365921955885, "Louisiana": 0.9518157765132292, "Maryland": 0.9128414308688554, "Massachusetts": 0.9170601676311718, "Michigan": 0.924176360152072, "Minnesota": 0.9612204748017898, "Mississippi": 0.9340811675483571, "Missouri": 0.9802204519741161, "Montana": 0.9503415134705036, "Nebraska": 0.9523820300869117, "Nevada": 0.6585411532097426, "New Hampshire": 0.9598264290485398, "New Jersey": 0.9134784707047395, "New Mexico": 0.9373267259320711, "New York": 0.9157813759566071, "North Carolina": 0.9548688843625148, "North Dakota": 0.8801857954263215, "Ohio": 0.9550956801096837, "Oklahoma": 0.8634442650998734, "Oregon": 0.965419993776002, "Pennsylvania": 0.9733137590219034, "Rhode Island": 0.9544708800185147, "South Carolina": 0.8968331143281676, "South Dakota": 0.9559794870102272, "Tennessee": 0.9412686706502819, "Texas": 0.9048723331104723, "Utah": 0.9057174765781804, "Vermont": 0.9755406212291337, "Virginia": 0.8652267499920087, "Washington": 0.9501004441783382, "West Virginia": 0.9316135220788615, "Wisconsin": 0.9162060131762312, "Wyoming": 0.6669985526332184}