{"Alabama": 0.9116874042945305, "Alaska": 0.865727920147193, "Arizona": 0.919657141430571, "Arkansas": 0.9301250902473297, "California": 0.9109952428957782, "Colorado": 0.8783672354501227, "Connecticut": 0.9212551756555434, "Delaware": 0.911067252442906, "Florida": 0.8988477804846472, "Georgia": 0.9102705326609286, "Hawaii": 0.8212393233166476, "Idaho": 0.9544533425690642, "Illinois": 0.9228281614288004, "Indiana": 0.882150686877877, "Iowa": 0.9001968972390273, "Kansas": 0.9299186115602913, "Kentucky": 0.9331050333769576, "Louisiana": 0.9545708856558053, "Maryland": 0.9037806660737087, "Massachusetts": 0.9189522939621467, "Michigan": 0.9365084325968487, "Minnesota": 0.9579824549928481, "Mississippi": 0.9301199292548421, "Missouri": 0.9781971161221555, "Montana": 0.9215130430831582, "Nebraska": 0.9362621802645255, "Nevada": 0.6485566693013811, "New Hampshire": 0.9708621249755884, "New Jersey": 0.9131191081790982, "New Mexico": 0.9273579537796806, "New York": 0.9111823681932056, "North Carolina": 0.9476503661573791, "North Dakota": 0.838933296325043, "Ohio": 0.9525852186783701, "Oklahoma": 0.8641826741796452, "Oregon": 0.9692311612153003, "Pennsylvania": 0.9729255703989628, "Rhode Island": 0.9552476870682644, "South Carolina": 0.8946833362961073, "South Dakota": 0.9168704337109688, "Tennessee": 0.9402717277894633, "Texas": 0.9142191068500626, "Utah": 0.9121661176201094, "Vermont": 0.9780314359741197, "Virginia": 0.8690780899638296, "Washington": 0.9598572663545059, "West Virginia": 0.9320089609685931, "Wisconsin": 0.8852605404966581, "Wyoming": 0.6463158712834259}