{"Alabama": 0.9052788186542057, "Alaska": 0.8835730216221731, "Arizona": 0.909613029498088, "Arkansas": 0.9274202629910463, "California": 0.911961008201373, "Colorado": 0.861476768762202, "Connecticut": 0.9154673963538077, "Delaware": 0.8995052472178718, "Florida": 0.8909457034394781, "Georgia": 0.9004673304340031, "Hawaii": 0.8166506781818716, "Idaho": 0.9549635740518251, "Illinois": 0.9102392149327676, "Indiana": 0.8713570892525223, "Iowa": 0.8910454108700762, "Kansas": 0.9198726623211182, "Kentucky": 0.9228050914025366, "Louisiana": 0.9485863949747682, "Maryland": 0.8961053932880026, "Massachusetts": 0.9088512610429662, "Michigan": 0.9255694412934077, "Minnesota": 0.9498250166199255, "Mississippi": 0.926889957938061, "Missouri": 0.9688011168900031, "Montana": 0.9195633527583192, "Nebraska": 0.9295917546798667, "Nevada": 0.6488545993227739, "New Hampshire": 0.9642651647256919, "New Jersey": 0.9029959829676732, "New Mexico": 0.9189167645936431, "New York": 0.9014918007010995, "North Carolina": 0.9399552611852844, "North Dakota": 0.8211494164452858, "Ohio": 0.9438709295450949, "Oklahoma": 0.8454454561012182, "Oregon": 0.9682627355649945, "Pennsylvania": 0.9641614299157065, "Rhode Island": 0.9441882938007281, "South Carolina": 0.888591347028495, "South Dakota": 0.9125324077022857, "Tennessee": 0.9286716919240166, "Texas": 0.8989992010570426, "Utah": 0.8993811331555253, "Vermont": 0.9748455912740931, "Virginia": 0.8663392527484239, "Washington": 0.9586761942903267, "West Virginia": 0.9296148193813394, "Wisconsin": 0.8793985391564048, "Wyoming": 0.6522351916580953}