{"Alabama": 0.9101785306522113, "Alaska": 0.8790642968144089, "Arizona": 0.9045650890078594, "Arkansas": 0.9488138263670739, "California": 0.9069194818293522, "Colorado": 0.8580861685833103, "Connecticut": 0.9008332819361304, "Delaware": 0.8975497019925825, "Florida": 0.9009038942604958, "Georgia": 0.8953963462867276, "Hawaii": 0.8339403203613253, "Idaho": 0.9714997148548911, "Illinois": 0.9076116750241074, "Indiana": 0.8738184434953186, "Iowa": 0.926265334543318, "Kansas": 0.9353363352695512, "Kentucky": 0.9394162228192455, "Louisiana": 0.9460871003875215, "Maryland": 0.9063510317337321, "Massachusetts": 0.9069637456658568, "Michigan": 0.9119533731092939, "Minnesota": 0.9519930822424795, "Mississippi": 0.9297818357423338, "Missouri": 0.9711252383002386, "Montana": 0.950892832472067, "Nebraska": 0.9465255851024778, "Nevada": 0.6592205119880403, "New Hampshire": 0.9533881923880557, "New Jersey": 0.9033361307794077, "New Mexico": 0.9317734932614514, "New York": 0.9065759875139798, "North Carolina": 0.94472552593541, "North Dakota": 0.8641319247660667, "Ohio": 0.9448748440613635, "Oklahoma": 0.845979993722856, "Oregon": 0.9660307983557381, "Pennsylvania": 0.9634250098333335, "Rhode Island": 0.9421539343021694, "South Carolina": 0.8889246845610146, "South Dakota": 0.9517803114149943, "Tennessee": 0.9284551887697239, "Texas": 0.8900033651502869, "Utah": 0.8920597682037298, "Vermont": 0.973865827622836, "Virginia": 0.8631508534930274, "Washington": 0.9494863156671, "West Virginia": 0.9303903451803849, "Wisconsin": 0.9082967547531736, "Wyoming": 0.6742518716025793}