{"Alabama": 0.9080524221029436, "Alaska": 0.8725152819878882, "Arizona": 0.906933649457426, "Arkansas": 0.9492252867391783, "California": 0.9078161024800243, "Colorado": 0.8590938326803516, "Connecticut": 0.9016666467305312, "Delaware": 0.8924614565797412, "Florida": 0.9024914775053199, "Georgia": 0.892654846598825, "Hawaii": 0.8339875336902204, "Idaho": 0.973330048869063, "Illinois": 0.9065218737879276, "Indiana": 0.8672065394613686, "Iowa": 0.9246192118857751, "Kansas": 0.9347207298378635, "Kentucky": 0.9334251507734748, "Louisiana": 0.9456492791455879, "Maryland": 0.9046642392418827, "Massachusetts": 0.9046030302323634, "Michigan": 0.9084074993921134, "Minnesota": 0.9515835407494195, "Mississippi": 0.9277263228523742, "Missouri": 0.969901324467912, "Montana": 0.9509262848664615, "Nebraska": 0.944261274046239, "Nevada": 0.6625998822092121, "New Hampshire": 0.9540999427424889, "New Jersey": 0.9037102171628341, "New Mexico": 0.9281956481835897, "New York": 0.9040162881081127, "North Carolina": 0.943414022733024, "North Dakota": 0.8415141794410772, "Ohio": 0.9437393013226676, "Oklahoma": 0.8363081902701458, "Oregon": 0.9682162718150129, "Pennsylvania": 0.9619623541454024, "Rhode Island": 0.9403911272684552, "South Carolina": 0.8889694746073201, "South Dakota": 0.9472184363694152, "Tennessee": 0.9254950351154626, "Texas": 0.8867346990136359, "Utah": 0.8900344780705004, "Vermont": 0.9747798138123982, "Virginia": 0.868140639298988, "Washington": 0.9516766915190917, "West Virginia": 0.9318418941675368, "Wisconsin": 0.9078563080695675, "Wyoming": 0.6594060730501499}