{"Alabama": 0.9041275181118335, "Alaska": 0.8787341404800716, "Arizona": 0.910543793769795, "Arkansas": 0.9287799072444475, "California": 0.9126598879317178, "Colorado": 0.8620143868574058, "Connecticut": 0.9147440588567008, "Delaware": 0.8954376918370103, "Florida": 0.8925126926533674, "Georgia": 0.8981499818951674, "Hawaii": 0.8174042015641874, "Idaho": 0.9560483156146333, "Illinois": 0.9090953659537441, "Indiana": 0.8633654517221266, "Iowa": 0.8923307459459554, "Kansas": 0.918291798794151, "Kentucky": 0.9165519011538118, "Louisiana": 0.9480939065393885, "Maryland": 0.8939403532434261, "Massachusetts": 0.9060862710119371, "Michigan": 0.920815924513662, "Minnesota": 0.9489650520484828, "Mississippi": 0.9228307511566457, "Missouri": 0.9678987301942006, "Montana": 0.9212295031769894, "Nebraska": 0.9285176168871552, "Nevada": 0.6521413365831207, "New Hampshire": 0.9634032436663035, "New Jersey": 0.9038484659909408, "New Mexico": 0.9148094033237772, "New York": 0.8985650930273256, "North Carolina": 0.9389993718999682, "North Dakota": 0.8007709087838352, "Ohio": 0.9419513077700578, "Oklahoma": 0.8370580790566805, "Oregon": 0.9694124436629034, "Pennsylvania": 0.9624350356669922, "Rhode Island": 0.9422801776218714, "South Carolina": 0.8886361749691194, "South Dakota": 0.9093479243945612, "Tennessee": 0.925885340715081, "Texas": 0.8953319665223225, "Utah": 0.8967791607938219, "Vermont": 0.9745403178612763, "Virginia": 0.8710855288580637, "Washington": 0.9594298086371627, "West Virginia": 0.9306241752691448, "Wisconsin": 0.8779721042058357, "Wyoming": 0.6380870587844146}