{"Alabama": 0.6590012212689034, "Alaska": 0.8315574767878431, "Arizona": 0.8279743937719214, "Arkansas": 0.5991056516182927, "California": 0.7792463314845918, "Colorado": 0.8427382459671907, "Connecticut": 0.6276363146234452, "Delaware": 0.7676140984464684, "Florida": 0.8842509372567253, "Georgia": 0.7740926758780717, "Idaho": 0.7956660248709146, "Illinois": 0.7020662436598011, "Indiana": 0.5436289461758628, "Iowa": 0.7011930241077593, "Kansas": 0.7307853261095464, "Kentucky": 0.6999240977779121, "Louisiana": 0.8318296710129005, "Maine": 0.771437919811137, "Maryland": 0.8273442505375782, "Massachusetts": 0.6909200300088859, "Michigan": 0.5850933944876338, "Minnesota": 0.7142327502340766, "Mississippi": 0.6241643859937267, "Missouri": 0.778331802322126, "Montana": 0.9059671842566207, "Nebraska": 0.7960893609202817, "Nevada": 0.867290043659764, "New Hampshire": 0.6834203127589643, "New Jersey": 0.7753517437997223, "New Mexico": 0.8883006111051159, "New York": 0.7276096167321016, "North Carolina": 0.6155121519936452, "North Dakota": 0.8198062054146481, "Ohio": 0.6429653762216727, "Oklahoma": 0.7808910292655384, "Oregon": 0.7538003984172268, "Pennsylvania": 0.7001253526899761, "Rhode Island": 0.6761777518777603, "South Carolina": 0.7030519550318695, "South Dakota": 0.7999344206969253, "Tennessee": 0.6863771361787411, "Texas": 0.7986829237306223, "Utah": 0.7780378445816023, "Vermont": 0.7531257430887714, "Virginia": 0.8073434893399365, "Washington": 0.7555383874548903, "West Virginia": 0.7756336685932718, "Wisconsin": 0.5887621559945947, "Wyoming": 0.8382652916059197}