{"Alabama": 0.6715110675100943, "Alaska": 0.8538692131048976, "Arizona": 0.8289669707539624, "Arkansas": 0.6070234040226004, "California": 0.7832118502795496, "Colorado": 0.834301337724383, "Connecticut": 0.6462288486032771, "Delaware": 0.7572718599564233, "Florida": 0.8731209647195924, "Georgia": 0.7804862353258442, "Idaho": 0.789384074768937, "Illinois": 0.7152925999472926, "Indiana": 0.542309001965564, "Iowa": 0.6992432383482287, "Kansas": 0.7307085909844142, "Kentucky": 0.7001085348811926, "Louisiana": 0.8457020153040234, "Maine": 0.7706226073776663, "Maryland": 0.8247817457046457, "Massachusetts": 0.7064299315364396, "Michigan": 0.5839639305327112, "Minnesota": 0.7180267204599247, "Mississippi": 0.6414710258681284, "Missouri": 0.7827346809605239, "Montana": 0.9024378879023733, "Nebraska": 0.7969735019463043, "Nevada": 0.8642218584565294, "New Hampshire": 0.697285432832478, "New Jersey": 0.7775717231935064, "New Mexico": 0.8953945612711545, "New York": 0.736241146890733, "North Carolina": 0.6359088795865698, "North Dakota": 0.8172858167850895, "Ohio": 0.6527027759576072, "Oklahoma": 0.7895130940853874, "Oregon": 0.76260987126274, "Pennsylvania": 0.7126704153838945, "Rhode Island": 0.7015032389939839, "South Carolina": 0.7209032545744739, "South Dakota": 0.7965312470138165, "Tennessee": 0.6925684714624473, "Texas": 0.8044904741640471, "Utah": 0.7775087768200483, "Vermont": 0.7516487508331726, "Virginia": 0.80408612632478, "Washington": 0.7716994818600166, "West Virginia": 0.7809583434003804, "Wisconsin": 0.5996399122160596, "Wyoming": 0.8375507381878999}