{"Alabama": 0.6806293378746954, "Alaska": 0.8567574211732754, "Arizona": 0.8277133691958134, "Arkansas": 0.6139049033441092, "California": 0.7820425752408406, "Colorado": 0.8272741791580809, "Connecticut": 0.6490963708188299, "Delaware": 0.7565713127387013, "Florida": 0.8629059727827106, "Georgia": 0.7916799467211262, "Idaho": 0.7957665815397158, "Illinois": 0.7190397832490062, "Indiana": 0.5476960869149967, "Iowa": 0.6957487595737517, "Kansas": 0.7335134415798488, "Kentucky": 0.6954488741944213, "Louisiana": 0.8556514548733807, "Maine": 0.7766700845532439, "Maryland": 0.8183602735527092, "Massachusetts": 0.7002556945814272, "Michigan": 0.5928019001856897, "Minnesota": 0.7164782335588687, "Mississippi": 0.6715724062057733, "Missouri": 0.7883323510233938, "Montana": 0.9034960010605341, "Nebraska": 0.7959470595947622, "Nevada": 0.8787963224914471, "New Hampshire": 0.6963200870115562, "New Jersey": 0.7746469551407098, "New Mexico": 0.8952917040357312, "New York": 0.7335019695239873, "North Carolina": 0.6562567767203966, "North Dakota": 0.8116639300356179, "Ohio": 0.6567367788795276, "Oklahoma": 0.7945505421294394, "Oregon": 0.7642959781857992, "Pennsylvania": 0.7101827374261203, "Rhode Island": 0.7150997868983319, "South Carolina": 0.7313706496709699, "South Dakota": 0.7914577779832299, "Tennessee": 0.7063988922548525, "Texas": 0.8074244843841574, "Utah": 0.7841401213771796, "Vermont": 0.7502756994274168, "Virginia": 0.8023346878054496, "Washington": 0.7819749190836781, "West Virginia": 0.7832096461858831, "Wisconsin": 0.6059997006051844, "Wyoming": 0.8307911323471958}