{"Alabama": 0.39213742613438524, "Alaska": 0.8621788271297054, "Arizona": 0.8231546074987017, "Arkansas": 0.569139015975566, "California": 0.7716118327985769, "Colorado": 0.8231353720725727, "Connecticut": 0.6330594272800824, "Delaware": 0.7181109042843906, "Florida": 0.8791569961772433, "Georgia": 0.758847967701892, "Idaho": 0.7756971517729657, "Illinois": 0.7049158460578353, "Indiana": 0.5349960530724563, "Iowa": 0.6563885024640137, "Kansas": 0.6990095392930883, "Kentucky": 0.6666668182357992, "Louisiana": 0.8343991109568332, "Maine": 0.7493447888670203, "Maryland": 0.8149281520317267, "Massachusetts": 0.6914797483266364, "Michigan": 0.5887817969485672, "Minnesota": 0.6981731928783605, "Mississippi": 0.6532224703146734, "Missouri": 0.7685155253682239, "Montana": 0.8925166140807365, "Nebraska": 0.7585285383730871, "Nevada": 0.87700359196411, "New Hampshire": 0.6813558297077503, "New Jersey": 0.7568112879420301, "New Mexico": 0.8923629667132434, "New York": 0.7262338504601826, "North Carolina": 0.6255097850769775, "North Dakota": 0.7969665535347287, "Ohio": 0.6409635530034802, "Oklahoma": 0.7727839899114447, "Oregon": 0.7424087213313084, "Pennsylvania": 0.6874906139332313, "Rhode Island": 0.6727184880522968, "South Carolina": 0.6904414810669302, "South Dakota": 0.7677716725873943, "Tennessee": 0.6886950699154482, "Texas": 0.7937271189459724, "Utah": 0.7709574368757318, "Vermont": 0.7098482035819406, "Virginia": 0.784127382702929, "Washington": 0.7668014352172782, "West Virginia": 0.7589843725095373, "Wisconsin": 0.5736732735794235, "Wyoming": 0.7193485166511375}