{"Alabama": 0.675117906423316, "Alaska": 0.8709666725599209, "Arizona": 0.8467304325232471, "Arkansas": 0.5975466354532217, "California": 0.8045838119810297, "Colorado": 0.8481446474694301, "Connecticut": 0.6594263867317176, "Delaware": 0.7313563878256967, "Florida": 0.8933599417801801, "Georgia": 0.7867677182613864, "Idaho": 0.7940486840517458, "Illinois": 0.7331308276097359, "Indiana": 0.5576502201120622, "Iowa": 0.6719635818976566, "Kansas": 0.7209110420932695, "Kentucky": 0.6903210435841521, "Louisiana": 0.8470940461472795, "Maine": 0.7664459883193241, "Maryland": 0.8305188018679454, "Massachusetts": 0.7252393039069575, "Michigan": 0.6288470218853524, "Minnesota": 0.7181887707306039, "Mississippi": 0.6917398013934549, "Missouri": 0.7855500313412207, "Montana": 0.8942326591633996, "Nebraska": 0.7599031106863919, "Nevada": 0.8821068983567755, "New Hampshire": 0.7266134666130802, "New Jersey": 0.7821436106989674, "New Mexico": 0.9019286418135632, "New York": 0.7423168739924232, "North Carolina": 0.6753393110375897, "North Dakota": 0.7994213255003966, "Ohio": 0.6742956529357244, "Oklahoma": 0.8000622794313008, "Oregon": 0.7666261451031994, "Pennsylvania": 0.7131406172852274, "Rhode Island": 0.6678879577970058, "South Carolina": 0.7276952207409977, "South Dakota": 0.7764899362991883, "Tennessee": 0.7150232051114841, "Texas": 0.8163685988559326, "Utah": 0.7976175180012319, "Vermont": 0.6742331714751206, "Virginia": 0.8032703072011135, "Washington": 0.7921626017853609, "West Virginia": 0.766563630910846, "Wisconsin": 0.602168642212905, "Wyoming": 0.7619951783020072}