{"Alabama": 0.7014586412503309, "Alaska": 0.8620075179748603, "Arizona": 0.8574657913279892, "Arkansas": 0.6209920318866604, "California": 0.8228584413458848, "Colorado": 0.8615933562974651, "Connecticut": 0.6765391966413068, "Delaware": 0.7495525854414135, "Florida": 0.8946555375993054, "Georgia": 0.8109377574518355, "Idaho": 0.8090405903091924, "Illinois": 0.7534538964351267, "Indiana": 0.5762266763269834, "Iowa": 0.6839532623046023, "Kansas": 0.7368188257169337, "Kentucky": 0.709408895331034, "Louisiana": 0.8557021471647491, "Maine": 0.7771616593276166, "Maryland": 0.8359810480993618, "Massachusetts": 0.7427799126367705, "Michigan": 0.6556482762119286, "Minnesota": 0.7289424875308027, "Mississippi": 0.7171195876834388, "Missouri": 0.7973862273411514, "Montana": 0.8966663625473582, "Nebraska": 0.7646850452388293, "Nevada": 0.8881212382683017, "New Hampshire": 0.744633742820317, "New Jersey": 0.7978021680960996, "New Mexico": 0.9020383873303063, "New York": 0.7501565118534691, "North Carolina": 0.710266098926086, "North Dakota": 0.7949911512810308, "Ohio": 0.6939791671413075, "Oklahoma": 0.8051681551300165, "Oregon": 0.7774004327059428, "Pennsylvania": 0.728169838920742, "Rhode Island": 0.7455479375045226, "South Carolina": 0.7527084298489258, "South Dakota": 0.7781899469397044, "Tennessee": 0.7372968293381185, "Texas": 0.8288734318727075, "Utah": 0.7989744865401932, "Vermont": 0.7571731687073933, "Virginia": 0.8119888993209496, "Washington": 0.8105877795715629, "West Virginia": 0.7787555421144243, "Wisconsin": 0.6260545758153114, "Wyoming": 0.8296805318834134}