{"Alabama": 0.6826982685323129, "Alaska": 0.8525006052471537, "Arizona": 0.8685291612397499, "Arkansas": 0.5875983514675559, "California": 0.8096522438339959, "Colorado": 0.8637470540096552, "Connecticut": 0.6889398907341236, "Delaware": 0.7608071261653166, "Florida": 0.8984292983693792, "Georgia": 0.7932013147149769, "Idaho": 0.7782410491211772, "Illinois": 0.7416412416041583, "Indiana": 0.5828111272851763, "Iowa": 0.6370932802965671, "Kansas": 0.7004467589506909, "Kentucky": 0.6790901674506278, "Louisiana": 0.8575655785974916, "Maine": 0.7758093608015677, "Maryland": 0.8318489798512322, "Massachusetts": 0.7419741029113619, "Michigan": 0.6832601193953488, "Minnesota": 0.7122845979561758, "Mississippi": 0.693832252263134, "Missouri": 0.7780886000158742, "Montana": 0.8684440102985032, "Nebraska": 0.7306075155526587, "Nevada": 0.9023754111386889, "New Hampshire": 0.758808560802521, "New Jersey": 0.7929482904477043, "New Mexico": 0.9033802799789933, "New York": 0.747030016172176, "North Carolina": 0.6976504139952604, "North Dakota": 0.7285607312099316, "Ohio": 0.6924711522890031, "Oklahoma": 0.781330979290932, "Oregon": 0.7660917312891206, "Pennsylvania": 0.7238978001163383, "Rhode Island": 0.7489246789912051, "South Carolina": 0.7490529013139492, "South Dakota": 0.7307685324313112, "Tennessee": 0.7158175009703207, "Texas": 0.8261794455913255, "Utah": 0.7890600253093017, "Vermont": 0.7626955824464264, "Virginia": 0.808791397485215, "Washington": 0.8111632357624137, "West Virginia": 0.7808114652896844, "Wisconsin": 0.6033584517865614, "Wyoming": 0.7898315118646133}