{"Alabama": 0.7553175783252563, "Alaska": 0.860498183569374, "Arizona": 0.8653718455404608, "Arkansas": 0.6874256501092575, "California": 0.8461226405525386, "Colorado": 0.87135188757025, "Connecticut": 0.7019248702792675, "Delaware": 0.7815098352178295, "Florida": 0.9001562430285717, "Georgia": 0.8539422335452106, "Idaho": 0.832433109654742, "Illinois": 0.7912576373487363, "Indiana": 0.6265886209422111, "Iowa": 0.7190795909677385, "Kansas": 0.7714845704421285, "Kentucky": 0.7587902542394652, "Louisiana": 0.8828534252747887, "Maine": 0.7974327447534828, "Maryland": 0.8394988464118049, "Massachusetts": 0.7618016509460711, "Michigan": 0.7022953885166593, "Minnesota": 0.761772523651402, "Mississippi": 0.7657369946660625, "Missouri": 0.8277025650216985, "Montana": 0.899970033594302, "Nebraska": 0.7983571812112588, "Nevada": 0.8995449721801574, "New Hampshire": 0.7719745453772743, "New Jersey": 0.8221501087351688, "New Mexico": 0.9046664483135618, "New York": 0.7602392932264932, "North Carolina": 0.7809524510351282, "North Dakota": 0.8040918801148452, "Ohio": 0.7398956879488187, "Oklahoma": 0.8303972353194674, "Oregon": 0.8010988390848082, "Pennsylvania": 0.7625748514997952, "Rhode Island": 0.8518869345971151, "South Carolina": 0.823938731338363, "South Dakota": 0.7967738235222145, "Tennessee": 0.7854331701196737, "Texas": 0.8531974189278912, "Utah": 0.8212941534075567, "Vermont": 0.7829777036459619, "Virginia": 0.8309998244265707, "Washington": 0.8351269167694864, "West Virginia": 0.8000043242087017, "Wisconsin": 0.6823774278610287, "Wyoming": 0.8101940267363721}