{"Alabama": 0.7584259634443469, "Alaska": 0.8678413428941064, "Arizona": 0.8644780818244817, "Arkansas": 0.7071842739664725, "California": 0.8491719500776174, "Colorado": 0.8747477338811359, "Connecticut": 0.7085650882546346, "Delaware": 0.7178586953170366, "Florida": 0.8952120753589944, "Georgia": 0.8596130899449514, "Idaho": 0.8336733848187303, "Illinois": 0.7937634980720576, "Indiana": 0.6355869214031562, "Iowa": 0.7203642232127868, "Kansas": 0.7701181092391203, "Kentucky": 0.7693513478833514, "Louisiana": 0.8843257137085051, "Maine": 0.806943453000431, "Maryland": 0.8446981104749922, "Massachusetts": 0.7609607838466551, "Michigan": 0.7142988242174363, "Minnesota": 0.7665568738511155, "Mississippi": 0.7724127438444669, "Missouri": 0.8374402727139961, "Montana": 0.9053110152930384, "Nebraska": 0.8022432465429347, "Nevada": 0.9021618388339244, "New Hampshire": 0.7783593038246727, "New Jersey": 0.8235219726486076, "New Mexico": 0.9052205071544317, "New York": 0.759388258393241, "North Carolina": 0.7950698985437835, "North Dakota": 0.8090434094520788, "Ohio": 0.7434230304863227, "Oklahoma": 0.8287228575952316, "Oregon": 0.8038131038144752, "Pennsylvania": 0.7653601936406601, "Rhode Island": 0.7798459475539464, "South Carolina": 0.837239520923336, "South Dakota": 0.8004835342834337, "Tennessee": 0.7944522327788114, "Texas": 0.8565992003021555, "Utah": 0.821486048416708, "Vermont": 0.7893470411439792, "Virginia": 0.8347799925730247, "Washington": 0.8391921312510882, "West Virginia": 0.8069228404608364, "Wisconsin": 0.6869528819791373, "Wyoming": 0.7971795702480025}