{"Alabama": 0.6917133471577483, "Alaska": 0.8537796079780937, "Arizona": 0.8716366775141926, "Arkansas": 0.6217164881861591, "California": 0.8218301554248024, "Colorado": 0.8720066406880054, "Connecticut": 0.6996704309212298, "Delaware": 0.7775818360184715, "Florida": 0.9009246628898531, "Georgia": 0.8153307403086727, "Idaho": 0.785885136638412, "Illinois": 0.753169416628069, "Indiana": 0.5952194439761673, "Iowa": 0.6337853806250295, "Kansas": 0.6945456438158238, "Kentucky": 0.6987599753353858, "Louisiana": 0.8454563035719416, "Maine": 0.7868258598466261, "Maryland": 0.8412001362498236, "Massachusetts": 0.740678503237406, "Michigan": 0.7025672341379496, "Minnesota": 0.713350273170517, "Mississippi": 0.7063061902047466, "Missouri": 0.7949389607028106, "Montana": 0.8776280823980677, "Nebraska": 0.7354217522885138, "Nevada": 0.9080982506266319, "New Hampshire": 0.7684536107371313, "New Jersey": 0.8015147380547707, "New Mexico": 0.8979221972148685, "New York": 0.7438903079134036, "North Carolina": 0.7400814734474407, "North Dakota": 0.733554649995178, "Ohio": 0.6979684299121037, "Oklahoma": 0.7752555440022237, "Oregon": 0.7724388829207137, "Pennsylvania": 0.7257327348667335, "Rhode Island": 0.7510599489467367, "South Carolina": 0.7827041300883971, "South Dakota": 0.7297821860045772, "Tennessee": 0.7472522158393599, "Texas": 0.8317876835362266, "Utah": 0.7892088347204153, "Vermont": 0.7682074655447828, "Virginia": 0.8208004345417004, "Washington": 0.8107520698135618, "West Virginia": 0.787237030310915, "Wisconsin": 0.6061452020422182, "Wyoming": 0.7400234054484188}