{"Alabama": 0.7749343868151909, "Alaska": 0.8504630108515638, "Arizona": 0.8799663517317287, "Arkansas": 0.7398371265864283, "California": 0.8610961035169047, "Colorado": 0.8807249611130478, "Connecticut": 0.7166924307767216, "Delaware": 0.8028115804780203, "Florida": 0.9137292023877853, "Georgia": 0.8810573985843264, "Idaho": 0.8405417262844183, "Illinois": 0.8055500699623335, "Indiana": 0.6611494074640035, "Iowa": 0.7214071868063394, "Kansas": 0.7626966493437122, "Kentucky": 0.7860268636291933, "Louisiana": 0.8726127529086888, "Maine": 0.8094702471684682, "Maryland": 0.8526259862244128, "Massachusetts": 0.75703089666304, "Michigan": 0.7382793059565731, "Minnesota": 0.7630603234244682, "Mississippi": 0.7938251932223753, "Missouri": 0.8502655376888995, "Montana": 0.9008487994894985, "Nebraska": 0.7994675616025092, "Nevada": 0.9138958853226982, "New Hampshire": 0.7812401201976277, "New Jersey": 0.8264326274604032, "New Mexico": 0.8966567820502018, "New York": 0.760434634061043, "North Carolina": 0.8288908952832944, "North Dakota": 0.8036699670212869, "Ohio": 0.7538429379284497, "Oklahoma": 0.8147048834108533, "Oregon": 0.816868654969405, "Pennsylvania": 0.765370977965771, "Rhode Island": 0.7796320909430541, "South Carolina": 0.8620887481222047, "South Dakota": 0.7866340979638988, "Tennessee": 0.8278282528760728, "Texas": 0.8595125132847969, "Utah": 0.8145968837244356, "Vermont": 0.7809713228642454, "Virginia": 0.842093822676401, "Washington": 0.8329589905029148, "West Virginia": 0.8054595159982334, "Wisconsin": 0.6893333832460753, "Wyoming": 0.7459260904162016}