{"Alabama": 0.7095786289202448, "Alaska": 0.841635265792411, "Arizona": 0.8828192495414853, "Arkansas": 0.6442788228601941, "California": 0.8298035755159949, "Colorado": 0.8739227584660761, "Connecticut": 0.7047187354249976, "Delaware": 0.7849446577143245, "Florida": 0.9116129882064768, "Georgia": 0.832188332842678, "Idaho": 0.7995650946153763, "Illinois": 0.760687501719475, "Indiana": 0.6096084927424186, "Iowa": 0.6361116528652315, "Kansas": 0.6894367227747169, "Kentucky": 0.7107200645695871, "Louisiana": 0.8476894857160172, "Maine": 0.7890237500017689, "Maryland": 0.8461391821166717, "Massachusetts": 0.7409130411771431, "Michigan": 0.7146549514133176, "Minnesota": 0.7161124273418706, "Mississippi": 0.7307536576415238, "Missouri": 0.8031191131212063, "Montana": 0.8764339364175409, "Nebraska": 0.7364401522245615, "Nevada": 0.9157822183581302, "New Hampshire": 0.7687884910897292, "New Jersey": 0.8037016774750724, "New Mexico": 0.8934298949220278, "New York": 0.7496794318189701, "North Carolina": 0.7624747522874411, "North Dakota": 0.7293219351625543, "Ohio": 0.7072583585611649, "Oklahoma": 0.7678166012237533, "Oregon": 0.782218859193448, "Pennsylvania": 0.731676070899074, "Rhode Island": 0.7562190223765989, "South Carolina": 0.8008772056891224, "South Dakota": 0.7255953270094826, "Tennessee": 0.7701878319369748, "Texas": 0.8352409315272215, "Utah": 0.7859760919283875, "Vermont": 0.7615844277002556, "Virginia": 0.8266498241991497, "Washington": 0.8092030991525551, "West Virginia": 0.7869101548003401, "Wisconsin": 0.6093487433441948, "Wyoming": 0.7269788278044402}