{"Alabama": 0.7919667271679134, "Alaska": 0.8423437699716537, "Arizona": 0.8941879347194831, "Arkansas": 0.7515563571247155, "California": 0.8678469295580429, "Colorado": 0.8853294553727954, "Connecticut": 0.7208713654310107, "Delaware": 0.8084232656217302, "Florida": 0.9281996060508735, "Georgia": 0.8907882653674458, "Idaho": 0.8624004112085402, "Illinois": 0.810361520982742, "Indiana": 0.6831470753722767, "Iowa": 0.7251323787895193, "Kansas": 0.7598739164630581, "Kentucky": 0.7965526593782596, "Louisiana": 0.8769857808980576, "Maine": 0.8263975115080339, "Maryland": 0.8583559009984071, "Massachusetts": 0.7654222174206343, "Michigan": 0.7597790859379213, "Minnesota": 0.7634399397474875, "Mississippi": 0.8137838196975192, "Missouri": 0.8602076136063118, "Montana": 0.9088914403172863, "Nebraska": 0.799722995767929, "Nevada": 0.9144537171755682, "New Hampshire": 0.7912382782835198, "New Jersey": 0.8309515136981339, "New Mexico": 0.8972720515988186, "New York": 0.7733346420985634, "North Carolina": 0.8457690034381061, "North Dakota": 0.8085821796743291, "Ohio": 0.7632155382568001, "Oklahoma": 0.8013202848034136, "Oregon": 0.8305056436479046, "Pennsylvania": 0.7714859086131998, "Rhode Island": 0.790073527070914, "South Carolina": 0.8739938111643557, "South Dakota": 0.790008167137818, "Tennessee": 0.8411266341144806, "Texas": 0.8611814076237574, "Utah": 0.8264113680781029, "Vermont": 0.7944454156965068, "Virginia": 0.8463002283564852, "Washington": 0.8369300697435397, "West Virginia": 0.8048155116824047, "Wisconsin": 0.6950559475060439, "Wyoming": 0.718049205827069}