{"Alabama": 0.8243379203972857, "Alaska": 0.8431438783520624, "Arizona": 0.9048461050706185, "Arkansas": 0.7818921232554945, "California": 0.8791874010443951, "Colorado": 0.8892076535858082, "Connecticut": 0.7310425528091693, "Delaware": 0.8171698024966648, "Florida": 0.9337581384753769, "Georgia": 0.9047593280147023, "Idaho": 0.875747242202878, "Illinois": 0.8307460169326609, "Indiana": 0.7424825545921105, "Iowa": 0.7572693809161853, "Kansas": 0.7932994029593258, "Kentucky": 0.8278692392602325, "Louisiana": 0.8859777447072446, "Maine": 0.8421082492575472, "Maryland": 0.8629309944131388, "Massachusetts": 0.7811174523483667, "Michigan": 0.8102704142701013, "Minnesota": 0.7810472440495011, "Mississippi": 0.8389723801788685, "Missouri": 0.8767579249887846, "Montana": 0.9169680821171398, "Nebraska": 0.8134926680223011, "Nevada": 0.9147782511842104, "New Hampshire": 0.8107891716192909, "New Jersey": 0.8445823021048462, "New Mexico": 0.9043439485823123, "New York": 0.7918309729034476, "North Carolina": 0.8711280484574779, "North Dakota": 0.8241024781391663, "Ohio": 0.798883646294118, "Oklahoma": 0.8327738064620864, "Oregon": 0.8514398432757567, "Pennsylvania": 0.7911931778183722, "Rhode Island": 0.8082096129734218, "South Carolina": 0.8936292831251439, "South Dakota": 0.8105428421017904, "Tennessee": 0.8661532668804198, "Texas": 0.876983533202134, "Utah": 0.8376155189631002, "Vermont": 0.8111930409771207, "Virginia": 0.8504392676591656, "Washington": 0.8451708914658467, "West Virginia": 0.816841418069381, "Wisconsin": 0.7345739572439963, "Wyoming": 0.7502105588938578}