{"Alabama": 0.7647989763834393, "Alaska": 0.8347849230854008, "Arizona": 0.9066196800542614, "Arkansas": 0.6944386331448434, "California": 0.8505120940326444, "Colorado": 0.8825351374990877, "Connecticut": 0.7240957097919302, "Delaware": 0.805809260179489, "Florida": 0.9320351489938362, "Georgia": 0.8661320902044045, "Idaho": 0.8297478016825565, "Illinois": 0.7929938304915227, "Indiana": 0.6854855410716155, "Iowa": 0.6724844465956958, "Kansas": 0.7239841888141109, "Kentucky": 0.7589479484990878, "Louisiana": 0.8654460550495596, "Maine": 0.8261615245067792, "Maryland": 0.8575575720448172, "Massachusetts": 0.7690474960375631, "Michigan": 0.7882477476241462, "Minnesota": 0.7390223638252379, "Mississippi": 0.7796970876091688, "Missouri": 0.8359610821634983, "Montana": 0.8885841335538699, "Nebraska": 0.7517455121196663, "Nevada": 0.9159268045517547, "New Hampshire": 0.8002293195397769, "New Jersey": 0.8268098736664449, "New Mexico": 0.9001689570151331, "New York": 0.7839926165032765, "North Carolina": 0.8148811698100049, "North Dakota": 0.7530503353211246, "Ohio": 0.7595923745036106, "Oklahoma": 0.7898980092352031, "Oregon": 0.816156002532965, "Pennsylvania": 0.7629839704204615, "Rhode Island": 0.7915409146175524, "South Carolina": 0.8375480250559794, "South Dakota": 0.7495901959103675, "Tennessee": 0.8179330571904885, "Texas": 0.8564662886856725, "Utah": 0.8083859050255612, "Vermont": 0.7924814942796031, "Virginia": 0.8385147511121094, "Washington": 0.821345287086214, "West Virginia": 0.8010460273634825, "Wisconsin": 0.6545902776726462, "Wyoming": 0.729077382028123}