{"Alabama": 0.826774178619647, "Alaska": 0.8334397247066068, "Arizona": 0.9044482645130788, "Arkansas": 0.7806778407168843, "California": 0.8806282964214294, "Colorado": 0.8907928350403682, "Connecticut": 0.7329185271649615, "Delaware": 0.8210152281078154, "Florida": 0.934923046754328, "Georgia": 0.9028141345279241, "Idaho": 0.8752964771471747, "Illinois": 0.8295938268173996, "Indiana": 0.7311922080013356, "Iowa": 0.7491154549385298, "Kansas": 0.795419127949064, "Kentucky": 0.8286918214957782, "Louisiana": 0.884968977186928, "Maine": 0.835854948470878, "Maryland": 0.86011824399753, "Massachusetts": 0.7866205692784916, "Michigan": 0.80287643077868, "Minnesota": 0.7796021424072691, "Mississippi": 0.8407657779863171, "Missouri": 0.8762316573935458, "Montana": 0.9128754158844884, "Nebraska": 0.8077304436442099, "Nevada": 0.9149551392158924, "New Hampshire": 0.8145768232946573, "New Jersey": 0.8468048584052513, "New Mexico": 0.8990502113733954, "New York": 0.7971781693472302, "North Carolina": 0.8750801484205657, "North Dakota": 0.8034235559239914, "Ohio": 0.7955647426504152, "Oklahoma": 0.8150118315650822, "Oregon": 0.8511946201858197, "Pennsylvania": 0.7923840897665261, "Rhode Island": 0.8109548743719703, "South Carolina": 0.8954779067254094, "South Dakota": 0.8083248903007747, "Tennessee": 0.8656608493353211, "Texas": 0.8726681240851946, "Utah": 0.8444441659321742, "Vermont": 0.8133707190509195, "Virginia": 0.845223067909819, "Washington": 0.8448922902502334, "West Virginia": 0.8083646117402948, "Wisconsin": 0.7338396908058539, "Wyoming": 0.7380732101852431}