{"Alabama": 0.7689152103633056, "Alaska": 0.8246171214688169, "Arizona": 0.9052528566316929, "Arkansas": 0.6936700803021062, "California": 0.8527176981580223, "Colorado": 0.8836935487664289, "Connecticut": 0.7247707763007329, "Delaware": 0.8099667531729693, "Florida": 0.9330651801693776, "Georgia": 0.8657247763688105, "Idaho": 0.8280769077239801, "Illinois": 0.7922565105403515, "Indiana": 0.6712694531047754, "Iowa": 0.6614122844022461, "Kansas": 0.7240738540476979, "Kentucky": 0.7601058799176617, "Louisiana": 0.8640514481165218, "Maine": 0.8183641389757369, "Maryland": 0.8543683198855059, "Massachusetts": 0.7737755469918655, "Michigan": 0.7780671334968263, "Minnesota": 0.7372006578245217, "Mississippi": 0.7836373721334752, "Missouri": 0.8375947149358832, "Montana": 0.8843248880538177, "Nebraska": 0.7426733008142757, "Nevada": 0.9159676202871638, "New Hampshire": 0.8032217680834342, "New Jersey": 0.829284559914039, "New Mexico": 0.8940997848251506, "New York": 0.7891208354653703, "North Carolina": 0.8193825122943015, "North Dakota": 0.7328272085227947, "Ohio": 0.7554119579674023, "Oklahoma": 0.7742487889479858, "Oregon": 0.8157478471945827, "Pennsylvania": 0.7638914257567233, "Rhode Island": 0.7947576299062116, "South Carolina": 0.8413403360540412, "South Dakota": 0.7443399997890289, "Tennessee": 0.8198772669105635, "Texas": 0.8524203259811407, "Utah": 0.8120270373161589, "Vermont": 0.7931115514538496, "Virginia": 0.8334818440932481, "Washington": 0.8201173815059307, "West Virginia": 0.7926971383677585, "Wisconsin": 0.6509371321417426, "Wyoming": 0.7147725798703092}