{"Alabama": 0.8272788625614894, "Alaska": 0.8281722148249762, "Arizona": 0.9026615375743186, "Arkansas": 0.7859591586816633, "California": 0.8766186172375636, "Colorado": 0.887187063062279, "Connecticut": 0.726562439727388, "Delaware": 0.8159157423056842, "Florida": 0.9334331555573184, "Georgia": 0.899965428399951, "Idaho": 0.8729309373743733, "Illinois": 0.8231368252572384, "Indiana": 0.723765748051933, "Iowa": 0.7401455652924479, "Kansas": 0.7967033269300243, "Kentucky": 0.827066781536451, "Louisiana": 0.8863781389732344, "Maine": 0.8341908190491755, "Maryland": 0.854810131034229, "Massachusetts": 0.7818291023140672, "Michigan": 0.7905260846028256, "Minnesota": 0.7732386026605351, "Mississippi": 0.8435742318082872, "Missouri": 0.8702098350834618, "Montana": 0.9123193192622225, "Nebraska": 0.8036904883881416, "Nevada": 0.9195911840690487, "New Hampshire": 0.8099915406766297, "New Jersey": 0.8411312410741467, "New Mexico": 0.8933249798720817, "New York": 0.7947025693914752, "North Carolina": 0.8754485766549077, "North Dakota": 0.7785622105809588, "Ohio": 0.790089793330463, "Oklahoma": 0.8168675431212341, "Oregon": 0.8459805256709794, "Pennsylvania": 0.788001929842643, "Rhode Island": 0.8087155524546298, "South Carolina": 0.8928688607184242, "South Dakota": 0.8008872393355423, "Tennessee": 0.8630499296126521, "Texas": 0.8702723041493455, "Utah": 0.838164860312075, "Vermont": 0.8114160203208562, "Virginia": 0.8435517917323306, "Washington": 0.835413185291126, "West Virginia": 0.8082603084629021, "Wisconsin": 0.7231623148134937, "Wyoming": 0.7296908318046749}