{"Alabama": 0.7710088779010582, "Alaska": 0.8186640968267235, "Arizona": 0.9027456778385045, "Arkansas": 0.7040063697529618, "California": 0.8493976025238966, "Colorado": 0.8794011065672163, "Connecticut": 0.7184803101239335, "Delaware": 0.8053934087568915, "Florida": 0.9310132559309958, "Georgia": 0.8632077612189419, "Idaho": 0.8235704171306069, "Illinois": 0.786199239393663, "Indiana": 0.6660261800594143, "Iowa": 0.6547174702887126, "Kansas": 0.7270899570231633, "Kentucky": 0.7605493789847931, "Louisiana": 0.8652290000787509, "Maine": 0.816084599889988, "Maryland": 0.8485877260664297, "Massachusetts": 0.7688377005825477, "Michigan": 0.7637030849847528, "Minnesota": 0.7307383136549626, "Mississippi": 0.7917997861849739, "Missouri": 0.8329042027201976, "Montana": 0.8845443426796756, "Nebraska": 0.7383566572713977, "Nevada": 0.9201928273467226, "New Hampshire": 0.7977991754071352, "New Jersey": 0.8238606386699335, "New Mexico": 0.8874781298003042, "New York": 0.7861414856909227, "North Carolina": 0.8204014751409864, "North Dakota": 0.713278204946164, "Ohio": 0.7496260517667321, "Oklahoma": 0.7781722752835691, "Oregon": 0.8102843332725519, "Pennsylvania": 0.7594660592096442, "Rhode Island": 0.7912750787130401, "South Carolina": 0.8371656351466558, "South Dakota": 0.7360262157669537, "Tennessee": 0.8194408193745779, "Texas": 0.8505303437100943, "Utah": 0.8054979896596006, "Vermont": 0.7890172944063844, "Virginia": 0.8319368536674877, "Washington": 0.8096709216507891, "West Virginia": 0.7933768482144506, "Wisconsin": 0.6396385019451948, "Wyoming": 0.7053493599250543}