{"Alabama": 0.7663055788220745, "Alaska": 0.8003503530015662, "Arizona": 0.8985656591718874, "Arkansas": 0.7089057639176285, "California": 0.8445925528581618, "Colorado": 0.8747900406998135, "Connecticut": 0.7204433844350266, "Delaware": 0.7973233132507324, "Florida": 0.9294837091794187, "Georgia": 0.8600490882775402, "Idaho": 0.8165081090238, "Illinois": 0.7809271023711677, "Indiana": 0.6565460007513254, "Iowa": 0.6518453506882478, "Kansas": 0.7194431930939758, "Kentucky": 0.749585518538238, "Louisiana": 0.8601879175485451, "Maine": 0.8212393233166475, "Maryland": 0.8472507495324402, "Massachusetts": 0.7598114454648826, "Michigan": 0.7510562038048719, "Minnesota": 0.7253057124717124, "Mississippi": 0.791064024458543, "Missouri": 0.8235469103568692, "Montana": 0.8760797103626424, "Nebraska": 0.7379673847887447, "Nevada": 0.9262568853308227, "New Hampshire": 0.7986012530094467, "New Jersey": 0.8232054663997351, "New Mexico": 0.8753127531629072, "New York": 0.7851591904465437, "North Carolina": 0.822406290325462, "North Dakota": 0.6788457060381832, "Ohio": 0.7417328642515223, "Oklahoma": 0.7380478573628416, "Oregon": 0.8087271916490029, "Pennsylvania": 0.7563581829137141, "Rhode Island": 0.7950989672026947, "South Carolina": 0.8344948443822517, "South Dakota": 0.7233674785651305, "Tennessee": 0.8150221438257542, "Texas": 0.8378612465823502, "Utah": 0.8032661428164887, "Vermont": 0.780454502193362, "Virginia": 0.8297140525355002, "Washington": 0.7947606906213557, "West Virginia": 0.7823425368897884, "Wisconsin": 0.6301609199735866, "Wyoming": 0.678377831957994}