{"Alabama": 0.8212633277471175, "Alaska": 0.809775371138468, "Arizona": 0.8973024059245502, "Arkansas": 0.7850826980698259, "California": 0.8665890027085223, "Colorado": 0.8817809165855999, "Connecticut": 0.7254726461100676, "Delaware": 0.8068467005405793, "Florida": 0.9309758607621919, "Georgia": 0.895255236965535, "Idaho": 0.8669564916714517, "Illinois": 0.8160633832198324, "Indiana": 0.7109150434211506, "Iowa": 0.7350365813543482, "Kansas": 0.7867723714232795, "Kentucky": 0.8152973474459111, "Louisiana": 0.8806511040791365, "Maine": 0.8373975456896406, "Maryland": 0.8521988790438151, "Massachusetts": 0.7693458641474918, "Michigan": 0.7757067852221151, "Minnesota": 0.765858959713625, "Mississippi": 0.8399902399753277, "Missouri": 0.8587368867254924, "Montana": 0.9044858122009525, "Nebraska": 0.7995684118350863, "Nevada": 0.925209562029848, "New Hampshire": 0.8096811345489772, "New Jersey": 0.8381806300518864, "New Mexico": 0.8823595387870379, "New York": 0.7926929428491309, "North Carolina": 0.8749339559071979, "North Dakota": 0.7396816754046058, "Ohio": 0.7811266675252334, "Oklahoma": 0.7739496801533478, "Oregon": 0.8421278268860837, "Pennsylvania": 0.7824957415811313, "Rhode Island": 0.8106616583214107, "South Carolina": 0.8886968457595479, "South Dakota": 0.7918238166070833, "Tennessee": 0.8569137187336683, "Texas": 0.8561081048080461, "Utah": 0.8341876016788974, "Vermont": 0.8054259632646392, "Virginia": 0.8399223861342, "Washington": 0.8176158538152845, "West Virginia": 0.7961635478314554, "Wisconsin": 0.7112214293588414, "Wyoming": 0.7044506951526942}