{"Alabama": 0.8197203353359209, "Alaska": 0.8139846123372332, "Arizona": 0.8964166874635953, "Arkansas": 0.7946184085122663, "California": 0.868111836970702, "Colorado": 0.87763735225585, "Connecticut": 0.7288821062618736, "Delaware": 0.8037969510913991, "Florida": 0.9316714696725072, "Georgia": 0.8969937213302103, "Idaho": 0.8636216367204081, "Illinois": 0.817132967322556, "Indiana": 0.7088996790221617, "Iowa": 0.7339189872078271, "Kansas": 0.7861346547052658, "Kentucky": 0.816840913817622, "Louisiana": 0.882319359829511, "Maine": 0.8339403203613253, "Maryland": 0.8543331174875338, "Massachusetts": 0.7685888632639142, "Michigan": 0.7715349872870995, "Minnesota": 0.7634003063085539, "Mississippi": 0.843241315159498, "Missouri": 0.8570608760227371, "Montana": 0.8995443739754155, "Nebraska": 0.7990328880351664, "Nevada": 0.9282186487099607, "New Hampshire": 0.8123720741746299, "New Jersey": 0.837116215847641, "New Mexico": 0.8824693658500357, "New York": 0.7954369514183824, "North Carolina": 0.8787164276128339, "North Dakota": 0.7306672253433519, "Ohio": 0.7832639566091698, "Oklahoma": 0.7668760133033923, "Oregon": 0.843986037132599, "Pennsylvania": 0.7851880049528529, "Rhode Island": 0.809944422569174, "South Carolina": 0.8895356935508105, "South Dakota": 0.7868622488173388, "Tennessee": 0.8600818731709639, "Texas": 0.854751420519565, "Utah": 0.8330071072389986, "Vermont": 0.8104383457890962, "Virginia": 0.8424130469434842, "Washington": 0.818271028810166, "West Virginia": 0.7999309157937093, "Wisconsin": 0.7134998173398494, "Wyoming": 0.7194003802724601}