{"Alabama": 0.7642375380427918, "Alaska": 0.8045843506732522, "Arizona": 0.8976532435682277, "Arkansas": 0.7186037932355989, "California": 0.8481481610617462, "Colorado": 0.8707844199084693, "Connecticut": 0.7242748363160353, "Delaware": 0.795401915184657, "Florida": 0.9302643853717222, "Georgia": 0.8634362617366492, "Idaho": 0.8133352796868543, "Illinois": 0.7832804667931087, "Indiana": 0.6541554333672515, "Iowa": 0.6488422914314115, "Kansas": 0.7211399435098054, "Kentucky": 0.7509914325916686, "Louisiana": 0.8619524055577502, "Maine": 0.8166506781818716, "Maryland": 0.8496459735179906, "Massachusetts": 0.759638468983369, "Michigan": 0.7461405865519126, "Minnesota": 0.7244869729657949, "Mississippi": 0.7959025816586083, "Missouri": 0.8218805290593089, "Montana": 0.8706794719933695, "Nebraska": 0.7367522559210805, "Nevada": 0.9292448528283094, "New Hampshire": 0.8009407115685256, "New Jersey": 0.8230437789721858, "New Mexico": 0.8748053567157483, "New York": 0.7882826004797503, "North Carolina": 0.827957010376555, "North Dakota": 0.6722548382474539, "Ohio": 0.7442132752323513, "Oklahoma": 0.7317231100658513, "Oregon": 0.8097042422115327, "Pennsylvania": 0.7600016394598307, "Rhode Island": 0.7954754717422329, "South Carolina": 0.8361889566959714, "South Dakota": 0.72047961175375, "Tennessee": 0.8184913893752892, "Texas": 0.8375295613193436, "Utah": 0.8036939755356611, "Vermont": 0.7839042605600621, "Virginia": 0.832754693625772, "Washington": 0.7964536182052075, "West Virginia": 0.7866206756208018, "Wisconsin": 0.6320599687539569, "Wyoming": 0.694711345865943}