{"Alabama": 0.8191585172814138, "Alaska": 0.8082276474683292, "Arizona": 0.8977605268874, "Arkansas": 0.7988101811992723, "California": 0.8706008093272803, "Colorado": 0.8745669923117633, "Connecticut": 0.7324810223788158, "Delaware": 0.7994041470743676, "Florida": 0.9330310345966073, "Georgia": 0.8977363866612303, "Idaho": 0.8633932027814541, "Illinois": 0.8194236313776104, "Indiana": 0.7029161590176789, "Iowa": 0.7311662447738755, "Kansas": 0.7875703282368949, "Kentucky": 0.8148880364868906, "Louisiana": 0.8802229805735845, "Maine": 0.8339875336902204, "Maryland": 0.8528086610611841, "Massachusetts": 0.7639725672479013, "Michigan": 0.7648457912879925, "Minnesota": 0.7593149192693196, "Mississippi": 0.8418262482183111, "Missouri": 0.856428024527345, "Montana": 0.8921479655376696, "Nebraska": 0.7976301145591134, "Nevada": 0.9297203476420669, "New Hampshire": 0.8127828338838791, "New Jersey": 0.8358383017122789, "New Mexico": 0.8792520229779442, "New York": 0.7947042237041362, "North Carolina": 0.8805135222671502, "North Dakota": 0.7139224140406324, "Ohio": 0.7808986472789708, "Oklahoma": 0.7591260950460226, "Oregon": 0.8422681200650816, "Pennsylvania": 0.7815765622499389, "Rhode Island": 0.8110134837540127, "South Carolina": 0.8894097116571579, "South Dakota": 0.7820785024980206, "Tennessee": 0.8624278748021932, "Texas": 0.8542762003915685, "Utah": 0.8311214977833989, "Vermont": 0.8115106719853091, "Virginia": 0.8447309004395795, "Washington": 0.8192360152423093, "West Virginia": 0.8012520178589734, "Wisconsin": 0.7098157783594933, "Wyoming": 0.7039958983707012}