{"Alabama": 0.7672413966941115, "Alaska": 0.7978587595099491, "Arizona": 0.8988129180034323, "Arkansas": 0.7256655465347225, "California": 0.8511487962848628, "Colorado": 0.8673169538432395, "Connecticut": 0.7284260485666483, "Delaware": 0.7908530957321332, "Florida": 0.9315193931016165, "Georgia": 0.8640826646804333, "Idaho": 0.8158363107946588, "Illinois": 0.786383224695469, "Indiana": 0.6488393829619652, "Iowa": 0.6522530703063278, "Kansas": 0.723853274993743, "Kentucky": 0.7507280751890947, "Louisiana": 0.8601935021216499, "Maine": 0.8174042015641874, "Maryland": 0.8476820081252968, "Massachusetts": 0.7551007058770497, "Michigan": 0.7394909951774429, "Minnesota": 0.7219325304234924, "Mississippi": 0.7947679598379714, "Missouri": 0.8232959913859994, "Montana": 0.8666977701950895, "Nebraska": 0.7385417399042472, "Nevada": 0.9304581135122907, "New Hampshire": 0.8006729943147739, "New Jersey": 0.8214742603680679, "New Mexico": 0.8730201083930512, "New York": 0.7872085270310177, "North Carolina": 0.8304895864083759, "North Dakota": 0.6607868612271126, "Ohio": 0.7425796606765539, "Oklahoma": 0.727695732920733, "Oregon": 0.809730884414891, "Pennsylvania": 0.756836495193826, "Rhode Island": 0.7957251653234702, "South Carolina": 0.837303295795013, "South Dakota": 0.7204009747504749, "Tennessee": 0.8225311002777128, "Texas": 0.8380685656107985, "Utah": 0.8023568780027098, "Vermont": 0.7854909120495548, "Virginia": 0.8352052918769056, "Washington": 0.7990588121510045, "West Virginia": 0.7889982707202491, "Wisconsin": 0.6299850063263381, "Wyoming": 0.6801257692478335}