{"Alabama": 0.7586199675197904, "Alaska": 0.6487303626932338, "Arizona": 0.8259556741129037, "Arkansas": 0.7320902992219327, "California": 0.8798504963156554, "Colorado": 0.8567730955885793, "Connecticut": 0.9279447604258289, "Delaware": 0.9103503496823373, "Florida": 0.8589485445027715, "Georgia": 0.8167496008010966, "Hawaii": 0.7276096167321016, "Idaho": 0.8013596992551462, "Illinois": 0.910384287409591, "Indiana": 0.6944651133399194, "Iowa": 0.8498796931040946, "Kansas": 0.8652763126726993, "Kentucky": 0.7936920579710516, "Louisiana": 0.8333908981454535, "Maine": 0.8667218226364045, "Maryland": 0.9323118631099946, "Massachusetts": 0.9607333280716761, "Michigan": 0.7599650463770976, "Minnesota": 0.8991735358335191, "Mississippi": 0.6903048098660465, "Missouri": 0.8939269269476653, "Montana": 0.8229429657834086, "Nebraska": 0.8908531524428538, "Nevada": 0.45172232565153064, "New Hampshire": 0.8269242323148677, "New Jersey": 0.9381138334300438, "New Mexico": 0.8423429057334747, "North Carolina": 0.7206567484136494, "North Dakota": 0.8811785753243504, "Ohio": 0.8108797316495977, "Oklahoma": 0.8544523177678482, "Oregon": 0.8360515318322785, "Pennsylvania": 0.9220800484355169, "Rhode Island": 0.9114708065932344, "South Carolina": 0.6886690933246128, "South Dakota": 0.8778009114838424, "Tennessee": 0.7830206797419372, "Texas": 0.8599852556196665, "Utah": 0.8385138902556071, "Vermont": 0.8295240253565572, "Virginia": 0.8650849702697523, "Washington": 0.8599227657244732, "West Virginia": 0.8389740064966723, "Wisconsin": 0.7679510285808155, "Wyoming": 0.6179532103906606}