{"Alabama": 0.7578616703624712, "Alaska": 0.6881914408657611, "Arizona": 0.8249065839695953, "Arkansas": 0.727883203854855, "California": 0.8860099563582227, "Colorado": 0.8532856605189016, "Connecticut": 0.9359893363641689, "Delaware": 0.9043564259966372, "Florida": 0.8476024329572668, "Georgia": 0.8188859013465576, "Hawaii": 0.736241146890733, "Idaho": 0.8072244735983608, "Illinois": 0.914930520381775, "Indiana": 0.6846801848603368, "Iowa": 0.8413322511554727, "Kansas": 0.8676135048942608, "Kentucky": 0.7878974149051519, "Louisiana": 0.8449578554205158, "Maine": 0.8741616064636917, "Maryland": 0.9355386612128864, "Massachusetts": 0.9634040415907668, "Michigan": 0.755207423516833, "Minnesota": 0.9017509395281172, "Mississippi": 0.6752208125211439, "Missouri": 0.8879604038029133, "Montana": 0.8377410119287376, "Nebraska": 0.8952835682766606, "Nevada": 0.4474307784121446, "New Hampshire": 0.8300762236288549, "New Jersey": 0.9418421954282837, "New Mexico": 0.8561673094662059, "North Carolina": 0.731644868260442, "North Dakota": 0.8880705232039192, "Ohio": 0.811522152070973, "Oklahoma": 0.854323020716397, "Oregon": 0.8475569841501437, "Pennsylvania": 0.923562171503734, "Rhode Island": 0.9158738869556478, "South Carolina": 0.6903787235331867, "South Dakota": 0.8828169263352634, "Tennessee": 0.7746469180129415, "Texas": 0.8590962196434861, "Utah": 0.8392049924120252, "Vermont": 0.8329938827358357, "Virginia": 0.8675493082071983, "Washington": 0.8717269734292313, "West Virginia": 0.8463845064160037, "Wisconsin": 0.7620918790432037, "Wyoming": 0.6294344635269589}