{"Alabama": 0.7164855681269929, "Alaska": 0.7589000523499989, "Arizona": 0.8251432498949917, "Arkansas": 0.7301046873467056, "California": 0.8828309862454514, "Colorado": 0.8487373505638718, "Connecticut": 0.9430609791190123, "Delaware": 0.903857844166961, "Florida": 0.862412526641957, "Georgia": 0.8239970236647647, "Hawaii": 0.7262338504601826, "Idaho": 0.827525137080781, "Illinois": 0.9209599266398226, "Indiana": 0.7080667278575415, "Iowa": 0.8445738998499058, "Kansas": 0.8729287302573803, "Kentucky": 0.795309931573851, "Louisiana": 0.8424656122278087, "Maine": 0.8860581809564196, "Maryland": 0.9310692378244951, "Massachusetts": 0.9597318952975061, "Michigan": 0.782801132116541, "Minnesota": 0.907819999663271, "Mississippi": 0.7129223606001939, "Missouri": 0.8955290891446056, "Montana": 0.8510360111886042, "Nebraska": 0.8898675425638262, "Nevada": 0.4857222766765151, "New Hampshire": 0.834085780999898, "New Jersey": 0.9407226943359133, "New Mexico": 0.8563699157427791, "North Carolina": 0.7499450495129627, "North Dakota": 0.8973223945532873, "Ohio": 0.8323425095943973, "Oklahoma": 0.8394585843992457, "Oregon": 0.8565061501329594, "Pennsylvania": 0.927120370985401, "Rhode Island": 0.9094160988561475, "South Carolina": 0.7093197170769684, "South Dakota": 0.8838121477249576, "Tennessee": 0.7908660889040043, "Texas": 0.8600082916426957, "Utah": 0.8583295360806272, "Vermont": 0.8375712931966222, "Virginia": 0.8632022789284577, "Washington": 0.890375230789264, "West Virginia": 0.8516299461810218, "Wisconsin": 0.7790411971912743, "Wyoming": 0.5736943814761764}