{"Alabama": 0.7816127143793267, "Alaska": 0.7263184546852005, "Arizona": 0.831385748574095, "Arkansas": 0.7460807611552093, "California": 0.8886875957264091, "Colorado": 0.8546767428735886, "Connecticut": 0.9472379006522681, "Delaware": 0.898698744563807, "Florida": 0.8643467579365736, "Georgia": 0.8309868693266107, "Hawaii": 0.7423168739924232, "Idaho": 0.8388035249666375, "Illinois": 0.9254000682798845, "Indiana": 0.7162737933511946, "Iowa": 0.8486360551343711, "Kansas": 0.8824490357625796, "Kentucky": 0.8122483196477985, "Louisiana": 0.8593549407739843, "Maine": 0.8952849615921759, "Maryland": 0.9324193314862663, "Massachusetts": 0.9670046441967416, "Michigan": 0.8025049660988123, "Minnesota": 0.9185214425994206, "Mississippi": 0.7250601278649529, "Missouri": 0.9001608432932346, "Montana": 0.8607572636615605, "Nebraska": 0.8908748942951132, "Nevada": 0.5038326315603937, "New Hampshire": 0.8538868774881011, "New Jersey": 0.9425504117000498, "New Mexico": 0.8723829966088947, "North Carolina": 0.789003521999074, "North Dakota": 0.9029812334201701, "Ohio": 0.8501278916988138, "Oklahoma": 0.8571826084781294, "Oregon": 0.8691719931932087, "Pennsylvania": 0.9374142176492352, "Rhode Island": 0.8913900231169113, "South Carolina": 0.7268650168995444, "South Dakota": 0.8872701424452001, "Tennessee": 0.8013428825241018, "Texas": 0.867232676088816, "Utah": 0.8651981113676918, "Vermont": 0.7921579735824237, "Virginia": 0.8651633807760042, "Washington": 0.9019240909790516, "West Virginia": 0.8666665132215722, "Wisconsin": 0.7954230640968614, "Wyoming": 0.5968949197844364}