{"Alabama": 0.7927685756926822, "Alaska": 0.7794930228769156, "Arizona": 0.8395314279580757, "Arkansas": 0.762300694497942, "California": 0.8920500581210441, "Colorado": 0.8637018435118623, "Connecticut": 0.9493527750377847, "Delaware": 0.9028968199947691, "Florida": 0.8573866784014497, "Georgia": 0.8397077826855924, "Hawaii": 0.7501565118534691, "Idaho": 0.8461991672353544, "Illinois": 0.9271016240267663, "Indiana": 0.7222276583014424, "Iowa": 0.8495926452057455, "Kansas": 0.8849965067776664, "Kentucky": 0.8203402516874028, "Louisiana": 0.86790395038369, "Maine": 0.9009100052953645, "Maryland": 0.9333991244829694, "Massachusetts": 0.9697374739249109, "Michigan": 0.8175518421009497, "Minnesota": 0.9226711431208008, "Mississippi": 0.7382095995877302, "Missouri": 0.9025869713501515, "Montana": 0.861463254002288, "Nebraska": 0.8907874182372668, "Nevada": 0.5164477498687726, "New Hampshire": 0.8591622854614456, "New Jersey": 0.9449736978976377, "New Mexico": 0.8815978407048634, "North Carolina": 0.8068098725310652, "North Dakota": 0.9056781424046613, "Ohio": 0.859407175029684, "Oklahoma": 0.8558942222517225, "Oregon": 0.8885036438450058, "Pennsylvania": 0.943398715998291, "Rhode Island": 0.9445292139039945, "South Carolina": 0.7336055478435245, "South Dakota": 0.8885216192478685, "Tennessee": 0.8138850515427792, "Texas": 0.8736352339072784, "Utah": 0.8681984581066894, "Vermont": 0.878700126314243, "Virginia": 0.8636143729720567, "Washington": 0.9082971120028991, "West Virginia": 0.8697530599570821, "Wisconsin": 0.8038380533514025, "Wyoming": 0.6230231236730153}