{"Alabama": 0.7919411613192057, "Alaska": 0.7835511586190406, "Arizona": 0.8348455142366417, "Arkansas": 0.76410077243711, "California": 0.8886721342373735, "Colorado": 0.8651112868830098, "Connecticut": 0.9489159418850027, "Delaware": 0.9030373019107061, "Florida": 0.8558192158509257, "Georgia": 0.8378949061671754, "Hawaii": 0.7602392932264933, "Idaho": 0.8406063238071768, "Illinois": 0.9264615899802688, "Indiana": 0.7183903507463326, "Iowa": 0.8422937900777268, "Kansas": 0.8837711507334323, "Kentucky": 0.8167193338287988, "Louisiana": 0.873356605008485, "Maine": 0.897043293160946, "Maryland": 0.9303378645129914, "Massachusetts": 0.9698227374918423, "Michigan": 0.8242746815046251, "Minnesota": 0.9210277364387467, "Mississippi": 0.7363507001759354, "Missouri": 0.8994755119836678, "Montana": 0.8557888668519954, "Nebraska": 0.8907311283899446, "Nevada": 0.5198322771485945, "New Hampshire": 0.8570589092971881, "New Jersey": 0.9459207329740784, "New Mexico": 0.8844307149491002, "North Carolina": 0.8189147636291966, "North Dakota": 0.9023861963427444, "Ohio": 0.8620389582679417, "Oklahoma": 0.8573355486562163, "Oregon": 0.8832096463468078, "Pennsylvania": 0.9449230789416416, "Rhode Island": 0.943302138247322, "South Carolina": 0.7403840395405171, "South Dakota": 0.8828718715548146, "Tennessee": 0.8123710325557616, "Texas": 0.8768304976576942, "Utah": 0.8644809637109218, "Vermont": 0.8762173250284261, "Virginia": 0.8580765574957121, "Washington": 0.9069840307401537, "West Virginia": 0.863758085266285, "Wisconsin": 0.8023879587479267, "Wyoming": 0.6184892579358547}