{"Alabama": 0.7867103975257715, "Alaska": 0.7811852614611856, "Arizona": 0.8215087870705313, "Arkansas": 0.7676127041912701, "California": 0.8830012082322136, "Colorado": 0.8617916535147394, "Connecticut": 0.9489686465617692, "Delaware": 0.8782830003056735, "Florida": 0.8471555721547189, "Georgia": 0.8350789704156334, "Hawaii": 0.7593882583932409, "Idaho": 0.8257607701752246, "Illinois": 0.9272901804138163, "Indiana": 0.7169764004142322, "Iowa": 0.8338283962362684, "Kansas": 0.877604694407502, "Kentucky": 0.8166843044254857, "Louisiana": 0.8654080168473086, "Maine": 0.8946391425692063, "Maryland": 0.9278074418406017, "Massachusetts": 0.9699423134645717, "Michigan": 0.8344642112897749, "Minnesota": 0.9191655679285263, "Mississippi": 0.7370500616135427, "Missouri": 0.8979491536815526, "Montana": 0.8496942778008812, "Nebraska": 0.8889908159523217, "Nevada": 0.5159061768051322, "New Hampshire": 0.8574366315056131, "New Jersey": 0.9487871834176195, "New Mexico": 0.8779246116805601, "North Carolina": 0.8263881969449177, "North Dakota": 0.8989184884534459, "Ohio": 0.8632017048921428, "Oklahoma": 0.850621016973318, "Oregon": 0.8761413276722739, "Pennsylvania": 0.9457472412380347, "Rhode Island": 0.9480935671872237, "South Carolina": 0.7438671074024249, "South Dakota": 0.8793797303811925, "Tennessee": 0.8135350405066597, "Texas": 0.8738424272467257, "Utah": 0.8568759611771035, "Vermont": 0.8724066044719919, "Virginia": 0.8582732196729077, "Washington": 0.8990954045164699, "West Virginia": 0.8550613150328062, "Wisconsin": 0.7984942141080766, "Wyoming": 0.6044610711415032}