{"Alabama": 0.7823942036414474, "Alaska": 0.7744965610484188, "Arizona": 0.8155899599107839, "Arkansas": 0.7706267146876566, "California": 0.8787085260271226, "Colorado": 0.8581526225647287, "Connecticut": 0.949913357054783, "Delaware": 0.9059746345998919, "Florida": 0.8512905778578607, "Georgia": 0.8320100292251417, "Hawaii": 0.7549230404891769, "Idaho": 0.8114821264080614, "Illinois": 0.9260558352031564, "Indiana": 0.7199319944299861, "Iowa": 0.8307300853871433, "Kansas": 0.8714651812625508, "Kentucky": 0.8168847538494317, "Louisiana": 0.8476759646920647, "Maine": 0.8966225127243234, "Maryland": 0.927024584044865, "Massachusetts": 0.9715979329097205, "Michigan": 0.8464102209431394, "Minnesota": 0.9227592004143486, "Mississippi": 0.7383898964055591, "Missouri": 0.8969103082970089, "Montana": 0.8465385018914157, "Nebraska": 0.8905639449204334, "Nevada": 0.5167140942174179, "New Hampshire": 0.8641863937877795, "New Jersey": 0.9500391883421732, "New Mexico": 0.871100026550122, "North Carolina": 0.8362209770325819, "North Dakota": 0.8951975094208237, "Ohio": 0.8658632196103865, "Oklahoma": 0.8350482977952356, "Oregon": 0.8698590561865196, "Pennsylvania": 0.9459276885222633, "Rhode Island": 0.9519527192036503, "South Carolina": 0.7433901511560205, "South Dakota": 0.8744791901595506, "Tennessee": 0.8174121483124283, "Texas": 0.8648280575920884, "Utah": 0.8427613203341118, "Vermont": 0.8730755192098167, "Virginia": 0.8582835301661885, "Washington": 0.8879345353538874, "West Virginia": 0.8458378907767593, "Wisconsin": 0.7967821799408756, "Wyoming": 0.5614139341883213}