{"Alabama": 0.7875111686398975, "Alaska": 0.770193095904492, "Arizona": 0.8342107098501337, "Arkansas": 0.7851410364424617, "California": 0.8884798589732893, "Colorado": 0.8658641001261542, "Connecticut": 0.9527875590155382, "Delaware": 0.9193987234448316, "Florida": 0.8706638612677575, "Georgia": 0.8404965784804016, "Hawaii": 0.7604346340610428, "Idaho": 0.8205899700347049, "Illinois": 0.9294107729330482, "Indiana": 0.7321935869304481, "Iowa": 0.8341708519667257, "Kansas": 0.8698424435665952, "Kentucky": 0.8210212365059483, "Louisiana": 0.8473171435727286, "Maine": 0.8961172884678495, "Maryland": 0.9313677643474085, "Massachusetts": 0.9732578866546698, "Michigan": 0.857428926433792, "Minnesota": 0.9289492500209868, "Mississippi": 0.7502524647123743, "Missouri": 0.902184676816835, "Montana": 0.8417507792803909, "Nebraska": 0.8911691990095996, "Nevada": 0.5367556503731977, "New Hampshire": 0.8717350793092918, "New Jersey": 0.9534200569407361, "New Mexico": 0.8751812499362038, "North Carolina": 0.846138773006112, "North Dakota": 0.8936439954055297, "Ohio": 0.8731590297941024, "Oklahoma": 0.8308134456432008, "Oregon": 0.873751952693078, "Pennsylvania": 0.9471046290395246, "Rhode Island": 0.9539672889639196, "South Carolina": 0.7518387734604425, "South Dakota": 0.8767939759945802, "Tennessee": 0.8279853266314297, "Texas": 0.8650195609810347, "Utah": 0.8388540272013353, "Vermont": 0.8772129584113324, "Virginia": 0.8662977850585311, "Washington": 0.8838687046548481, "West Virginia": 0.8442505021104523, "Wisconsin": 0.8003686305361343, "Wyoming": 0.5552144620557693}