{"Alabama": 0.7978499945658117, "Alaska": 0.7639243654479891, "Arizona": 0.8639107087532931, "Arkansas": 0.7916330572613912, "California": 0.8971997294342325, "Colorado": 0.8765099807091892, "Connecticut": 0.9542129766376026, "Delaware": 0.9369430145651427, "Florida": 0.8995272537002672, "Georgia": 0.8542335211209025, "Hawaii": 0.7733346420985633, "Idaho": 0.8470519823252385, "Illinois": 0.9347574651000566, "Indiana": 0.7485023625609488, "Iowa": 0.8345281112090808, "Kansas": 0.8653723876278977, "Kentucky": 0.8298654659014971, "Louisiana": 0.8496017037253741, "Maine": 0.9094360849260346, "Maryland": 0.9375566049743665, "Massachusetts": 0.9746270803531932, "Michigan": 0.8709417223003815, "Minnesota": 0.9315897050040888, "Mississippi": 0.759733682344572, "Missouri": 0.9106802569565453, "Montana": 0.8513757223886497, "Nebraska": 0.8930932882392277, "Nevada": 0.55349048968793, "New Hampshire": 0.8773589986008238, "New Jersey": 0.9564061509241314, "New Mexico": 0.8763437521550884, "North Carolina": 0.8602096577014565, "North Dakota": 0.8859513788259914, "Ohio": 0.879724456768244, "Oklahoma": 0.8075217734774551, "Oregon": 0.8864092491727124, "Pennsylvania": 0.9482342039789775, "Rhode Island": 0.9546415531313622, "South Carolina": 0.7694037822845372, "South Dakota": 0.8784785997340588, "Tennessee": 0.843099655057322, "Texas": 0.8623878542059025, "Utah": 0.8656557229807091, "Vermont": 0.8822503802541926, "Virginia": 0.8742243390122838, "Washington": 0.8909328639655189, "West Virginia": 0.8311604178402249, "Wisconsin": 0.8041806515506636, "Wyoming": 0.5288910556988146}