{"Alabama": 0.8219024178121378, "Alaska": 0.7848675709775798, "Arizona": 0.9016663331495154, "Arkansas": 0.8199238988451121, "California": 0.9072266613140321, "Colorado": 0.9005280679202058, "Connecticut": 0.9580665238221799, "Delaware": 0.9432810895065236, "Florida": 0.9154026988991405, "Georgia": 0.8767160328259145, "Hawaii": 0.7971781693472302, "Idaho": 0.8906411551947888, "Illinois": 0.9469994965701327, "Indiana": 0.7912555659881663, "Iowa": 0.8560481310882225, "Kansas": 0.8860049961780108, "Kentucky": 0.856292286878063, "Louisiana": 0.8652014419159546, "Maine": 0.9091197218812545, "Maryland": 0.9444937164975781, "Massachusetts": 0.9775555085505877, "Michigan": 0.8955590223155298, "Minnesota": 0.9466311025241909, "Mississippi": 0.795906307870049, "Missouri": 0.9293631674499866, "Montana": 0.8793544900496728, "Nebraska": 0.9026180939948755, "Nevada": 0.5900374184878515, "New Hampshire": 0.8902546050734039, "New Jersey": 0.9606682289566607, "New Mexico": 0.8974645302638483, "North Carolina": 0.8867255089436554, "North Dakota": 0.8711445031243487, "Ohio": 0.9079300060156343, "Oklahoma": 0.8181112638300414, "Oregon": 0.9154108260930189, "Pennsylvania": 0.9563767728132413, "Rhode Island": 0.9628861356204562, "South Carolina": 0.7970580133313162, "South Dakota": 0.8916421011194797, "Tennessee": 0.8720541554128154, "Texas": 0.8833887900101011, "Utah": 0.8972043896127656, "Vermont": 0.8950750793696194, "Virginia": 0.8749410733349706, "Washington": 0.9111557778500334, "West Virginia": 0.8402273481909383, "Wisconsin": 0.834305435187422, "Wyoming": 0.5866804954408917}