{"Alabama": 0.8213581248833746, "Alaska": 0.7752478635207054, "Arizona": 0.9108841611847672, "Arkansas": 0.8234235706191622, "California": 0.9355064189800956, "Colorado": 0.9113134351148976, "Connecticut": 0.9584642569906286, "Delaware": 0.9528628635098502, "Florida": 0.9214714296267202, "Georgia": 0.88594536957696, "Hawaii": 0.7926929428491309, "Idaho": 0.8913302096407687, "Illinois": 0.9438343843424899, "Indiana": 0.7662249494366249, "Iowa": 0.8461443372475679, "Kansas": 0.8829821718563433, "Kentucky": 0.8479194450160235, "Louisiana": 0.8651998504156865, "Maine": 0.9157813759566071, "Maryland": 0.9486044436304818, "Massachusetts": 0.977443049984722, "Michigan": 0.8744154859280739, "Minnesota": 0.9399575037885002, "Mississippi": 0.7975508361567462, "Missouri": 0.938134549585038, "Montana": 0.8745623684068325, "Nebraska": 0.9092239612413936, "Nevada": 0.613709763578556, "New Hampshire": 0.8899403469286741, "New Jersey": 0.9649700677157756, "New Mexico": 0.8929215972379733, "North Carolina": 0.8842733549385952, "North Dakota": 0.7772519757452224, "Ohio": 0.8940962347445813, "Oklahoma": 0.7788188380175559, "Oregon": 0.9100412506175154, "Pennsylvania": 0.9518011826539549, "Rhode Island": 0.9610203009055014, "South Carolina": 0.7975679095613678, "South Dakota": 0.8836400090460942, "Tennessee": 0.8661062861483402, "Texas": 0.877561551429829, "Utah": 0.9026058947670009, "Vermont": 0.8915450015013549, "Virginia": 0.8900663406733089, "Washington": 0.9179712886514223, "West Virginia": 0.8212665862199657, "Wisconsin": 0.8184197333999674, "Wyoming": 0.5607515500818777}