{"Alabama": 0.820155071519171, "Alaska": 0.7836318981646175, "Arizona": 0.9114529666419787, "Arkansas": 0.828638849150173, "California": 0.9401882724261198, "Colorado": 0.9074240953429659, "Connecticut": 0.9597502466327921, "Delaware": 0.954081746242124, "Florida": 0.9200486793038537, "Georgia": 0.8866511679398494, "Hawaii": 0.7954369514183824, "Idaho": 0.8883778355814823, "Illinois": 0.9434925504576087, "Indiana": 0.7626306956540702, "Iowa": 0.8421387546831277, "Kansas": 0.8816182815968256, "Kentucky": 0.8453495380832031, "Louisiana": 0.8666983269943247, "Maine": 0.9065759875139798, "Maryland": 0.9474602153343281, "Massachusetts": 0.9774247629517329, "Michigan": 0.8678503149491561, "Minnesota": 0.9398876756720425, "Mississippi": 0.7936101329384534, "Missouri": 0.9368959221688227, "Montana": 0.8747382441089065, "Nebraska": 0.9056130187883656, "Nevada": 0.6270233123403363, "New Hampshire": 0.8932683519677058, "New Jersey": 0.9663326257924751, "New Mexico": 0.8881507561598835, "North Carolina": 0.8848145587285003, "North Dakota": 0.7646357015258298, "Ohio": 0.891520416108969, "Oklahoma": 0.7669548822384649, "Oregon": 0.9085161429478602, "Pennsylvania": 0.9525751453012345, "Rhode Island": 0.9614486499314779, "South Carolina": 0.7996420867791643, "South Dakota": 0.8843144911178441, "Tennessee": 0.8637030499555572, "Texas": 0.8748465414196994, "Utah": 0.9059602228130011, "Vermont": 0.8928203522084972, "Virginia": 0.8978103754330653, "Washington": 0.9165600291279619, "West Virginia": 0.8264778261119413, "Wisconsin": 0.8165059965473914, "Wyoming": 0.5790602980368829}