{"Alabama": 0.8158852258604827, "Alaska": 0.7740759660766052, "Arizona": 0.9110759090297765, "Arkansas": 0.8273666413488785, "California": 0.9388292244493477, "Colorado": 0.9052146748301436, "Connecticut": 0.9628985425135126, "Delaware": 0.9517694460260874, "Florida": 0.9178198378894298, "Georgia": 0.8824580601271033, "Hawaii": 0.7947042237041361, "Idaho": 0.8894602386623176, "Illinois": 0.9420363464011055, "Indiana": 0.7538536618124447, "Iowa": 0.8397798870069981, "Kansas": 0.8813577942638484, "Kentucky": 0.837120269202698, "Louisiana": 0.8653255023083002, "Maine": 0.9040162881081126, "Maryland": 0.9472150659615758, "Massachusetts": 0.9769812521013244, "Michigan": 0.8602184246701645, "Minnesota": 0.9380343945680996, "Mississippi": 0.7908410257353508, "Missouri": 0.9355208840441118, "Montana": 0.874720920454286, "Nebraska": 0.903660018665768, "Nevada": 0.6285872712870514, "New Hampshire": 0.89476387234195, "New Jersey": 0.9651222428263888, "New Mexico": 0.8872304312083092, "North Carolina": 0.8826926741738772, "North Dakota": 0.7441924876236248, "Ohio": 0.8876590827724858, "Oklahoma": 0.7554779985251165, "Oregon": 0.9070781858141883, "Pennsylvania": 0.9529153879161982, "Rhode Island": 0.9611442304367632, "South Carolina": 0.7968755256347962, "South Dakota": 0.8797980230260136, "Tennessee": 0.8598558566286195, "Texas": 0.8702879405631154, "Utah": 0.9030452788905974, "Vermont": 0.8943686588279057, "Virginia": 0.9014066351768221, "Washington": 0.916216869540545, "West Virginia": 0.8319581433725852, "Wisconsin": 0.8122936082087997, "Wyoming": 0.5651129065529922}