{"Alabama": 0.9539636863222077, "Alaska": 0.5554923863177254, "Arizona": 0.8156489872972303, "Arkansas": 0.9707326864255206, "California": 0.8613919990677055, "Colorado": 0.7570158805174099, "Connecticut": 0.8990274257535629, "Delaware": 0.7856628036049141, "Florida": 0.731522702294164, "Georgia": 0.8683737945546595, "Hawaii": 0.5887621559945946, "Idaho": 0.8764668710979537, "Illinois": 0.9290109989916531, "Indiana": 0.9777091947261255, "Iowa": 0.9683560866061087, "Kansas": 0.9567833877944415, "Kentucky": 0.9704939916286001, "Louisiana": 0.8097565114258036, "Maine": 0.884216485061467, "Maryland": 0.7425102046060327, "Massachusetts": 0.8509669039212904, "Michigan": 0.9561403236108166, "Minnesota": 0.9571444431837135, "Mississippi": 0.9765322437767417, "Missouri": 0.9372753680674398, "Montana": 0.7465079351316946, "Nebraska": 0.8910324767085108, "Nevada": 0.4519606077053394, "New Hampshire": 0.9546721984089447, "New Jersey": 0.8023095976216198, "New Mexico": 0.7586490256597591, "New York": 0.7679510285808155, "North Carolina": 0.9380234010503606, "North Dakota": 0.7880043213829706, "Ohio": 0.9831571256989017, "Oklahoma": 0.8737310188649134, "Oregon": 0.9344054082192546, "Pennsylvania": 0.9424829034664417, "Rhode Island": 0.9087588196087796, "South Carolina": 0.8897124095589406, "South Dakota": 0.8859820351916927, "Tennessee": 0.9659499189366185, "Texas": 0.8687827334843937, "Utah": 0.882051262528683, "Vermont": 0.9218446521835318, "Virginia": 0.8195968169052531, "Washington": 0.9244507546282736, "West Virginia": 0.8543624339050985, "Wyoming": 0.5905180010094748}