{"Alabama": 0.9553928582552501, "Alaska": 0.5781995791720315, "Arizona": 0.8083189552799911, "Arkansas": 0.9711889697594543, "California": 0.8503132582428018, "Colorado": 0.7454154866745505, "Connecticut": 0.8904703760769382, "Delaware": 0.7931171039144987, "Florida": 0.720023058236135, "Georgia": 0.867512386483472, "Hawaii": 0.5996399122160596, "Idaho": 0.8845896798255014, "Illinois": 0.9244777044299027, "Indiana": 0.9758932880214988, "Iowa": 0.9720057222013866, "Kansas": 0.9559094052076511, "Kentucky": 0.9729018208187579, "Louisiana": 0.8182096286213653, "Maine": 0.8859758883894662, "Maryland": 0.7389868154072154, "Massachusetts": 0.8405132801262872, "Michigan": 0.9539019922359236, "Minnesota": 0.9553225437836064, "Mississippi": 0.9740535117768119, "Missouri": 0.9368642516410799, "Montana": 0.7562340702995831, "Nebraska": 0.89297962235573, "Nevada": 0.4535703494715923, "New Hampshire": 0.9480602688954358, "New Jersey": 0.7985894306854289, "New Mexico": 0.7612931800410516, "New York": 0.7620918790432037, "North Carolina": 0.9477800656478601, "North Dakota": 0.7928559436693815, "Ohio": 0.9814385618169553, "Oklahoma": 0.8755080670496629, "Oregon": 0.9343619000778581, "Pennsylvania": 0.9383162457090859, "Rhode Island": 0.9052249947655677, "South Carolina": 0.8961800684545022, "South Dakota": 0.888114959676061, "Tennessee": 0.9635138414824581, "Texas": 0.8645144558199708, "Utah": 0.8792164408569898, "Vermont": 0.9187649424563027, "Virginia": 0.8070959130989066, "Washington": 0.9143088822497941, "West Virginia": 0.8614810210337882, "Wyoming": 0.6008128383956506}