{"Alabama": 0.9552928030954235, "Alaska": 0.5910660370578572, "Arizona": 0.8019500027204172, "Arkansas": 0.9732714369501351, "California": 0.8505394575972083, "Colorado": 0.7347945628625129, "Connecticut": 0.886231204699481, "Delaware": 0.787386348859197, "Florida": 0.7110017600543269, "Georgia": 0.8637956349357914, "Hawaii": 0.6059997006051844, "Idaho": 0.8872790535186329, "Illinois": 0.9211305069363533, "Indiana": 0.9750325297885022, "Iowa": 0.974218210118799, "Kansas": 0.956406307724962, "Kentucky": 0.9750356102640262, "Louisiana": 0.819203164318105, "Maine": 0.8870466013867138, "Maryland": 0.739925378173075, "Massachusetts": 0.8332996396041911, "Michigan": 0.9501355946157222, "Minnesota": 0.9545868830286601, "Mississippi": 0.9729540558874432, "Missouri": 0.9351592165524145, "Montana": 0.761321387138363, "Nebraska": 0.900450584706648, "Nevada": 0.46315438233482586, "New Hampshire": 0.9477325798158456, "New Jersey": 0.8009976697447692, "New Mexico": 0.7630199200701376, "New York": 0.7619162450141655, "North Carolina": 0.9518386700466727, "North Dakota": 0.8089771896592188, "Ohio": 0.9823702161305086, "Oklahoma": 0.8826943959185185, "Oregon": 0.935322944672642, "Pennsylvania": 0.9408176690036326, "Rhode Island": 0.9081507806209892, "South Carolina": 0.9057813520051101, "South Dakota": 0.8951517131805089, "Tennessee": 0.960292249051909, "Texas": 0.8626835813458048, "Utah": 0.875420968321637, "Vermont": 0.9191426712534307, "Virginia": 0.7947089319085072, "Washington": 0.9022748260511426, "West Virginia": 0.8684144311578669, "Wyoming": 0.6017878835813968}