{"Alabama": 0.8595055803816367, "Alaska": 0.5965886785741406, "Arizona": 0.8079623693043512, "Arkansas": 0.9714179313213096, "California": 0.8535299184066505, "Colorado": 0.7469632259834241, "Connecticut": 0.8917553031697133, "Delaware": 0.7780622633862233, "Florida": 0.742115678555273, "Georgia": 0.8711413442942042, "Hawaii": 0.5736732735794235, "Idaho": 0.8950927862713058, "Illinois": 0.922121156492933, "Indiana": 0.9763941535222416, "Iowa": 0.9770618730191966, "Kansas": 0.9613327888017017, "Kentucky": 0.9767091862352604, "Louisiana": 0.8394532219407612, "Maine": 0.89818625134187, "Maryland": 0.7546568801119057, "Massachusetts": 0.8362946228828481, "Michigan": 0.9518272650618326, "Minnesota": 0.9587224035190441, "Mississippi": 0.9720498001591209, "Missouri": 0.9379572589486579, "Montana": 0.7830405399009581, "Nebraska": 0.9080394449983873, "Nevada": 0.4987668460537274, "New Hampshire": 0.9453631043921759, "New Jersey": 0.811057731926191, "New Mexico": 0.7760667885339628, "New York": 0.7790411971912742, "North Carolina": 0.9461744553057352, "North Dakota": 0.8418973674938199, "Ohio": 0.9807369278245213, "Oklahoma": 0.8868675596448211, "Oregon": 0.9417388645269845, "Pennsylvania": 0.9438046851037216, "Rhode Island": 0.9014112707030859, "South Carolina": 0.9146757394759606, "South Dakota": 0.9072189872994969, "Tennessee": 0.9580680983623998, "Texas": 0.8686732164188966, "Utah": 0.883485261554628, "Vermont": 0.9278991583609089, "Virginia": 0.8009713106741303, "Washington": 0.9068051155331078, "West Virginia": 0.8729379812397267, "Wyoming": 0.5802635104400633}