{"Alabama": 0.9589161628150017, "Alaska": 0.5805483005999624, "Arizona": 0.8160516920215425, "Arkansas": 0.9695246735468415, "California": 0.8571822679669933, "Colorado": 0.7680074043887462, "Connecticut": 0.8963547476960599, "Delaware": 0.8006508461989716, "Florida": 0.7597662883944872, "Georgia": 0.878367941362712, "Hawaii": 0.602168642212905, "Idaho": 0.9015235722307973, "Illinois": 0.9268009678709127, "Indiana": 0.9744233612720203, "Iowa": 0.9788570025462161, "Kansas": 0.9640897733523028, "Kentucky": 0.9786603033187316, "Louisiana": 0.8535084943904218, "Maine": 0.9018181514240085, "Maryland": 0.769682992193128, "Massachusetts": 0.8427397215702667, "Michigan": 0.9530770725668481, "Minnesota": 0.9607938036926571, "Mississippi": 0.9674558147754789, "Missouri": 0.9442447134381132, "Montana": 0.8003934725121177, "Nebraska": 0.9180161883869079, "Nevada": 0.5279573586999459, "New Hampshire": 0.936424545266896, "New Jersey": 0.8239055783106802, "New Mexico": 0.7993995503137589, "New York": 0.7954230640968614, "North Carolina": 0.9546709067743099, "North Dakota": 0.8651312137177314, "Ohio": 0.9821763129137695, "Oklahoma": 0.889996746733833, "Oregon": 0.9450292229846144, "Pennsylvania": 0.9441512689743466, "Rhode Island": 0.8501502648994602, "South Carolina": 0.9193359992497154, "South Dakota": 0.9132401676567051, "Tennessee": 0.9584732099722875, "Texas": 0.8764216504734561, "Utah": 0.8880434568172623, "Vermont": 0.8699195487955601, "Virginia": 0.812509818099104, "Washington": 0.9070003668913373, "West Virginia": 0.8838315060827002, "Wyoming": 0.5035028938580142}