{"Alabama": 0.9579878277985933, "Alaska": 0.704362666318864, "Arizona": 0.82153782097427, "Arkansas": 0.9700296558113143, "California": 0.8535233568456381, "Colorado": 0.7765552994709807, "Connecticut": 0.8983379009685796, "Delaware": 0.8168534039492114, "Florida": 0.7600324246362139, "Georgia": 0.8798915689391353, "Hawaii": 0.6260545758153114, "Idaho": 0.9026075204875651, "Illinois": 0.9283104087010408, "Indiana": 0.9741451206343907, "Iowa": 0.9811801883756774, "Kansas": 0.9644191682718889, "Kentucky": 0.9795218788481912, "Louisiana": 0.8636243893795207, "Maine": 0.9074924791605326, "Maryland": 0.7756429561790699, "Massachusetts": 0.8438015117005563, "Michigan": 0.954643647518361, "Minnesota": 0.9628183644607676, "Mississippi": 0.9685273308570125, "Missouri": 0.9481615118510646, "Montana": 0.8105883304836405, "Nebraska": 0.9208364533451214, "Nevada": 0.5494086926521723, "New Hampshire": 0.935182535844282, "New Jersey": 0.8355149476559258, "New Mexico": 0.8088891184975899, "New York": 0.8038380533514025, "North Carolina": 0.9535454515152479, "North Dakota": 0.878558128312646, "Ohio": 0.982759002608895, "Oklahoma": 0.8872067165511033, "Oregon": 0.9486136572395351, "Pennsylvania": 0.9434441714515605, "Rhode Island": 0.9202258294113008, "South Carolina": 0.9193215561564371, "South Dakota": 0.9229195988397793, "Tennessee": 0.9630804559944549, "Texas": 0.878305199498327, "Utah": 0.898799264485633, "Vermont": 0.9192074175595256, "Virginia": 0.8115226544320893, "Washington": 0.9063250273663128, "West Virginia": 0.8880491514784138, "Wyoming": 0.5641117609204004}