{"Alabama": 0.9556592152225222, "Alaska": 0.710141032000951, "Arizona": 0.8172553766762717, "Arkansas": 0.969400580545046, "California": 0.8492783035645931, "Colorado": 0.7750279923425568, "Connecticut": 0.9002031132715904, "Delaware": 0.8168474420850723, "Florida": 0.7623441329657092, "Georgia": 0.8748850008829511, "Hawaii": 0.6823774278610288, "Idaho": 0.8970919880924314, "Illinois": 0.9238368333740168, "Indiana": 0.9741077314927921, "Iowa": 0.9831281472597103, "Kansas": 0.9679228067174805, "Kentucky": 0.9791992780738636, "Louisiana": 0.8665936442974336, "Maine": 0.9034142180753242, "Maryland": 0.7703815872171009, "Massachusetts": 0.8400004678538314, "Michigan": 0.9572985485988205, "Minnesota": 0.9627614356393602, "Mississippi": 0.9689537572723957, "Missouri": 0.9504351705252596, "Montana": 0.8097042612973845, "Nebraska": 0.9192802980349619, "Nevada": 0.5557065898399614, "New Hampshire": 0.9339329164168023, "New Jersey": 0.831040529227752, "New Mexico": 0.8084131803637218, "New York": 0.8023879587479268, "North Carolina": 0.9524368398674516, "North Dakota": 0.8863978951663438, "Ohio": 0.9821195583470419, "Oklahoma": 0.8891425107870302, "Oregon": 0.9508358423694779, "Pennsylvania": 0.9400620397956421, "Rhode Island": 0.6960180697461733, "South Carolina": 0.914934795476748, "South Dakota": 0.9285802019023008, "Tennessee": 0.9596768139728378, "Texas": 0.877176340334406, "Utah": 0.8967065170110206, "Vermont": 0.9167807426183017, "Virginia": 0.7995798126114328, "Washington": 0.9020680599126304, "West Virginia": 0.8854401049009126, "Wyoming": 0.5555883447407736}