{"Alabama": 0.9667694913681115, "Alaska": 0.6720262294290323, "Arizona": 0.7778573560867973, "Arkansas": 0.982913702110267, "California": 0.8561033723068588, "Colorado": 0.7466319230868184, "Connecticut": 0.8913000720286842, "Delaware": 0.8112195116870239, "Florida": 0.6984843245357258, "Georgia": 0.9041799861761238, "Hawaii": 0.6033584517865613, "Idaho": 0.8821073799629677, "Illinois": 0.9248749626651441, "Indiana": 0.9907396696185247, "Iowa": 0.9768452843016984, "Kansas": 0.9674309839172726, "Kentucky": 0.9769846388849982, "Louisiana": 0.8524350779100586, "Maine": 0.8846830478087473, "Maryland": 0.7185699397554877, "Massachusetts": 0.8240019610509485, "Michigan": 0.9730194436609986, "Minnesota": 0.9630063091606771, "Mississippi": 0.9752429905324871, "Missouri": 0.9481034173403463, "Montana": 0.7229096314617292, "Nebraska": 0.9263935070861946, "Nevada": 0.4925309421169779, "New Hampshire": 0.9200136477640225, "New Jersey": 0.8274488661333779, "New Mexico": 0.7408061097337353, "New York": 0.7707363481231868, "North Carolina": 0.9694509528171431, "North Dakota": 0.7987815989281586, "Ohio": 0.9807403851107726, "Oklahoma": 0.8746540642903033, "Oregon": 0.9534690931068988, "Pennsylvania": 0.9333496508713837, "Rhode Island": 0.9005391051180788, "South Carolina": 0.9391839057541638, "South Dakota": 0.8750242947344061, "Tennessee": 0.9675247671330056, "Texas": 0.8698245034875947, "Utah": 0.8942697471714822, "Vermont": 0.9083986016781955, "Virginia": 0.7948475141642687, "Washington": 0.894762066193331, "West Virginia": 0.8621198794439399, "Wyoming": 0.5789674744617678}