{"Alabama": 0.9569683306509346, "Alaska": 0.7089199827534266, "Arizona": 0.8057987988698951, "Arkansas": 0.96688341949596, "California": 0.8428030650277605, "Colorado": 0.7706600959646208, "Connecticut": 0.9002259636075526, "Delaware": 0.7487760482517292, "Florida": 0.7571955989471655, "Georgia": 0.8684762603153993, "Hawaii": 0.6869528819791372, "Idaho": 0.882443288273493, "Illinois": 0.9217326630121214, "Indiana": 0.9758164211314777, "Iowa": 0.9836705992935681, "Kansas": 0.9708009935175856, "Kentucky": 0.9767213327771638, "Louisiana": 0.8650024589661446, "Maine": 0.8954433742647134, "Maryland": 0.7653570185564524, "Massachusetts": 0.8336415483001034, "Michigan": 0.9594149621688886, "Minnesota": 0.9634544649819271, "Mississippi": 0.968459101749915, "Missouri": 0.9468040295181445, "Montana": 0.8041217551911649, "Nebraska": 0.9181828475806588, "Nevada": 0.5548490303754361, "New Hampshire": 0.9309041965774216, "New Jersey": 0.8283974616892047, "New Mexico": 0.8058120339266487, "New York": 0.7984942141080766, "North Carolina": 0.9492425157161729, "North Dakota": 0.891826864175219, "Ohio": 0.9816625728833249, "Oklahoma": 0.8873666663135032, "Oregon": 0.9516810858362723, "Pennsylvania": 0.9345201645868833, "Rhode Island": 0.9083964527908325, "South Carolina": 0.9113817105077952, "South Dakota": 0.9288740528235548, "Tennessee": 0.9595867163970281, "Texas": 0.8743632122735229, "Utah": 0.8853464754555191, "Vermont": 0.9136875511363232, "Virginia": 0.791786312117066, "Washington": 0.9021033948079481, "West Virginia": 0.8788546195437872, "Wyoming": 0.6141971900618189}