{"Alabama": 0.966707870401516, "Alaska": 0.6734742144107535, "Arizona": 0.7625203149681503, "Arkansas": 0.9822480637756137, "California": 0.8459581047192276, "Colorado": 0.739727303539597, "Connecticut": 0.888766426522303, "Delaware": 0.7520328109763462, "Florida": 0.6921192039329609, "Georgia": 0.8958070907375002, "Hawaii": 0.6067015542560819, "Idaho": 0.868008718509971, "Illinois": 0.9222908981137683, "Indiana": 0.9905977340269218, "Iowa": 0.977811260910719, "Kansas": 0.9709028195345393, "Kentucky": 0.9761918015057581, "Louisiana": 0.8523467823349622, "Maine": 0.8755878617248563, "Maryland": 0.7118580461631048, "Massachusetts": 0.815978828948, "Michigan": 0.9700980770080392, "Minnesota": 0.9632728942982395, "Mississippi": 0.9744133169492593, "Missouri": 0.9438998530354304, "Montana": 0.7198785496142823, "Nebraska": 0.9260025350085415, "Nevada": 0.4920310054967142, "New Hampshire": 0.9160036169367519, "New Jersey": 0.8228763167919589, "New Mexico": 0.7388980023938704, "New York": 0.7645155490712731, "North Carolina": 0.9641119166816282, "North Dakota": 0.8074861952732467, "Ohio": 0.9794120772155961, "Oklahoma": 0.8737938707639676, "Oregon": 0.9533359351268405, "Pennsylvania": 0.9268658130019305, "Rhode Island": 0.8929021189608684, "South Carolina": 0.9325322477640338, "South Dakota": 0.8775459587666274, "Tennessee": 0.9659569830071814, "Texas": 0.8660318285775205, "Utah": 0.8831033836981378, "Vermont": 0.9038546094404576, "Virginia": 0.7826693765665567, "Washington": 0.8943551039917551, "West Virginia": 0.8541424629513786, "Wyoming": 0.5601791220944249}