{"Alabama": 0.9563376119820115, "Alaska": 0.7031932078511911, "Arizona": 0.7983980491264282, "Arkansas": 0.9657228459077273, "California": 0.8357074144113991, "Colorado": 0.7645570309637963, "Connecticut": 0.898718053469015, "Delaware": 0.8147423726801108, "Florida": 0.7626927920938776, "Georgia": 0.8625035388502682, "Hawaii": 0.6859122094657666, "Idaho": 0.8701594987165456, "Illinois": 0.9196182683061229, "Indiana": 0.9775760109501649, "Iowa": 0.9831586898414949, "Kansas": 0.9715292074668058, "Kentucky": 0.9755805793910662, "Louisiana": 0.855161174268829, "Maine": 0.8935101781986661, "Maryland": 0.7615725283755882, "Massachusetts": 0.8312090276526249, "Michigan": 0.9609908995779147, "Minnesota": 0.9613897131067259, "Mississippi": 0.9641940229392177, "Missouri": 0.9439354521770509, "Montana": 0.8009759966156853, "Nebraska": 0.9196042298769405, "Nevada": 0.5556404267950061, "New Hampshire": 0.9301954314272254, "New Jersey": 0.8268245366310554, "New Mexico": 0.7965835867338121, "New York": 0.7967821799408756, "North Carolina": 0.9421355622911127, "North Dakota": 0.8912873112601786, "Ohio": 0.9806172129974309, "Oklahoma": 0.8816206043706706, "Oregon": 0.9507598973209186, "Pennsylvania": 0.9323098393245112, "Rhode Island": 0.8997583976178518, "South Carolina": 0.9032971478242748, "South Dakota": 0.9307457419980039, "Tennessee": 0.9561541024372998, "Texas": 0.8700170803516157, "Utah": 0.8690626790513125, "Vermont": 0.9103723473029967, "Virginia": 0.7844854650769896, "Washington": 0.9026761032160779, "West Virginia": 0.8724157908394925, "Wyoming": 0.5725360692173737}