{"Alabama": 0.9654025667613932, "Alaska": 0.6772589218064837, "Arizona": 0.754796966935147, "Arkansas": 0.9808627931271813, "California": 0.838070190678972, "Colorado": 0.7331141141216687, "Connecticut": 0.8865691827700415, "Delaware": 0.8040808167645959, "Florida": 0.6974561923903428, "Georgia": 0.8881285715100048, "Hawaii": 0.6061452020422182, "Idaho": 0.8583581956771684, "Illinois": 0.9197103382961637, "Indiana": 0.9910981403531511, "Iowa": 0.9785175385987012, "Kansas": 0.9721905898199924, "Kentucky": 0.9752826895593609, "Louisiana": 0.8430951746762985, "Maine": 0.8740763306960535, "Maryland": 0.706780301598354, "Massachusetts": 0.8125179093485912, "Michigan": 0.9680490493239259, "Minnesota": 0.9609862303129912, "Mississippi": 0.9696150333160585, "Missouri": 0.9410874724016979, "Montana": 0.7202903283597352, "Nebraska": 0.9271266548018797, "Nevada": 0.4950253378225719, "New Hampshire": 0.9136221968914264, "New Jersey": 0.8193376818073064, "New Mexico": 0.7325208517468124, "New York": 0.7603796194097152, "North Carolina": 0.9559073732820809, "North Dakota": 0.8103014676725255, "Ohio": 0.9783871264896303, "Oklahoma": 0.8716199522363066, "Oregon": 0.9518712014296304, "Pennsylvania": 0.924545973495281, "Rhode Island": 0.8836548946183033, "South Carolina": 0.9234856631957691, "South Dakota": 0.8849365136209012, "Tennessee": 0.9611085671901827, "Texas": 0.8620240375773908, "Utah": 0.8687500519895769, "Vermont": 0.8992110811642345, "Virginia": 0.7718693637343562, "Washington": 0.8969587360193029, "West Virginia": 0.8472695036234269, "Wyoming": 0.5250792695702334}