{"Alabama": 0.9520435123153345, "Alaska": 0.7013170788894543, "Arizona": 0.8069274549445157, "Arkansas": 0.9630115634371522, "California": 0.8336483263085452, "Colorado": 0.7603999420356574, "Connecticut": 0.8962659886250705, "Delaware": 0.8242573934869366, "Florida": 0.7744461374961374, "Georgia": 0.8590482306703272, "Hawaii": 0.6893333832460752, "Idaho": 0.8730382545713026, "Illinois": 0.919943017907731, "Indiana": 0.9787503134183532, "Iowa": 0.9837078492854937, "Kansas": 0.972879223445139, "Kentucky": 0.9738072874554835, "Louisiana": 0.8596342200985865, "Maine": 0.8974703308358702, "Maryland": 0.7654478420301482, "Massachusetts": 0.829769767340999, "Michigan": 0.96099775333911, "Minnesota": 0.9596261281513764, "Mississippi": 0.9598511147391436, "Missouri": 0.942058296818406, "Montana": 0.8010153606547115, "Nebraska": 0.9211288532735926, "Nevada": 0.563990204818221, "New Hampshire": 0.932763270262314, "New Jersey": 0.8230533174504436, "New Mexico": 0.7936997857513687, "New York": 0.8003686305361343, "North Carolina": 0.9362133345806801, "North Dakota": 0.8933576765173771, "Ohio": 0.979443756283672, "Oklahoma": 0.8768960456296887, "Oregon": 0.9494812230808741, "Pennsylvania": 0.9313609953022205, "Rhode Island": 0.8971791624267468, "South Carolina": 0.9003688923427686, "South Dakota": 0.9324769147990045, "Tennessee": 0.9504443197181252, "Texas": 0.8665675890212943, "Utah": 0.8610586236854014, "Vermont": 0.9128338777765344, "Virginia": 0.7801863659600168, "Washington": 0.8978892619352995, "West Virginia": 0.8709992391973824, "Wyoming": 0.5609891583051921}