{"Alabama": 0.9605064128866695, "Alaska": 0.6743703795251464, "Arizona": 0.7600996966667745, "Arkansas": 0.9787829923019052, "California": 0.833006350896699, "Colorado": 0.7261480776495634, "Connecticut": 0.881851653070124, "Delaware": 0.8108613203302398, "Florida": 0.7059819157193696, "Georgia": 0.8787993521611006, "Hawaii": 0.6093487433441948, "Idaho": 0.8617926233200421, "Illinois": 0.917962716919255, "Indiana": 0.9908461616983912, "Iowa": 0.9784581614082085, "Kansas": 0.9741523387059673, "Kentucky": 0.9737282977897891, "Louisiana": 0.8463982213910743, "Maine": 0.8771458599572413, "Maryland": 0.7064457151115712, "Massachusetts": 0.8078567013758956, "Michigan": 0.9654861193811309, "Minnesota": 0.958214697807835, "Mississippi": 0.9647854918963393, "Missouri": 0.9383684021835976, "Montana": 0.7217128231108246, "Nebraska": 0.9277482481611868, "Nevada": 0.5025506801517493, "New Hampshire": 0.9159867719790024, "New Jersey": 0.8084570320970635, "New Mexico": 0.7286705925309609, "New York": 0.7584984726017581, "North Carolina": 0.9476468381843399, "North Dakota": 0.8097404453376545, "Ohio": 0.9759481567693873, "Oklahoma": 0.8670208478432836, "Oregon": 0.9487924432571311, "Pennsylvania": 0.9217569403239114, "Rhode Island": 0.8780111275148277, "South Carolina": 0.915839354353208, "South Dakota": 0.889007943348866, "Tennessee": 0.9540439013353729, "Texas": 0.8572608930779454, "Utah": 0.8605522349415377, "Vermont": 0.9018881079198348, "Virginia": 0.762591493198061, "Washington": 0.8932238897532928, "West Virginia": 0.8434039858009545, "Wyoming": 0.5112703057237945}