{"Alabama": 0.9566870026422788, "Alaska": 0.6614521040422777, "Arizona": 0.7688871688333794, "Arkansas": 0.9760436918643608, "California": 0.8320102351930189, "Colorado": 0.7222825464034792, "Connecticut": 0.8782392592350565, "Delaware": 0.8072721628265423, "Florida": 0.7190384247509289, "Georgia": 0.8748881537797993, "Hawaii": 0.612835646977027, "Idaho": 0.8646724525537698, "Illinois": 0.9174625011692469, "Indiana": 0.9908361718024274, "Iowa": 0.9762687261499018, "Kansas": 0.974706375906579, "Kentucky": 0.9703211262615941, "Louisiana": 0.8342793921407079, "Maine": 0.885869645487383, "Maryland": 0.7062782484589945, "Massachusetts": 0.8046816070567187, "Michigan": 0.9601460881740247, "Minnesota": 0.9566992785754783, "Mississippi": 0.9562098693395823, "Missouri": 0.9346332893119361, "Montana": 0.7210965131494744, "Nebraska": 0.9277661702301506, "Nevada": 0.5053525522869756, "New Hampshire": 0.9141140602802157, "New Jersey": 0.80521715302937, "New Mexico": 0.7207973497997718, "New York": 0.7568610793807259, "North Carolina": 0.9465805231695757, "North Dakota": 0.8072582702086133, "Ohio": 0.9724913448586602, "Oklahoma": 0.8483053532210297, "Oregon": 0.9442750011222074, "Pennsylvania": 0.9194795210745395, "Rhode Island": 0.8708548871381923, "South Carolina": 0.9184933570770393, "South Dakota": 0.8903672959364624, "Tennessee": 0.9490928641324112, "Texas": 0.8443448232937284, "Utah": 0.8656280028890514, "Vermont": 0.8987372849815543, "Virginia": 0.752324987777436, "Washington": 0.8929791286347957, "West Virginia": 0.8262997437977203, "Wyoming": 0.4722169005335209}