{"Alabama": 0.9486876685822616, "Alaska": 0.6892921844274238, "Arizona": 0.8184987934364933, "Arkansas": 0.9595161404593104, "California": 0.8341474927402688, "Colorado": 0.7570802530750861, "Connecticut": 0.894408274242037, "Delaware": 0.8271756913781773, "Florida": 0.7916351200246547, "Georgia": 0.8578914641732209, "Hawaii": 0.6950559475060439, "Idaho": 0.8787001779015596, "Illinois": 0.92117754690292, "Indiana": 0.980672512477021, "Iowa": 0.9815144693146474, "Kansas": 0.9722589171541512, "Kentucky": 0.9700306005444729, "Louisiana": 0.8484393451043605, "Maine": 0.9104603440184477, "Maryland": 0.767103368378397, "Massachusetts": 0.83047520003725, "Michigan": 0.9602592960918357, "Minnesota": 0.9589157763675288, "Mississippi": 0.9510628935390626, "Missouri": 0.9388530522518936, "Montana": 0.8016504055546306, "Nebraska": 0.9208560799978279, "Nevada": 0.568089141543784, "New Hampshire": 0.9312669494722526, "New Jersey": 0.8241003522579557, "New Mexico": 0.7885637061752545, "New York": 0.8041806515506636, "North Carolina": 0.9373777251411834, "North Dakota": 0.8888996006569178, "Ohio": 0.9772682297084443, "Oklahoma": 0.854118020309761, "Oregon": 0.946418411683474, "Pennsylvania": 0.9309937220028432, "Rhode Island": 0.8933716837466871, "South Carolina": 0.9053152654643788, "South Dakota": 0.9331609537427704, "Tennessee": 0.9464541637578157, "Texas": 0.8534782701762504, "Utah": 0.8673813455214316, "Vermont": 0.9117182692599843, "Virginia": 0.7728872815197456, "Washington": 0.897451552581199, "West Virginia": 0.8547512150750233, "Wyoming": 0.5207461763311981}