{"Alabama": 0.9466919693394923, "Alaska": 0.7336424855034361, "Arizona": 0.8405711105918566, "Arkansas": 0.9592208670867801, "California": 0.8461657574959291, "Colorado": 0.7809897096119148, "Connecticut": 0.8981423095938058, "Delaware": 0.8477118449692869, "Florida": 0.8153937282230292, "Georgia": 0.8712286668891511, "Hawaii": 0.7345739572439961, "Idaho": 0.8999146142367649, "Illinois": 0.9262512024510815, "Indiana": 0.9817632315437862, "Iowa": 0.980849567261556, "Kansas": 0.9731620734905219, "Kentucky": 0.9694484923898181, "Louisiana": 0.867194637583635, "Maine": 0.9272799148755422, "Maryland": 0.7944608462112719, "Massachusetts": 0.8449878233476446, "Michigan": 0.9565887757304777, "Minnesota": 0.9627362746307283, "Mississippi": 0.9540837242058992, "Missouri": 0.9474766554783528, "Montana": 0.8359555163811322, "Nebraska": 0.9327710271091473, "Nevada": 0.5969665358174715, "New Hampshire": 0.9362038398755237, "New Jersey": 0.8471011693652836, "New Mexico": 0.8190500563354292, "New York": 0.8323919164048026, "North Carolina": 0.9439382219834664, "North Dakota": 0.9000583956818875, "Ohio": 0.9753209835251228, "Oklahoma": 0.8707097540098752, "Oregon": 0.9494441756809106, "Pennsylvania": 0.9391442695998241, "Rhode Island": 0.9003966307356795, "South Carolina": 0.9133644131294524, "South Dakota": 0.939671182132826, "Tennessee": 0.9485359943560997, "Texas": 0.8700598315363204, "Utah": 0.8810789401176369, "Vermont": 0.9192709508040983, "Virginia": 0.7825426176078825, "Washington": 0.9115807785097672, "West Virginia": 0.871103520505757, "Wyoming": 0.5896948429201391}