{"Alabama": 0.9538063065222478, "Alaska": 0.7026587686607271, "Arizona": 0.7940897818700853, "Arkansas": 0.9735126723893802, "California": 0.8419088113445117, "Colorado": 0.7455782613715635, "Connecticut": 0.8830767987646234, "Delaware": 0.8202921354768711, "Florida": 0.743591879604419, "Georgia": 0.8775912213751742, "Hawaii": 0.6545902776726462, "Idaho": 0.8824180080117383, "Illinois": 0.9184792692439002, "Indiana": 0.9899546509206427, "Iowa": 0.9752014383203108, "Kansas": 0.97416869149517, "Kentucky": 0.9679634204244512, "Louisiana": 0.8488107339514429, "Maine": 0.8985418847604523, "Maryland": 0.73335030177147, "Massachusetts": 0.8155238328672069, "Michigan": 0.9515579612414125, "Minnesota": 0.9587639952349343, "Mississippi": 0.9575208692719298, "Missouri": 0.9388665107262679, "Montana": 0.755214038224088, "Nebraska": 0.9339917465540604, "Nevada": 0.5334947185901364, "New Hampshire": 0.9204740936470973, "New Jersey": 0.8190751727002177, "New Mexico": 0.751174332525913, "New York": 0.7798172575178467, "North Carolina": 0.9474184267185832, "North Dakota": 0.8198776309825829, "Ohio": 0.9689015004083417, "Oklahoma": 0.8582113056600408, "Oregon": 0.9448638912014589, "Pennsylvania": 0.9243587280296052, "Rhode Island": 0.8736269569760835, "South Carolina": 0.922015827778395, "South Dakota": 0.8939635949096494, "Tennessee": 0.9478526519933996, "Texas": 0.8571134271367767, "Utah": 0.8770696577704896, "Vermont": 0.9060614717867131, "Virginia": 0.7586214925870269, "Washington": 0.9080114802799893, "West Virginia": 0.8390737849290286, "Wyoming": 0.5372592026438554}