{"Alabama": 0.9509545765046653, "Alaska": 0.6948247214090678, "Arizona": 0.7970083500301645, "Arkansas": 0.9730192242191037, "California": 0.8348711241548754, "Colorado": 0.744332477557672, "Connecticut": 0.8798110948792546, "Delaware": 0.8150708355222042, "Florida": 0.7411117198106276, "Georgia": 0.8734938459872931, "Hawaii": 0.6509371321417426, "Idaho": 0.8837931368189923, "Illinois": 0.915845626678621, "Indiana": 0.9903987175488239, "Iowa": 0.9728819531547431, "Kansas": 0.9694057025887772, "Kentucky": 0.9664376142333068, "Louisiana": 0.8451919960577979, "Maine": 0.8883783944615716, "Maryland": 0.7323442585623376, "Massachusetts": 0.8162514457004652, "Michigan": 0.9547350587098844, "Minnesota": 0.956223899775406, "Mississippi": 0.954357187194588, "Missouri": 0.9340949999876429, "Montana": 0.7455757746114534, "Nebraska": 0.9308086687151004, "Nevada": 0.5297691203808751, "New Hampshire": 0.9158735065586936, "New Jersey": 0.8163329873758413, "New Mexico": 0.7481819777245833, "New York": 0.7770106318224399, "North Carolina": 0.9438782437852846, "North Dakota": 0.7956549974591585, "Ohio": 0.9685115369977102, "Oklahoma": 0.8359561628610463, "Oregon": 0.9411053052937716, "Pennsylvania": 0.9205320859589671, "Rhode Island": 0.8705900644758423, "South Carolina": 0.916837083550798, "South Dakota": 0.8873838207558139, "Tennessee": 0.9445195529266948, "Texas": 0.8508681383806284, "Utah": 0.8798684108582138, "Vermont": 0.903084901838733, "Virginia": 0.7512506643159909, "Washington": 0.9041393989232905, "West Virginia": 0.8285173212644712, "Wyoming": 0.5183765307671556}