{"Alabama": 0.9452023465325992, "Alaska": 0.7276606863924439, "Arizona": 0.8463689563430207, "Arkansas": 0.9596835716602578, "California": 0.841346261124919, "Colorado": 0.7821927100915256, "Connecticut": 0.897056349062959, "Delaware": 0.8498764255913708, "Florida": 0.8168966816250522, "Georgia": 0.8722562049425235, "Hawaii": 0.7338396908058539, "Idaho": 0.9036788983412753, "Illinois": 0.9253167585582882, "Indiana": 0.9804739133316313, "Iowa": 0.979820995680488, "Kansas": 0.968616693298062, "Kentucky": 0.9686594611216378, "Louisiana": 0.8654707641620041, "Maine": 0.9169700056738764, "Maryland": 0.7960988977733388, "Massachusetts": 0.8487728026621056, "Michigan": 0.9578133879467573, "Minnesota": 0.9610089844098648, "Mississippi": 0.9522139422611705, "Missouri": 0.9463814163619478, "Montana": 0.829467560158918, "Nebraska": 0.9329732527782794, "Nevada": 0.5950084641495451, "New Hampshire": 0.9328713510626363, "New Jersey": 0.8487252586580345, "New Mexico": 0.8185447790026222, "New York": 0.834305435187422, "North Carolina": 0.9416906179883582, "North Dakota": 0.8767209459406173, "Ohio": 0.9754946904539659, "Oklahoma": 0.8491458518524139, "Oregon": 0.9470094473863652, "Pennsylvania": 0.9371079664049173, "Rhode Island": 0.9008119621983173, "South Carolina": 0.9103107840367554, "South Dakota": 0.9358531074012985, "Tennessee": 0.9478473688964352, "Texas": 0.8665096189007662, "Utah": 0.8834406448397711, "Vermont": 0.9159807821995836, "Virginia": 0.7782265799816225, "Washington": 0.9088449085188394, "West Virginia": 0.8622806741473922, "Wyoming": 0.5707103406810847}