{"Alabama": 0.9447897181983114, "Alaska": 0.7222243109348334, "Arizona": 0.8430921551176179, "Arkansas": 0.957087721414101, "California": 0.8352170658132972, "Colorado": 0.7819127189746597, "Connecticut": 0.8918070996237427, "Delaware": 0.8384666121252291, "Florida": 0.8125928284590749, "Georgia": 0.8683383301994816, "Hawaii": 0.7231623148134937, "Idaho": 0.906202351197265, "Illinois": 0.9224504730745963, "Indiana": 0.9785494530276889, "Iowa": 0.9780340327810154, "Kansas": 0.9675453567221534, "Kentucky": 0.9651311325776019, "Louisiana": 0.8639295340449897, "Maine": 0.9119017684448483, "Maryland": 0.7904792723157045, "Massachusetts": 0.8423649351245183, "Michigan": 0.957636292442157, "Minnesota": 0.9599627924871923, "Mississippi": 0.949242141495702, "Missouri": 0.9420645189120926, "Montana": 0.8212524091900105, "Nebraska": 0.9292565069620505, "Nevada": 0.5904298080923689, "New Hampshire": 0.9307437040311045, "New Jersey": 0.8395549413710723, "New Mexico": 0.814365926735172, "New York": 0.825660103398794, "North Carolina": 0.9349893800920583, "North Dakota": 0.8427862237910544, "Ohio": 0.9750261140758241, "Oklahoma": 0.8552973801208535, "Oregon": 0.9459076631677724, "Pennsylvania": 0.9327144729931692, "Rhode Island": 0.8952475150328016, "South Carolina": 0.9092889761215138, "South Dakota": 0.9356562600152164, "Tennessee": 0.9425765319755125, "Texas": 0.8636773539728242, "Utah": 0.8796305637830546, "Vermont": 0.9126077318137823, "Virginia": 0.7774857607129434, "Washington": 0.910577836257613, "West Virginia": 0.8525235023753724, "Wyoming": 0.5560774557054208}