{"Alabama": 0.9492502648402469, "Alaska": 0.6975283232052368, "Arizona": 0.791132293323408, "Arkansas": 0.9704342051280017, "California": 0.8269388112863091, "Colorado": 0.7434341213234397, "Connecticut": 0.8720956380856657, "Delaware": 0.8001862291266583, "Florida": 0.7347155646415111, "Georgia": 0.8684663988018572, "Hawaii": 0.6396385019451948, "Idaho": 0.8838169531302383, "Illinois": 0.9121951147905262, "Indiana": 0.9891533813714379, "Iowa": 0.9715152326353018, "Kansas": 0.9665422334553578, "Kentucky": 0.9626694111606253, "Louisiana": 0.8424600735150377, "Maine": 0.883235494058108, "Maryland": 0.723920542404936, "Massachusetts": 0.8079164997018663, "Michigan": 0.9571081218746061, "Minnesota": 0.9550507386488233, "Mississippi": 0.9491553166743478, "Missouri": 0.9287873456063349, "Montana": 0.7376519491050595, "Nebraska": 0.92740165175179, "Nevada": 0.524374358801297, "New Hampshire": 0.9129738805004862, "New Jersey": 0.8044470135796827, "New Mexico": 0.7432099561782152, "New York": 0.7661245885492255, "North Carolina": 0.9376808655432193, "North Dakota": 0.7681061246241542, "Ohio": 0.9676938541654037, "Oklahoma": 0.8444493370335391, "Oregon": 0.9396948278761647, "Pennsylvania": 0.9152937115657319, "Rhode Island": 0.8644356413030441, "South Carolina": 0.9162483042106528, "South Dakota": 0.8877968023833039, "Tennessee": 0.9379918705212577, "Texas": 0.8465861689208913, "Utah": 0.8757756127221024, "Vermont": 0.8993060348766279, "Virginia": 0.7475995232206961, "Washington": 0.9062337230493906, "West Virginia": 0.817667628016999, "Wyoming": 0.5067570438851456}