{"Alabama": 0.9423697543249308, "Alaska": 0.7013235128612991, "Arizona": 0.8411905444370499, "Arkansas": 0.9517671503826401, "California": 0.8421663877149589, "Colorado": 0.7734327106187292, "Connecticut": 0.8914210246399814, "Delaware": 0.8303353199886926, "Florida": 0.8035245218117053, "Georgia": 0.8628199408217878, "Hawaii": 0.7112214293588414, "Idaho": 0.905911796803012, "Illinois": 0.9174856700005704, "Indiana": 0.9770826352416155, "Iowa": 0.9771564553781278, "Kansas": 0.9590338175359074, "Kentucky": 0.9666749964009447, "Louisiana": 0.8503556420108088, "Maine": 0.9162060131762312, "Maryland": 0.7816212887939207, "Massachusetts": 0.8346951643288951, "Michigan": 0.957060204140984, "Minnesota": 0.9579083752396303, "Mississippi": 0.9450180706868855, "Missouri": 0.9386015544071024, "Montana": 0.8117150600581797, "Nebraska": 0.9258337412027717, "Nevada": 0.5886533723899905, "New Hampshire": 0.9264789716445606, "New Jersey": 0.8314753986660652, "New Mexico": 0.8036595825124305, "New York": 0.8184197333999674, "North Carolina": 0.9306263682229104, "North Dakota": 0.7848085944777259, "Ohio": 0.9751705458449677, "Oklahoma": 0.8150968356055813, "Oregon": 0.9436973157038666, "Pennsylvania": 0.928470300718758, "Rhode Island": 0.8918729839893252, "South Carolina": 0.9028705486319368, "South Dakota": 0.9345777369590249, "Tennessee": 0.940020357739274, "Texas": 0.8472912648622233, "Utah": 0.8735752820845076, "Vermont": 0.9122735295984141, "Virginia": 0.7739721924505891, "Washington": 0.9160012809882498, "West Virginia": 0.8374613479607832, "Wyoming": 0.5232590846669333}