{"Alabama": 0.9478915049420674, "Alaska": 0.6801696230731229, "Arizona": 0.7907622569929954, "Arkansas": 0.9659621453111402, "California": 0.8275003299105494, "Colorado": 0.736846286379612, "Connecticut": 0.8703348268570197, "Delaware": 0.7938296828029032, "Florida": 0.726030332167828, "Georgia": 0.8638597187448953, "Hawaii": 0.6301609199735866, "Idaho": 0.8854440425288298, "Illinois": 0.9086859160553378, "Indiana": 0.9889323366273952, "Iowa": 0.9711997911825492, "Kansas": 0.9601605679446338, "Kentucky": 0.9640919840131794, "Louisiana": 0.8310479258391592, "Maine": 0.8852605404966581, "Maryland": 0.7130782573675072, "Massachusetts": 0.7979541505120603, "Michigan": 0.9584819345853742, "Minnesota": 0.9528232467727986, "Mississippi": 0.9455390318368788, "Missouri": 0.9238321923893729, "Montana": 0.7279745297475978, "Nebraska": 0.9233106062238874, "Nevada": 0.5238027973082123, "New Hampshire": 0.907605311038178, "New Jersey": 0.7950673573734384, "New Mexico": 0.7320330846823708, "New York": 0.7593226483272075, "North Carolina": 0.9330946866645144, "North Dakota": 0.7188329402668242, "Ohio": 0.9692125170849905, "Oklahoma": 0.8104103549593076, "Oregon": 0.9378503787862139, "Pennsylvania": 0.9114428736621478, "Rhode Island": 0.8599928285387717, "South Carolina": 0.9115286434777795, "South Dakota": 0.8843992184917969, "Tennessee": 0.9359100873720358, "Texas": 0.8330121079482412, "Utah": 0.8715515995717744, "Vermont": 0.9008702063517683, "Virginia": 0.7437051807182687, "Washington": 0.9090699422190089, "West Virginia": 0.8018112536593115, "Wyoming": 0.476134388059615}