{"Alabama": 0.9467780443044796, "Alaska": 0.7089410494327899, "Arizona": 0.8385330156797064, "Arkansas": 0.954418500833824, "California": 0.8423082301743855, "Colorado": 0.7652443001556293, "Connecticut": 0.8913766365037558, "Delaware": 0.8263465248956584, "Florida": 0.8009378003697094, "Georgia": 0.8628539379208084, "Hawaii": 0.7134998173398494, "Idaho": 0.9103245690356777, "Illinois": 0.9129445935675086, "Indiana": 0.9776087130767513, "Iowa": 0.977512969484637, "Kansas": 0.9537420132421521, "Kentucky": 0.9694981818964811, "Louisiana": 0.8517778667282159, "Maine": 0.9082967547531736, "Maryland": 0.7795752928945476, "Massachusetts": 0.8295032650928842, "Michigan": 0.9568474143388578, "Minnesota": 0.9563254994369714, "Mississippi": 0.9421241583543835, "Missouri": 0.9414686408055518, "Montana": 0.814659955464493, "Nebraska": 0.9275204707303527, "Nevada": 0.5965301195704885, "New Hampshire": 0.9264102441955895, "New Jersey": 0.8294423647038554, "New Mexico": 0.8007033921128707, "New York": 0.8165059965473914, "North Carolina": 0.9303475349034935, "North Dakota": 0.7731276947399341, "Ohio": 0.9756498007660478, "Oklahoma": 0.8064557183846519, "Oregon": 0.9446060847825949, "Pennsylvania": 0.9277058592962638, "Rhode Island": 0.8909392876975514, "South Carolina": 0.9042423813300022, "South Dakota": 0.933927143144178, "Tennessee": 0.9396234194267753, "Texas": 0.8420815625328826, "Utah": 0.8705864847338727, "Vermont": 0.91335307410706, "Virginia": 0.7798785739099208, "Washington": 0.9180886595379651, "West Virginia": 0.8422611774241944, "Wyoming": 0.5394406231697688}