{"Alabama": 0.9519702850807015, "Alaska": 0.6879139197546962, "Arizona": 0.786703852280033, "Arkansas": 0.9671165269767844, "California": 0.8236795205618687, "Colorado": 0.7279875843631837, "Connecticut": 0.8684229778980109, "Delaware": 0.7855432624785611, "Florida": 0.722599903982052, "Georgia": 0.8599950822560879, "Hawaii": 0.6320599687539569, "Idaho": 0.8929442872445138, "Illinois": 0.9028273709829121, "Indiana": 0.9891011087756613, "Iowa": 0.9714402945722544, "Kansas": 0.956769223086992, "Kentucky": 0.9679638294116429, "Louisiana": 0.8310251861488848, "Maine": 0.8793985391564049, "Maryland": 0.7084981166452723, "Massachusetts": 0.7908001599196982, "Michigan": 0.96036412082785, "Minnesota": 0.9506303732473981, "Mississippi": 0.9432609785415007, "Missouri": 0.9269111726892536, "Montana": 0.7340882305032288, "Nebraska": 0.9265637970103344, "Nevada": 0.5309204436680175, "New Hampshire": 0.9065169327417862, "New Jersey": 0.7898461618401942, "New Mexico": 0.7287916247674119, "New York": 0.7556909090575359, "North Carolina": 0.9312289271562149, "North Dakota": 0.7098590528868204, "Ohio": 0.969064891846911, "Oklahoma": 0.8034474660448467, "Oregon": 0.9394766953669914, "Pennsylvania": 0.9092139182513257, "Rhode Island": 0.8578007468392973, "South Carolina": 0.9114999810368831, "South Dakota": 0.8874687832436772, "Tennessee": 0.9354720098307159, "Texas": 0.8269285509132106, "Utah": 0.8669400012450937, "Vermont": 0.9019158661149774, "Virginia": 0.747176073309242, "Washington": 0.9105053093621438, "West Virginia": 0.804908444562641, "Wyoming": 0.4931323970097422}