{"Alabama": 0.9455205579020288, "Alaska": 0.6998459568033176, "Arizona": 0.8371313195079667, "Arkansas": 0.9548406499826232, "California": 0.8407895209290089, "Colorado": 0.7622675572935702, "Connecticut": 0.885977344186174, "Delaware": 0.8203088750919443, "Florida": 0.7991376613694725, "Georgia": 0.8585434900303133, "Hawaii": 0.7098157783594933, "Idaho": 0.9096944832802072, "Illinois": 0.9074803274968056, "Indiana": 0.9760420487190254, "Iowa": 0.9760165139167327, "Kansas": 0.9494154570309262, "Kentucky": 0.9673054499698869, "Louisiana": 0.8504004654395091, "Maine": 0.9078563080695675, "Maryland": 0.7747226513365154, "Massachusetts": 0.8243155412383917, "Michigan": 0.9566072077142137, "Minnesota": 0.9553525523411173, "Mississippi": 0.9420879032625051, "Missouri": 0.9412166729530941, "Montana": 0.8153817191445114, "Nebraska": 0.926545572233754, "Nevada": 0.5927472845790421, "New Hampshire": 0.9264483373164001, "New Jersey": 0.826541480284752, "New Mexico": 0.7941373146408188, "New York": 0.8122936082087998, "North Carolina": 0.9277985661552761, "North Dakota": 0.7504297057927908, "Ohio": 0.9751958288427778, "Oklahoma": 0.7985941477001869, "Oregon": 0.9440414923524232, "Pennsylvania": 0.9254880319544196, "Rhode Island": 0.8899919404839045, "South Carolina": 0.902298514623729, "South Dakota": 0.932796753023291, "Tennessee": 0.9363635343609431, "Texas": 0.8358603414672832, "Utah": 0.8653587180669627, "Vermont": 0.9097966029122351, "Virginia": 0.783635827143524, "Washington": 0.9155786067125833, "West Virginia": 0.8434512447133957, "Wyoming": 0.5242387445578187}