{"Alabama": 0.9506437208000577, "Alaska": 0.6810354848485337, "Arizona": 0.7840915864150373, "Arkansas": 0.9665289321156948, "California": 0.8221407023350266, "Colorado": 0.7254268439313404, "Connecticut": 0.8611931625702011, "Delaware": 0.7802312674914463, "Florida": 0.7210204149253825, "Georgia": 0.856215087757888, "Hawaii": 0.6299850063263381, "Idaho": 0.8902834870733585, "Illinois": 0.897451596414144, "Indiana": 0.9887101019396178, "Iowa": 0.9720154120029935, "Kansas": 0.9526770731139058, "Kentucky": 0.9666717841228252, "Louisiana": 0.8289423204835574, "Maine": 0.8779721042058357, "Maryland": 0.7021767720103576, "Massachusetts": 0.784996501023649, "Michigan": 0.9625532675082014, "Minnesota": 0.9497047612321092, "Mississippi": 0.9430127906915099, "Missouri": 0.9263481919169175, "Montana": 0.7359473701194432, "Nebraska": 0.9251326039249023, "Nevada": 0.527646633854014, "New Hampshire": 0.9069078122253806, "New Jersey": 0.7869801359493749, "New Mexico": 0.7202674548495652, "New York": 0.7502862006184549, "North Carolina": 0.9289096652058602, "North Dakota": 0.6901510183171338, "Ohio": 0.9690842474750515, "Oklahoma": 0.7980276971035405, "Oregon": 0.9387577910809373, "Pennsylvania": 0.9070315580319833, "Rhode Island": 0.8581560542162673, "South Carolina": 0.909254829904547, "South Dakota": 0.8878517425065241, "Tennessee": 0.9325102145839002, "Texas": 0.8206009550221772, "Utah": 0.8621885816111937, "Vermont": 0.8978112904222745, "Virginia": 0.7502823320931045, "Washington": 0.9063831929046088, "West Virginia": 0.8044737238682045, "Wyoming": 0.48089545993951105}