{"Alabama": 0.912757380998513, "Alaska": 0.7205117614837173, "Arizona": 0.9605374313141642, "Arkansas": 0.8670473841236591, "California": 0.9444796231694519, "Colorado": 0.9459212481938857, "Connecticut": 0.9085245420190924, "Delaware": 0.9167023397373906, "Florida": 0.9048972934514269, "Georgia": 0.9252564945696651, "Hawaii": 0.7780378445816022, "Idaho": 0.9621923620280376, "Illinois": 0.9366435822132451, "Indiana": 0.876103774378997, "Iowa": 0.933196354190972, "Kansas": 0.9515375836681159, "Kentucky": 0.9329588319064962, "Louisiana": 0.9160107053186725, "Maine": 0.8920813547324812, "Maryland": 0.8998364493509003, "Massachusetts": 0.8715589583712904, "Michigan": 0.8956974801759481, "Minnesota": 0.9438408766962846, "Mississippi": 0.8908190847995212, "Missouri": 0.9600523588368053, "Montana": 0.8912648437269952, "Nebraska": 0.9466187043285805, "Nevada": 0.6227296354953835, "New Hampshire": 0.9473217269534491, "New Jersey": 0.8794241412650964, "New Mexico": 0.9202691439559764, "New York": 0.8385138902556071, "North Carolina": 0.8755122095489554, "North Dakota": 0.8662145114654055, "Ohio": 0.9228128600096894, "Oklahoma": 0.9396206641040652, "Oregon": 0.9640372534667797, "Pennsylvania": 0.9147049241598513, "Rhode Island": 0.8494071713933453, "South Carolina": 0.8802163602002915, "South Dakota": 0.9237957419178807, "Tennessee": 0.9378255760813895, "Texas": 0.9668170717925529, "Vermont": 0.9290953452583496, "Virginia": 0.9449480644071105, "Washington": 0.963732927891458, "West Virginia": 0.8870315192342751, "Wisconsin": 0.882051262528683, "Wyoming": 0.7849733207895808}