{"Alabama": 0.9201751261647109, "Alaska": 0.7391698603958871, "Arizona": 0.9603332228808071, "Arkansas": 0.8639536364004505, "California": 0.9418636880638083, "Colorado": 0.9439426253761225, "Connecticut": 0.9077561586703141, "Delaware": 0.9231778179405801, "Florida": 0.9007829987824006, "Georgia": 0.9329576229653291, "Hawaii": 0.7775087768200483, "Idaho": 0.9640650514109513, "Illinois": 0.9367523551438152, "Indiana": 0.8641110997675963, "Iowa": 0.9278498289863039, "Kansas": 0.9494478517523529, "Kentucky": 0.9281760122278141, "Louisiana": 0.9222511662059474, "Maine": 0.8910354973041769, "Maryland": 0.9007656582775567, "Massachusetts": 0.8735803967383683, "Michigan": 0.8888189315531784, "Minnesota": 0.9405194842063144, "Mississippi": 0.886427765135315, "Missouri": 0.9605553139570052, "Montana": 0.8912983724521528, "Nebraska": 0.9421640305425377, "Nevada": 0.6110828777210436, "New Hampshire": 0.946564557435756, "New Jersey": 0.8810506779309654, "New Mexico": 0.9192770879087241, "New York": 0.8392049924120252, "North Carolina": 0.8911028442925528, "North Dakota": 0.8650641560782019, "Ohio": 0.9210929164029159, "Oklahoma": 0.940829515280105, "Oregon": 0.9617018998540056, "Pennsylvania": 0.9145201114067188, "Rhode Island": 0.8562877085256755, "South Carolina": 0.8912739476059477, "South Dakota": 0.9165871964132651, "Tennessee": 0.9372755984205586, "Texas": 0.9690904620416196, "Vermont": 0.9207631690008098, "Virginia": 0.9424751747809037, "Washington": 0.9661105739804638, "West Virginia": 0.887120544451641, "Wisconsin": 0.8792164408569898, "Wyoming": 0.7868516320430342}