{"Alabama": 0.9201264539366707, "Alaska": 0.7420592833833349, "Arizona": 0.9618567352881678, "Arkansas": 0.859545905826162, "California": 0.948064171810263, "Colorado": 0.944087337610424, "Connecticut": 0.9134574379290485, "Delaware": 0.9209995680153046, "Florida": 0.901957060281257, "Georgia": 0.9381314315005933, "Hawaii": 0.7841401213771796, "Idaho": 0.9636298533293286, "Illinois": 0.9411129167796684, "Indiana": 0.857083650305307, "Iowa": 0.9226054728925321, "Kansas": 0.9477539259335852, "Kentucky": 0.9244339021275125, "Louisiana": 0.9208434665900376, "Maine": 0.8937026208481649, "Maryland": 0.905419239313316, "Massachusetts": 0.877888000995775, "Michigan": 0.888718521354765, "Minnesota": 0.9381959914110908, "Mississippi": 0.8863372604405251, "Missouri": 0.9615226081947063, "Montana": 0.8929041012793565, "Nebraska": 0.9430346965322044, "Nevada": 0.618995898950995, "New Hampshire": 0.9436553164765938, "New Jersey": 0.8906371468467389, "New Mexico": 0.917092511984319, "New York": 0.8492806548101586, "North Carolina": 0.8984501615432, "North Dakota": 0.8653268477692229, "Ohio": 0.9191345351052066, "Oklahoma": 0.9454394866507269, "Oregon": 0.958179177357854, "Pennsylvania": 0.9142610751829785, "Rhode Island": 0.8653922617160872, "South Carolina": 0.8946817294720028, "South Dakota": 0.9160207392175633, "Tennessee": 0.9358977348521811, "Texas": 0.9720673035465363, "Vermont": 0.9114336373527965, "Virginia": 0.9417180519482209, "Washington": 0.9680026157081096, "West Virginia": 0.886616518089462, "Wisconsin": 0.875420968321637, "Wyoming": 0.7790921452676782}