{"Alabama": 0.8293649342918937, "Alaska": 0.7754977094843046, "Arizona": 0.9624324330291989, "Arkansas": 0.8601461066052377, "California": 0.9529672508328051, "Colorado": 0.9439467050352964, "Connecticut": 0.9195285627405929, "Delaware": 0.9071446660696307, "Florida": 0.9199435570141294, "Georgia": 0.9404607250894219, "Hawaii": 0.7709574368757317, "Idaho": 0.9634841444660766, "Illinois": 0.9504971845459461, "Indiana": 0.869359652698191, "Iowa": 0.9228215287027178, "Kansas": 0.9444865369235379, "Kentucky": 0.9235551739517901, "Louisiana": 0.9200918449455056, "Maine": 0.9004027573893326, "Maryland": 0.9136000351044837, "Massachusetts": 0.8877417549357252, "Michigan": 0.8996662760268658, "Minnesota": 0.9450569781463966, "Mississippi": 0.8962749405192778, "Missouri": 0.9603590586378633, "Montana": 0.9002290961725, "Nebraska": 0.9378262346849382, "Nevada": 0.6438807591432122, "New Hampshire": 0.9478542671294791, "New Jersey": 0.9024771535893302, "New Mexico": 0.9193876355771458, "New York": 0.8583295360806271, "North Carolina": 0.9005387206812016, "North Dakota": 0.8767647227399742, "Ohio": 0.9235598959449559, "Oklahoma": 0.9413820671923049, "Oregon": 0.9536901438399563, "Pennsylvania": 0.9185147401153557, "Rhode Island": 0.8665331505293313, "South Carolina": 0.902247517390348, "South Dakota": 0.9227447019036898, "Tennessee": 0.9393456302036122, "Texas": 0.9720372424741447, "Vermont": 0.9092092123136302, "Virginia": 0.9423929919956346, "Washington": 0.9659759824746715, "West Virginia": 0.8762766657183538, "Wisconsin": 0.883485261554628, "Wyoming": 0.7156846293480968}