{"Alabama": 0.9315687577391896, "Alaska": 0.7500885705990032, "Arizona": 0.9621939578088543, "Arkansas": 0.8613958793397491, "California": 0.9572272167632431, "Colorado": 0.9500801131238502, "Connecticut": 0.9209297194278733, "Delaware": 0.9182227842934628, "Florida": 0.9284004028599847, "Georgia": 0.9446316033811367, "Hawaii": 0.7976175180012319, "Idaho": 0.9640978938269144, "Illinois": 0.9533412139231657, "Indiana": 0.8647758292026758, "Iowa": 0.9256184070000347, "Kansas": 0.9449497602307148, "Kentucky": 0.9230128163893903, "Louisiana": 0.928143799286537, "Maine": 0.9039630626460727, "Maryland": 0.9195126730985889, "Massachusetts": 0.8941389299799322, "Michigan": 0.9016974107709127, "Minnesota": 0.945334077106219, "Mississippi": 0.9008709708864915, "Missouri": 0.9634553797850092, "Montana": 0.9095605598832954, "Nebraska": 0.9379327371867767, "Nevada": 0.6706258387576605, "New Hampshire": 0.9564030101536432, "New Jersey": 0.9147978701545855, "New Mexico": 0.9242313830618946, "New York": 0.8651981113676918, "North Carolina": 0.9188407027112651, "North Dakota": 0.8890453483991215, "Ohio": 0.9249135636122503, "Oklahoma": 0.9448118750507467, "Oregon": 0.9521341837165506, "Pennsylvania": 0.9214969038783607, "Rhode Island": 0.7871403208261011, "South Carolina": 0.9144035304757487, "South Dakota": 0.9258044850410364, "Tennessee": 0.9357662327008294, "Texas": 0.9729081178656221, "Vermont": 0.8392689783740915, "Virginia": 0.9471496679951321, "Washington": 0.9655125197643173, "West Virginia": 0.8794207461314916, "Wisconsin": 0.8880434568172625, "Wyoming": 0.6205300012269012}