{"Alabama": 0.943166535538381, "Alaska": 0.8000371473986494, "Arizona": 0.9626256296022437, "Arkansas": 0.8690898750577768, "California": 0.9610932393363316, "Colorado": 0.9530845614102665, "Connecticut": 0.9285477075718827, "Delaware": 0.9245448401918716, "Florida": 0.9202205286639344, "Georgia": 0.9491017331240377, "Hawaii": 0.7989744865401932, "Idaho": 0.9663527260676272, "Illinois": 0.9592672325777466, "Indiana": 0.8716246753295885, "Iowa": 0.9310315718996288, "Kansas": 0.9501090797865072, "Kentucky": 0.9283076414655596, "Louisiana": 0.9266638108379117, "Maine": 0.9112331713852618, "Maryland": 0.921185242220985, "Massachusetts": 0.8991555434965329, "Michigan": 0.9131084738960701, "Minnesota": 0.9478961609946503, "Mississippi": 0.9060455784217073, "Missouri": 0.9658958189075271, "Montana": 0.9111465957781678, "Nebraska": 0.9354535555318237, "Nevada": 0.6790613613861692, "New Hampshire": 0.9625458658355863, "New Jersey": 0.9234847049573784, "New Mexico": 0.9201203130598709, "New York": 0.8681984581066894, "North Carolina": 0.9302521009017308, "North Dakota": 0.8903942154182864, "Ohio": 0.9303715738195161, "Oklahoma": 0.9391745190860639, "Oregon": 0.9478463738060795, "Pennsylvania": 0.9264002358644587, "Rhode Island": 0.8977060199980081, "South Carolina": 0.9231251043086954, "South Dakota": 0.9247770797569177, "Tennessee": 0.9432823838017466, "Texas": 0.9714176787574993, "Vermont": 0.9118071526466881, "Virginia": 0.9459485158589388, "Washington": 0.9711602329265421, "West Virginia": 0.8802753345864404, "Wisconsin": 0.898799264485633, "Wyoming": 0.7404779385367148}