{"Alabama": 0.9488876927208314, "Alaska": 0.805280588337922, "Arizona": 0.9557138548430953, "Arkansas": 0.8714491441673766, "California": 0.9687093852815946, "Colorado": 0.9445842473035274, "Connecticut": 0.9404946291849547, "Delaware": 0.9456901127869526, "Florida": 0.9049609740581218, "Georgia": 0.9759639869903857, "Hawaii": 0.7890600253093017, "Idaho": 0.9363025287505087, "Illinois": 0.962916893148763, "Indiana": 0.8843199770213686, "Iowa": 0.9022638363488062, "Kansas": 0.9316951878664107, "Kentucky": 0.9091639102486732, "Louisiana": 0.9378369648626552, "Maine": 0.917773572000878, "Maryland": 0.9101055492549729, "Massachusetts": 0.9052968412963707, "Michigan": 0.9370775365055857, "Minnesota": 0.9452806681308948, "Mississippi": 0.9011375662836444, "Missouri": 0.9603908213943859, "Montana": 0.8384299136344545, "Nebraska": 0.9252176954829647, "Nevada": 0.6640324778478942, "New Hampshire": 0.9699284298023989, "New Jersey": 0.9432882920096751, "New Mexico": 0.8893240530947557, "New York": 0.869618576127796, "North Carolina": 0.9531189160487864, "North Dakota": 0.7957281256394481, "Ohio": 0.9365896676824048, "Oklahoma": 0.9131943521532689, "Oregon": 0.9454642751363783, "Pennsylvania": 0.9367240885761192, "Rhode Island": 0.9094435473514723, "South Carolina": 0.9521057835314292, "South Dakota": 0.8573599142645724, "Tennessee": 0.9424755351681469, "Texas": 0.9728689901611822, "Vermont": 0.9185262968980942, "Virginia": 0.9486778278370074, "Washington": 0.971459918856223, "West Virginia": 0.8778757599773974, "Wisconsin": 0.8942697471714823, "Wyoming": 0.7233394366670587}