{"Alabama": 0.9473463585042785, "Alaska": 0.7942114966284014, "Arizona": 0.9651576097697345, "Arkansas": 0.8722695523517301, "California": 0.963530190272329, "Colorado": 0.9530721622734595, "Connecticut": 0.9297318031718476, "Delaware": 0.9259968546484182, "Florida": 0.9281633707729943, "Georgia": 0.9504492562634037, "Hawaii": 0.8212941534075568, "Idaho": 0.9676934735751509, "Illinois": 0.9559560684174739, "Indiana": 0.8686554010765548, "Iowa": 0.9259731415850504, "Kansas": 0.9463867918144581, "Kentucky": 0.9281173153128849, "Louisiana": 0.9259159081304914, "Maine": 0.9034359986968887, "Maryland": 0.9219316440028779, "Massachusetts": 0.8962533128418865, "Michigan": 0.9166425295278713, "Minnesota": 0.9437156342465173, "Mississippi": 0.9035711930879107, "Missouri": 0.9648325334489668, "Montana": 0.9081223452715248, "Nebraska": 0.9309739124692599, "Nevada": 0.6893990121527849, "New Hampshire": 0.9618226205859436, "New Jersey": 0.9226945013892305, "New Mexico": 0.9189015923791183, "New York": 0.8644809637109218, "North Carolina": 0.9418832435510087, "North Dakota": 0.8889637224113474, "Ohio": 0.9284950439743196, "Oklahoma": 0.9412663534124811, "Oregon": 0.9473042500235584, "Pennsylvania": 0.923512147435857, "Rhode Island": 0.8183403248972353, "South Carolina": 0.9347296419265211, "South Dakota": 0.9197626612828324, "Tennessee": 0.9443354163686454, "Texas": 0.9718201939580681, "Vermont": 0.911236160308239, "Virginia": 0.9421915111753091, "Washington": 0.9710459818382496, "West Virginia": 0.87596282557112, "Wisconsin": 0.8967065170110206, "Wyoming": 0.7264372113200206}