{"Alabama": 0.9424283828350265, "Alaska": 0.790975563935539, "Arizona": 0.9648721619444134, "Arkansas": 0.8706032441946226, "California": 0.9636143260557559, "Colorado": 0.955443607207588, "Connecticut": 0.9266722249919647, "Delaware": 0.7800461093124161, "Florida": 0.931880013859617, "Georgia": 0.9501742698898012, "Hawaii": 0.8214860484167078, "Idaho": 0.9682396583697543, "Illinois": 0.9482274957736314, "Indiana": 0.8602962927401651, "Iowa": 0.913153347115102, "Kansas": 0.9365392366223512, "Kentucky": 0.9206084378239977, "Louisiana": 0.9223175674637039, "Maine": 0.8966347599103494, "Maryland": 0.9221274015770587, "Massachusetts": 0.8892012107284136, "Michigan": 0.9122678773070508, "Minnesota": 0.9344706220775492, "Mississippi": 0.9011728777474665, "Missouri": 0.9596431669617228, "Montana": 0.9061315146185513, "Nebraska": 0.9191977325772269, "Nevada": 0.6922874150035665, "New Hampshire": 0.9598408226281006, "New Jersey": 0.9171341155446007, "New Mexico": 0.9169332268952671, "New York": 0.8568759611771035, "North Carolina": 0.9452682724586268, "North Dakota": 0.8850947068575966, "Ohio": 0.9160165451397543, "Oklahoma": 0.9329794083029044, "Oregon": 0.9444409478785389, "Pennsylvania": 0.91093094433867, "Rhode Island": 0.8837617617590252, "South Carolina": 0.9366973094010688, "South Dakota": 0.9124412585322826, "Tennessee": 0.939949929027658, "Texas": 0.9696318470022719, "Vermont": 0.9063454327256659, "Virginia": 0.9389080252494298, "Washington": 0.9701979596551294, "West Virginia": 0.8640786481108271, "Wisconsin": 0.8853464754555191, "Wyoming": 0.7478572740234609}