{"Alabama": 0.9431554171362897, "Alaska": 0.80501231959482, "Arizona": 0.9539184110988029, "Arkansas": 0.8707296606190785, "California": 0.9685332465091822, "Colorado": 0.9465773808697158, "Connecticut": 0.937267013603705, "Delaware": 0.813023090258708, "Florida": 0.9092015209308973, "Georgia": 0.9745156415490426, "Hawaii": 0.7905864640533281, "Idaho": 0.9397573416155051, "Illinois": 0.9563470365450449, "Indiana": 0.8750895642930008, "Iowa": 0.8880490384103875, "Kansas": 0.9212080610320448, "Kentucky": 0.9050954658463727, "Louisiana": 0.9352020223907616, "Maine": 0.9111371041919947, "Maryland": 0.9106521788013648, "Massachusetts": 0.8988099185963841, "Michigan": 0.9308505404146422, "Minnesota": 0.9363594634189177, "Mississippi": 0.8978980611867953, "Missouri": 0.955390760912021, "Montana": 0.8406540354899739, "Nebraska": 0.9145050024949155, "Nevada": 0.6684759688025742, "New Hampshire": 0.9680757410621684, "New Jersey": 0.9385305513071011, "New Mexico": 0.8882766630897999, "New York": 0.8621731139674372, "North Carolina": 0.9560430804126225, "North Dakota": 0.7931571474075705, "Ohio": 0.9252317039554517, "Oklahoma": 0.9059884978061271, "Oregon": 0.9424634445454013, "Pennsylvania": 0.9253096077608549, "Rhode Island": 0.8998631647600981, "South Carolina": 0.9524157970582137, "South Dakota": 0.8508556642658588, "Tennessee": 0.9393850149687472, "Texas": 0.9706073531351908, "Vermont": 0.9135295041546777, "Virginia": 0.9443425777188378, "Washington": 0.9705878846635257, "West Virginia": 0.8659115980078917, "Wisconsin": 0.8831033836981379, "Wyoming": 0.7099765140898346}