{"Alabama": 0.9378955400121692, "Alaska": 0.7976717259969455, "Arizona": 0.9556718251205444, "Arkansas": 0.866760138663796, "California": 0.9626031632728148, "Colorado": 0.9472442873992742, "Connecticut": 0.9286704100857001, "Delaware": 0.9411570728045108, "Florida": 0.9175744518507651, "Georgia": 0.9713221208955517, "Hawaii": 0.7892088347204153, "Idaho": 0.9462631393356427, "Illinois": 0.9464233704915656, "Indiana": 0.8654814440438736, "Iowa": 0.8780796901033144, "Kansas": 0.9100542427906195, "Kentucky": 0.8960799804815253, "Louisiana": 0.9404022857474854, "Maine": 0.9028027160312477, "Maryland": 0.9090035254601208, "Massachusetts": 0.8867347962076334, "Michigan": 0.916885664041836, "Minnesota": 0.9201344403787612, "Mississippi": 0.8983845609872836, "Missouri": 0.9481845458154524, "Montana": 0.8492659280363193, "Nebraska": 0.904669789580466, "Nevada": 0.6802125430315384, "New Hampshire": 0.9612027046259318, "New Jersey": 0.9287554661799459, "New Mexico": 0.8877883211273143, "New York": 0.8478507433589169, "North Carolina": 0.9569645955995632, "North Dakota": 0.7889961429451775, "Ohio": 0.9103286147157015, "Oklahoma": 0.895419294370635, "Oregon": 0.9381687706683548, "Pennsylvania": 0.9088981832220017, "Rhode Island": 0.88590581507216, "South Carolina": 0.9531987491609961, "South Dakota": 0.8472990108239208, "Tennessee": 0.9353335279490149, "Texas": 0.9666663326674696, "Vermont": 0.9065184048174867, "Virginia": 0.9411473876017772, "Washington": 0.9684174581967375, "West Virginia": 0.8544907238836243, "Wisconsin": 0.8687500519895769, "Wyoming": 0.6898862098951264}