{"Alabama": 0.9389222015878291, "Alaska": 0.7771707426143674, "Arizona": 0.9665610891103299, "Arkansas": 0.8680287961750575, "California": 0.9571146734366585, "Colorado": 0.9560715421175605, "Connecticut": 0.9171485461514487, "Delaware": 0.9232107210164534, "Florida": 0.9395586070862788, "Georgia": 0.9480077261721624, "Hawaii": 0.8190890409314681, "Idaho": 0.9717058040238726, "Illinois": 0.9374482614756438, "Indiana": 0.851203053196252, "Iowa": 0.900368375421319, "Kansas": 0.9240270530976739, "Kentucky": 0.9105706359224977, "Louisiana": 0.9306785967367823, "Maine": 0.8877121387179165, "Maryland": 0.920882522081313, "Massachusetts": 0.8761696274919426, "Michigan": 0.898193236298907, "Minnesota": 0.9159558280271733, "Mississippi": 0.9031610076495392, "Missouri": 0.9512640781711998, "Montana": 0.9094789508619171, "Nebraska": 0.9086095860466706, "Nevada": 0.702411710045659, "New Hampshire": 0.9526840200092019, "New Jersey": 0.908191533112961, "New Mexico": 0.9140152159037371, "New York": 0.8427613203341118, "North Carolina": 0.9467468128658038, "North Dakota": 0.8726080236458196, "Ohio": 0.8990838748940451, "Oklahoma": 0.9183785878447522, "Oregon": 0.9396418323540504, "Pennsylvania": 0.8931444757314755, "Rhode Island": 0.8686439246265203, "South Carolina": 0.9396211959389487, "South Dakota": 0.9012329487203288, "Tennessee": 0.9342448795069075, "Texas": 0.9651226996598858, "Vermont": 0.8990075788938993, "Virginia": 0.9377355911553514, "Washington": 0.9673300218291883, "West Virginia": 0.8527973796347741, "Wisconsin": 0.8690626790513125, "Wyoming": 0.7234683018439743}