{"Alabama": 0.9374528250016301, "Alaska": 0.7590378360673995, "Arizona": 0.965412066489709, "Arkansas": 0.8637239985639921, "California": 0.9430288378526492, "Colorado": 0.9499265358451311, "Connecticut": 0.9125857291314463, "Delaware": 0.9219983394674178, "Florida": 0.9316247318709897, "Georgia": 0.940398093956278, "Hawaii": 0.8145968837244354, "Idaho": 0.9692068482600883, "Illinois": 0.9275588936076845, "Indiana": 0.849192588341811, "Iowa": 0.8906930716757544, "Kansas": 0.9139084736095185, "Kentucky": 0.9034302855742856, "Louisiana": 0.9208481496569997, "Maine": 0.8796498796569185, "Maryland": 0.9139699933262669, "Massachusetts": 0.8603186296138613, "Michigan": 0.8867044086962438, "Minnesota": 0.8995839359813138, "Mississippi": 0.8990626769467382, "Missouri": 0.9418925881082711, "Montana": 0.90658020855068, "Nebraska": 0.8999418990360063, "Nevada": 0.7037921559117954, "New Hampshire": 0.9440079076981818, "New Jersey": 0.8978024317730793, "New Mexico": 0.9039045436439306, "New York": 0.8388540272013353, "North Carolina": 0.9430820041573456, "North Dakota": 0.8624160467773463, "Ohio": 0.8899964351346483, "Oklahoma": 0.9053592065617604, "Oregon": 0.9323980313536638, "Pennsylvania": 0.8818036837583654, "Rhode Island": 0.8536140771902884, "South Carolina": 0.937647998118774, "South Dakota": 0.8959816386774084, "Tennessee": 0.9304630550535374, "Texas": 0.9603126054087779, "Vermont": 0.8857660318897081, "Virginia": 0.924862668004493, "Washington": 0.9597487457658272, "West Virginia": 0.839258721005156, "Wisconsin": 0.8610586236854014, "Wyoming": 0.7239074269689533}