{"Alabama": 0.9365737464274612, "Alaska": 0.7810618692516862, "Arizona": 0.9541045269171285, "Arkansas": 0.8646610905193075, "California": 0.9500272768829928, "Colorado": 0.9410175958208715, "Connecticut": 0.9236549715698193, "Delaware": 0.9410127720784986, "Florida": 0.9107702214696518, "Georgia": 0.9643940762279413, "Hawaii": 0.7859760919283876, "Idaho": 0.9478935905980912, "Illinois": 0.9378126235455946, "Indiana": 0.8617743546393134, "Iowa": 0.8674567263639078, "Kansas": 0.9002926599933642, "Kentucky": 0.8901666476578239, "Louisiana": 0.9313348273586689, "Maine": 0.8952931671991926, "Maryland": 0.9019127605360724, "Massachusetts": 0.8715017695175424, "Michigan": 0.9045614323486736, "Minnesota": 0.9056691037186153, "Mississippi": 0.8961767677455958, "Missouri": 0.940433761192549, "Montana": 0.8493400809760024, "Nebraska": 0.8978113076354437, "Nevada": 0.6831901090575114, "New Hampshire": 0.9531031843862067, "New Jersey": 0.9169759753166891, "New Mexico": 0.8765936010149648, "New York": 0.842637687514404, "North Carolina": 0.9549910725287553, "North Dakota": 0.7736922486980299, "Ohio": 0.9019790929410247, "Oklahoma": 0.8807369065810414, "Oregon": 0.9308260077943328, "Pennsylvania": 0.898354585099806, "Rhode Island": 0.8714567838162173, "South Carolina": 0.9502765579365866, "South Dakota": 0.8445343625472801, "Tennessee": 0.9335622342120625, "Texas": 0.9617678228654957, "Vermont": 0.8936526678269512, "Virginia": 0.9282245021302898, "Washington": 0.9617557784819193, "West Virginia": 0.8389332735366076, "Wisconsin": 0.8605522349415377, "Wyoming": 0.6867758618287724}