{"Alabama": 0.9369071149380759, "Alaska": 0.7584464470589534, "Arizona": 0.9592915071893942, "Arkansas": 0.8620414560479874, "California": 0.9407047538607767, "Colorado": 0.9472200679476416, "Connecticut": 0.9221412614024799, "Delaware": 0.9261197737766913, "Florida": 0.9320184750847121, "Georgia": 0.9365939021619327, "Hawaii": 0.8264113680781028, "Idaho": 0.9615300739974986, "Illinois": 0.9358457978263801, "Indiana": 0.8547098429276511, "Iowa": 0.9001144208246302, "Kansas": 0.9186589306843188, "Kentucky": 0.9088883684663795, "Louisiana": 0.9099569675391095, "Maine": 0.900186957936915, "Maryland": 0.9123712043477776, "Massachusetts": 0.8734249101424035, "Michigan": 0.8953477269202929, "Minnesota": 0.9030612595571663, "Mississippi": 0.9005408668922934, "Missouri": 0.94531001648667, "Montana": 0.9017724438913571, "Nebraska": 0.9127321804081361, "Nevada": 0.6988205545736986, "New Hampshire": 0.9481195809506745, "New Jersey": 0.9137949570476174, "New Mexico": 0.8985787768071631, "New York": 0.8656557229807091, "North Carolina": 0.9411834795276927, "North Dakota": 0.8759259347578677, "Ohio": 0.8950970295082983, "Oklahoma": 0.8894218057743186, "Oregon": 0.9298304275517842, "Pennsylvania": 0.8923203450933974, "Rhode Island": 0.8605331033354093, "South Carolina": 0.9338787845335446, "South Dakota": 0.9079094795299243, "Tennessee": 0.93162033108027, "Texas": 0.9570416507677474, "Vermont": 0.8851627958293322, "Virginia": 0.9178740752910775, "Washington": 0.9547666189483285, "West Virginia": 0.8312974264111742, "Wisconsin": 0.8673813455214316, "Wyoming": 0.6849412854845667}