{"Alabama": 0.9342101781895814, "Alaska": 0.7674178091630459, "Arizona": 0.9556722140360498, "Arkansas": 0.8591631435243913, "California": 0.9418322598600145, "Colorado": 0.948120446854075, "Connecticut": 0.9311056784829624, "Delaware": 0.9341120819347137, "Florida": 0.9302542889816968, "Georgia": 0.9361533152602739, "Hawaii": 0.8376155189631002, "Idaho": 0.951789443898497, "Illinois": 0.9442850472825074, "Indiana": 0.8698037930376736, "Iowa": 0.9112588768281746, "Kansas": 0.926383902697849, "Kentucky": 0.9114205145591668, "Louisiana": 0.8979624473376573, "Maine": 0.9010997705196554, "Maryland": 0.9121789387358337, "Massachusetts": 0.8865125394180547, "Michigan": 0.909236136646866, "Minnesota": 0.9083299598151905, "Mississippi": 0.8945524211991214, "Missouri": 0.9455165639372769, "Montana": 0.8990582594022135, "Nebraska": 0.9216485153259981, "Nevada": 0.6992145219408965, "New Hampshire": 0.9478324584107589, "New Jersey": 0.9307527109169151, "New Mexico": 0.8925103555186464, "New York": 0.8892104332304597, "North Carolina": 0.9377253688001752, "North Dakota": 0.878823738312102, "Ohio": 0.9045573864230165, "Oklahoma": 0.8962842784383939, "Oregon": 0.9268091808161122, "Pennsylvania": 0.9010799472004847, "Rhode Island": 0.869823094392174, "South Carolina": 0.9294372900949549, "South Dakota": 0.91728492065188, "Tennessee": 0.9299759208638849, "Texas": 0.9543297481067904, "Vermont": 0.8808185853087532, "Virginia": 0.9087805718630186, "Washington": 0.9446399033615799, "West Virginia": 0.8251627465683604, "Wisconsin": 0.881078940117637, "Wyoming": 0.7069381375844656}