{"Alabama": 0.9342551074433946, "Alaska": 0.7833825554497144, "Arizona": 0.9461333951980581, "Arkansas": 0.8604273453594287, "California": 0.9472284479858802, "Colorado": 0.93911192148474, "Connecticut": 0.9403903500043065, "Delaware": 0.9454614567968633, "Florida": 0.908636392182068, "Georgia": 0.9549440103107915, "Hawaii": 0.8083859050255613, "Idaho": 0.9272354390604749, "Illinois": 0.9516989968222802, "Indiana": 0.8783641151167957, "Iowa": 0.8846249763985884, "Kansas": 0.9119608988730417, "Kentucky": 0.8984162283161506, "Louisiana": 0.9065188538964107, "Maine": 0.9093511321372628, "Maryland": 0.8983986037636023, "Massachusetts": 0.8913655615509721, "Michigan": 0.9216254728145384, "Minnesota": 0.911162908918362, "Mississippi": 0.8912004301535188, "Missouri": 0.9423982164610564, "Montana": 0.8389046322749812, "Nebraska": 0.9118790014755385, "Nevada": 0.6781719306575369, "New Hampshire": 0.9568710809200348, "New Jersey": 0.9390496211921832, "New Mexico": 0.8632001624678146, "New York": 0.8832212413270005, "North Carolina": 0.9492169385110685, "North Dakota": 0.7925336688256649, "Ohio": 0.9149264426590696, "Oklahoma": 0.8719480336323521, "Oregon": 0.9221889625805472, "Pennsylvania": 0.9127980057942071, "Rhode Island": 0.8810472904909933, "South Carolina": 0.9395395392256431, "South Dakota": 0.863039955438165, "Tennessee": 0.9341293542413635, "Texas": 0.954594994958895, "Vermont": 0.8864009793258232, "Virginia": 0.9089506629097909, "Washington": 0.9465609180134957, "West Virginia": 0.8208485664847486, "Wisconsin": 0.8770696577704895, "Wyoming": 0.6672938987721897}