{"Alabama": 0.9395603988957497, "Alaska": 0.7786691096632234, "Arizona": 0.9486035732182216, "Arkansas": 0.8660736204226916, "California": 0.9504243208000963, "Colorado": 0.9397448427772525, "Connecticut": 0.9414963094795737, "Delaware": 0.9406857220901585, "Florida": 0.9114763557062214, "Georgia": 0.9576367624230965, "Hawaii": 0.8120270373161588, "Idaho": 0.9284354806097305, "Illinois": 0.9542143813616026, "Indiana": 0.8787694853683476, "Iowa": 0.8820798624109378, "Kansas": 0.9162380239538188, "Kentucky": 0.9030100238061114, "Louisiana": 0.9089593516084485, "Maine": 0.9004484182071775, "Maryland": 0.9041417879034755, "Massachusetts": 0.9015197076680369, "Michigan": 0.9297390088928111, "Minnesota": 0.9175214063208209, "Mississippi": 0.8967814076986725, "Missouri": 0.9444673897790249, "Montana": 0.8363391838993408, "Nebraska": 0.9065712272130115, "Nevada": 0.6677238399454734, "New Hampshire": 0.9618752625507972, "New Jersey": 0.9435730323780087, "New Mexico": 0.8635727686663343, "New York": 0.887987657289151, "North Carolina": 0.9574582790393558, "North Dakota": 0.7742398166571877, "Ohio": 0.9204150953237297, "Oklahoma": 0.85931621165235, "Oregon": 0.9274037229210854, "Pennsylvania": 0.9190768379379061, "Rhode Island": 0.8892433566175779, "South Carolina": 0.9423574707820933, "South Dakota": 0.8548820449599358, "Tennessee": 0.9398616389793811, "Texas": 0.9528814110273618, "Vermont": 0.8949340802935691, "Virginia": 0.9118074793354358, "Washington": 0.9493511281015288, "West Virginia": 0.819533624713384, "Wisconsin": 0.8798684108582138, "Wyoming": 0.6479260257062448}