{"Alabama": 0.9382157593079752, "Alaska": 0.7646563732957027, "Arizona": 0.9598323889371674, "Arkansas": 0.8646591777525519, "California": 0.9461519323673927, "Colorado": 0.9504982228851306, "Connecticut": 0.9330242835291602, "Delaware": 0.9339246818863907, "Florida": 0.9362172422617899, "Georgia": 0.9407138953895879, "Hawaii": 0.8444441659321742, "Idaho": 0.9546738070106453, "Illinois": 0.9472607444051475, "Indiana": 0.8701029146196579, "Iowa": 0.9107875211778627, "Kansas": 0.9314999601462529, "Kentucky": 0.915593971181912, "Louisiana": 0.9011283671250615, "Maine": 0.8925924135134327, "Maryland": 0.920310204921173, "Massachusetts": 0.8987702653349087, "Michigan": 0.9170820680663662, "Minnesota": 0.9150522122193974, "Mississippi": 0.8995035967968036, "Missouri": 0.9488317893967516, "Montana": 0.8997869673779395, "Nebraska": 0.9205563887379355, "Nevada": 0.6903115314216332, "New Hampshire": 0.9536029276025907, "New Jersey": 0.9380846309679971, "New Mexico": 0.8956231777711073, "New York": 0.8972043896127656, "North Carolina": 0.9464329614409128, "North Dakota": 0.8619298490030729, "Ohio": 0.9102148343145738, "Oklahoma": 0.8823673152436957, "Oregon": 0.9325769426499423, "Pennsylvania": 0.908485081085923, "Rhode Island": 0.8801080436651543, "South Carolina": 0.9316000114357488, "South Dakota": 0.9125326835569613, "Tennessee": 0.9357559846808154, "Texas": 0.9533466794317903, "Vermont": 0.8902747119091655, "Virginia": 0.9143156112874258, "Washington": 0.9481745866438689, "West Virginia": 0.8247663220294212, "Wisconsin": 0.8834406448397711, "Wyoming": 0.6904636022567565}