{"Alabama": 0.9352596061286201, "Alaska": 0.7571849399962421, "Arizona": 0.959745268404611, "Arkansas": 0.8658626421607126, "California": 0.9466338736001106, "Colorado": 0.9529935211598224, "Connecticut": 0.9359715261176179, "Delaware": 0.9367220100977299, "Florida": 0.9375971532205233, "Georgia": 0.9400265012123192, "Hawaii": 0.8381648603120752, "Idaho": 0.9534141553465068, "Illinois": 0.9488032475200608, "Indiana": 0.8640420858758242, "Iowa": 0.9097720713296424, "Kansas": 0.9365659600397187, "Kentucky": 0.9134392619274911, "Louisiana": 0.8983847171961866, "Maine": 0.8903668095949213, "Maryland": 0.9189088629782184, "Massachusetts": 0.9023554421087548, "Michigan": 0.9140627300305598, "Minnesota": 0.9187430137452866, "Mississippi": 0.8949261708111136, "Missouri": 0.9485221268102662, "Montana": 0.8970276099138916, "Nebraska": 0.9210141481183866, "Nevada": 0.6904139567799219, "New Hampshire": 0.9515199625877792, "New Jersey": 0.9414734373744842, "New Mexico": 0.8891538476460085, "New York": 0.9035921807838718, "North Carolina": 0.9452352847261396, "North Dakota": 0.8400495744377967, "Ohio": 0.9108359212925199, "Oklahoma": 0.8893527949421011, "Oregon": 0.9312774141063467, "Pennsylvania": 0.9091565357144311, "Rhode Island": 0.8826922146810299, "South Carolina": 0.9296974461836846, "South Dakota": 0.9121692946336044, "Tennessee": 0.930940761182523, "Texas": 0.9544530413171055, "Vermont": 0.8869855783740981, "Virginia": 0.9157563812688856, "Washington": 0.945488759449239, "West Virginia": 0.8185442262721315, "Wisconsin": 0.8796305637830548, "Wyoming": 0.6763012477087311}