{"Alabama": 0.9375279815096785, "Alaska": 0.7774271331508424, "Arizona": 0.9479844402158909, "Arkansas": 0.8692006705155491, "California": 0.9506116774392, "Colorado": 0.9426334742215238, "Connecticut": 0.9435877614729427, "Delaware": 0.941346074076647, "Florida": 0.9126793230203428, "Georgia": 0.9563342623868294, "Hawaii": 0.8054979896596007, "Idaho": 0.9233681471851365, "Illinois": 0.9554533657297642, "Indiana": 0.8748910506241078, "Iowa": 0.8814069330845377, "Kansas": 0.9200873616162268, "Kentucky": 0.9014317599156163, "Louisiana": 0.9066453324386351, "Maine": 0.8984696358808348, "Maryland": 0.9020631735688204, "Massachusetts": 0.9042542719639155, "Michigan": 0.927223327635142, "Minnesota": 0.9217580326731961, "Mississippi": 0.8942825201941225, "Missouri": 0.9446292453557527, "Montana": 0.8338425056495379, "Nebraska": 0.9059739550059767, "Nevada": 0.668100243912465, "New Hampshire": 0.9600621961988967, "New Jersey": 0.9452811867221883, "New Mexico": 0.8565044321891271, "New York": 0.8931977375585703, "North Carolina": 0.9563866397111176, "North Dakota": 0.7570862297182621, "Ohio": 0.9209840911268304, "Oklahoma": 0.8697011833091536, "Oregon": 0.9264236480729248, "Pennsylvania": 0.9195162589693425, "Rhode Island": 0.8915772462607624, "South Carolina": 0.9402699891065109, "South Dakota": 0.8537519239047433, "Tennessee": 0.935687165942692, "Texas": 0.9539219122865586, "Vermont": 0.8913498358676055, "Virginia": 0.9127279608432091, "Washington": 0.9475216842845787, "West Virginia": 0.8138440049696642, "Wisconsin": 0.8757756127221024, "Wyoming": 0.6337443980138375}