{"Alabama": 0.9345548298739778, "Alaska": 0.7448063543658061, "Arizona": 0.9577824189908978, "Arkansas": 0.8631912641825895, "California": 0.9385178316343373, "Colorado": 0.9524801021647629, "Connecticut": 0.9320187504669908, "Delaware": 0.9291553893342687, "Florida": 0.9357956441877228, "Georgia": 0.939185886820485, "Hawaii": 0.8341876016788974, "Idaho": 0.9521213009425793, "Illinois": 0.943670494954206, "Indiana": 0.8586152673612825, "Iowa": 0.9079691148341141, "Kansas": 0.9327724856877541, "Kentucky": 0.9100925859594852, "Louisiana": 0.9007240492161857, "Maine": 0.9057174765781804, "Maryland": 0.9185158314103459, "Massachusetts": 0.8889398547280714, "Michigan": 0.9115278391933044, "Minnesota": 0.9148423169180783, "Mississippi": 0.896036885002739, "Missouri": 0.943397306078816, "Montana": 0.8921487019644156, "Nebraska": 0.9167919613141492, "Nevada": 0.6928775756360663, "New Hampshire": 0.9555705112477013, "New Jersey": 0.9380461168206653, "New Mexico": 0.8862348070363044, "New York": 0.9026058947670009, "North Carolina": 0.9468174022994996, "North Dakota": 0.8032817468600412, "Ohio": 0.906405064205496, "Oklahoma": 0.858215802995879, "Oregon": 0.9312327963165452, "Pennsylvania": 0.9082965866407462, "Rhode Island": 0.8812886715714212, "South Carolina": 0.9257523400005201, "South Dakota": 0.9086909131197011, "Tennessee": 0.92831104523998, "Texas": 0.9481980448221226, "Vermont": 0.8851657659204413, "Virginia": 0.9211911101619102, "Washington": 0.9364492772749456, "West Virginia": 0.8141531404049431, "Wisconsin": 0.8735752820845076, "Wyoming": 0.6590917915934562}