{"Alabama": 0.9327395175985738, "Alaska": 0.7502392778175772, "Arizona": 0.9570235126742418, "Arkansas": 0.8653327295130668, "California": 0.9380453957162953, "Colorado": 0.9537885807092137, "Connecticut": 0.9324845948909388, "Delaware": 0.9290482802545201, "Florida": 0.9376978923976188, "Georgia": 0.9395402461828964, "Hawaii": 0.8330071072389986, "Idaho": 0.9501357857018925, "Illinois": 0.9422004537869757, "Indiana": 0.8524818850838779, "Iowa": 0.9037945690226226, "Kansas": 0.9335690638043473, "Kentucky": 0.908996887313322, "Louisiana": 0.9004959741005051, "Maine": 0.8920597682037298, "Maryland": 0.922223168643593, "Massachusetts": 0.8920844951365392, "Michigan": 0.9116406243514568, "Minnesota": 0.9129122211341156, "Mississippi": 0.8918172457625954, "Missouri": 0.9405343117480695, "Montana": 0.8895477338340558, "Nebraska": 0.914535722069475, "Nevada": 0.7012676002709325, "New Hampshire": 0.9578966130285815, "New Jersey": 0.9406330310384895, "New Mexico": 0.8837993146559748, "New York": 0.9059602228130011, "North Carolina": 0.9473288647299972, "North Dakota": 0.7932568492671044, "Ohio": 0.9040745597532638, "Oklahoma": 0.8469966037186767, "Oregon": 0.9316047652322689, "Pennsylvania": 0.9098425242525223, "Rhode Island": 0.8822131435355112, "South Carolina": 0.9263147039429118, "South Dakota": 0.9060824749771462, "Tennessee": 0.925080537759266, "Texas": 0.9459870400225899, "Vermont": 0.8858312989979867, "Virginia": 0.9305909979025776, "Washington": 0.9385119139461504, "West Virginia": 0.8150390925826491, "Wisconsin": 0.8705864847338727, "Wyoming": 0.6731811055734706}