{"Alabama": 0.9344308694388259, "Alaska": 0.772552137284162, "Arizona": 0.9460729615833129, "Arkansas": 0.8702211500158703, "California": 0.9411381744077587, "Colorado": 0.9441817140423044, "Connecticut": 0.9397003034900283, "Delaware": 0.9326855866596765, "Florida": 0.9133284168059885, "Georgia": 0.9539154191992105, "Hawaii": 0.8036939755356611, "Idaho": 0.9248662632761884, "Illinois": 0.9493266267516521, "Indiana": 0.8641850682013527, "Iowa": 0.8751579896790546, "Kansas": 0.92030776929585, "Kentucky": 0.8979268213944003, "Louisiana": 0.9090710565043668, "Maine": 0.8993811331555254, "Maryland": 0.9032925863496135, "Massachusetts": 0.8931044842530789, "Michigan": 0.9258989402710299, "Minnesota": 0.9169016917331504, "Mississippi": 0.8938364106922189, "Missouri": 0.9378835437079975, "Montana": 0.8288910940549373, "Nebraska": 0.9028138512143181, "Nevada": 0.6805592416422234, "New Hampshire": 0.9646423210524436, "New Jersey": 0.9424260879180306, "New Mexico": 0.8501722358015981, "New York": 0.8953993682653706, "North Carolina": 0.9573758454447828, "North Dakota": 0.7203423573615848, "Ohio": 0.9144580635857554, "Oklahoma": 0.8314799075335619, "Oregon": 0.9296514106074104, "Pennsylvania": 0.9195296221469018, "Rhode Island": 0.8905692924463897, "South Carolina": 0.936198718904361, "South Dakota": 0.8484012745937302, "Tennessee": 0.9303488648023626, "Texas": 0.9463224365674234, "Vermont": 0.8902911424072039, "Virginia": 0.9262649792017924, "Washington": 0.9406173844532221, "West Virginia": 0.8099684508434106, "Wisconsin": 0.8669400012450937, "Wyoming": 0.6326168707637512}