{"Alabama": 0.9327509844459089, "Alaska": 0.7684521629351065, "Arizona": 0.9450705986406305, "Arkansas": 0.8699611644550708, "California": 0.9385253956546026, "Colorado": 0.9444027988837119, "Connecticut": 0.9381912361190539, "Delaware": 0.9268262359549271, "Florida": 0.9130915611137549, "Georgia": 0.9527723056997558, "Hawaii": 0.8023568780027098, "Idaho": 0.9220721875593169, "Illinois": 0.9474215671850218, "Indiana": 0.8583251869733584, "Iowa": 0.8779257772568752, "Kansas": 0.9181318961636221, "Kentucky": 0.8955815919753616, "Louisiana": 0.9063805333747043, "Maine": 0.896779160793822, "Maryland": 0.9026568318474704, "Massachusetts": 0.8893576863714259, "Michigan": 0.9226909323849025, "Minnesota": 0.9131877218542891, "Mississippi": 0.887654049440378, "Missouri": 0.9379267863664718, "Montana": 0.8326103158178121, "Nebraska": 0.9025087735293758, "Nevada": 0.6814435100182864, "New Hampshire": 0.9657796352079304, "New Jersey": 0.9400253843002166, "New Mexico": 0.8467783295489315, "New York": 0.8921608212021545, "North Carolina": 0.9571579926700454, "North Dakota": 0.7091645576016508, "Ohio": 0.9114893144942483, "Oklahoma": 0.8252268048648254, "Oregon": 0.928257331590266, "Pennsylvania": 0.9162625711883621, "Rhode Island": 0.8917784851852397, "South Carolina": 0.9339183407930632, "South Dakota": 0.8467919698875314, "Tennessee": 0.928788075669999, "Texas": 0.9438941592911883, "Vermont": 0.8894996787442778, "Virginia": 0.9319230241834561, "Washington": 0.9410835038409873, "West Virginia": 0.8104931361785449, "Wisconsin": 0.8621885816111936, "Wyoming": 0.6241884657143788}