{"Alabama": 0.8189315807323156, "Alaska": 0.8572295490398769, "Arizona": 0.9344986382111744, "Arkansas": 0.7591481793792696, "California": 0.9006347177209961, "Colorado": 0.945768665302402, "Connecticut": 0.8230076638997957, "Delaware": 0.8709880696955612, "Florida": 0.9403725416931512, "Georgia": 0.8618140782878425, "Hawaii": 0.8883006111051159, "Idaho": 0.9428622574591604, "Illinois": 0.8520974446441388, "Indiana": 0.7362448504523428, "Iowa": 0.8520715515042286, "Kansas": 0.8980835469948024, "Kentucky": 0.8622624738712, "Louisiana": 0.9650861877017703, "Maine": 0.900930999471098, "Maryland": 0.9490712247223901, "Massachusetts": 0.8495034439427841, "Michigan": 0.7909904578155336, "Minnesota": 0.8747063524200259, "Mississippi": 0.7805013164969211, "Missouri": 0.9076133982502214, "Montana": 0.9781311701092441, "Nebraska": 0.8996041306101253, "Nevada": 0.7174040533350977, "New Hampshire": 0.8702942755951105, "New Jersey": 0.8686438212278735, "New York": 0.8423429057334747, "North Carolina": 0.7546987693067666, "North Dakota": 0.933190072154579, "Ohio": 0.8242401087265964, "Oklahoma": 0.9467782331663017, "Oregon": 0.9113440373414292, "Pennsylvania": 0.8679721110779066, "Rhode Island": 0.8232764321250867, "South Carolina": 0.7889222979346632, "South Dakota": 0.9165993611199579, "Tennessee": 0.8300213482680935, "Texas": 0.9491335183300443, "Utah": 0.9202691439559765, "Vermont": 0.9028824208603151, "Virginia": 0.9350936504712968, "Washington": 0.9190055326215993, "West Virginia": 0.9371938566544269, "Wisconsin": 0.7586490256597591, "Wyoming": 0.9075351879330615}