{"Alabama": 0.8270702150558474, "Alaska": 0.8780518319387385, "Arizona": 0.9338887221226339, "Arkansas": 0.7615322597774042, "California": 0.9081249417101835, "Colorado": 0.9419641185221128, "Connecticut": 0.8351078087320628, "Delaware": 0.871412923339129, "Florida": 0.9311984100443816, "Georgia": 0.8730455890973912, "Hawaii": 0.8953945612711545, "Idaho": 0.9389710701033972, "Illinois": 0.8629040221328634, "Indiana": 0.7269942322958469, "Iowa": 0.8468992212099784, "Kansas": 0.8983473298266644, "Kentucky": 0.8583357274916562, "Louisiana": 0.9680373906144399, "Maine": 0.9060983922156836, "Maryland": 0.9507904400346505, "Massachusetts": 0.8621893053366667, "Michigan": 0.7856612739388747, "Minnesota": 0.879070596441804, "Mississippi": 0.7811596512193152, "Missouri": 0.9119771578873348, "Montana": 0.9804832128551275, "Nebraska": 0.9018963750326856, "Nevada": 0.7090216914369679, "New Hampshire": 0.8763379658094195, "New Jersey": 0.8762720660795787, "New York": 0.8561673094662059, "North Carolina": 0.7771227737951097, "North Dakota": 0.9330174648965393, "Ohio": 0.8261846516482002, "Oklahoma": 0.94779558721556, "Oregon": 0.9147120517318629, "Pennsylvania": 0.8762445656358915, "Rhode Island": 0.8416523453517978, "South Carolina": 0.8031506688704088, "South Dakota": 0.9115474551908831, "Tennessee": 0.8289891704389216, "Texas": 0.949871781077718, "Utah": 0.9192770879087241, "Vermont": 0.9005131773132671, "Virginia": 0.9349821387401082, "Washington": 0.9291666754851262, "West Virginia": 0.9363855312838338, "Wisconsin": 0.7612931800410516, "Wyoming": 0.9058185921765648}