{"Alabama": 0.829632501532468, "Alaska": 0.8825641049308685, "Arizona": 0.9304176072154159, "Arkansas": 0.764338569313644, "California": 0.9068034328998319, "Colorado": 0.9340408979171639, "Connecticut": 0.8399042378048661, "Delaware": 0.8697748942034778, "Florida": 0.9261973244039925, "Georgia": 0.8795952196689184, "Hawaii": 0.8952917040357312, "Idaho": 0.9390775882496916, "Illinois": 0.868261361920585, "Indiana": 0.7256582347073223, "Iowa": 0.8418095596258581, "Kansas": 0.8963190012245829, "Kentucky": 0.8507901948698466, "Louisiana": 0.9699145791418886, "Maine": 0.9138004264692327, "Maryland": 0.950170913491284, "Massachusetts": 0.8634165392619398, "Michigan": 0.7928341238895824, "Minnesota": 0.8793894053533422, "Mississippi": 0.7943959521316116, "Missouri": 0.9139202645938632, "Montana": 0.9790447230660394, "Nebraska": 0.899498709906134, "Nevada": 0.7143977619472437, "New Hampshire": 0.8713726097841161, "New Jersey": 0.8794876391020111, "New York": 0.8614194155913744, "North Carolina": 0.7925326727606491, "North Dakota": 0.9293063242448412, "Ohio": 0.8276325957045907, "Oklahoma": 0.9487941990445058, "Oregon": 0.9120653587033754, "Pennsylvania": 0.8761783062503272, "Rhode Island": 0.8550509363119649, "South Carolina": 0.8092761315697373, "South Dakota": 0.906046455647041, "Tennessee": 0.8339392917007091, "Texas": 0.9484991700873572, "Utah": 0.917092511984319, "Vermont": 0.8955343114506523, "Virginia": 0.9304332957973153, "Washington": 0.9338164219571662, "West Virginia": 0.9377462600972007, "Wisconsin": 0.7630199200701376, "Wyoming": 0.8985274863421657}