{"Alabama": 0.69040065970394, "Alaska": 0.8672957751534283, "Arizona": 0.9350058091680088, "Arkansas": 0.7690121978625261, "California": 0.9121167071341613, "Colorado": 0.9393028571483926, "Connecticut": 0.8358970174275222, "Delaware": 0.8439161957758354, "Florida": 0.9459570045075536, "Georgia": 0.8867885875725685, "Hawaii": 0.8923629667132433, "Idaho": 0.9437065137815913, "Illinois": 0.8748444231936305, "Indiana": 0.7457476635771305, "Iowa": 0.8378773631600758, "Kansas": 0.892777362796894, "Kentucky": 0.857606263661877, "Louisiana": 0.9663941979453882, "Maine": 0.9151364879910431, "Maryland": 0.9483529334077552, "Massachusetts": 0.8614818448441052, "Michigan": 0.8107316658799821, "Minnesota": 0.8810895565040664, "Mississippi": 0.8203045279008137, "Missouri": 0.9171513276026159, "Montana": 0.9787744172530634, "Nebraska": 0.8906928571275892, "Nevada": 0.7394301885418066, "New Hampshire": 0.8783013203944277, "New Jersey": 0.8810170585318513, "New York": 0.856369915742779, "North Carolina": 0.8148211470574434, "North Dakota": 0.9205930956385776, "Ohio": 0.8403940664007704, "Oklahoma": 0.9455440646470766, "Oregon": 0.9065688137282466, "Pennsylvania": 0.8765447433918422, "Rhode Island": 0.8430326683221315, "South Carolina": 0.8312974675417966, "South Dakota": 0.8986808709889612, "Tennessee": 0.8487860916292387, "Texas": 0.954593826513836, "Utah": 0.9193876355771458, "Vermont": 0.8880202434700102, "Virginia": 0.931636538085751, "Washington": 0.9329602811752999, "West Virginia": 0.9331192504579412, "Wisconsin": 0.7760667885339628, "Wyoming": 0.8357991201365456}