{"Alabama": 0.8599033690241379, "Alaska": 0.8959042208774655, "Arizona": 0.9385139252844841, "Arkansas": 0.7895133084062891, "California": 0.9249802527298411, "Colorado": 0.9434823858437335, "Connecticut": 0.8504939228951162, "Delaware": 0.8503502428166166, "Florida": 0.9486107321681605, "Georgia": 0.8978480028238471, "Hawaii": 0.9019286418135632, "Idaho": 0.947924986633167, "Illinois": 0.8908471014893519, "Indiana": 0.7600952073047341, "Iowa": 0.8493291175352596, "Kansas": 0.9043737542225408, "Kentucky": 0.8724770517520084, "Louisiana": 0.9701467007633565, "Maine": 0.9272750670056565, "Maryland": 0.9515899853130988, "Massachusetts": 0.8822043899238855, "Michigan": 0.8341239219803623, "Minnesota": 0.8959080381667752, "Mississippi": 0.842480393420266, "Missouri": 0.927766482020497, "Montana": 0.9801406591537415, "Nebraska": 0.8923025855919606, "Nevada": 0.7494229709162163, "New Hampshire": 0.9042979247069435, "New Jersey": 0.8971010891961324, "New York": 0.8723829966088947, "North Carolina": 0.8482154521821101, "North Dakota": 0.9272751578398027, "Ohio": 0.8619867846320033, "Oklahoma": 0.9553531465213795, "Oregon": 0.9198728626848132, "Pennsylvania": 0.8941455907713883, "Rhode Island": 0.7825970491670619, "South Carolina": 0.8511326573492394, "South Dakota": 0.905283889187145, "Tennessee": 0.862226662889237, "Texas": 0.9584716554861998, "Utah": 0.9242313830618946, "Vermont": 0.8387504452765379, "Virginia": 0.9355079193614796, "Washington": 0.9455167429892897, "West Virginia": 0.9383887827382632, "Wisconsin": 0.7993995503137589, "Wyoming": 0.7584167048805013}