{"Alabama": 0.8693833581561164, "Alaska": 0.9253130511708488, "Arizona": 0.9352918439306968, "Arkansas": 0.7991697650568821, "California": 0.9274545371811338, "Colorado": 0.9455416243262976, "Connecticut": 0.8571662375191141, "Delaware": 0.8662179057917317, "Florida": 0.9370063854693548, "Georgia": 0.9049930454139177, "Hawaii": 0.9020383873303063, "Idaho": 0.949947634771774, "Illinois": 0.8965128444450605, "Indiana": 0.7619155496387939, "Iowa": 0.8506898800962166, "Kansas": 0.9095626228581959, "Kentucky": 0.877962016786176, "Louisiana": 0.9723658659417546, "Maine": 0.9360190784796145, "Maryland": 0.9533699966771452, "Massachusetts": 0.8932214970729562, "Michigan": 0.8431939453466264, "Minnesota": 0.8990342941586521, "Mississippi": 0.8503560887065734, "Missouri": 0.9305074950456863, "Montana": 0.9816197474953368, "Nebraska": 0.8912007737271046, "Nevada": 0.7539192156550691, "New Hampshire": 0.9111026221613299, "New Jersey": 0.9055428900586379, "New York": 0.8815978407048634, "North Carolina": 0.8631540601287755, "North Dakota": 0.9284869672186319, "Ohio": 0.867786812986523, "Oklahoma": 0.9539581389489344, "Oregon": 0.9213644451901759, "Pennsylvania": 0.9031058964145786, "Rhode Island": 0.8934483683248261, "South Carolina": 0.8554089000714511, "South Dakota": 0.9064739232744415, "Tennessee": 0.869361185430988, "Texas": 0.9587827635347741, "Utah": 0.9201203130598709, "Vermont": 0.919836273020555, "Virginia": 0.9346906189377409, "Washington": 0.9503818964710176, "West Virginia": 0.9436898556699914, "Wisconsin": 0.8088891184975899, "Wyoming": 0.8737143848214058}