{"Alabama": 0.872469777795721, "Alaska": 0.924675730424023, "Arizona": 0.9330065747864605, "Arkansas": 0.8062790255482502, "California": 0.9274238747090164, "Colorado": 0.9456376440472593, "Connecticut": 0.8636898064227027, "Delaware": 0.8784004808878815, "Florida": 0.9389035397602354, "Georgia": 0.9053758390199247, "Hawaii": 0.9046664483135619, "Idaho": 0.9493393522930844, "Illinois": 0.8977721460096706, "Indiana": 0.7583361954117842, "Iowa": 0.8442997185597725, "Kansas": 0.9066968432227789, "Kentucky": 0.8777094641841997, "Louisiana": 0.9753131595246469, "Maine": 0.9354436716664375, "Maryland": 0.9537795680981576, "Massachusetts": 0.8984512982408561, "Michigan": 0.8492888101676959, "Minnesota": 0.8996269124826752, "Mississippi": 0.8471199084975085, "Missouri": 0.9310949682035157, "Montana": 0.9814503539063585, "Nebraska": 0.8923439036976885, "Nevada": 0.7564288295506103, "New Hampshire": 0.911490979900153, "New Jersey": 0.9093350185165249, "New York": 0.8844307149491002, "North Carolina": 0.8796359271483607, "North Dakota": 0.9289006338420033, "Ohio": 0.8696487692640884, "Oklahoma": 0.9515048512602274, "Oregon": 0.918843081241131, "Pennsylvania": 0.9071617554675523, "Rhode Island": 0.9176209108149174, "South Carolina": 0.867261184041956, "South Dakota": 0.9041769186602502, "Tennessee": 0.8690960033217517, "Texas": 0.9586646005848162, "Utah": 0.9189015923791183, "Vermont": 0.9238074104459842, "Virginia": 0.9339588865485716, "Washington": 0.9517414899322721, "West Virginia": 0.9443783041203261, "Wisconsin": 0.8084131803637218, "Wyoming": 0.8660007034161792}