{"Alabama": 0.8717092577150054, "Alaska": 0.9243043874187776, "Arizona": 0.9286733520285819, "Arkansas": 0.8174405073465654, "California": 0.9253962435070542, "Colorado": 0.9461227195406391, "Connecticut": 0.8629964279156969, "Delaware": 0.7459879630899247, "Florida": 0.9353507062713078, "Georgia": 0.9066669363700395, "Hawaii": 0.9052205071544316, "Idaho": 0.9462251865700866, "Illinois": 0.8956571796304394, "Indiana": 0.7593043741305597, "Iowa": 0.8365560974109585, "Kansas": 0.9008577572608331, "Kentucky": 0.8798213063548963, "Louisiana": 0.9753287460228324, "Maine": 0.937028368045048, "Maryland": 0.9526003084558538, "Massachusetts": 0.8942342563268648, "Michigan": 0.8567494907276089, "Minnesota": 0.8962578642574479, "Mississippi": 0.8521759524885967, "Missouri": 0.9325103808492293, "Montana": 0.9820208405863536, "Nebraska": 0.8858376202086258, "Nevada": 0.756378416712756, "New Hampshire": 0.913023670936928, "New Jersey": 0.907228708653934, "New York": 0.8779246116805601, "North Carolina": 0.8915609939552424, "North Dakota": 0.9283653518739052, "Ohio": 0.8676325231493693, "Oklahoma": 0.9525813111267067, "Oregon": 0.917042036774011, "Pennsylvania": 0.9041152555274172, "Rhode Island": 0.8949111259801042, "South Carolina": 0.8759105228863381, "South Dakota": 0.9011203137960196, "Tennessee": 0.87329632498131, "Texas": 0.9584476895993089, "Utah": 0.9169332268952671, "Vermont": 0.9241375046456182, "Virginia": 0.9344906131758655, "Washington": 0.9496904740450548, "West Virginia": 0.945235916789042, "Wisconsin": 0.8058120339266487, "Wyoming": 0.8676493094610956}