{"Alabama": 0.8702788609506997, "Alaska": 0.9143878175369857, "Arizona": 0.9269845155788464, "Arkansas": 0.8191814440318927, "California": 0.9274416920003585, "Colorado": 0.9523332226378469, "Connecticut": 0.8597587574455575, "Delaware": 0.8796421858942334, "Florida": 0.9396044793258364, "Georgia": 0.9084204749642898, "Hawaii": 0.8998859341691285, "Idaho": 0.9393803188991569, "Illinois": 0.8944943466541027, "Indiana": 0.758483538650269, "Iowa": 0.8232787348383229, "Kansas": 0.8931660129093839, "Kentucky": 0.8736216297894737, "Louisiana": 0.9706319896685653, "Maine": 0.9285395328458557, "Maryland": 0.955818696472189, "Massachusetts": 0.8930745971725903, "Michigan": 0.8601294892746828, "Minnesota": 0.8867651867327863, "Mississippi": 0.8545337010755995, "Missouri": 0.9276655983596752, "Montana": 0.9781488939374207, "Nebraska": 0.8763465002887307, "Nevada": 0.7614997274998668, "New Hampshire": 0.9119150005295368, "New Jersey": 0.907354181285429, "New York": 0.871100026550122, "North Carolina": 0.9013671298245645, "North Dakota": 0.917589487493485, "Ohio": 0.8616127811462538, "Oklahoma": 0.9434903945528915, "Oregon": 0.9142070612922996, "Pennsylvania": 0.8950100132987043, "Rhode Island": 0.8878072595286414, "South Carolina": 0.879302731954189, "South Dakota": 0.883525104839251, "Tennessee": 0.878357668129006, "Texas": 0.9559163504330936, "Utah": 0.9140152159037371, "Vermont": 0.920504646090318, "Virginia": 0.9420298734982002, "Washington": 0.9457074949506067, "West Virginia": 0.9375840477773586, "Wisconsin": 0.7965835867338121, "Wyoming": 0.8395703802049472}