{"Alabama": 0.8754529680483336, "Alaska": 0.9118463576551384, "Arizona": 0.9284498989657574, "Arkansas": 0.8302035545925331, "California": 0.9322258856352041, "Colorado": 0.9538669550534088, "Connecticut": 0.857561492199828, "Delaware": 0.8782878245205741, "Florida": 0.9396230958489565, "Georgia": 0.9122329594415031, "Hawaii": 0.8966567820502017, "Idaho": 0.9399939032648984, "Illinois": 0.8938286966076764, "Indiana": 0.7658829174094495, "Iowa": 0.8164933960051302, "Kansas": 0.8868588604226657, "Kentucky": 0.8753120081888248, "Louisiana": 0.9658994398070644, "Maine": 0.9249539204218864, "Maryland": 0.9600540774613946, "Massachusetts": 0.8911822265055449, "Michigan": 0.866169021618852, "Minnesota": 0.8841239512835446, "Mississippi": 0.8603644155616382, "Missouri": 0.9260926083063039, "Montana": 0.9727042799609986, "Nebraska": 0.8714343581138119, "Nevada": 0.756366920641797, "New Hampshire": 0.9094589683594713, "New Jersey": 0.9090591878114616, "New York": 0.8751812499362037, "North Carolina": 0.9083353201830621, "North Dakota": 0.9126398581853263, "Ohio": 0.864443538535253, "Oklahoma": 0.9371497510899623, "Oregon": 0.9183594874695297, "Pennsylvania": 0.8962178738914843, "Rhode Island": 0.8833724370932768, "South Carolina": 0.8802097711277574, "South Dakota": 0.8716220687572451, "Tennessee": 0.8863007090031932, "Texas": 0.9544060601248647, "Utah": 0.9039045436439305, "Vermont": 0.9150392755911587, "Virginia": 0.9466775022642476, "Washington": 0.9439012187238139, "West Virginia": 0.9326536708815726, "Wisconsin": 0.7936997857513687, "Wyoming": 0.8287645557009864}