{"Alabama": 0.8781675633217674, "Alaska": 0.9136630265338502, "Arizona": 0.9297915112834696, "Arkansas": 0.8371941022772525, "California": 0.9260976165884639, "Colorado": 0.9506582392279094, "Connecticut": 0.8446508893780938, "Delaware": 0.8717832742727449, "Florida": 0.9445565566183991, "Georgia": 0.9109331416218044, "Hawaii": 0.8972720515988185, "Idaho": 0.9440303728411261, "Illinois": 0.8884620126577971, "Indiana": 0.7756974380821896, "Iowa": 0.8104363175911331, "Kansas": 0.8847073094450746, "Kentucky": 0.8818176522000357, "Louisiana": 0.9687833981011593, "Maine": 0.9300221895630297, "Maryland": 0.9561004194401543, "Massachusetts": 0.8869045040776001, "Michigan": 0.8742590652942166, "Minnesota": 0.8749982603356964, "Mississippi": 0.8685305843080605, "Missouri": 0.9239879403970688, "Montana": 0.9721051646254448, "Nebraska": 0.8681414338197488, "Nevada": 0.7466900560684949, "New Hampshire": 0.906008988164069, "New Jersey": 0.9041981699520747, "New York": 0.8763437521550884, "North Carolina": 0.9089413906806374, "North Dakota": 0.9185091690719183, "Ohio": 0.8655031270936386, "Oklahoma": 0.9320732982191257, "Oregon": 0.9157473216827142, "Pennsylvania": 0.8937408481584792, "Rhode Island": 0.8788743523119984, "South Carolina": 0.8795327236446767, "South Dakota": 0.8666148206430802, "Tennessee": 0.8899438785095476, "Texas": 0.9539048852304169, "Utah": 0.8985787768071631, "Vermont": 0.9148322110346016, "Virginia": 0.9399869993324953, "Washington": 0.9385701535751492, "West Virginia": 0.9341790873494903, "Wisconsin": 0.7885637061752545, "Wyoming": 0.8093939786605455}