{"Alabama": 0.8905249902607228, "Alaska": 0.9245560631793727, "Arizona": 0.9225604783811935, "Arkansas": 0.8627495910609285, "California": 0.9230234593168837, "Colorado": 0.9442178083583367, "Connecticut": 0.8485409137949675, "Delaware": 0.8772271243487575, "Florida": 0.9377083919338473, "Georgia": 0.9101679343816957, "Hawaii": 0.8990502113733954, "Idaho": 0.9486306203523085, "Illinois": 0.8975461899528523, "Indiana": 0.8118298755696567, "Iowa": 0.8271173752244334, "Kansas": 0.9102511762207061, "Kentucky": 0.9035053860041148, "Louisiana": 0.9661650801190775, "Maine": 0.936391316950483, "Maryland": 0.9542119866406071, "Massachusetts": 0.9030072644024298, "Michigan": 0.905064023467692, "Minnesota": 0.889230798594783, "Mississippi": 0.8844697787604349, "Missouri": 0.9307017012512, "Montana": 0.9756400933847975, "Nebraska": 0.8756239051104947, "Nevada": 0.7343432807366789, "New Hampshire": 0.9159199795311043, "New Jersey": 0.914232728196301, "New York": 0.8974645302638483, "North Carolina": 0.9187572067508193, "North Dakota": 0.923195144208228, "Ohio": 0.8942254307365851, "Oklahoma": 0.9359622024010673, "Oregon": 0.9297865234616357, "Pennsylvania": 0.9123642105961708, "Rhode Island": 0.8965672409761971, "South Carolina": 0.8817278828368126, "South Dakota": 0.8819809129230728, "Tennessee": 0.9032228067251865, "Texas": 0.9514329092489385, "Utah": 0.8956231777711073, "Vermont": 0.9274266900201951, "Virginia": 0.930823560273862, "Washington": 0.9391839891870368, "West Virginia": 0.9414139472748893, "Wisconsin": 0.8185447790026222, "Wyoming": 0.8194525450040122}