{"Alabama": 0.874960220053879, "Alaska": 0.9301259328656533, "Arizona": 0.9130718941496598, "Arkansas": 0.8711328604380082, "California": 0.9213320941423407, "Colorado": 0.9351425143236225, "Connecticut": 0.8439578736671688, "Delaware": 0.871804362812694, "Florida": 0.9252054489033872, "Georgia": 0.8955119283716201, "Hawaii": 0.8823595387870379, "Idaho": 0.9400068553919334, "Illinois": 0.8831933997467661, "Indiana": 0.7916121475397714, "Iowa": 0.8189872770018904, "Kansas": 0.9118795717184497, "Kentucky": 0.8919372189806459, "Louisiana": 0.9675019343956026, "Maine": 0.9373267259320711, "Maryland": 0.9422297637806395, "Massachusetts": 0.8940063236257381, "Michigan": 0.8808063559211781, "Minnesota": 0.8841227194194582, "Mississippi": 0.8829541626406574, "Missouri": 0.9258782886753214, "Montana": 0.9776509191287659, "Nebraska": 0.8766532784318933, "Nevada": 0.7380459333972631, "New Hampshire": 0.9079328003574538, "New Jersey": 0.904037757412325, "New York": 0.8929215972379733, "North Carolina": 0.9071621290803153, "North Dakota": 0.8998997322187483, "Ohio": 0.8837177287543999, "Oklahoma": 0.9236321726753302, "Oregon": 0.92155634575401, "Pennsylvania": 0.9131442322419123, "Rhode Island": 0.8979489614294962, "South Carolina": 0.8636842068120221, "South Dakota": 0.8764792077038015, "Tennessee": 0.8900326344887265, "Texas": 0.9426663137003799, "Utah": 0.8862348070363044, "Vermont": 0.9216561474397545, "Virginia": 0.9167740305510895, "Washington": 0.9258558833440269, "West Virginia": 0.9528803680969042, "Wisconsin": 0.8036595825124305, "Wyoming": 0.810356902650277}