{"Alabama": 0.8682501826993524, "Alaska": 0.9352381083565349, "Arizona": 0.9077850316855695, "Arkansas": 0.8729810910645986, "California": 0.9194894332550355, "Colorado": 0.9292905464640744, "Connecticut": 0.8419535191766295, "Delaware": 0.8670651369009732, "Florida": 0.9205647856950567, "Georgia": 0.8916097775726001, "Hawaii": 0.8824693658500355, "Idaho": 0.9317576451830698, "Illinois": 0.8778541700970559, "Indiana": 0.7838643367821395, "Iowa": 0.8146889315254507, "Kansas": 0.9128887838599661, "Kentucky": 0.8839459653256265, "Louisiana": 0.9679127509679073, "Maine": 0.9317734932614513, "Maryland": 0.9366452698566861, "Massachusetts": 0.8871767711173778, "Michigan": 0.869776866290883, "Minnesota": 0.878686295638329, "Mississippi": 0.8810380388114147, "Missouri": 0.9207470695155566, "Montana": 0.9749475001599974, "Nebraska": 0.8702716125377362, "Nevada": 0.7468159524876231, "New Hampshire": 0.9049706947333295, "New Jersey": 0.898917251753041, "New York": 0.8881507561598834, "North Carolina": 0.9040699318921841, "North Dakota": 0.8968542013784488, "Ohio": 0.8786036102337133, "Oklahoma": 0.92312406131085, "Oregon": 0.9166380009669844, "Pennsylvania": 0.9087611590311362, "Rhode Island": 0.8897366236013483, "South Carolina": 0.8618173739682993, "South Dakota": 0.8721840281598467, "Tennessee": 0.8838659890274038, "Texas": 0.9417974658673103, "Utah": 0.8837993146559748, "Vermont": 0.9185783714138318, "Virginia": 0.913756514582521, "Washington": 0.9203899586015144, "West Virginia": 0.9567501970919794, "Wisconsin": 0.8007033921128706, "Wyoming": 0.8288253082391241}