{"Alabama": 0.8591472762711171, "Alaska": 0.9342478582796102, "Arizona": 0.9054100753812131, "Arkansas": 0.8694886495589977, "California": 0.9167494023672018, "Colorado": 0.9304928875086159, "Connecticut": 0.8451273712216907, "Delaware": 0.8625497304402107, "Florida": 0.9191100932884254, "Georgia": 0.8847332779125545, "Hawaii": 0.8792520229779442, "Idaho": 0.9296345009224478, "Illinois": 0.8751944463961542, "Indiana": 0.7690415220579343, "Iowa": 0.8106590620745107, "Kansas": 0.9125580489909266, "Kentucky": 0.8728884534889767, "Louisiana": 0.9655869306316609, "Maine": 0.9281956481835897, "Maryland": 0.9321192258949564, "Massachusetts": 0.8838318301651125, "Michigan": 0.8580513561183314, "Minnesota": 0.8753936349726441, "Mississippi": 0.8741061132658194, "Missouri": 0.9164094310929903, "Montana": 0.9727903665358983, "Nebraska": 0.8656386104048063, "Nevada": 0.7501027297779209, "New Hampshire": 0.9010136420712409, "New Jersey": 0.8972689437432484, "New York": 0.8872304312083094, "North Carolina": 0.8978860967105912, "North Dakota": 0.8895631520049945, "Ohio": 0.871838240736251, "Oklahoma": 0.9189186278508926, "Oregon": 0.9129580636004222, "Pennsylvania": 0.9047588001742336, "Rhode Island": 0.8865843337431203, "South Carolina": 0.8552060853655944, "South Dakota": 0.866854055228263, "Tennessee": 0.8762765447059608, "Texas": 0.941180804255259, "Utah": 0.880206484412712, "Vermont": 0.9154659110489825, "Virginia": 0.9116798397768692, "Washington": 0.9178112403969159, "West Virginia": 0.9590986002908028, "Wisconsin": 0.7941373146408188, "Wyoming": 0.8239798199550705}