{"Alabama": 0.9459758956412986, "Alaska": 0.8258949373710183, "Arizona": 0.9025779512632109, "Arkansas": 0.8929390084830834, "California": 0.9385798109447907, "Colorado": 0.8986975308796675, "Connecticut": 0.9415922489019148, "Delaware": 0.806190266398738, "Florida": 0.8526997000092915, "Georgia": 0.9420998339152096, "Hawaii": 0.7658541846930492, "Idaho": 0.9348671803045834, "Illinois": 0.9414256338411595, "Indiana": 0.9007456782254533, "Iowa": 0.9141979969661275, "Kansas": 0.9370932667232255, "Kentucky": 0.92194225365995, "Louisiana": 0.9412981192000459, "Maine": 0.9613362551950282, "Maryland": 0.8902977096518266, "Massachusetts": 0.9214640622323023, "Michigan": 0.9514370886706621, "Minnesota": 0.9600293348581606, "Mississippi": 0.9215347642867298, "Missouri": 0.9660984962951863, "Montana": 0.8543973296284482, "Nebraska": 0.9151128446245216, "Nevada": 0.6204416856156727, "New Jersey": 0.9232641131228086, "New Mexico": 0.8932410488114129, "New York": 0.8740718353397421, "North Carolina": 0.9598007598288661, "North Dakota": 0.8311129964746246, "Ohio": 0.9481992451155264, "Oklahoma": 0.8995322667250357, "Oregon": 0.9663579144215553, "Pennsylvania": 0.9600503083959384, "Rhode Island": 0.9391547464946907, "South Carolina": 0.9400964690971858, "South Dakota": 0.8823803864868639, "Tennessee": 0.9335217889418518, "Texas": 0.9403815680470524, "Utah": 0.9680757410621684, "Vermont": 0.9690147938051286, "Virginia": 0.9164530263692886, "Washington": 0.9719908539356201, "West Virginia": 0.91242881935292, "Wisconsin": 0.9160036169367518, "Wyoming": 0.70265973484879}