{"Alabama": 0.943583329279399, "Alaska": 0.8274382575179599, "Arizona": 0.8997062961377562, "Arkansas": 0.8948287701026437, "California": 0.935936084891304, "Colorado": 0.8963410144178597, "Connecticut": 0.9429580076248714, "Delaware": 0.9199190658392533, "Florida": 0.8652606682960198, "Georgia": 0.9414542876649085, "Hawaii": 0.7684536107371313, "Idaho": 0.9332788418365789, "Illinois": 0.943234801459497, "Indiana": 0.8986580354253337, "Iowa": 0.9155749572716054, "Kansas": 0.9376934128840829, "Kentucky": 0.921707615004663, "Louisiana": 0.9408403259554589, "Maine": 0.9612086743635211, "Maryland": 0.8911241161106559, "Massachusetts": 0.9204172226971972, "Michigan": 0.9513820542029736, "Minnesota": 0.9596716682053087, "Mississippi": 0.9245412155032947, "Missouri": 0.9668331196385134, "Montana": 0.863824477650938, "Nebraska": 0.9197688604167785, "Nevada": 0.6238658434145011, "New Jersey": 0.9264536950564305, "New Mexico": 0.8944452815942049, "New York": 0.8777357091763919, "North Carolina": 0.9613979564720577, "North Dakota": 0.8465421724014355, "Ohio": 0.9469527731896136, "Oklahoma": 0.8987864768635977, "Oregon": 0.9696389413175173, "Pennsylvania": 0.9597623800276565, "Rhode Island": 0.9383699450735175, "South Carolina": 0.9384402185756856, "South Dakota": 0.892088223781216, "Tennessee": 0.9363442378626282, "Texas": 0.9384680617297487, "Utah": 0.9612027046259318, "Vermont": 0.9683629655017608, "Virginia": 0.9136582800114463, "Washington": 0.9730819870380477, "West Virginia": 0.9134310454827609, "Wisconsin": 0.9136221968914263, "Wyoming": 0.6703488386310396}