{"Alabama": 0.9469215455264045, "Alaska": 0.8196326053326078, "Arizona": 0.903491088764273, "Arkansas": 0.9032315060341852, "California": 0.9349691760349264, "Colorado": 0.8896804983001025, "Connecticut": 0.943005190122151, "Delaware": 0.9232235956879049, "Florida": 0.8698616334357943, "Georgia": 0.9407492010407942, "Hawaii": 0.7687884910897292, "Idaho": 0.9386507170080056, "Illinois": 0.945852244167787, "Indiana": 0.904453437171685, "Iowa": 0.9132315790306932, "Kansas": 0.9382687754216055, "Kentucky": 0.9263449831051439, "Louisiana": 0.9387809072939156, "Maine": 0.9623881722751775, "Maryland": 0.8919158733473771, "Massachusetts": 0.9191649161851289, "Michigan": 0.9554027953303844, "Minnesota": 0.9607448324917662, "Mississippi": 0.9277468943870854, "Missouri": 0.9671350724030789, "Montana": 0.8642574993212185, "Nebraska": 0.9219626768790564, "Nevada": 0.6244618765110357, "New Jersey": 0.9248163862016633, "New Mexico": 0.8906032876296984, "New York": 0.8826353120269285, "North Carolina": 0.9648087686759821, "North Dakota": 0.8417518501059769, "Ohio": 0.9521204005627176, "Oklahoma": 0.8921510843908378, "Oregon": 0.9729960787916587, "Pennsylvania": 0.9622810122023325, "Rhode Island": 0.9386781674107953, "South Carolina": 0.9373198698928399, "South Dakota": 0.8937301947309341, "Tennessee": 0.9418260398206015, "Texas": 0.935274579775084, "Utah": 0.9531031843862067, "Vermont": 0.9672442471785864, "Virginia": 0.9093090006381779, "Washington": 0.9699096374429774, "West Virginia": 0.9114055281610126, "Wisconsin": 0.9159867719790024, "Wyoming": 0.6511437526073631}