{"Alabama": 0.9479241053059542, "Alaska": 0.8104839750530152, "Arizona": 0.9111097067531491, "Arkansas": 0.9037289393017927, "California": 0.9338844703435432, "Colorado": 0.8876456680995735, "Connecticut": 0.9385582965217141, "Delaware": 0.91791281629897, "Florida": 0.8828891383796269, "Georgia": 0.9396562977523438, "Hawaii": 0.7783698942331817, "Idaho": 0.941606737985132, "Illinois": 0.9460406852514686, "Indiana": 0.9096899629882603, "Iowa": 0.9091496396568982, "Kansas": 0.9362152742414775, "Kentucky": 0.9281292383738373, "Louisiana": 0.9311799809350318, "Maine": 0.9697299045275576, "Maryland": 0.8913227647945539, "Massachusetts": 0.9188357530208977, "Michigan": 0.9584470689399139, "Minnesota": 0.957405331939232, "Mississippi": 0.9279494645233691, "Missouri": 0.965782316327884, "Montana": 0.8640872035714213, "Nebraska": 0.9226083890200715, "Nevada": 0.6257592751542232, "New Jersey": 0.9242972342130829, "New Mexico": 0.8872903687862156, "New York": 0.8855144631914033, "North Carolina": 0.9676490691317251, "North Dakota": 0.8403978863829981, "Ohio": 0.9529135045304571, "Oklahoma": 0.8736005453489395, "Oregon": 0.9723467457729544, "Pennsylvania": 0.9619379128144969, "Rhode Island": 0.9356046668886645, "South Carolina": 0.9400554922124807, "South Dakota": 0.8922238985950004, "Tennessee": 0.9450339166817864, "Texas": 0.9270035270257077, "Utah": 0.9572407914341406, "Vermont": 0.9670687685615452, "Virginia": 0.9026650573466112, "Washington": 0.968990903005271, "West Virginia": 0.8970703626517105, "Wisconsin": 0.9141140602802156, "Wyoming": 0.6123847428258986}