{"Alabama": 0.9497646230979991, "Alaska": 0.8302636420672243, "Arizona": 0.9173743821249992, "Arkansas": 0.9088325845302363, "California": 0.9315425046458049, "Colorado": 0.8929577096794179, "Connecticut": 0.9306785451566484, "Delaware": 0.9113933240483704, "Florida": 0.8880745388134282, "Georgia": 0.9400000084022972, "Hawaii": 0.8002293195397769, "Idaho": 0.9461977728135109, "Illinois": 0.9447711643911842, "Indiana": 0.922900943937988, "Iowa": 0.9124867114752427, "Kansas": 0.9389605706248974, "Kentucky": 0.9335424925510639, "Louisiana": 0.9321050430368738, "Maine": 0.9714163360704732, "Maryland": 0.8974808100505731, "Massachusetts": 0.9184393030755984, "Michigan": 0.9648670770128189, "Minnesota": 0.9524262420630304, "Mississippi": 0.9282225865741326, "Missouri": 0.9654941421069156, "Montana": 0.8734020852868424, "Nebraska": 0.9201520821205067, "Nevada": 0.6336991933167041, "New Jersey": 0.9248264745801225, "New Mexico": 0.8971257224364999, "New York": 0.8914735105003335, "North Carolina": 0.9721280901120057, "North Dakota": 0.8435543328816175, "Ohio": 0.9584504428796549, "Oklahoma": 0.8846525924711587, "Oregon": 0.9692428739570463, "Pennsylvania": 0.9619837093816508, "Rhode Island": 0.9338766557795943, "South Carolina": 0.9423306331325693, "South Dakota": 0.8911894255074223, "Tennessee": 0.9480478925304219, "Texas": 0.9298493490436791, "Utah": 0.9568710809200348, "Vermont": 0.9661669114469741, "Virginia": 0.8971323037869454, "Washington": 0.9700733357261778, "West Virginia": 0.8968841002312344, "Wisconsin": 0.9204740936470974, "Wyoming": 0.6590258180398337}