{"Alabama": 0.949257852493746, "Alaska": 0.8273143562563268, "Arizona": 0.9224016912165607, "Arkansas": 0.9080336472230774, "California": 0.9300853088291952, "Colorado": 0.8972340542755636, "Connecticut": 0.9322748994926829, "Delaware": 0.9155017877442515, "Florida": 0.890328415353497, "Georgia": 0.9380318705834481, "Hawaii": 0.803221768083434, "Idaho": 0.9481190166430226, "Illinois": 0.9427553022110532, "Indiana": 0.9134070342896876, "Iowa": 0.9065205285852626, "Kansas": 0.9362958238361987, "Kentucky": 0.9316116392713165, "Louisiana": 0.9316374910143722, "Maine": 0.9663188128222473, "Maryland": 0.8998398408983705, "Massachusetts": 0.921806965076302, "Michigan": 0.9617126358028278, "Minnesota": 0.9513104284917003, "Mississippi": 0.9287336633187149, "Missouri": 0.9640562650167778, "Montana": 0.8719963928237253, "Nebraska": 0.9155292264069069, "Nevada": 0.633078180954668, "New Jersey": 0.9282163042159495, "New Mexico": 0.8964691469916267, "New York": 0.8944456100776306, "North Carolina": 0.9712555144981416, "North Dakota": 0.8276847176761091, "Ohio": 0.9558877062593533, "Oklahoma": 0.8695455559267294, "Oregon": 0.9682768247815826, "Pennsylvania": 0.960724207223485, "Rhode Island": 0.9321844430951567, "South Carolina": 0.9402250917297346, "South Dakota": 0.8884271347400421, "Tennessee": 0.9474258368063341, "Texas": 0.9285538126377259, "Utah": 0.9618752625507972, "Vermont": 0.9652304081422122, "Virginia": 0.8954685180462613, "Washington": 0.9688560864385636, "West Virginia": 0.8905576800997583, "Wisconsin": 0.9158735065586936, "Wyoming": 0.645491145408369}