{"Alabama": 0.9495019186897479, "Alaska": 0.8291357808482958, "Arizona": 0.9204583928861368, "Arkansas": 0.9127633704172176, "California": 0.9280861275902829, "Colorado": 0.8992266776924013, "Connecticut": 0.9292563012198295, "Delaware": 0.9120747027404118, "Florida": 0.8899103653448801, "Georgia": 0.9351552692001018, "Hawaii": 0.7977991754071352, "Idaho": 0.947059014419146, "Illinois": 0.9400166493695115, "Indiana": 0.910926158346695, "Iowa": 0.9074630104645556, "Kansas": 0.937142124345836, "Kentucky": 0.9303966182790603, "Louisiana": 0.9313302471098112, "Maine": 0.9657742379692823, "Maryland": 0.8976627828732753, "Massachusetts": 0.9195421662000751, "Michigan": 0.9559524799463746, "Minnesota": 0.9522555569766314, "Mississippi": 0.9298191293902669, "Missouri": 0.9640683392058331, "Montana": 0.8715932636786399, "Nebraska": 0.9140287791338533, "Nevada": 0.6342963413630299, "New Jersey": 0.9238807478953104, "New Mexico": 0.8929300513953693, "New York": 0.890458527473248, "North Carolina": 0.9692126776674866, "North Dakota": 0.8066733717710546, "Ohio": 0.9556857508244152, "Oklahoma": 0.8800351388840828, "Oregon": 0.9685322720656322, "Pennsylvania": 0.9596487338767872, "Rhode Island": 0.9314934466256841, "South Carolina": 0.940209580844246, "South Dakota": 0.8905279086187734, "Tennessee": 0.9442993297262947, "Texas": 0.9267235752110288, "Utah": 0.9600621961988965, "Vermont": 0.9644821663732758, "Virginia": 0.8959025620240963, "Washington": 0.9694777933626746, "West Virginia": 0.885944742802431, "Wisconsin": 0.9129738805004861, "Wyoming": 0.6336061535566964}