{"Alabama": 0.9441197021155465, "Alaska": 0.8107928117407992, "Arizona": 0.923509519133689, "Arkansas": 0.9144360169576851, "California": 0.9309359340081965, "Colorado": 0.8995918793688523, "Connecticut": 0.9316109339087064, "Delaware": 0.9110424513074968, "Florida": 0.8904077011060502, "Georgia": 0.9334476473746102, "Hawaii": 0.7986012530094466, "Idaho": 0.950687546293735, "Illinois": 0.9362508133249606, "Indiana": 0.9026919286692208, "Iowa": 0.908778952535837, "Kansas": 0.9337029649067327, "Kentucky": 0.9256388497079396, "Louisiana": 0.9276657985190205, "Maine": 0.9708621249755883, "Maryland": 0.8944589345596617, "Massachusetts": 0.9118237890935801, "Michigan": 0.9507749139247189, "Minnesota": 0.9512018128418865, "Mississippi": 0.928780402151098, "Missouri": 0.9642981041862375, "Montana": 0.8683165671752013, "Nebraska": 0.9176308535725957, "Nevada": 0.64156121693399, "New Jersey": 0.9226767363265472, "New Mexico": 0.8871265650619186, "New York": 0.8924943408482972, "North Carolina": 0.9681682016521518, "North Dakota": 0.7686806320303631, "Ohio": 0.9508643921828026, "Oklahoma": 0.8468723566973645, "Oregon": 0.9699486359606241, "Pennsylvania": 0.9577541438500412, "Rhode Island": 0.9310295216630133, "South Carolina": 0.9332729857950115, "South Dakota": 0.8890224405481815, "Tennessee": 0.9406023498623197, "Texas": 0.9178793525345564, "Utah": 0.9627628500711675, "Vermont": 0.9597716023742238, "Virginia": 0.8959273162150426, "Washington": 0.9664073880046495, "West Virginia": 0.8780390252266981, "Wisconsin": 0.907605311038178, "Wyoming": 0.6071830367653782}