{"Alabama": 0.9438727450212845, "Alaska": 0.817677249958579, "Arizona": 0.9214175485993684, "Arkansas": 0.9147391639165052, "California": 0.9322306286677811, "Colorado": 0.8986218134434721, "Connecticut": 0.9344019348051236, "Delaware": 0.9072909074973267, "Florida": 0.8920162000416771, "Georgia": 0.9335926752947091, "Hawaii": 0.8009407115685258, "Idaho": 0.9519194980998976, "Illinois": 0.9358553226195818, "Indiana": 0.8990810493180134, "Iowa": 0.9051107378777575, "Kansas": 0.9344782940618525, "Kentucky": 0.924912509038987, "Louisiana": 0.9276949446816306, "Maine": 0.964265164725692, "Maryland": 0.8942349613936024, "Massachusetts": 0.9107786090502784, "Michigan": 0.9495504731140878, "Minnesota": 0.9509269067254177, "Mississippi": 0.9270471177322389, "Missouri": 0.9635207432147674, "Montana": 0.8700820886577941, "Nebraska": 0.9173374422413252, "Nevada": 0.6536736053311518, "New Jersey": 0.9239130592143325, "New Mexico": 0.8834165851776907, "New York": 0.8947591114658379, "North Carolina": 0.9684254634637158, "North Dakota": 0.760471225910334, "Ohio": 0.9496245182175062, "Oklahoma": 0.8389027898347269, "Oregon": 0.9704859894812924, "Pennsylvania": 0.9573524371826203, "Rhode Island": 0.9287490925619759, "South Carolina": 0.9346777984379719, "South Dakota": 0.889614426678356, "Tennessee": 0.9388271201545658, "Texas": 0.9160345909498064, "Utah": 0.9646423210524437, "Vermont": 0.958435944386665, "Virginia": 0.9032439243966371, "Washington": 0.9690222508704384, "West Virginia": 0.8786653163672301, "Wisconsin": 0.9065169327417862, "Wyoming": 0.6249576578347446}