{"Alabama": 0.9451204950272076, "Alaska": 0.8115994164386768, "Arizona": 0.9263894405550629, "Arkansas": 0.917296317395049, "California": 0.9342149940631134, "Colorado": 0.9008531870453782, "Connecticut": 0.937420933169113, "Delaware": 0.9050750038659922, "Florida": 0.8962500717004945, "Georgia": 0.9358620622819376, "Hawaii": 0.8006729943147738, "Idaho": 0.9522747375120054, "Illinois": 0.9388223931165662, "Indiana": 0.8958648490585037, "Iowa": 0.9099769299910658, "Kansas": 0.9357465283042249, "Kentucky": 0.923471421197541, "Louisiana": 0.9261291454468095, "Maine": 0.9634032436663035, "Maryland": 0.8941530600757823, "Massachusetts": 0.9096736199731785, "Michigan": 0.9504383249526638, "Minnesota": 0.9517245633641183, "Mississippi": 0.92373517177388, "Missouri": 0.9662919432151682, "Montana": 0.8728124504500769, "Nebraska": 0.9194164229678423, "Nevada": 0.6559569637909639, "New Jersey": 0.9267642014360788, "New Mexico": 0.8790624793870981, "New York": 0.8947617141470618, "North Carolina": 0.9709150840907249, "North Dakota": 0.7426876054444924, "Ohio": 0.9505512328479251, "Oklahoma": 0.8351786560286094, "Oregon": 0.9719151035357709, "Pennsylvania": 0.9563273567668499, "Rhode Island": 0.932558051530254, "South Carolina": 0.9366204748447722, "South Dakota": 0.8896915608354634, "Tennessee": 0.9403729053915048, "Texas": 0.9164672070416542, "Utah": 0.9657796352079304, "Vermont": 0.9576912123747399, "Virginia": 0.9082920112188602, "Washington": 0.9711102536165244, "West Virginia": 0.8787126923558354, "Wisconsin": 0.9069078122253805, "Wyoming": 0.6102552386801914}