{"Alabama": 0.9711965463076255, "Alaska": 0.6265638863166313, "Arizona": 0.819473913157793, "Arkansas": 0.9737616906683237, "California": 0.8388050962431073, "Colorado": 0.7595378526359516, "Connecticut": 0.8292538296248426, "Delaware": 0.7634537204564502, "Florida": 0.7340683792388857, "Georgia": 0.8760854203199505, "Hawaii": 0.6241643859937267, "Idaho": 0.9088937034331711, "Illinois": 0.8812071874776147, "Indiana": 0.9661578348315505, "Iowa": 0.9555565696829074, "Kansas": 0.9421755595349003, "Kentucky": 0.9767285545187206, "Louisiana": 0.8402429368223328, "Maine": 0.8862988735331695, "Maryland": 0.7255358310214927, "Massachusetts": 0.7764972224225606, "Michigan": 0.924774136815081, "Minnesota": 0.9218422085013998, "Missouri": 0.9210081630090133, "Montana": 0.7805066951542822, "Nebraska": 0.8855938976298314, "Nevada": 0.5191309670116584, "New Hampshire": 0.9403145802657462, "New Jersey": 0.752723609445799, "New Mexico": 0.7805013164969211, "New York": 0.6903048098660465, "North Carolina": 0.9504521333522801, "North Dakota": 0.7814491441691596, "Ohio": 0.9550750869204078, "Oklahoma": 0.8756182697868753, "Oregon": 0.9296820982628224, "Pennsylvania": 0.9024988468517529, "Rhode Island": 0.8460299130622183, "South Carolina": 0.9306331166922053, "South Dakota": 0.8812967427218465, "Tennessee": 0.9698376263091519, "Texas": 0.8759077850852836, "Utah": 0.8908190847995213, "Vermont": 0.9222979219898418, "Virginia": 0.8245476505584313, "Washington": 0.9142997531354883, "West Virginia": 0.8625786659816902, "Wisconsin": 0.9765322437767419, "Wyoming": 0.6720291178458921}