{"Alabama": 0.9657784658487727, "Alaska": 0.6411068496404205, "Arizona": 0.8143088386944612, "Arkansas": 0.966379347566612, "California": 0.8250711361711162, "Colorado": 0.74984928962991, "Connecticut": 0.8148941871167931, "Delaware": 0.7613948744441562, "Florida": 0.7192179319689985, "Georgia": 0.8666546836116555, "Hawaii": 0.6414710258681284, "Idaho": 0.911782788639579, "Illinois": 0.8703875822107046, "Indiana": 0.9639853662592471, "Iowa": 0.953388678493069, "Kansas": 0.9358688785028922, "Kentucky": 0.9738416572076937, "Louisiana": 0.8406466632522658, "Maine": 0.8774009265989243, "Maryland": 0.7136664311658159, "Massachusetts": 0.7620247975365755, "Michigan": 0.923268725749973, "Minnesota": 0.9142785647098758, "Missouri": 0.9188848253478491, "Montana": 0.787222083877096, "Nebraska": 0.8772114688885478, "Nevada": 0.5378877101523782, "New Hampshire": 0.9352201010183067, "New Jersey": 0.7380985333250251, "New Mexico": 0.7811596512193152, "New York": 0.6752208125211439, "North Carolina": 0.9494742433020581, "North Dakota": 0.7794315560149441, "Ohio": 0.9503157822424662, "Oklahoma": 0.8737095740952382, "Oregon": 0.9269658805812895, "Pennsylvania": 0.8905083317919649, "Rhode Island": 0.8398344894554605, "South Carolina": 0.9308393941005616, "South Dakota": 0.8764179920610833, "Tennessee": 0.9622089385882084, "Texas": 0.868208652588954, "Utah": 0.886427765135315, "Vermont": 0.9185761288370549, "Virginia": 0.8058468203988275, "Washington": 0.9043437641732209, "West Virginia": 0.861581528712665, "Wisconsin": 0.9740535117768119, "Wyoming": 0.6852560771946086}