{"Alabama": 0.9646037366544464, "Alaska": 0.6654062843469196, "Arizona": 0.8177784901913421, "Arkansas": 0.965987264635047, "California": 0.8330815636162042, "Colorado": 0.751962156705348, "Connecticut": 0.8155968981084003, "Delaware": 0.7604895426645583, "Florida": 0.7210005579849339, "Georgia": 0.8689477642877947, "Hawaii": 0.6715724062057733, "Idaho": 0.9184743642095384, "Illinois": 0.8720956266307254, "Indiana": 0.9600008675556412, "Iowa": 0.9564487595358975, "Kansas": 0.9397863860966654, "Kentucky": 0.9765024142583657, "Louisiana": 0.8520499581583559, "Maine": 0.8851431666080709, "Maryland": 0.7266837257421539, "Massachusetts": 0.7632884042245011, "Michigan": 0.9196607911784545, "Minnesota": 0.9173209714323098, "Missouri": 0.924806802368705, "Montana": 0.8053253842642735, "Nebraska": 0.8912310780182104, "Nevada": 0.5651477569583294, "New Hampshire": 0.9388808797860029, "New Jersey": 0.7507665637948325, "New Mexico": 0.7943959521316116, "New York": 0.686355875558471, "North Carolina": 0.9527101029091322, "North Dakota": 0.804302082906011, "Ohio": 0.9531003409657174, "Oklahoma": 0.8890445714308851, "Oregon": 0.9327309540633124, "Pennsylvania": 0.8979458644919248, "Rhode Island": 0.8519809082307552, "South Carolina": 0.940276319219341, "South Dakota": 0.8916431125769441, "Tennessee": 0.9606959380977751, "Texas": 0.8741256261035864, "Utah": 0.8863372604405251, "Vermont": 0.9257395578326748, "Virginia": 0.8034430134537349, "Washington": 0.9001164306089109, "West Virginia": 0.8756875563913535, "Wisconsin": 0.9729540558874432, "Wyoming": 0.701012870244751}