{"Alabama": 0.8292434251256745, "Alaska": 0.6393624783165951, "Arizona": 0.8305337700173607, "Arkansas": 0.965598129953133, "California": 0.8461368679981159, "Colorado": 0.7713649525063011, "Connecticut": 0.8252080192332649, "Delaware": 0.7495640698293636, "Florida": 0.7659719860576494, "Georgia": 0.8816784908650745, "Hawaii": 0.6532224703146734, "Idaho": 0.9257182324572024, "Illinois": 0.8801998787742259, "Indiana": 0.9606192746576502, "Iowa": 0.9594403646309524, "Kansas": 0.9463185584384469, "Kentucky": 0.9792104888248048, "Louisiana": 0.8806129011917119, "Maine": 0.9009933569530063, "Maryland": 0.753849365570508, "Massachusetts": 0.775923154842691, "Michigan": 0.9236921712263576, "Minnesota": 0.9266171139839271, "Missouri": 0.9316140868403818, "Montana": 0.8347893377018999, "Nebraska": 0.9021964651446599, "Nevada": 0.60138338591959, "New Hampshire": 0.9418964626030093, "New Jersey": 0.7700958094763621, "New Mexico": 0.8203045279008138, "New York": 0.7129223606001939, "North Carolina": 0.9499188227830241, "North Dakota": 0.8418069769751273, "Ohio": 0.9515160216133464, "Oklahoma": 0.9059990636868006, "Oregon": 0.938379164198632, "Pennsylvania": 0.9056625941193014, "Rhode Island": 0.848422589256567, "South Carolina": 0.9496522517912885, "South Dakota": 0.9071076278351969, "Tennessee": 0.9603365531266721, "Texas": 0.887858300466101, "Utah": 0.8962749405192778, "Vermont": 0.9326207579714827, "Virginia": 0.81746337342815, "Washington": 0.9071364384572231, "West Virginia": 0.8867395711030264, "Wisconsin": 0.9720498001591209, "Wyoming": 0.657412390645704}