{"Alabama": 0.967369909014873, "Alaska": 0.6711363453009819, "Arizona": 0.8439939989654383, "Arkansas": 0.9606339904763042, "California": 0.8517718193637152, "Colorado": 0.7953622015463667, "Connecticut": 0.8251551894329613, "Delaware": 0.7681626054046568, "Florida": 0.7860796644846786, "Georgia": 0.8882638207942375, "Hawaii": 0.6917398013934549, "Idaho": 0.9282267343740455, "Illinois": 0.8839801748603838, "Indiana": 0.9569119249741328, "Iowa": 0.9568239566565003, "Kansas": 0.94535725189918, "Kentucky": 0.9772523999167168, "Louisiana": 0.8907479757838945, "Maine": 0.899644102954965, "Maryland": 0.7665207180971179, "Massachusetts": 0.7846111683034269, "Michigan": 0.9241857379368118, "Minnesota": 0.9239987019510356, "Missouri": 0.9376013479450698, "Montana": 0.8514161084813859, "Nebraska": 0.9055503497335908, "Nevada": 0.6509683250772008, "New Hampshire": 0.935094698420284, "New Jersey": 0.781035703973394, "New Mexico": 0.842480393420266, "New York": 0.7250601278649529, "North Carolina": 0.9511167821555012, "North Dakota": 0.8639006487592706, "Ohio": 0.9510509953467853, "Oklahoma": 0.9095285627766542, "Oregon": 0.9413353537145716, "Pennsylvania": 0.9018476183716923, "Rhode Island": 0.7756042187413629, "South Carolina": 0.9541533572965313, "South Dakota": 0.9122157967591392, "Tennessee": 0.9582597621388845, "Texas": 0.8966916279228913, "Utah": 0.9008709708864915, "Vermont": 0.8573817693490831, "Virginia": 0.8284162682745065, "Washington": 0.9058733988514748, "West Virginia": 0.8922619566977223, "Wisconsin": 0.9674558147754792, "Wyoming": 0.5548110822616372}