{"Alabama": 0.9667889084030276, "Alaska": 0.7749881172396008, "Arizona": 0.8475642508300121, "Arkansas": 0.9578031375158451, "California": 0.8519043437957824, "Colorado": 0.8018626057602798, "Connecticut": 0.8300253228541215, "Delaware": 0.7839719457618091, "Florida": 0.787710670006252, "Georgia": 0.8920837163460444, "Hawaii": 0.7171195876834388, "Idaho": 0.9272226920968338, "Illinois": 0.8904010497486402, "Indiana": 0.9570511195710145, "Iowa": 0.9579893267835927, "Kansas": 0.9485545151534304, "Kentucky": 0.978265034073078, "Louisiana": 0.8983840740254111, "Maine": 0.903736042619501, "Maryland": 0.7736360583879806, "Massachusetts": 0.7916680879509811, "Michigan": 0.9273414931361037, "Minnesota": 0.9252118095310176, "Missouri": 0.9417910583640261, "Montana": 0.8604056314594322, "Nebraska": 0.9071806589964918, "Nevada": 0.6728717548882455, "New Hampshire": 0.9336644351636793, "New Jersey": 0.7980554336361978, "New Mexico": 0.8503560887065734, "New York": 0.7382095995877302, "North Carolina": 0.9496648443805804, "North Dakota": 0.8757200045677664, "Ohio": 0.9529724505821017, "Oklahoma": 0.908939895673297, "Oregon": 0.9395165431879069, "Pennsylvania": 0.9030789487798315, "Rhode Island": 0.8772069959034484, "South Carolina": 0.9542683704151524, "South Dakota": 0.9193553597893914, "Tennessee": 0.9649108765604424, "Texas": 0.8977353909920348, "Utah": 0.9060455784217073, "Vermont": 0.9213683512615033, "Virginia": 0.8288641397627056, "Washington": 0.9058898459617923, "West Virginia": 0.8990830373774072, "Wisconsin": 0.9685273308570125, "Wyoming": 0.6801404938360129}