{"Alabama": 0.9744894659757495, "Alaska": 0.7378764871768115, "Arizona": 0.8077011235476328, "Arkansas": 0.9751831294323755, "California": 0.8585150684605304, "Colorado": 0.7735654492258571, "Connecticut": 0.8379156542054051, "Delaware": 0.7922559588745884, "Florida": 0.7357314766504564, "Georgia": 0.9154681922395342, "Hawaii": 0.693832252263134, "Idaho": 0.9158657356435852, "Illinois": 0.8968783003980777, "Indiana": 0.9726876158826101, "Iowa": 0.964023013018161, "Kansas": 0.9590911893015346, "Kentucky": 0.9823585533006325, "Louisiana": 0.8874639239461256, "Maine": 0.8895556111348055, "Maryland": 0.7269785939318005, "Massachusetts": 0.7841464016436142, "Michigan": 0.9513644533978846, "Minnesota": 0.9357188843525547, "Missouri": 0.9493185448581641, "Montana": 0.7885428550498783, "Nebraska": 0.9262043963608951, "Nevada": 0.606318912681961, "New Hampshire": 0.9204122831711599, "New Jersey": 0.8022763718128982, "New Mexico": 0.7911781268867574, "New York": 0.721911489683397, "North Carolina": 0.966409809874657, "North Dakota": 0.8177807839164375, "Ohio": 0.9573481286115655, "Oklahoma": 0.9045091993091173, "Oregon": 0.9522201775755003, "Pennsylvania": 0.9043813910302808, "Rhode Island": 0.8675179624416778, "South Carolina": 0.9678864550569494, "South Dakota": 0.8882723706608275, "Tennessee": 0.9713683288770346, "Texas": 0.8909428665221377, "Utah": 0.9011375662836443, "Vermont": 0.9165052933912377, "Virginia": 0.8167356719855159, "Washington": 0.9003816664556917, "West Virginia": 0.8839893498143662, "Wisconsin": 0.9752429905324872, "Wyoming": 0.6860235132642762}