{"Alabama": 0.9658247380897785, "Alaska": 0.773095876306206, "Arizona": 0.8455273591166584, "Arkansas": 0.9577983383781664, "California": 0.8515737972992607, "Colorado": 0.798483517768753, "Connecticut": 0.8353209536631148, "Delaware": 0.7844804205254539, "Florida": 0.7927836483697096, "Georgia": 0.886569260117848, "Hawaii": 0.7657369946660625, "Idaho": 0.9221411435197655, "Illinois": 0.8881714046938533, "Indiana": 0.960678128218845, "Iowa": 0.9580336389308152, "Kansas": 0.9492524732753591, "Kentucky": 0.9797513450481309, "Louisiana": 0.8977026377944098, "Maine": 0.8966175856058802, "Maryland": 0.767822013297492, "Massachusetts": 0.7895101161285315, "Michigan": 0.9356879481259439, "Minnesota": 0.9241872601276288, "Missouri": 0.9434645398568645, "Montana": 0.856943168070035, "Nebraska": 0.9024966288153708, "Nevada": 0.6763588288731389, "New Hampshire": 0.9322284773067689, "New Jersey": 0.7938019828209425, "New Mexico": 0.8471199084975085, "New York": 0.7363507001759353, "North Carolina": 0.9495426949428711, "North Dakota": 0.8801330603670086, "Ohio": 0.9546013933987424, "Oklahoma": 0.9101102825860669, "Oregon": 0.9445188031415653, "Pennsylvania": 0.8996673122163831, "Rhode Island": 0.6862985683620504, "South Carolina": 0.9521885735339336, "South Dakota": 0.9216770479617399, "Tennessee": 0.9636523683229026, "Texas": 0.8947369120223913, "Utah": 0.9035711930879106, "Vermont": 0.9192509628238306, "Virginia": 0.8189220743987287, "Washington": 0.9025447250607546, "West Virginia": 0.8970200887646426, "Wisconsin": 0.9689537572723956, "Wyoming": 0.6644111278580659}