{"Alabama": 0.9775522347916289, "Alaska": 0.7459047267070378, "Arizona": 0.8051592559894374, "Arkansas": 0.9773690064602327, "California": 0.8560980712376937, "Colorado": 0.7770335898231021, "Connecticut": 0.8415867512954734, "Delaware": 0.7040930240033149, "Florida": 0.7394993446902648, "Georgia": 0.9146716009795769, "Hawaii": 0.7005882213639142, "Idaho": 0.9118045033545714, "Illinois": 0.8980893687720594, "Indiana": 0.9725691464203928, "Iowa": 0.9657366556576656, "Kansas": 0.9629255714652992, "Kentucky": 0.9832531783093811, "Louisiana": 0.894087615449391, "Maine": 0.8880299519669126, "Maryland": 0.7312804568344333, "Massachusetts": 0.7815861334280477, "Michigan": 0.9502249976434186, "Minnesota": 0.9379457491705294, "Missouri": 0.94964495742587, "Montana": 0.7931833995315077, "Nebraska": 0.9281949743420216, "Nevada": 0.6080044810052802, "New Hampshire": 0.9215347642867296, "New Jersey": 0.8028450240666712, "New Mexico": 0.7974825718842051, "New York": 0.7205652163012589, "North Carolina": 0.9665881243806042, "North Dakota": 0.8287423981609, "Ohio": 0.955988898680684, "Oklahoma": 0.9086119013584966, "Oregon": 0.9560375520078885, "Pennsylvania": 0.9007691325046144, "Rhode Island": 0.8625709782058196, "South Carolina": 0.966389045611996, "South Dakota": 0.892486728039776, "Tennessee": 0.9733041351686836, "Texas": 0.8942959626606212, "Utah": 0.8978980611867952, "Vermont": 0.9175747015564156, "Virginia": 0.8133047259950493, "Washington": 0.9066469520492453, "West Virginia": 0.8822538974903644, "Wisconsin": 0.9744133169492594, "Wyoming": 0.6739838133674648}