{"Alabama": 0.9718681994734671, "Alaska": 0.7783718128048092, "Arizona": 0.8460327275839405, "Arkansas": 0.9599562904060183, "California": 0.853427156172629, "Colorado": 0.8043254721490947, "Connecticut": 0.8414590841755583, "Delaware": 0.6824875545361363, "Florida": 0.7977270674679791, "Georgia": 0.888861818517615, "Hawaii": 0.7724127438444669, "Idaho": 0.9191197978423571, "Illinois": 0.8901138050978162, "Indiana": 0.9616558019721028, "Iowa": 0.9606570994866264, "Kansas": 0.9537523345532315, "Kentucky": 0.9799773222141024, "Louisiana": 0.9033397572884366, "Maine": 0.8963427531710586, "Maryland": 0.773862243845245, "Massachusetts": 0.7883330182364258, "Michigan": 0.9378489977835813, "Minnesota": 0.9271213067108308, "Missouri": 0.9445275642619821, "Montana": 0.8593862606076526, "Nebraska": 0.9054409029719347, "Nevada": 0.676016224939961, "New Hampshire": 0.9337167658597851, "New Jersey": 0.7963432922546337, "New Mexico": 0.8521759524885967, "New York": 0.7370500616135427, "North Carolina": 0.953233871973652, "North Dakota": 0.8886419946549093, "Ohio": 0.9533034781652467, "Oklahoma": 0.9140413103990356, "Oregon": 0.9493616547511652, "Pennsylvania": 0.8969802426386457, "Rhode Island": 0.8673141259085282, "South Carolina": 0.9543910574081774, "South Dakota": 0.9242620123762251, "Tennessee": 0.967408245028977, "Texas": 0.8992857841437505, "Utah": 0.9011728777474665, "Vermont": 0.9215354305108988, "Virginia": 0.8199625827860696, "Washington": 0.9096784290734703, "West Virginia": 0.8965761421913526, "Wisconsin": 0.968459101749915, "Wyoming": 0.724268339787506}