{"Alabama": 0.9774414018919012, "Alaska": 0.779213555017068, "Arizona": 0.8568688851739998, "Arkansas": 0.9642198940846195, "California": 0.8536188094823066, "Colorado": 0.8107156323458823, "Connecticut": 0.8456150041685918, "Delaware": 0.8056247510909619, "Florida": 0.818203179029386, "Georgia": 0.8942465021238826, "Hawaii": 0.7739818062719509, "Idaho": 0.9250429067832298, "Illinois": 0.8930352575240328, "Indiana": 0.9622135461454902, "Iowa": 0.9613202527266418, "Kansas": 0.9570648283959525, "Kentucky": 0.9810145540217455, "Louisiana": 0.9115102651708422, "Maine": 0.9011881504187967, "Maryland": 0.7826551310767987, "Massachusetts": 0.7885489537272373, "Michigan": 0.9373916672223642, "Minnesota": 0.9227568341512955, "Missouri": 0.9476701943275456, "Montana": 0.8675144857817857, "Nebraska": 0.9093858290012419, "Nevada": 0.6759875058245409, "New Hampshire": 0.938221764368171, "New Jersey": 0.8009131278880781, "New Mexico": 0.8545337010755995, "New York": 0.7383898964055591, "North Carolina": 0.9551908785620215, "North Dakota": 0.8936166439525788, "Ohio": 0.9506991822951915, "Oklahoma": 0.9196602725092344, "Oregon": 0.9551980373547218, "Pennsylvania": 0.8958073707462756, "Rhode Island": 0.8587697920902166, "South Carolina": 0.9562100968882031, "South Dakota": 0.9281825974671193, "Tennessee": 0.9702565020188404, "Texas": 0.9072393907721125, "Utah": 0.9031610076495392, "Vermont": 0.9226255100369544, "Virginia": 0.8219775356563142, "Washington": 0.9190848550912561, "West Virginia": 0.8996661979626239, "Wisconsin": 0.9641940229392177, "Wyoming": 0.7006877436041182}