{"Alabama": 0.9799591266218226, "Alaska": 0.7567551835663742, "Arizona": 0.8151666880426277, "Arkansas": 0.9798445902456024, "California": 0.8541651235614369, "Colorado": 0.7829205485580861, "Connecticut": 0.8434210992968494, "Delaware": 0.807128355635486, "Florida": 0.7607813463439709, "Georgia": 0.91636616859487, "Hawaii": 0.7063061902047467, "Idaho": 0.9198350229710089, "Illinois": 0.8989468067754817, "Indiana": 0.9703983366847003, "Iowa": 0.9673376715408979, "Kansas": 0.9661026654114058, "Kentucky": 0.9845903714551111, "Louisiana": 0.9014087434521513, "Maine": 0.8940523244739044, "Maryland": 0.7395912891396971, "Massachusetts": 0.7803586505674208, "Michigan": 0.9465063319679119, "Minnesota": 0.9336634057674111, "Missouri": 0.9531025225060618, "Montana": 0.8086463578789859, "Nebraska": 0.9329680903118249, "Nevada": 0.6128739128974364, "New Hampshire": 0.9245412155032947, "New Jersey": 0.8049733115801829, "New Mexico": 0.8043410318786168, "New York": 0.7198823065479707, "North Carolina": 0.9656470636736946, "North Dakota": 0.8412583442925016, "Ohio": 0.9529267127608861, "Oklahoma": 0.9174883221294072, "Oregon": 0.9609198356791555, "Pennsylvania": 0.8992643871488534, "Rhode Island": 0.8536043645297385, "South Carolina": 0.9657416403706051, "South Dakota": 0.9043966982534719, "Tennessee": 0.9744691440197856, "Texas": 0.9012251441847993, "Utah": 0.8983845609872837, "Vermont": 0.9181367204834257, "Virginia": 0.8121161673073035, "Washington": 0.9168123226428339, "West Virginia": 0.8863454488615887, "Wisconsin": 0.9696150333160585, "Wyoming": 0.6564814176499001}