{"Alabama": 0.9788112681184052, "Alaska": 0.7704694203924438, "Arizona": 0.8295871486588884, "Arkansas": 0.9788594055630933, "California": 0.8539918279730659, "Colorado": 0.7868999902672054, "Connecticut": 0.8424357428232635, "Delaware": 0.8192374796821024, "Florida": 0.7797659793729996, "Georgia": 0.9153383796709897, "Hawaii": 0.7307536576415238, "Idaho": 0.927691868365903, "Illinois": 0.9007405760546937, "Indiana": 0.967616626693834, "Iowa": 0.963304239953141, "Kansas": 0.9647518303950522, "Kentucky": 0.9851393669860739, "Louisiana": 0.9164764443301154, "Maine": 0.9066978220184551, "Maryland": 0.7518792406770082, "Massachusetts": 0.7805194593879782, "Michigan": 0.9446339858282787, "Minnesota": 0.9302159755699454, "Missouri": 0.9557719166945132, "Montana": 0.8269468784222659, "Nebraska": 0.9358495685440431, "Nevada": 0.638114281336002, "New Hampshire": 0.9277468943870852, "New Jersey": 0.801886030048441, "New Mexico": 0.814095836359303, "New York": 0.7300268368024067, "North Carolina": 0.964410315257493, "North Dakota": 0.8478713603415419, "Ohio": 0.9521159744353426, "Oklahoma": 0.9179718899968903, "Oregon": 0.9631204628983442, "Pennsylvania": 0.9013119472052482, "Rhode Island": 0.8555334267996093, "South Carolina": 0.9644093902218032, "South Dakota": 0.9095228102812104, "Tennessee": 0.9745823520124662, "Texas": 0.9066793550680631, "Utah": 0.896176767745596, "Vermont": 0.9233516345845425, "Virginia": 0.808644011286194, "Washington": 0.9190505057747653, "West Virginia": 0.8935511931644514, "Wisconsin": 0.9647854918963393, "Wyoming": 0.6634692889644068}