{"Alabama": 0.9758752255630979, "Alaska": 0.7905490356323435, "Arizona": 0.8681161456361054, "Arkansas": 0.9635533919698102, "California": 0.8527004498583897, "Colorado": 0.8131063184727391, "Connecticut": 0.8437094288154731, "Delaware": 0.8161902365215142, "Florida": 0.8338393652056195, "Georgia": 0.8965455953824143, "Hawaii": 0.7938251932223752, "Idaho": 0.9314868956839578, "Illinois": 0.8947187359493212, "Indiana": 0.96054100827409, "Iowa": 0.9590247535578089, "Kansas": 0.9565727807838648, "Kentucky": 0.9822448879978346, "Louisiana": 0.9253121757686997, "Maine": 0.9118429319514723, "Maryland": 0.7939823841419795, "Massachusetts": 0.788012477726983, "Michigan": 0.9350162890212433, "Minnesota": 0.9188424588353413, "Missouri": 0.949977241424277, "Montana": 0.8823717106710961, "Nebraska": 0.9142624702594125, "Nevada": 0.6975824786383517, "New Hampshire": 0.9375149541398643, "New Jersey": 0.8009995711244506, "New Mexico": 0.8603644155616382, "New York": 0.7502524647123743, "North Carolina": 0.9547851088150191, "North Dakota": 0.9031042124963417, "Ohio": 0.9494549581361872, "Oklahoma": 0.9203348714212534, "Oregon": 0.9580934913936319, "Pennsylvania": 0.897571321443303, "Rhode Island": 0.8605355495025994, "South Carolina": 0.9579499201550311, "South Dakota": 0.9316431608662645, "Tennessee": 0.9706123029598128, "Texas": 0.9116613333255142, "Utah": 0.8990626769467382, "Vermont": 0.9249670401898521, "Virginia": 0.818975925376169, "Washington": 0.919239117707203, "West Virginia": 0.9059925370015156, "Wisconsin": 0.9598511147391436, "Wyoming": 0.707274089734452}