{"Alabama": 0.9755362748827818, "Alaska": 0.7963232823535777, "Arizona": 0.8783458223259177, "Arkansas": 0.9621126102461367, "California": 0.8538132789921199, "Colorado": 0.8188962913820351, "Connecticut": 0.8363599179311317, "Delaware": 0.8162381021539387, "Florida": 0.8530740808775805, "Georgia": 0.9003352056817668, "Hawaii": 0.8137838196975191, "Idaho": 0.9388569666975203, "Illinois": 0.8944858192518929, "Indiana": 0.9581220779565933, "Iowa": 0.9540018232606925, "Kansas": 0.9546662336631188, "Kentucky": 0.9812048467263486, "Louisiana": 0.9274090127588781, "Maine": 0.923229546445442, "Maryland": 0.8025735252606747, "Massachusetts": 0.7887914822056186, "Michigan": 0.9324642968354069, "Minnesota": 0.911192805761376, "Missouri": 0.9487109045566663, "Montana": 0.8930008588669184, "Nebraska": 0.916124006205668, "Nevada": 0.7121922841397711, "New Hampshire": 0.935413442308096, "New Jersey": 0.805562753395069, "New Mexico": 0.8685305843080605, "New York": 0.759733682344572, "North Carolina": 0.95712216370267, "North Dakota": 0.9104981123098589, "Ohio": 0.9437603069813181, "Oklahoma": 0.9115175093696504, "Oregon": 0.9517877091631916, "Pennsylvania": 0.896254460493253, "Rhode Island": 0.8571337213041903, "South Carolina": 0.9636517138411225, "South Dakota": 0.9333581363864238, "Tennessee": 0.9691753353496392, "Texas": 0.911625800943934, "Utah": 0.9005408668922933, "Vermont": 0.9255743810942683, "Virginia": 0.8168863846842574, "Washington": 0.9194163126225473, "West Virginia": 0.9020567072527642, "Wisconsin": 0.9510628935390625, "Wyoming": 0.6919990985659521}