{"Alabama": 0.97786206043114, "Alaska": 0.7750132095561156, "Arizona": 0.8416680431768782, "Arkansas": 0.9764135785033062, "California": 0.8546521240490641, "Colorado": 0.7937627418773522, "Connecticut": 0.8364759130201962, "Delaware": 0.8160893157558697, "Florida": 0.799791718226186, "Georgia": 0.9164579481377861, "Hawaii": 0.7513502961749106, "Idaho": 0.9345955931229355, "Illinois": 0.8999096866911009, "Indiana": 0.9646942209346584, "Iowa": 0.9571235447612386, "Kansas": 0.9621123864887574, "Kentucky": 0.9838798429101033, "Louisiana": 0.9179957675205215, "Maine": 0.9177170536500574, "Maryland": 0.7613186623885891, "Massachusetts": 0.7801836395785061, "Michigan": 0.9407309351953177, "Minnesota": 0.9230911483504405, "Missouri": 0.9549034740025584, "Montana": 0.8390158555919536, "Nebraska": 0.936541631513982, "Nevada": 0.6546164095165943, "New Hampshire": 0.9279494645233691, "New Jersey": 0.8034354477189677, "New Mexico": 0.8223838757807247, "New York": 0.7365556203217191, "North Carolina": 0.9646673568207658, "North Dakota": 0.856503111929869, "Ohio": 0.946959006185099, "Oklahoma": 0.9109627909804853, "Oregon": 0.9574859467346686, "Pennsylvania": 0.8994856075992278, "Rhode Island": 0.8513702937889277, "South Carolina": 0.9678212402522537, "South Dakota": 0.9121063562621422, "Tennessee": 0.9732162381563484, "Texas": 0.9065198503260978, "Utah": 0.8986686126870994, "Vermont": 0.9245531139122405, "Virginia": 0.8056097176615501, "Washington": 0.9213941656464174, "West Virginia": 0.8895830792893663, "Wisconsin": 0.9562098693395822, "Wyoming": 0.6483181177483478}