{"Alabama": 0.9758726820313429, "Alaska": 0.8252553177014162, "Arizona": 0.8825197842113984, "Arkansas": 0.9647291590019745, "California": 0.8572055586928073, "Colorado": 0.8229641604268949, "Connecticut": 0.8339388135552591, "Delaware": 0.8223448297953291, "Florida": 0.8644498021697139, "Georgia": 0.9082486310404047, "Hawaii": 0.8389723801788685, "Idaho": 0.9421967357519982, "Illinois": 0.897916190052624, "Indiana": 0.967535935136822, "Iowa": 0.9551229617957417, "Kansas": 0.9585060887367746, "Kentucky": 0.9826464700601504, "Louisiana": 0.939348164011658, "Maine": 0.9348833373766021, "Maryland": 0.816335039163668, "Massachusetts": 0.7972798682320739, "Michigan": 0.9391249211235096, "Minnesota": 0.9102327560835032, "Missouri": 0.9526891993363501, "Montana": 0.9078092368163726, "Nebraska": 0.9242695695855316, "Nevada": 0.7165152531914006, "New Hampshire": 0.9371831591621004, "New Jersey": 0.822890780358205, "New Mexico": 0.8810980694391224, "New York": 0.7848027598321319, "North Carolina": 0.9583266295762255, "North Dakota": 0.9215964217916309, "Ohio": 0.9461174947337662, "Oklahoma": 0.9270033413734522, "Oregon": 0.9469200332753162, "Pennsylvania": 0.9026991553761162, "Rhode Island": 0.8624632597698085, "South Carolina": 0.966237120482637, "South Dakota": 0.9361531174302743, "Tennessee": 0.9709930481935052, "Texas": 0.9195100752298329, "Utah": 0.8945524211991214, "Vermont": 0.927277081511557, "Virginia": 0.8146846450482967, "Washington": 0.9194176921814482, "West Virginia": 0.9111996375283141, "Wisconsin": 0.9540837242058994, "Wyoming": 0.7356113670962984}