{"Alabama": 0.9771066241720532, "Alaska": 0.8018721601246594, "Arizona": 0.8479703777765973, "Arkansas": 0.9789749474110816, "California": 0.8546610184768966, "Colorado": 0.7972678627039985, "Connecticut": 0.8313982280628704, "Delaware": 0.8157973967965844, "Florida": 0.8111094010739797, "Georgia": 0.9153406800304646, "Hawaii": 0.7796970876091688, "Idaho": 0.9383096684695817, "Illinois": 0.8982216462302876, "Indiana": 0.9698883097442325, "Iowa": 0.9587104456880756, "Kansas": 0.9645213968815954, "Kentucky": 0.9852611180816032, "Louisiana": 0.9268886460694519, "Maine": 0.9249310891698206, "Maryland": 0.7739164905159068, "Massachusetts": 0.7827368450682496, "Michigan": 0.9407282513653581, "Minnesota": 0.91972822358351, "Missouri": 0.9561108985413999, "Montana": 0.8569983957329259, "Nebraska": 0.941098352129989, "Nevada": 0.6603519484140911, "New Hampshire": 0.9282225865741326, "New Jersey": 0.8107341542046355, "New Mexico": 0.8366643336431699, "New York": 0.7545460788133682, "North Carolina": 0.9616718621443753, "North Dakota": 0.8713096100645833, "Ohio": 0.9460491691741489, "Oklahoma": 0.9230590748770217, "Oregon": 0.9512282258941303, "Pennsylvania": 0.900978358442351, "Rhode Island": 0.8502609969509537, "South Carolina": 0.9673540616367586, "South Dakota": 0.9145172404753903, "Tennessee": 0.9727499670349503, "Texas": 0.9116666466515035, "Utah": 0.8912004301535187, "Vermont": 0.9251684564027042, "Virginia": 0.7999585530517556, "Washington": 0.9215378012459337, "West Virginia": 0.896453772156336, "Wisconsin": 0.9575208692719298, "Wyoming": 0.6940816111574183}