{"Alabama": 0.9772426142442784, "Alaska": 0.8021018464224077, "Arizona": 0.8542997089521558, "Arkansas": 0.9784204091463675, "California": 0.8522511498749682, "Colorado": 0.8008109829639624, "Connecticut": 0.8338073718555571, "Delaware": 0.8226193671730723, "Florida": 0.8180568794446347, "Georgia": 0.9149064364627292, "Hawaii": 0.7836373721334752, "Idaho": 0.9399800548179817, "Illinois": 0.9013282246794447, "Indiana": 0.9653701691716509, "Iowa": 0.9541293948099354, "Kansas": 0.9645603335361619, "Kentucky": 0.9859585102867375, "Louisiana": 0.9293359933557999, "Maine": 0.9242190288513218, "Maryland": 0.7815696976313772, "Massachusetts": 0.7927604124488341, "Michigan": 0.944853746762818, "Minnesota": 0.9200072874058908, "Missouri": 0.9551641634980421, "Montana": 0.8559188680526922, "Nebraska": 0.9394391228741136, "Nevada": 0.6545505119986627, "New Hampshire": 0.9287336633187149, "New Jersey": 0.8184858088957199, "New Mexico": 0.841811670388098, "New York": 0.7641700425754662, "North Carolina": 0.961340059182542, "North Dakota": 0.8590509038507652, "Ohio": 0.947028145107658, "Oklahoma": 0.9117253234838841, "Oregon": 0.9489873210906422, "Pennsylvania": 0.9048924044418674, "Rhode Island": 0.8543389680369865, "South Carolina": 0.9637903535501764, "South Dakota": 0.9130655743822772, "Tennessee": 0.9738945606353497, "Texas": 0.9120347234222483, "Utah": 0.8967814076986725, "Vermont": 0.9259525486600272, "Virginia": 0.7988205440150532, "Washington": 0.917792264960923, "West Virginia": 0.8949459918414222, "Wisconsin": 0.954357187194588, "Wyoming": 0.682510124039551}