{"Alabama": 0.9770102903342598, "Alaska": 0.8226316564105869, "Arizona": 0.8907164634648689, "Arkansas": 0.9679523511016561, "California": 0.8553402637687544, "Colorado": 0.8286010420776542, "Connecticut": 0.837873849838755, "Delaware": 0.8298490907067837, "Florida": 0.8755117774301479, "Georgia": 0.9130544747528405, "Hawaii": 0.8435742318082872, "Idaho": 0.9458011299627624, "Illinois": 0.9054176798122076, "Indiana": 0.9609175770956803, "Iowa": 0.9509934303628697, "Kansas": 0.9598383285656774, "Kentucky": 0.9846483690822919, "Louisiana": 0.9455888310928341, "Maine": 0.9362663206727001, "Maryland": 0.8264436358957423, "Massachusetts": 0.8111933304231069, "Michigan": 0.9434858656147718, "Minnesota": 0.9153754576414421, "Missouri": 0.9538093549882091, "Montana": 0.9075807176791838, "Nebraska": 0.9251166524658193, "Nevada": 0.7080739734063655, "New Hampshire": 0.9358491868133728, "New Jersey": 0.8328120687797709, "New Mexico": 0.888258135687482, "New York": 0.8011381675770846, "North Carolina": 0.9580791121517515, "North Dakota": 0.8956304382294572, "Ohio": 0.9506619196367954, "Oklahoma": 0.924721811899688, "Oregon": 0.9464633926042895, "Pennsylvania": 0.9108813012157971, "Rhode Island": 0.8718893979460941, "South Carolina": 0.962195746942029, "South Dakota": 0.9397545364822781, "Tennessee": 0.9746938824549443, "Texas": 0.9221159959988267, "Utah": 0.8949261708111136, "Vermont": 0.9284157808805993, "Virginia": 0.8162137188609886, "Washington": 0.9165679034502932, "West Virginia": 0.9101278959117775, "Wisconsin": 0.9492421414957022, "Wyoming": 0.7093631256298482}