{"Alabama": 0.9777269680229178, "Alaska": 0.8125101532294656, "Arizona": 0.8606061820839528, "Arkansas": 0.980232851759609, "California": 0.853342527471453, "Colorado": 0.807470479944944, "Connecticut": 0.8355371267428578, "Delaware": 0.8207150993478329, "Florida": 0.8273996367501231, "Georgia": 0.9187258236054024, "Hawaii": 0.7917997861849739, "Idaho": 0.9414567941124871, "Illinois": 0.905894459953542, "Indiana": 0.9627668382796967, "Iowa": 0.9509682747959425, "Kansas": 0.9642240490167383, "Kentucky": 0.9861639240384948, "Louisiana": 0.9366683016996763, "Maine": 0.9300358926666701, "Maryland": 0.7884033315425686, "Massachusetts": 0.7974193852483997, "Michigan": 0.9488701788213945, "Minnesota": 0.9241108374548795, "Missouri": 0.9571899396854503, "Montana": 0.8616838663728946, "Nebraska": 0.9398807449810462, "Nevada": 0.659659666166558, "New Hampshire": 0.9298191293902668, "New Jersey": 0.820422295581251, "New Mexico": 0.8505119975601606, "New York": 0.7717414999327229, "North Carolina": 0.962392854524585, "North Dakota": 0.850430427045235, "Ohio": 0.950991095536093, "Oklahoma": 0.9234374507866835, "Oregon": 0.9514678870890875, "Pennsylvania": 0.9094958977546672, "Rhode Island": 0.861184689206109, "South Carolina": 0.9639103227647963, "South Dakota": 0.9172462047378047, "Tennessee": 0.9757609664891918, "Texas": 0.9155210025849563, "Utah": 0.8942825201941224, "Vermont": 0.9293456089063556, "Virginia": 0.8029500574182343, "Washington": 0.9210706961641623, "West Virginia": 0.8982230114705378, "Wisconsin": 0.9491553166743478, "Wyoming": 0.6750972790841587}