{"Alabama": 0.9773519639365206, "Alaska": 0.8013302203431018, "Arizona": 0.8666125371906488, "Arkansas": 0.9783317087715767, "California": 0.8559651874791758, "Colorado": 0.8078054441694651, "Connecticut": 0.8383874281581714, "Delaware": 0.815185288099895, "Florida": 0.8264462250000361, "Georgia": 0.9171424911487259, "Hawaii": 0.791064024458543, "Idaho": 0.9446680806863135, "Illinois": 0.9034092800206013, "Indiana": 0.9609915047404283, "Iowa": 0.9506583553647654, "Kansas": 0.9628656879532994, "Kentucky": 0.9852402536336321, "Louisiana": 0.931515516582987, "Maine": 0.9301199292548421, "Maryland": 0.7840042015517692, "Massachusetts": 0.7891994903871622, "Michigan": 0.9475415276508397, "Minnesota": 0.9218335904060917, "Missouri": 0.9513050151965471, "Montana": 0.8587051533588642, "Nebraska": 0.9373740943037919, "Nevada": 0.6688402173421697, "New Hampshire": 0.928780402151098, "New Jersey": 0.8171091060022423, "New Mexico": 0.8458685489628702, "New York": 0.769964498477146, "North Carolina": 0.9617567426389674, "North Dakota": 0.8182324792106513, "Ohio": 0.9519793740539525, "Oklahoma": 0.898563897003126, "Oregon": 0.9509536257828897, "Pennsylvania": 0.9077807929856434, "Rhode Island": 0.861501498824128, "South Carolina": 0.9639128020964681, "South Dakota": 0.9124264002373469, "Tennessee": 0.974867718732443, "Texas": 0.9092890563680842, "Utah": 0.8964256386305457, "Vermont": 0.9290233518149738, "Virginia": 0.8022018449078742, "Washington": 0.9208733760366686, "West Virginia": 0.8910902727410522, "Wisconsin": 0.9455390318368787, "Wyoming": 0.6541832905988572}