{"Alabama": 0.9764562629289336, "Alaska": 0.8081155375710933, "Arizona": 0.8949206857557648, "Arkansas": 0.9632430497987846, "California": 0.8592528156535333, "Colorado": 0.8273396181242441, "Connecticut": 0.8408612472249269, "Delaware": 0.8200388782538116, "Florida": 0.8730892906270182, "Georgia": 0.9092663671953414, "Hawaii": 0.8399902399753277, "Idaho": 0.9476363956118673, "Illinois": 0.9010101800817802, "Indiana": 0.9584865113966226, "Iowa": 0.9502949170606276, "Kansas": 0.9577934882120751, "Kentucky": 0.9842188060315654, "Louisiana": 0.9386356004053124, "Maine": 0.9340811675483571, "Maryland": 0.8216787970843763, "Massachusetts": 0.802053410030985, "Michigan": 0.9410667882804157, "Minnesota": 0.9121380487097068, "Missouri": 0.9469638704710484, "Montana": 0.9046409691639342, "Nebraska": 0.9212599759125639, "Nevada": 0.7156551535571475, "New Hampshire": 0.934798391532853, "New Jersey": 0.828423690149657, "New Mexico": 0.8829541626406574, "New York": 0.7975508361567462, "North Carolina": 0.9566646815045203, "North Dakota": 0.8593684212096377, "Ohio": 0.9500579045564935, "Oklahoma": 0.8979179787060053, "Oregon": 0.9459940624189309, "Pennsylvania": 0.9072622077711081, "Rhode Island": 0.8715751099262581, "South Carolina": 0.960934008599782, "South Dakota": 0.9369915010946911, "Tennessee": 0.9733370026871803, "Texas": 0.9144844545175115, "Utah": 0.896036885002739, "Vermont": 0.9260810154812253, "Virginia": 0.8143881024338055, "Washington": 0.9159306358359782, "West Virginia": 0.9029255489706685, "Wisconsin": 0.9450180706868855, "Wyoming": 0.6882487098267515}