{"Alabama": 0.9764052826525176, "Alaska": 0.8118048605038657, "Arizona": 0.8933297948611435, "Arkansas": 0.9631179938135663, "California": 0.8583216265305894, "Colorado": 0.8217613217119353, "Connecticut": 0.8398155993044726, "Delaware": 0.8164713390652503, "Florida": 0.8723579736940291, "Georgia": 0.9096846311268668, "Hawaii": 0.8432413151594981, "Idaho": 0.9492287643367666, "Illinois": 0.8952121851249614, "Indiana": 0.9543966850326532, "Iowa": 0.9476539845175422, "Kansas": 0.9521437678475374, "Kentucky": 0.9828987460363378, "Louisiana": 0.9395759059407883, "Maine": 0.9297818357423338, "Maryland": 0.821133388657824, "Massachusetts": 0.7939037065562733, "Michigan": 0.9364503431050883, "Minnesota": 0.9053947303802625, "Missouri": 0.9455628536684141, "Montana": 0.902452128516398, "Nebraska": 0.9206126722479229, "Nevada": 0.7250412190137622, "New Hampshire": 0.931354499669332, "New Jersey": 0.8250931272574461, "New Mexico": 0.8810380388114151, "New York": 0.7936101329384534, "North Carolina": 0.9560745463649375, "North Dakota": 0.8498339738495203, "Ohio": 0.9468874744630958, "Oklahoma": 0.8920096738925103, "Oregon": 0.9440459728709609, "Pennsylvania": 0.9025524356623571, "Rhode Island": 0.8636873880085427, "South Carolina": 0.9619116787907973, "South Dakota": 0.9306874811291881, "Tennessee": 0.9716990641924851, "Texas": 0.9112816275335357, "Utah": 0.8918172457625955, "Vermont": 0.9225309620688052, "Virginia": 0.817049356722131, "Washington": 0.9153827258207157, "West Virginia": 0.9027601834594293, "Wisconsin": 0.9421241583543836, "Wyoming": 0.7051165181185582}