{"Alabama": 0.977612610677388, "Alaska": 0.8090205651504178, "Arizona": 0.8663094089167876, "Arkansas": 0.9775288751519302, "California": 0.8552911119915279, "Colorado": 0.8036725123484557, "Connecticut": 0.8386485163756727, "Delaware": 0.8106788724508165, "Florida": 0.8272133640017126, "Georgia": 0.9169273339170458, "Hawaii": 0.7959025816586083, "Idaho": 0.9467671864019634, "Illinois": 0.8990350324805161, "Indiana": 0.9574586442731712, "Iowa": 0.945801299719102, "Kansas": 0.9577351042503224, "Kentucky": 0.9834314008018257, "Louisiana": 0.933159320487994, "Maine": 0.9268899579380611, "Maryland": 0.784095741915605, "Massachusetts": 0.7826811206567198, "Michigan": 0.9452415330082028, "Minnesota": 0.9159757121010211, "Missouri": 0.9501218070863702, "Montana": 0.8571762276277815, "Nebraska": 0.9358537005583848, "Nevada": 0.6803598550179009, "New Hampshire": 0.9270471177322389, "New Jersey": 0.8145322606158283, "New Mexico": 0.8441285039243014, "New York": 0.7677329395384368, "North Carolina": 0.9623306783367189, "North Dakota": 0.8074782797922344, "Ohio": 0.9498717904186383, "Oklahoma": 0.8923405762238334, "Oregon": 0.9495063186884999, "Pennsylvania": 0.9043119730999938, "Rhode Island": 0.8563073301316089, "South Carolina": 0.965328592148609, "South Dakota": 0.9061448799960925, "Tennessee": 0.9737668857326344, "Texas": 0.9068521972494054, "Utah": 0.8938364106922189, "Vermont": 0.9267081245337784, "Virginia": 0.8057662125724604, "Washington": 0.9206090152776809, "West Virginia": 0.8908599062062355, "Wisconsin": 0.9432609785415006, "Wyoming": 0.6722456704889158}