{"Alabama": 0.9775438111797472, "Alaska": 0.8050259958352514, "Arizona": 0.8944588899886002, "Arkansas": 0.9636158626276792, "California": 0.86008874903666, "Colorado": 0.8204280349137033, "Connecticut": 0.8376944442455756, "Delaware": 0.8082461014877675, "Florida": 0.8741935060364342, "Georgia": 0.9080691696724261, "Hawaii": 0.8418262482183111, "Idaho": 0.9466937672544864, "Illinois": 0.8950523080347126, "Indiana": 0.9535994195973382, "Iowa": 0.9468795998311078, "Kansas": 0.9507386643022914, "Kentucky": 0.9842238497339786, "Louisiana": 0.9353536523363273, "Maine": 0.9277263228523742, "Maryland": 0.8148343152014492, "Massachusetts": 0.7877423776796673, "Michigan": 0.9375863345441917, "Minnesota": 0.9036010341419973, "Missouri": 0.9446349163733028, "Montana": 0.8986842504832576, "Nebraska": 0.9185586396200742, "Nevada": 0.7270913384353108, "New Hampshire": 0.9316294184853043, "New Jersey": 0.8236172549299097, "New Mexico": 0.8741061132658194, "New York": 0.7908410257353509, "North Carolina": 0.953959950965165, "North Dakota": 0.8292135087279955, "Ohio": 0.9471539752943882, "Oklahoma": 0.8860097855911101, "Oregon": 0.9443058507538301, "Pennsylvania": 0.898609579706581, "Rhode Island": 0.8619821095045802, "South Carolina": 0.9624005393102675, "South Dakota": 0.9282999549803373, "Tennessee": 0.971456082146617, "Texas": 0.9075556456067877, "Utah": 0.8890534053367053, "Vermont": 0.9172539206427462, "Virginia": 0.8210433750288896, "Washington": 0.9152912810641124, "West Virginia": 0.902183651843661, "Wisconsin": 0.9420879032625051, "Wyoming": 0.6886695350288035}