{"Alabama": 0.9767904011504284, "Alaska": 0.8006811883461041, "Arizona": 0.8628358174141235, "Arkansas": 0.9798102935677774, "California": 0.8538738417146041, "Colorado": 0.7989649738363274, "Connecticut": 0.8308168790983826, "Delaware": 0.801658045650029, "Florida": 0.8257333139636079, "Georgia": 0.9127856149496445, "Hawaii": 0.7947679598379715, "Idaho": 0.9463973249897581, "Illinois": 0.8955740430425824, "Indiana": 0.9542567500396592, "Iowa": 0.9497285978488643, "Kansas": 0.958089603063082, "Kentucky": 0.9853780491157276, "Louisiana": 0.9261946617147925, "Maine": 0.9228307511566457, "Maryland": 0.7738682394158327, "Massachusetts": 0.7725321077939179, "Michigan": 0.9439419526675088, "Minnesota": 0.913278631223902, "Missouri": 0.9488779165851831, "Montana": 0.8580218430062827, "Nebraska": 0.937331731500194, "Nevada": 0.6794943087030101, "New Hampshire": 0.92373517177388, "New Jersey": 0.8099782174491402, "New Mexico": 0.8359636791169649, "New York": 0.7604335533820274, "North Carolina": 0.958665197928421, "North Dakota": 0.7935840402952977, "Ohio": 0.9472709983457162, "Oklahoma": 0.8887690213956307, "Oregon": 0.948930433338597, "Pennsylvania": 0.8982592401334358, "Rhode Island": 0.8517486397807847, "South Carolina": 0.9630079608220112, "South Dakota": 0.9098665806952292, "Tennessee": 0.9719216562748408, "Texas": 0.9000823961453411, "Utah": 0.887654049440378, "Vermont": 0.9213502241817995, "Virginia": 0.8070660053547677, "Washington": 0.9179617025473763, "West Virginia": 0.8893607934640049, "Wisconsin": 0.94301279069151, "Wyoming": 0.6583988832578195}