{"Alabama": 0.972080306564453, "Alaska": 0.6395631437980319, "Arizona": 0.7933186033329785, "California": 0.8329564106907111, "Colorado": 0.7346256457521452, "Connecticut": 0.8301103233514074, "Delaware": 0.7713517865987986, "Florida": 0.737317453227658, "Georgia": 0.899135990528788, "Hawaii": 0.5991056516182927, "Idaho": 0.8890809759106608, "Illinois": 0.8947271814161752, "Indiana": 0.9378292699649942, "Iowa": 0.9547001151832888, "Kansas": 0.9439924726878152, "Kentucky": 0.9786801131327141, "Louisiana": 0.8496570559079816, "Maine": 0.902615472654017, "Maryland": 0.7432552099779606, "Massachusetts": 0.7919399832385795, "Michigan": 0.8969430601074413, "Minnesota": 0.9298166771762749, "Mississippi": 0.9737616906683237, "Missouri": 0.9313181928646416, "Montana": 0.7622223879132306, "Nebraska": 0.9061461035461933, "Nevada": 0.43614041841828577, "New Hampshire": 0.9078279389855037, "New Jersey": 0.8007667661095861, "New Mexico": 0.7591481793792696, "New York": 0.7320902992219327, "North Carolina": 0.9636314347266798, "North Dakota": 0.8016943343621847, "Ohio": 0.9443520934271045, "Oklahoma": 0.8793503668687296, "Oregon": 0.9102985820766394, "Pennsylvania": 0.9221167205619886, "Rhode Island": 0.8618596224585208, "South Carolina": 0.9222352778674141, "South Dakota": 0.8718766595020124, "Tennessee": 0.9734941603863347, "Texas": 0.8738982523976079, "Utah": 0.8670473841236591, "Vermont": 0.8881437754210935, "Virginia": 0.8280635056730301, "Washington": 0.8980673858582968, "West Virginia": 0.8700977622189109, "Wisconsin": 0.9707326864255207, "Wyoming": 0.6295316017184901}