{"Alabama": 0.9685374008591896, "Alaska": 0.6537222763158141, "Arizona": 0.7908261500773275, "California": 0.8242215283881578, "Colorado": 0.7237019279381763, "Connecticut": 0.8256643881045894, "Delaware": 0.7761793719735717, "Florida": 0.726873951950662, "Georgia": 0.8944884385675452, "Hawaii": 0.6070234040226004, "Idaho": 0.8940751889781863, "Illinois": 0.8935638536014482, "Indiana": 0.9359612465673747, "Iowa": 0.9574767078261379, "Kansas": 0.9436111597405067, "Kentucky": 0.9783746996511848, "Louisiana": 0.8544329101233179, "Maine": 0.8999333041511776, "Maryland": 0.7404525871067387, "Massachusetts": 0.7850671595675385, "Michigan": 0.8963053466689649, "Minnesota": 0.9292997447699024, "Mississippi": 0.9663793475666121, "Missouri": 0.9323492889887427, "Montana": 0.7693508341431924, "Nebraska": 0.9066062141231421, "Nevada": 0.4305276855530277, "New Hampshire": 0.9027618558937164, "New Jersey": 0.7947929065826638, "New Mexico": 0.7615322597774044, "New York": 0.7278832038548552, "North Carolina": 0.9666643708602779, "North Dakota": 0.8059941162422404, "Ohio": 0.9439542580401994, "Oklahoma": 0.8818294178647297, "Oregon": 0.9105226658785167, "Pennsylvania": 0.9188534742597765, "Rhode Island": 0.8600559103840061, "South Carolina": 0.9224283606934239, "South Dakota": 0.8712395745864848, "Tennessee": 0.9693303908540637, "Texas": 0.8692554739440883, "Utah": 0.8639536364004506, "Vermont": 0.8831839819650977, "Virginia": 0.81261405305083, "Washington": 0.8908908926596711, "West Virginia": 0.8752226223514041, "Wisconsin": 0.9711889697594543, "Wyoming": 0.6377203773515336}