{"Alabama": 0.9678181370820533, "Alaska": 0.6603429972358704, "Arizona": 0.788699419666738, "California": 0.826563156535737, "Colorado": 0.718996269972097, "Connecticut": 0.8257389447158097, "Delaware": 0.7675928388216575, "Florida": 0.7216196263954182, "Georgia": 0.8898159467967265, "Hawaii": 0.6139049033441092, "Idaho": 0.8958395887990609, "Illinois": 0.894064261034786, "Indiana": 0.9390119117535567, "Iowa": 0.9569226405264095, "Kansas": 0.9452605332345292, "Kentucky": 0.9793850737223363, "Louisiana": 0.8522368065120507, "Maine": 0.897094718048779, "Maryland": 0.7414418894697343, "Massachusetts": 0.7803075683556846, "Michigan": 0.8987402555207665, "Minnesota": 0.9304858156083419, "Mississippi": 0.9659872646350471, "Missouri": 0.9321481175906831, "Montana": 0.7723101670320136, "Nebraska": 0.9121065844799843, "Nevada": 0.4415461155470128, "New Hampshire": 0.903379025590215, "New Jersey": 0.7966874128606396, "New Mexico": 0.7643385693136441, "New York": 0.7271128954829392, "North Carolina": 0.9686332197740884, "North Dakota": 0.8168332326546767, "Ohio": 0.9490358304629681, "Oklahoma": 0.8885595293090087, "Oregon": 0.9126853161626012, "Pennsylvania": 0.9215322862395937, "Rhode Island": 0.8639548073761301, "South Carolina": 0.9284927695316125, "South Dakota": 0.8766073084105144, "Tennessee": 0.9671643826957511, "Texas": 0.8685417439572395, "Utah": 0.859545905826162, "Vermont": 0.8847095124433124, "Virginia": 0.7996364436862123, "Washington": 0.8834024089606222, "West Virginia": 0.878736466440122, "Wisconsin": 0.9732714369501352, "Wyoming": 0.63733355244605}