{"Alabama": 0.8889751499725945, "Alaska": 0.6128132082750949, "Arizona": 0.7896880478062123, "California": 0.8249085636135536, "Colorado": 0.7258062782606889, "Connecticut": 0.8212417241081663, "Delaware": 0.7459893083703173, "Florida": 0.7435215574641333, "Georgia": 0.8933083045681057, "Hawaii": 0.569139015975566, "Idaho": 0.8995497023538142, "Illinois": 0.8922634737403347, "Indiana": 0.9421325109042821, "Iowa": 0.9550531074850267, "Kansas": 0.9414948681725405, "Kentucky": 0.977863191085435, "Louisiana": 0.8641541327035799, "Maine": 0.894467215969861, "Maryland": 0.7460808467013939, "Massachusetts": 0.7704838379135184, "Michigan": 0.8997297978192162, "Minnesota": 0.9280888581424874, "Mississippi": 0.9655981299531331, "Missouri": 0.9289729213972583, "Montana": 0.7816763020408729, "Nebraska": 0.9174259009884888, "Nevada": 0.47208108048570546, "New Hampshire": 0.8967205207029332, "New Jersey": 0.797527723882897, "New Mexico": 0.7690121978625262, "New York": 0.7301046873467057, "North Carolina": 0.9638741596794006, "North Dakota": 0.8328931186378014, "Ohio": 0.9449276037564999, "Oklahoma": 0.8866248668047129, "Oregon": 0.910003232649973, "Pennsylvania": 0.9161396531561182, "Rhode Island": 0.8295793250479631, "South Carolina": 0.9354685025471906, "South Dakota": 0.8779215487173636, "Tennessee": 0.9653450969355629, "Texas": 0.8700654304766615, "Utah": 0.8601461066052378, "Vermont": 0.8832599577735729, "Virginia": 0.7996204674046831, "Washington": 0.8793349680580608, "West Virginia": 0.8738343152718413, "Wisconsin": 0.9714179313213098, "Wyoming": 0.5677686233677063}