{"Alabama": 0.9627845725730161, "Alaska": 0.6285804687042337, "Arizona": 0.7959823567937441, "California": 0.8271668970835044, "Colorado": 0.7427321105854439, "Connecticut": 0.8222875081433285, "Delaware": 0.7630752994117266, "Florida": 0.7592142157805045, "Georgia": 0.8966549183541701, "Hawaii": 0.5975466354532217, "Idaho": 0.9032995907254732, "Illinois": 0.897067185183391, "Indiana": 0.9381475821712164, "Iowa": 0.9567578051306729, "Kansas": 0.9443600679162031, "Kentucky": 0.9779419390657316, "Louisiana": 0.8753329217390811, "Maine": 0.8955652634592063, "Maryland": 0.7583602858783581, "Massachusetts": 0.7772624996250409, "Michigan": 0.8982212924247293, "Minnesota": 0.9269252627377086, "Mississippi": 0.960633990476304, "Missouri": 0.9322360451056209, "Montana": 0.7970370367880987, "Nebraska": 0.9284856299706788, "Nevada": 0.4996343664952921, "New Hampshire": 0.8894139121990153, "New Jersey": 0.8085245330190707, "New Mexico": 0.7895133084062891, "New York": 0.7460807611552093, "North Carolina": 0.965150849382018, "North Dakota": 0.8540277872313562, "Ohio": 0.9458283883240336, "Oklahoma": 0.8874587978082179, "Oregon": 0.91242530966715, "Pennsylvania": 0.9157890244786667, "Rhode Island": 0.7533903902451042, "South Carolina": 0.9334500042509802, "South Dakota": 0.8828993644050966, "Tennessee": 0.9628340625469625, "Texas": 0.87565537966726, "Utah": 0.861395879339749, "Vermont": 0.8125582502217238, "Virginia": 0.8078651054980067, "Washington": 0.8794520513871825, "West Virginia": 0.8805668315772077, "Wisconsin": 0.9695246735468415, "Wyoming": 0.4429962516122869}