{"Alabama": 0.960332413427892, "Alaska": 0.7565290456509445, "Arizona": 0.8027245555531183, "California": 0.8279715755888992, "Colorado": 0.7507416046624279, "Connecticut": 0.829254257439279, "Delaware": 0.783092911705347, "Florida": 0.7640843813455747, "Georgia": 0.8989496170772512, "Hawaii": 0.6209920318866604, "Idaho": 0.9026177389526726, "Illinois": 0.9047259963085631, "Indiana": 0.9386027529969322, "Iowa": 0.9590692494630706, "Kansas": 0.9486636153064207, "Kentucky": 0.9792535093001254, "Louisiana": 0.8829277857920488, "Maine": 0.9003402270989151, "Maryland": 0.7670313337573887, "Massachusetts": 0.7862064869154901, "Michigan": 0.9032431121380609, "Minnesota": 0.9308332566921942, "Mississippi": 0.9578031375158452, "Missouri": 0.9346345198252902, "Montana": 0.8050807932798364, "Nebraska": 0.9330405982928492, "Nevada": 0.5160830296599368, "New Hampshire": 0.8893527886534995, "New Jersey": 0.8239052178609042, "New Mexico": 0.7991697650568822, "New York": 0.762300694497942, "North Carolina": 0.9641385155440481, "North Dakota": 0.8670460150266449, "Ohio": 0.9494341574162773, "Oklahoma": 0.887656612875968, "Oregon": 0.9157336190969881, "Pennsylvania": 0.9184480840945054, "Rhode Island": 0.8679348316580475, "South Carolina": 0.9296572552663432, "South Dakota": 0.8910472963228714, "Tennessee": 0.9671508573647698, "Texas": 0.8774864006466211, "Utah": 0.8690898750577768, "Vermont": 0.8788232035470094, "Virginia": 0.8083610182084716, "Washington": 0.8800294927446928, "West Virginia": 0.8859166834062003, "Wisconsin": 0.9700296558113144, "Wyoming": 0.5860021503517622}