{"Alabama": 0.9637935283348065, "Alaska": 0.6866290592548067, "Arizona": 0.764298563195389, "California": 0.8324196935499186, "Colorado": 0.7199099797298604, "Connecticut": 0.8410648221100154, "Delaware": 0.7650416223983227, "Florida": 0.6913728053022443, "Georgia": 0.8974644041620862, "Hawaii": 0.5875983514675559, "Idaho": 0.8936684972838552, "Illinois": 0.8995527373829655, "Indiana": 0.981881406413536, "Iowa": 0.9676698045918459, "Kansas": 0.9602467582173922, "Kentucky": 0.9855083798857109, "Louisiana": 0.8516339970390451, "Maine": 0.8692567851642762, "Maryland": 0.6976980880316326, "Massachusetts": 0.7716441475189494, "Michigan": 0.9521148471083838, "Minnesota": 0.9409525721785751, "Mississippi": 0.9751831294323755, "Missouri": 0.9395136429782491, "Montana": 0.7275337404510314, "Nebraska": 0.9293841524392079, "Nevada": 0.46214075847102987, "New Hampshire": 0.8884272456237537, "New Jersey": 0.7957205977157895, "New Mexico": 0.7334078812119752, "New York": 0.7224594369429248, "North Carolina": 0.9612198943917598, "North Dakota": 0.8068864913226337, "Ohio": 0.961884254802735, "Oklahoma": 0.88482907063239, "Oregon": 0.9427284677988617, "Pennsylvania": 0.9074359303564412, "Rhode Island": 0.8555683013307342, "South Carolina": 0.9308744287337033, "South Dakota": 0.8659082973133564, "Tennessee": 0.9711106355604933, "Texas": 0.8650002763235335, "Utah": 0.8714491441673765, "Vermont": 0.8851600228892996, "Virginia": 0.7819007654426081, "Washington": 0.8789956019720225, "West Virginia": 0.8608557234200279, "Wisconsin": 0.982913702110267, "Wyoming": 0.5935258408319072}