{"Alabama": 0.9587876908256004, "Alaska": 0.7693419589334276, "Arizona": 0.8031966112620866, "California": 0.8291525432525879, "Colorado": 0.7535334964758186, "Connecticut": 0.8341105734890243, "Delaware": 0.7920059451384944, "Florida": 0.769390286790925, "Georgia": 0.8988878828422813, "Hawaii": 0.6874256501092575, "Idaho": 0.9027129870205483, "Illinois": 0.9030296648449135, "Indiana": 0.9372334754565655, "Iowa": 0.9601166410407472, "Kansas": 0.9529000716792906, "Kentucky": 0.9788570608559038, "Louisiana": 0.8888411281517871, "Maine": 0.9016557405210839, "Maryland": 0.7683279985824351, "Massachusetts": 0.7865053466783853, "Michigan": 0.9077495873886333, "Minnesota": 0.9324131339947489, "Mississippi": 0.9577983383781664, "Missouri": 0.938893654990007, "Montana": 0.8118428110468814, "Nebraska": 0.934415824850085, "Nevada": 0.5331325703973239, "New Hampshire": 0.8893943913303853, "New Jersey": 0.8251787473220639, "New Mexico": 0.80627902554825, "New York": 0.76410077243711, "North Carolina": 0.9632153466201248, "North Dakota": 0.8786133228078598, "Ohio": 0.9504591119061242, "Oklahoma": 0.8913889122560981, "Oregon": 0.9204342300396, "Pennsylvania": 0.9177957513338566, "Rhode Island": 0.6748814079554206, "South Carolina": 0.9254139958561425, "South Dakota": 0.8982895483316468, "Tennessee": 0.9637887340512118, "Texas": 0.8789564417487902, "Utah": 0.8722695523517299, "Vermont": 0.8820186075298521, "Virginia": 0.8015062091187726, "Washington": 0.8815395127474345, "West Virginia": 0.8886911330206845, "Wisconsin": 0.9694005805450457, "Wyoming": 0.5838051387890395}