{"Alabama": 0.959935128629679, "Alaska": 0.7812248844875841, "Arizona": 0.8053782123999089, "California": 0.8296152360847554, "Colorado": 0.7613171899921481, "Connecticut": 0.8388181294344922, "Delaware": 0.69196857823183, "Florida": 0.776223028758545, "Georgia": 0.8994591611552286, "Hawaii": 0.7071842739664725, "Idaho": 0.8993219073317005, "Illinois": 0.9044488856105883, "Indiana": 0.9364610334827466, "Iowa": 0.9615535617679911, "Kansas": 0.9565465209570805, "Kentucky": 0.9788124726711047, "Louisiana": 0.9005964502616712, "Maine": 0.9049413236997836, "Maryland": 0.7759533150357494, "Massachusetts": 0.7880230741986703, "Michigan": 0.9113633500843545, "Minnesota": 0.9354407277032849, "Mississippi": 0.9599562904060183, "Missouri": 0.9419545308393353, "Montana": 0.8223242369010103, "Nebraska": 0.9380780437993989, "Nevada": 0.549246166118352, "New Hampshire": 0.8922639171104075, "New Jersey": 0.8299258771812958, "New Mexico": 0.8174405073465654, "New York": 0.7676127041912701, "North Carolina": 0.9634275952540811, "North Dakota": 0.8899444325891966, "Ohio": 0.9512406910783284, "Oklahoma": 0.8950609797827042, "Oregon": 0.9252282978716602, "Pennsylvania": 0.9167607393240169, "Rhode Island": 0.8653988806502705, "South Carolina": 0.9251927009974923, "South Dakota": 0.9029947516905487, "Tennessee": 0.9649316285242506, "Texas": 0.884221223476658, "Utah": 0.8706032441946226, "Vermont": 0.8888485648871572, "Virginia": 0.8029802296594425, "Washington": 0.8888917617772446, "West Virginia": 0.8901911999616862, "Wisconsin": 0.96688341949596, "Wyoming": 0.6563496265899343}