{"Alabama": 0.9663060804152837, "Alaska": 0.7024995359185977, "Arizona": 0.7639718653275929, "California": 0.8294116016658314, "Colorado": 0.7259485632668069, "Connecticut": 0.8451628301333216, "Delaware": 0.6837962762351282, "Florida": 0.6990185078360757, "Georgia": 0.8970175718558583, "Hawaii": 0.6071122209840719, "Idaho": 0.8896948242953108, "Illinois": 0.9017555924878023, "Indiana": 0.9814004242153701, "Iowa": 0.9697163978625287, "Kansas": 0.9658597522153317, "Kentucky": 0.9864230348263164, "Louisiana": 0.8655921306411803, "Maine": 0.8716692369772971, "Maryland": 0.7048579011117144, "Massachusetts": 0.772416528446247, "Michigan": 0.95155013740038, "Minnesota": 0.9449146697167589, "Mississippi": 0.9773690064602327, "Missouri": 0.9416693521902124, "Montana": 0.7393709620804776, "Nebraska": 0.9330684579288954, "Nevada": 0.47892625316439036, "New Hampshire": 0.8929390084830834, "New Jersey": 0.7995191424577938, "New Mexico": 0.7468439119821207, "New York": 0.7253851426304384, "North Carolina": 0.9599849793153671, "North Dakota": 0.8217780297253645, "Ohio": 0.9633340324725861, "Oklahoma": 0.8893699843380182, "Oregon": 0.9480029518772303, "Pennsylvania": 0.9071471915627392, "Rhode Island": 0.8552402399349899, "South Carolina": 0.9291247915958707, "South Dakota": 0.8726908772606948, "Tennessee": 0.9719236119634523, "Texas": 0.8705931721037127, "Utah": 0.8707296606190784, "Vermont": 0.8909747032436092, "Virginia": 0.7801314891933807, "Washington": 0.8878996541832864, "West Virginia": 0.8622394172390495, "Wisconsin": 0.9822480637756137, "Wyoming": 0.5909338972507328}