{"Alabama": 0.9676537282390558, "Alaska": 0.7154827267088777, "Arizona": 0.7679822787149488, "California": 0.8265493573960407, "Colorado": 0.7298237170067181, "Connecticut": 0.8464583191785305, "Delaware": 0.78064964167589, "Florida": 0.7148811660822795, "Georgia": 0.8946235134215235, "Hawaii": 0.6217164881861591, "Idaho": 0.8893347218838001, "Illinois": 0.9023853383384572, "Indiana": 0.9811598055604638, "Iowa": 0.9712798631150624, "Kansas": 0.968966141160208, "Kentucky": 0.9866844552140058, "Louisiana": 0.8708710252591578, "Maine": 0.8779437682633751, "Maryland": 0.7099521597965399, "Massachusetts": 0.7733256026231459, "Michigan": 0.9493376707569313, "Minnesota": 0.9435744246429432, "Mississippi": 0.9798445902456026, "Missouri": 0.9442786197585642, "Montana": 0.7526084690886979, "Nebraska": 0.9374415848345451, "Nevada": 0.4964679603475235, "New Hampshire": 0.8948287701026436, "New Jersey": 0.8013903753343851, "New Mexico": 0.7517709356275771, "New York": 0.7261499567057124, "North Carolina": 0.9555647172004349, "North Dakota": 0.8319931757463486, "Ohio": 0.9631770086710125, "Oklahoma": 0.8945939865014415, "Oregon": 0.951368167556677, "Pennsylvania": 0.9077836115553414, "Rhode Island": 0.849944426318942, "South Carolina": 0.9263429217598979, "South Dakota": 0.8845152756844482, "Tennessee": 0.9716340646124972, "Texas": 0.8742624642510468, "Utah": 0.866760138663796, "Vermont": 0.8915879960317427, "Virginia": 0.7760487927979591, "Washington": 0.8973932132897022, "West Virginia": 0.8634532196527345, "Wisconsin": 0.9808627931271814, "Wyoming": 0.5748454030822704}