{"Alabama": 0.9596611059736804, "Alaska": 0.7860730373447558, "Arizona": 0.8113605672831753, "California": 0.8299006634297805, "Colorado": 0.7670546517075824, "Connecticut": 0.842286850513353, "Delaware": 0.8133584812499788, "Florida": 0.7919999536076536, "Georgia": 0.8996707219567954, "Hawaii": 0.7212263585745796, "Idaho": 0.8973815182824081, "Illinois": 0.9060283945307437, "Indiana": 0.9393607917653293, "Iowa": 0.9619824999631637, "Kansas": 0.9586752469294001, "Kentucky": 0.97898944755325, "Louisiana": 0.9045480718662577, "Maine": 0.9111704358834549, "Maryland": 0.782557197898765, "Massachusetts": 0.7912765385865428, "Michigan": 0.9155698637976695, "Minnesota": 0.9347030095657225, "Mississippi": 0.9642198940846195, "Missouri": 0.946100542817961, "Montana": 0.8316916284927327, "Nebraska": 0.9414611509872854, "Nevada": 0.5662107219209623, "New Hampshire": 0.8976400789059381, "New Jersey": 0.8335798008951775, "New Mexico": 0.8191814440318927, "New York": 0.7706267146876566, "North Carolina": 0.9601257973153043, "North Dakota": 0.8960027619363954, "Ohio": 0.9521028296429059, "Oklahoma": 0.8962443978281528, "Oregon": 0.9304769820663186, "Pennsylvania": 0.917248064331216, "Rhode Island": 0.863624647446428, "South Carolina": 0.9238474488566438, "South Dakota": 0.9085092364797279, "Tennessee": 0.9674920254608627, "Texas": 0.8877875361269733, "Utah": 0.8680287961750575, "Vermont": 0.8912570856819215, "Virginia": 0.8017530188585194, "Washington": 0.896054038347096, "West Virginia": 0.8919669530909263, "Wisconsin": 0.9657228459077273, "Wyoming": 0.635622514197607}