{"Alabama": 0.9664052710017438, "Alaska": 0.7312078097651442, "Arizona": 0.7841238374442981, "California": 0.8288308889776969, "Colorado": 0.7358071955145291, "Connecticut": 0.8479252964614602, "Delaware": 0.7966753910570832, "Florida": 0.7347972929485695, "Georgia": 0.8930250124893111, "Hawaii": 0.6442788228601941, "Idaho": 0.8988361600673133, "Illinois": 0.9060747310306723, "Indiana": 0.979049492816616, "Iowa": 0.9713881687787541, "Kansas": 0.973442364135723, "Kentucky": 0.9897885516865662, "Louisiana": 0.8869952650266915, "Maine": 0.8933027041726818, "Maryland": 0.7245348633331038, "Massachusetts": 0.7770768864227268, "Michigan": 0.9505073171944287, "Minnesota": 0.9450374720051727, "Mississippi": 0.9788594055630931, "Missouri": 0.9496636109082944, "Montana": 0.7727889712415965, "Nebraska": 0.9453750670809397, "Nevada": 0.5158084464682113, "New Hampshire": 0.9032315060341851, "New Jersey": 0.8022194605408923, "New Mexico": 0.7662659463857009, "New York": 0.7377279965224595, "North Carolina": 0.9525592925683988, "North Dakota": 0.8457755787880986, "Ohio": 0.9646244119669211, "Oklahoma": 0.9017656862465316, "Oregon": 0.9545318963679194, "Pennsylvania": 0.9134184131993771, "Rhode Island": 0.8523395117141009, "South Carolina": 0.922644365546795, "South Dakota": 0.8952985032876583, "Tennessee": 0.9702619942649181, "Texas": 0.8812956372775125, "Utah": 0.8646610905193075, "Vermont": 0.901983544871914, "Virginia": 0.7758517369211493, "Washington": 0.902009980542602, "West Virginia": 0.8751887849511503, "Wisconsin": 0.9787829923019052, "Wyoming": 0.5854899140164782}