{"Alabama": 0.9564550716068727, "Alaska": 0.8002059477825603, "Arizona": 0.8262825287788416, "California": 0.8344792676174222, "Colorado": 0.7736788365102298, "Connecticut": 0.8440868441369892, "Delaware": 0.8297277899353708, "Florida": 0.8108224533838139, "Georgia": 0.90249669781008, "Hawaii": 0.7398371265864281, "Idaho": 0.9055279291178266, "Illinois": 0.9105390756610086, "Indiana": 0.9387589670326072, "Iowa": 0.9614577548203869, "Kansas": 0.960682211259563, "Kentucky": 0.9822751204558459, "Louisiana": 0.9185423566553852, "Maine": 0.9243899293408301, "Maryland": 0.7971911943411811, "Massachusetts": 0.7961223771751237, "Michigan": 0.9186425704659428, "Minnesota": 0.9365318132760453, "Mississippi": 0.96355339196981, "Missouri": 0.9522758810342653, "Montana": 0.8469157344678666, "Nebraska": 0.9490224610110674, "Nevada": 0.5839213889530854, "New Hampshire": 0.9024586989973538, "New Jersey": 0.8389302613477777, "New Mexico": 0.8302035545925331, "New York": 0.7851410364424617, "North Carolina": 0.9581515580020734, "North Dakota": 0.9090984842053424, "Ohio": 0.9547118530820177, "Oklahoma": 0.9001280386817327, "Oregon": 0.9353924247337598, "Pennsylvania": 0.9236040509055249, "Rhode Island": 0.8673967369199821, "South Carolina": 0.9213044195223297, "South Dakota": 0.9143473056078361, "Tennessee": 0.9681945124651459, "Texas": 0.8934749879039954, "Utah": 0.863723998563992, "Vermont": 0.8986465415006356, "Virginia": 0.8039274125494549, "Washington": 0.8968982471899137, "West Virginia": 0.9028658411259843, "Wisconsin": 0.9630115634371522, "Wyoming": 0.6463654152417372}