{"Alabama": 0.9519574821916187, "Alaska": 0.8030063101617209, "Arizona": 0.8357602042112168, "California": 0.8310646545455069, "Colorado": 0.7730688064191025, "Connecticut": 0.8373680641414617, "Delaware": 0.8318262758579968, "Florida": 0.8258635327270463, "Georgia": 0.900393857466302, "Hawaii": 0.7515563571247154, "Idaho": 0.9148240517914797, "Illinois": 0.9085710166609109, "Indiana": 0.9399857217017308, "Iowa": 0.9592408294563994, "Kansas": 0.9580304648250765, "Kentucky": 0.9825713900494745, "Louisiana": 0.9185869364118785, "Maine": 0.939774197529435, "Maryland": 0.8001899950417592, "Massachusetts": 0.7976144191023377, "Michigan": 0.9215634205053995, "Minnesota": 0.9350484114998037, "Mississippi": 0.9621126102461367, "Missouri": 0.9520844818019, "Montana": 0.8561749350569924, "Nebraska": 0.9490375970054816, "Nevada": 0.5944294769634471, "New Hampshire": 0.9020474605593671, "New Jersey": 0.8397235640323517, "New Mexico": 0.8371941022772525, "New York": 0.7916330572613912, "North Carolina": 0.9576595662279791, "North Dakota": 0.91670272575238, "Ohio": 0.9539676012339687, "Oklahoma": 0.8866100738679161, "Oregon": 0.9337184266296, "Pennsylvania": 0.9249424434242294, "Rhode Island": 0.8677198581313258, "South Carolina": 0.9215411172760021, "South Dakota": 0.9187845100513118, "Tennessee": 0.9655944530302321, "Texas": 0.8857203835705674, "Utah": 0.8620414560479874, "Vermont": 0.9038238733394244, "Virginia": 0.7967970858100356, "Washington": 0.8947343270629503, "West Virginia": 0.9019709469581659, "Wisconsin": 0.9595161404593104, "Wyoming": 0.6273657687976493}