{"Alabama": 0.9624324156476846, "Alaska": 0.7318379527323703, "Arizona": 0.7929275863152547, "California": 0.8246722701668466, "Colorado": 0.734954581629992, "Connecticut": 0.8419985251839102, "Delaware": 0.7935739596216647, "Florida": 0.7482585997345852, "Georgia": 0.8882119522858078, "Hawaii": 0.6554309524594834, "Idaho": 0.9057053067445575, "Illinois": 0.9029961967205511, "Indiana": 0.9776190794218725, "Iowa": 0.9701326035393393, "Kansas": 0.9749485708514203, "Kentucky": 0.9901474888611894, "Louisiana": 0.8847324102815222, "Maine": 0.9075220249673916, "Maryland": 0.7274074957146354, "Massachusetts": 0.7753318035629335, "Michigan": 0.9473024209328995, "Minnesota": 0.9437293634349972, "Mississippi": 0.9764135785033063, "Missouri": 0.9487893405162833, "Montana": 0.7839328395311191, "Nebraska": 0.9467488054586636, "Nevada": 0.5255509271132709, "New Hampshire": 0.9037289393017925, "New Jersey": 0.7994993006404945, "New Mexico": 0.7715149969866028, "New York": 0.7400403244299465, "North Carolina": 0.9501996950474287, "North Dakota": 0.8590200064086535, "Ohio": 0.9623807557928745, "Oklahoma": 0.8935241315597607, "Oregon": 0.9519239156745187, "Pennsylvania": 0.9135462027299406, "Rhode Island": 0.8493121649801065, "South Carolina": 0.9224721906917385, "South Dakota": 0.9038090982669438, "Tennessee": 0.9658221759113179, "Texas": 0.8738414558921755, "Utah": 0.8626717019699838, "Vermont": 0.9061116758406453, "Virginia": 0.7666101672846882, "Washington": 0.9031975016361199, "West Virginia": 0.8732780267769426, "Wisconsin": 0.9760436918643609, "Wyoming": 0.5667076262734264}