{"Alabama": 0.9493806286499435, "Alaska": 0.8363415968337361, "Arizona": 0.8471572269889841, "California": 0.8360592694468373, "Colorado": 0.7850449611815441, "Connecticut": 0.8313055970203971, "Delaware": 0.838790516197699, "Florida": 0.841650430243006, "Georgia": 0.9070058984899483, "Hawaii": 0.7818921232554946, "Idaho": 0.9306935428623433, "Illinois": 0.9090941726217511, "Indiana": 0.9485179863869686, "Iowa": 0.9568680174890765, "Kansas": 0.9599344195523576, "Kentucky": 0.9819458621723368, "Louisiana": 0.9331056303796479, "Maine": 0.9502196646189589, "Maryland": 0.8186878989534198, "Massachusetts": 0.8061224710374165, "Michigan": 0.9280929626054504, "Minnesota": 0.9328800446290602, "Mississippi": 0.9647291590019748, "Missouri": 0.9553398297129635, "Montana": 0.8809834326290942, "Nebraska": 0.9512955565436387, "Nevada": 0.6108210415334908, "New Hampshire": 0.9044123866660394, "New Jersey": 0.8518037393899599, "New Mexico": 0.8594411772735775, "New York": 0.8120425173460405, "North Carolina": 0.9600745494574886, "North Dakota": 0.925881058978332, "Ohio": 0.954418883648576, "Oklahoma": 0.9033405305536575, "Oregon": 0.9343538996051893, "Pennsylvania": 0.9282475296874926, "Rhode Island": 0.873187661228286, "South Carolina": 0.9242419066426707, "South Dakota": 0.9205845103690138, "Tennessee": 0.965169053595398, "Texas": 0.8961818383906794, "Utah": 0.8591631435243913, "Vermont": 0.9103096017077872, "Virginia": 0.7989598739353522, "Washington": 0.8998736343375967, "West Virginia": 0.9141944670603562, "Wisconsin": 0.9592208670867804, "Wyoming": 0.683200070628305}