{"Alabama": 0.9606089616926058, "Alaska": 0.7695327606538038, "Arizona": 0.8113072954540357, "California": 0.8303344744746771, "Colorado": 0.7501920089471494, "Connecticut": 0.8389909289994769, "Delaware": 0.798062556755765, "Florida": 0.7695049206174879, "Georgia": 0.8898088805212051, "Hawaii": 0.6944386331448436, "Idaho": 0.9214162317758411, "Illinois": 0.9004116668614457, "Indiana": 0.9788571608265895, "Iowa": 0.9664504092533917, "Kansas": 0.9745573735281114, "Kentucky": 0.988553079220868, "Louisiana": 0.9006612049414974, "Maine": 0.9198686471379403, "Maryland": 0.7512646181734899, "Massachusetts": 0.7825240477007422, "Michigan": 0.9443321762565411, "Minnesota": 0.9425445219286017, "Mississippi": 0.9789749474110816, "Missouri": 0.9510402978724655, "Montana": 0.8153112755701936, "Nebraska": 0.9487004097111729, "Nevada": 0.5452157533649994, "New Hampshire": 0.9088325845302363, "New Jersey": 0.8085162498746352, "New Mexico": 0.7996683802010016, "New York": 0.759655255441033, "North Carolina": 0.9502769000463887, "North Dakota": 0.8733447872911319, "Ohio": 0.9600704040546894, "Oklahoma": 0.9058424273735026, "Oregon": 0.9507489460650075, "Pennsylvania": 0.9158561708846833, "Rhode Island": 0.8523939595271142, "South Carolina": 0.924442330137749, "South Dakota": 0.9046170393479509, "Tennessee": 0.9644146239684442, "Texas": 0.8842773980875662, "Utah": 0.8604273453594286, "Vermont": 0.913734193827055, "Virginia": 0.7698532392885686, "Washington": 0.9123174740269863, "West Virginia": 0.8872388706915253, "Wisconsin": 0.9735126723893802, "Wyoming": 0.6268407229981172}