{"Alabama": 0.9501276032335628, "Alaska": 0.8349068270089872, "Arizona": 0.8527468442306352, "California": 0.8350983147136325, "Colorado": 0.7879714260197302, "Connecticut": 0.8354456296113272, "Delaware": 0.8443049571867246, "Florida": 0.8438798521158875, "Georgia": 0.906414163963857, "Hawaii": 0.7806778407168843, "Idaho": 0.9340910992263016, "Illinois": 0.9113352629541766, "Indiana": 0.9444263810252826, "Iowa": 0.9545782988458866, "Kansas": 0.9619093008403082, "Kentucky": 0.9820328012165552, "Louisiana": 0.932997867624827, "Maine": 0.9437317001293013, "Maryland": 0.8238506801419592, "Massachusetts": 0.8166624504950812, "Michigan": 0.9298173289149619, "Minnesota": 0.9341070812225911, "Mississippi": 0.9648903912064534, "Missouri": 0.9539051791302913, "Montana": 0.8795106976499043, "Nebraska": 0.9502754072063154, "Nevada": 0.6026951234952692, "New Hampshire": 0.9046244737318657, "New Jersey": 0.8584158504579938, "New Mexico": 0.8627495910609285, "New York": 0.8199238988451121, "North Carolina": 0.9561276266657488, "North Dakota": 0.9142161180520033, "Ohio": 0.9557524328520441, "Oklahoma": 0.8914313315766266, "Oregon": 0.9335945511322371, "Pennsylvania": 0.9319665538655368, "Rhode Island": 0.8774082158075032, "South Carolina": 0.9202023436821803, "South Dakota": 0.921297327256098, "Tennessee": 0.9641716502973706, "Texas": 0.8961887198059882, "Utah": 0.8646591777525519, "Vermont": 0.9079410863974109, "Virginia": 0.7976251467021747, "Washington": 0.8975248733044506, "West Virginia": 0.9121398449549257, "Wisconsin": 0.9596835716602578, "Wyoming": 0.6691574179660978}