{"Alabama": 0.959968616510288, "Alaska": 0.7681500544931006, "Arizona": 0.8158989292263373, "California": 0.8276734864773357, "Colorado": 0.7522283511771557, "Connecticut": 0.8405748926029556, "Delaware": 0.7997587663786986, "Florida": 0.7705691541455952, "Georgia": 0.8865142886509328, "Hawaii": 0.6936700803021063, "Idaho": 0.9244182930969862, "Illinois": 0.9017663825978001, "Indiana": 0.9774570014331436, "Iowa": 0.9643629477254901, "Kansas": 0.9746520113106953, "Kentucky": 0.9887631418590023, "Louisiana": 0.899355698612234, "Maine": 0.9142484072665945, "Maryland": 0.7561319193715932, "Massachusetts": 0.7903946242547565, "Michigan": 0.9488053066598561, "Minnesota": 0.9431877761522515, "Mississippi": 0.9784204091463674, "Missouri": 0.9484427362598458, "Montana": 0.8133924612827937, "Nebraska": 0.9469826591412775, "Nevada": 0.5379684472512253, "New Hampshire": 0.9080336472230773, "New Jersey": 0.812770704028855, "New Mexico": 0.8032287598984266, "New York": 0.7645114683193823, "North Carolina": 0.9461358908539493, "North Dakota": 0.8610949115366197, "Ohio": 0.9612289782467021, "Oklahoma": 0.8919829596207898, "Oregon": 0.9493433168038455, "Pennsylvania": 0.9179396232194639, "Rhode Island": 0.8541729452793378, "South Carolina": 0.9191552302211847, "South Dakota": 0.9038596214102124, "Tennessee": 0.9624646976116416, "Texas": 0.8821885579914623, "Utah": 0.8660736204226918, "Vermont": 0.9127128896875877, "Virginia": 0.7675775180172604, "Washington": 0.9095101438090577, "West Virginia": 0.8842618212142667, "Wisconsin": 0.9730192242191037, "Wyoming": 0.6141534958308327}