{"Alabama": 0.9543034386731362, "Alaska": 0.8388590390844628, "Arizona": 0.8603351844648578, "California": 0.8384059274525377, "Colorado": 0.795924387050795, "Connecticut": 0.8371338635160697, "Delaware": 0.8427138183818563, "Florida": 0.8520500286740207, "Georgia": 0.9112345712924039, "Hawaii": 0.7859591586816633, "Idaho": 0.9390430356005386, "Illinois": 0.9159867249589628, "Indiana": 0.9412752321552276, "Iowa": 0.9534736746686712, "Kansas": 0.9635213095562819, "Kentucky": 0.9838738651303116, "Louisiana": 0.9392894675905644, "Maine": 0.9462174883155561, "Maryland": 0.8308299048427734, "Massachusetts": 0.8193195401895581, "Michigan": 0.9302410353963644, "Minnesota": 0.9371966430093821, "Mississippi": 0.9679523511016561, "Missouri": 0.9575558632712117, "Montana": 0.8831195950601567, "Nebraska": 0.9531996903684449, "Nevada": 0.6093431470183811, "New Hampshire": 0.9065586470360032, "New Jersey": 0.8602366773969743, "New Mexico": 0.8703158023293142, "New York": 0.8226244570945254, "North Carolina": 0.9559086351560645, "North Dakota": 0.9002094514348762, "Ohio": 0.9581340095683201, "Oklahoma": 0.900670140837737, "Oregon": 0.9357004757860127, "Pennsylvania": 0.9347652782720126, "Rhode Island": 0.8803022917823702, "South Carolina": 0.923493898879102, "South Dakota": 0.9264461543543523, "Tennessee": 0.9672389157767226, "Texas": 0.9003294171192833, "Utah": 0.8658626421607126, "Vermont": 0.9122650206251699, "Virginia": 0.8045898495650375, "Washington": 0.9015129019371726, "West Virginia": 0.9119201050783713, "Wisconsin": 0.9570877214141011, "Wyoming": 0.6617605013457778}