{"Alabama": 0.9634847098699719, "Alaska": 0.7829527671193567, "Arizona": 0.8254836937709988, "California": 0.8312407241381471, "Colorado": 0.7636872787894816, "Connecticut": 0.8429525811870585, "Delaware": 0.8000353932834914, "Florida": 0.7822650742427063, "Georgia": 0.8932640289169382, "Hawaii": 0.7040063697529618, "Idaho": 0.930289460674386, "Illinois": 0.9083985567395877, "Indiana": 0.9758329711270105, "Iowa": 0.9635717190119802, "Kansas": 0.9747315312255561, "Kentucky": 0.990652276786553, "Louisiana": 0.9081995578764561, "Maine": 0.9204034172297428, "Maryland": 0.7655163294738114, "Massachusetts": 0.7949404605337371, "Michigan": 0.9552559476456015, "Minnesota": 0.947039381306155, "Mississippi": 0.9802328517596088, "Missouri": 0.9529686522853278, "Montana": 0.8210609920183368, "Nebraska": 0.9503803908009363, "Nevada": 0.5479225496799686, "New Hampshire": 0.9127633704172176, "New Jersey": 0.8165657924091876, "New Mexico": 0.8154381346125157, "New York": 0.7698095814328908, "North Carolina": 0.9479084143142043, "North Dakota": 0.853245306870129, "Ohio": 0.9656639766022522, "Oklahoma": 0.9050909886135103, "Oregon": 0.9528511710050755, "Pennsylvania": 0.922799317576428, "Rhode Island": 0.8594541640182912, "South Carolina": 0.9243841999700052, "South Dakota": 0.9112924880908595, "Tennessee": 0.9661891609141163, "Texas": 0.8885328275730215, "Utah": 0.869200670515549, "Vermont": 0.9178207402705763, "Virginia": 0.7756236957564329, "Washington": 0.9165049128420237, "West Virginia": 0.8861675687247811, "Wisconsin": 0.9704342051280016, "Wyoming": 0.612420712530471}