{"Alabama": 0.9464247009966902, "Alaska": 0.8352750684957938, "Arizona": 0.8635480759734119, "California": 0.8526525237390921, "Colorado": 0.7946285983898427, "Connecticut": 0.8412635520253132, "Delaware": 0.8397369138019893, "Florida": 0.8502684409009221, "Georgia": 0.9049931453464187, "Hawaii": 0.7850826980698259, "Idaho": 0.941934705146957, "Illinois": 0.9105682664312233, "Indiana": 0.9323221657524912, "Iowa": 0.9515517169886488, "Kansas": 0.9582993005195103, "Kentucky": 0.9809100827936097, "Louisiana": 0.9351378877060901, "Maine": 0.9523677052696817, "Maryland": 0.8290229935203476, "Massachusetts": 0.8200242917316936, "Michigan": 0.9229217131962536, "Minnesota": 0.9385366677908378, "Mississippi": 0.9632430497987846, "Missouri": 0.9582788958195135, "Montana": 0.8864821975067583, "Nebraska": 0.9560234716410884, "Nevada": 0.6201122300326246, "New Hampshire": 0.9065856419315753, "New Jersey": 0.8592586425637888, "New Mexico": 0.8711328604380082, "New York": 0.8234235706191622, "North Carolina": 0.9503955810347449, "North Dakota": 0.8700118777610061, "Ohio": 0.9583637173811305, "Oklahoma": 0.868866533603406, "Oregon": 0.935480151664056, "Pennsylvania": 0.9357644544959919, "Rhode Island": 0.8848148153740348, "South Carolina": 0.9147897272866892, "South Dakota": 0.9293674675341365, "Tennessee": 0.9618392685752363, "Texas": 0.8904061492279727, "Utah": 0.8631912641825895, "Vermont": 0.9165190974072157, "Virginia": 0.8039672726772772, "Washington": 0.9088114830443909, "West Virginia": 0.910937921997369, "Wisconsin": 0.9517671503826401, "Wyoming": 0.6441231201213413}