{"Alabama": 0.959484823638586, "Alaska": 0.7854658495285224, "Arizona": 0.835289455090342, "California": 0.8433265186718001, "Colorado": 0.767435794458403, "Connecticut": 0.849990715184274, "Delaware": 0.8035277181008412, "Florida": 0.7862883394894772, "Georgia": 0.8919985470129144, "Hawaii": 0.7089057639176285, "Idaho": 0.9353039271740924, "Illinois": 0.9080816211811628, "Indiana": 0.9710800087305104, "Iowa": 0.9618902384737852, "Kansas": 0.9709222235469792, "Kentucky": 0.9901547818334736, "Louisiana": 0.9084298437232352, "Maine": 0.9301250902473297, "Maryland": 0.7673963221492406, "Massachusetts": 0.7977129489087281, "Michigan": 0.9541329633476691, "Minnesota": 0.9501086711465505, "Mississippi": 0.9783317087715766, "Missouri": 0.9542907890468438, "Montana": 0.8273363156662217, "Nebraska": 0.9527153489492965, "Nevada": 0.5633514098147516, "New Hampshire": 0.9144360169576851, "New Jersey": 0.8193692639251532, "New Mexico": 0.8193653431037325, "New York": 0.7753235823176147, "North Carolina": 0.9457665519986905, "North Dakota": 0.8279023829662027, "Ohio": 0.9703736646071401, "Oklahoma": 0.879745433036704, "Oregon": 0.9538497877426397, "Pennsylvania": 0.9279384384022409, "Rhode Island": 0.8663969538005857, "South Carolina": 0.9203744306129048, "South Dakota": 0.9125206025490149, "Tennessee": 0.9651557699264484, "Texas": 0.8838641343373703, "Utah": 0.870757746013124, "Vermont": 0.9241291651294965, "Virginia": 0.7790329588907015, "Washington": 0.9262011999601061, "West Virginia": 0.8864882943353057, "Wisconsin": 0.9659621453111401, "Wyoming": 0.5969715479223838}