{"Alabama": 0.9611543944515092, "Alaska": 0.7920063457220722, "Arizona": 0.8373752563796724, "California": 0.8484926137444448, "Colorado": 0.7654028417962829, "Connecticut": 0.8544261623835446, "Delaware": 0.8035791646189977, "Florida": 0.7898564021530107, "Georgia": 0.8925176528815504, "Hawaii": 0.7186037932355989, "Idaho": 0.9428497929676869, "Illinois": 0.9074586089500537, "Indiana": 0.9686171779862819, "Iowa": 0.9621832628848069, "Kansas": 0.9694559027301702, "Kentucky": 0.9907097418973502, "Louisiana": 0.9074583224884331, "Maine": 0.9274202629910463, "Maryland": 0.7693088079542066, "Massachusetts": 0.7968793298401899, "Michigan": 0.9551898342321574, "Minnesota": 0.9505673980071606, "Mississippi": 0.9775288751519301, "Missouri": 0.9593613283832366, "Montana": 0.8327637102235286, "Nebraska": 0.9576442014697025, "Nevada": 0.5785695006175475, "New Hampshire": 0.9147391639165052, "New Jersey": 0.8213596432610866, "New Mexico": 0.821342494327249, "New York": 0.7784709979616596, "North Carolina": 0.946131052456656, "North Dakota": 0.8187073830315004, "Ohio": 0.9710120073612342, "Oklahoma": 0.8745589327770552, "Oregon": 0.9579816138096051, "Pennsylvania": 0.9278002380874287, "Rhode Island": 0.8668545888647933, "South Carolina": 0.9229249906056176, "South Dakota": 0.9153742868354688, "Tennessee": 0.9653305960767956, "Texas": 0.8801004143732444, "Utah": 0.8702211500158705, "Vermont": 0.9247045130781391, "Virginia": 0.7873419755487934, "Washington": 0.9300275729210533, "West Virginia": 0.8897298471228731, "Wisconsin": 0.9671165269767844, "Wyoming": 0.6108710182729424}