{"Alabama": 0.9477693260849696, "Alaska": 0.8415650528638207, "Arizona": 0.8678247449168499, "California": 0.8624247643546431, "Colorado": 0.7946318190260911, "Connecticut": 0.8490524088357482, "Delaware": 0.8433810371982388, "Florida": 0.8548366289558771, "Georgia": 0.9085705927898238, "Hawaii": 0.7946184085122663, "Idaho": 0.946808206487725, "Illinois": 0.9129024114854635, "Indiana": 0.9317267974193912, "Iowa": 0.9520157021159563, "Kansas": 0.9559844917602919, "Kentucky": 0.9800803001771079, "Louisiana": 0.9352848801068745, "Maine": 0.9488138263670739, "Maryland": 0.8333177515306188, "Massachusetts": 0.8223724161691331, "Michigan": 0.9226380971378288, "Minnesota": 0.9405350932600676, "Mississippi": 0.9631179938135663, "Missouri": 0.962746460742752, "Montana": 0.8872953505613927, "Nebraska": 0.9595082948883004, "Nevada": 0.6362993189609759, "New Hampshire": 0.909149455656691, "New Jersey": 0.8645217473172467, "New Mexico": 0.8729810910645986, "New York": 0.828638849150173, "North Carolina": 0.9522258468625348, "North Dakota": 0.8571730212933387, "Ohio": 0.960639886744835, "Oklahoma": 0.862185503062174, "Oregon": 0.9404664867344913, "Pennsylvania": 0.9372994459128589, "Rhode Island": 0.8865348959058491, "South Carolina": 0.9189167950292456, "South Dakota": 0.9279655547495476, "Tennessee": 0.962183822340926, "Texas": 0.8877998373757026, "Utah": 0.8653327295130668, "Vermont": 0.9182558663052256, "Virginia": 0.814202048557818, "Washington": 0.9142005907113406, "West Virginia": 0.9144992444812036, "Wisconsin": 0.954418500833824, "Wyoming": 0.6560948336048419}