{"Alabama": 0.9619196600957926, "Alaska": 0.7877509692651539, "Arizona": 0.8403767556339642, "California": 0.8519537464470676, "Colorado": 0.7694763668381202, "Connecticut": 0.8519253338135823, "Delaware": 0.8023832767416694, "Florida": 0.7956853081111425, "Georgia": 0.8936263962088177, "Hawaii": 0.7256655465347225, "Idaho": 0.9430751601277888, "Illinois": 0.9073488420301402, "Indiana": 0.9652778014268656, "Iowa": 0.9630791009774171, "Kansas": 0.9692081053259738, "Kentucky": 0.9896864300070888, "Louisiana": 0.9078052552013488, "Maine": 0.9287799072444475, "Maryland": 0.7678034073857958, "Massachusetts": 0.7936551480697888, "Michigan": 0.9558245219669534, "Minnesota": 0.9500512571707569, "Mississippi": 0.9798102935677775, "Missouri": 0.9600752056557684, "Montana": 0.8363268765555547, "Nebraska": 0.9579271461032524, "Nevada": 0.5859616647140694, "New Hampshire": 0.917296317395049, "New Jersey": 0.8241991057098489, "New Mexico": 0.8165893368721595, "New York": 0.777404328055513, "North Carolina": 0.9468998142511079, "North Dakota": 0.800936822344746, "Ohio": 0.971002332298403, "Oklahoma": 0.8699429484987834, "Oregon": 0.9590756701384185, "Pennsylvania": 0.9265769611452396, "Rhode Island": 0.8668860066064488, "South Carolina": 0.9259569579531326, "South Dakota": 0.9164267768383223, "Tennessee": 0.9650164189497779, "Texas": 0.8789570479398424, "Utah": 0.8699611644550708, "Vermont": 0.9215321226699743, "Virginia": 0.7957916439773915, "Washington": 0.9287248593074185, "West Virginia": 0.8907871406512498, "Wisconsin": 0.9665289321156947, "Wyoming": 0.6009533775186561}