{"Alabama": 0.9475550632901815, "Alaska": 0.8343328280718395, "Arizona": 0.8717423960747617, "California": 0.8652162695239227, "Colorado": 0.7984336913262521, "Connecticut": 0.8486479291857401, "Delaware": 0.8405424594325357, "Florida": 0.8590656211376034, "Georgia": 0.9087572013951436, "Hawaii": 0.7988101811992723, "Idaho": 0.9479303338700129, "Illinois": 0.913113236196148, "Indiana": 0.9279270520753466, "Iowa": 0.9518487196898155, "Kansas": 0.9572095912990031, "Kentucky": 0.9774757260279563, "Louisiana": 0.9347049074256291, "Maine": 0.9492252867391783, "Maryland": 0.8318144400068508, "Massachusetts": 0.8189677516737335, "Michigan": 0.920942347618074, "Minnesota": 0.9398028987458816, "Mississippi": 0.9636158626276792, "Missouri": 0.9625184859828188, "Montana": 0.8884026785163474, "Nebraska": 0.959333943908266, "Nevada": 0.6431420118347372, "New Hampshire": 0.9119087043707257, "New Jersey": 0.8663653641781784, "New Mexico": 0.8694886495589977, "New York": 0.8273666413488786, "North Carolina": 0.9524076898511313, "North Dakota": 0.8370475506585797, "Ohio": 0.9600701480260085, "Oklahoma": 0.8557723392743223, "Oregon": 0.9424066816437701, "Pennsylvania": 0.9356597450857065, "Rhode Island": 0.8845063811041266, "South Carolina": 0.922565244726997, "South Dakota": 0.926634663769586, "Tennessee": 0.9608332693625734, "Texas": 0.8868328483734175, "Utah": 0.8653484415479158, "Vermont": 0.9168192421158752, "Virginia": 0.8219406866508953, "Washington": 0.9150792615882399, "West Virginia": 0.9153352816458109, "Wisconsin": 0.9548406499826232, "Wyoming": 0.6436675345973665}