{"Alabama": 0.9094561018160604, "Alaska": 0.6961331333999381, "Arizona": 0.8853976105340097, "Arkansas": 0.8881437754210937, "California": 0.8974446351634369, "Colorado": 0.8663845665273641, "Connecticut": 0.9012504641811087, "Delaware": 0.8226867552104538, "Florida": 0.8274451127663653, "Georgia": 0.8627731779036295, "Hawaii": 0.7531257430887716, "Idaho": 0.9432960382643721, "Illinois": 0.9031836838168232, "Indiana": 0.907802123003175, "Iowa": 0.9446702976343401, "Kansas": 0.9512807853153855, "Kentucky": 0.9460284427084871, "Louisiana": 0.899637140725693, "Maine": 0.9336582838835278, "Maryland": 0.8669551221081908, "Massachusetts": 0.9115450036088677, "Michigan": 0.920205452775709, "Minnesota": 0.944158136858899, "Mississippi": 0.9222979219898421, "Missouri": 0.953740560976332, "Montana": 0.8894037935526318, "Nebraska": 0.9000052976733465, "Nevada": 0.6150777672133544, "New Hampshire": 0.9772272782426819, "New Jersey": 0.8262542138624644, "New Mexico": 0.9028824208603151, "New York": 0.8295240253565572, "North Carolina": 0.8642526558258374, "North Dakota": 0.8789998914959543, "Ohio": 0.9436388950819582, "Oklahoma": 0.9108973056368388, "Oregon": 0.9649441614130724, "Pennsylvania": 0.9500524366898636, "Rhode Island": 0.9301996783273909, "South Carolina": 0.8505597862329479, "South Dakota": 0.9366340797493777, "Tennessee": 0.9178009916416561, "Texas": 0.9113015031569202, "Utah": 0.9290953452583496, "Virginia": 0.8971276110819403, "Washington": 0.9641925238124661, "West Virginia": 0.9172359868103777, "Wisconsin": 0.921844652183532, "Wyoming": 0.7486377729635475}