{"Alabama": 0.9093305944735073, "Alaska": 0.7187291372866267, "Arizona": 0.8691734757133488, "Arkansas": 0.8831839819650976, "California": 0.892075181995845, "Colorado": 0.8545239614343308, "Connecticut": 0.9016199617146905, "Delaware": 0.8220902298538846, "Florida": 0.8000133217300753, "Georgia": 0.8594064015936416, "Hawaii": 0.7516487508331726, "Idaho": 0.9413077165937256, "Illinois": 0.9013724387103592, "Indiana": 0.8994141937330806, "Iowa": 0.9392912257235814, "Kansas": 0.9466335019506503, "Kentucky": 0.9405146698800975, "Louisiana": 0.903312468437886, "Maine": 0.9369777161049353, "Maryland": 0.8634538221160559, "Massachusetts": 0.9135621478889377, "Michigan": 0.915219186043567, "Minnesota": 0.9445051697825597, "Mississippi": 0.9185761288370549, "Missouri": 0.9499037939571698, "Montana": 0.891624082892326, "Nebraska": 0.8964372658005546, "Nevada": 0.6010500114444706, "New Hampshire": 0.9756130668192076, "New Jersey": 0.8242874767828464, "New Mexico": 0.9005131773132671, "New York": 0.8329938827358357, "North Carolina": 0.8770755034533756, "North Dakota": 0.877666119633727, "Ohio": 0.9371984616000845, "Oklahoma": 0.9079238465442659, "Oregon": 0.9621630743201279, "Pennsylvania": 0.9512453092146935, "Rhode Island": 0.9379125004244404, "South Carolina": 0.8531358823708182, "South Dakota": 0.9303323101429067, "Tennessee": 0.9058085086466533, "Texas": 0.903896778255452, "Utah": 0.9207631690008098, "Virginia": 0.887645225922, "Washington": 0.9581830544331353, "West Virginia": 0.9171004990637696, "Wisconsin": 0.9187649424563027, "Wyoming": 0.752656058431115}