{"Alabama": 0.9083757771974387, "Alaska": 0.7220335454377483, "Arizona": 0.8553730504804822, "Arkansas": 0.8847095124433123, "California": 0.8883457549484466, "Colorado": 0.839596135434116, "Connecticut": 0.8978899528049118, "Delaware": 0.8109634662762729, "Florida": 0.7805581715644319, "Georgia": 0.8536586584923296, "Hawaii": 0.7502756994274167, "Idaho": 0.9388203110954078, "Illinois": 0.89908364204604, "Indiana": 0.8997969946867487, "Iowa": 0.9370695024928617, "Kansas": 0.942859371039371, "Kentucky": 0.9351397812644915, "Louisiana": 0.9000707603148607, "Maine": 0.9383755461324093, "Maryland": 0.8599840038571384, "Massachusetts": 0.9072397239491763, "Michigan": 0.9172442360661854, "Minnesota": 0.943740342046908, "Mississippi": 0.9257395578326748, "Missouri": 0.9471914077814312, "Montana": 0.8907199819569235, "Nebraska": 0.8942402955732371, "Nevada": 0.5995150501933664, "New Hampshire": 0.9738736955550883, "New Jersey": 0.8201238052828226, "New Mexico": 0.8955343114506522, "New York": 0.8301335956449885, "North Carolina": 0.8850393773128568, "North Dakota": 0.8810030815705695, "Ohio": 0.9374293296544225, "Oklahoma": 0.9085713369514747, "Oregon": 0.9606574276528006, "Pennsylvania": 0.9509332044727467, "Rhode Island": 0.942556128273821, "South Carolina": 0.8583800434460561, "South Dakota": 0.9287468542227202, "Tennessee": 0.9026355330586053, "Texas": 0.8969200116170541, "Utah": 0.9114336373527965, "Virginia": 0.8753300570380717, "Washington": 0.9508106370316107, "West Virginia": 0.9202788860363291, "Wisconsin": 0.9191426712534307, "Wyoming": 0.746953880865954}