{"Alabama": 0.7787582162606782, "Alaska": 0.7230739665170324, "Arizona": 0.8564839392586553, "Arkansas": 0.8832599577735729, "California": 0.8848707399518991, "Colorado": 0.8387868701704525, "Connecticut": 0.9036308207999112, "Delaware": 0.7786506266028559, "Florida": 0.8067193400583819, "Georgia": 0.8488735380172591, "Hawaii": 0.7098482035819406, "Idaho": 0.9344292415938514, "Illinois": 0.8991127027453962, "Indiana": 0.9164911156077951, "Iowa": 0.9378259197686715, "Kansas": 0.9440512694464981, "Kentucky": 0.9415798971193593, "Louisiana": 0.8978514358028671, "Maine": 0.9425305174758204, "Maryland": 0.8571054244418861, "Massachusetts": 0.9088433829185677, "Michigan": 0.9308111427022894, "Minnesota": 0.9450861319785974, "Mississippi": 0.9326207579714827, "Missouri": 0.9427852453429483, "Montana": 0.893712409869329, "Nebraska": 0.8845647394208837, "Nevada": 0.6017741088053254, "New Hampshire": 0.9761966563380039, "New Jersey": 0.8193403574127894, "New Mexico": 0.8880202434700103, "New York": 0.8375712931966222, "North Carolina": 0.8864653548012826, "North Dakota": 0.889604844801476, "Ohio": 0.9444278870033471, "Oklahoma": 0.9040170124048236, "Oregon": 0.9598795970318263, "Pennsylvania": 0.9532354981739702, "Rhode Island": 0.9406210668065513, "South Carolina": 0.8658284665552868, "South Dakota": 0.9277791116582659, "Tennessee": 0.9049056672946424, "Texas": 0.8975173959238258, "Utah": 0.9092092123136303, "Virginia": 0.863989678000628, "Washington": 0.9510912887987377, "West Virginia": 0.918530341422559, "Wisconsin": 0.9278991583609089, "Wyoming": 0.7033207281376269}