{"Alabama": 0.8217693386218337, "Alaska": 0.683808360703192, "Arizona": 0.8095275530727759, "Arkansas": 0.8125582502217238, "California": 0.8012505793612346, "Colorado": 0.7817109905343557, "Connecticut": 0.8558664906202913, "Delaware": 0.7639444472830608, "Florida": 0.7475668495410996, "Georgia": 0.7849653622675068, "Hawaii": 0.6742331714751206, "Idaho": 0.8786433408130038, "Illinois": 0.83777226104422, "Indiana": 0.8414695054724933, "Iowa": 0.8685458210442738, "Kansas": 0.8610217124169799, "Kentucky": 0.8727201979653372, "Louisiana": 0.8344873080244846, "Maine": 0.9006307684469239, "Maryland": 0.8041114611994467, "Massachusetts": 0.8723197623617645, "Michigan": 0.869940788082395, "Minnesota": 0.8776827279831387, "Mississippi": 0.857381769349083, "Missouri": 0.8719034664653148, "Montana": 0.838223737495472, "Nebraska": 0.8262668945176687, "Nevada": 0.610730184716928, "New Hampshire": 0.9237511722741742, "New Jersey": 0.7920997620035961, "New Mexico": 0.8387504452765379, "New York": 0.7921579735824237, "North Carolina": 0.8304769306505729, "North Dakota": 0.8298137897158158, "Ohio": 0.8802475019894033, "Oklahoma": 0.8179117877805201, "Oregon": 0.8925151001735593, "Pennsylvania": 0.8923739256380989, "Rhode Island": 0.803748623531434, "South Carolina": 0.8032404487030733, "South Dakota": 0.8628580845168061, "Tennessee": 0.8301902648921731, "Texas": 0.8219274879727354, "Utah": 0.8392689783740915, "Virginia": 0.7904363514505424, "Washington": 0.8678045761796356, "West Virginia": 0.8559675597383174, "Wisconsin": 0.8699195487955602, "Wyoming": 0.6588449723635087}