{"Alabama": 0.9100806853344723, "Alaska": 0.8179184733115226, "Arizona": 0.8660381963234822, "Arkansas": 0.8788232035470094, "California": 0.8861248974273863, "Colorado": 0.8593661412554563, "Connecticut": 0.9094370207484691, "Delaware": 0.8245224699475581, "Florida": 0.8245267429536637, "Georgia": 0.8667229122279173, "Hawaii": 0.7571731687073933, "Idaho": 0.9366601872548903, "Illinois": 0.9062932346468202, "Indiana": 0.8904503586309211, "Iowa": 0.9308760366356332, "Kansas": 0.9409941664820033, "Kentucky": 0.9350770626887193, "Louisiana": 0.9233059395877483, "Maine": 0.9613146084131959, "Maryland": 0.8847273301655857, "Massachusetts": 0.9295660837811448, "Michigan": 0.9198258693423731, "Minnesota": 0.9500814396911418, "Mississippi": 0.9213683512615033, "Missouri": 0.9514112194183971, "Montana": 0.9183878421183974, "Nebraska": 0.8967027991607648, "Nevada": 0.6357632615417858, "New Hampshire": 0.9709504455046132, "New Jersey": 0.8560004672895672, "New Mexico": 0.919836273020555, "New York": 0.878700126314243, "North Carolina": 0.9027669410676751, "North Dakota": 0.9224974096359106, "Ohio": 0.939044441000383, "Oklahoma": 0.9069365090587305, "Oregon": 0.9607972534563566, "Pennsylvania": 0.9609979733668028, "Rhode Island": 0.9635333893099854, "South Carolina": 0.870024858946021, "South Dakota": 0.9410705573555296, "Tennessee": 0.9081236627745454, "Texas": 0.9055676261040692, "Utah": 0.9118071526466881, "Virginia": 0.8743875690366656, "Washington": 0.9493532471718342, "West Virginia": 0.9354626195839587, "Wisconsin": 0.9192074175595256, "Wyoming": 0.7096130530548922}