{"Alabama": 0.918398887473758, "Alaska": 0.8387366744812087, "Arizona": 0.8603619659060692, "Arkansas": 0.8851600228892997, "California": 0.8975991941872722, "Colorado": 0.8617737987103219, "Connecticut": 0.9139625903776549, "Delaware": 0.8623956276647102, "Florida": 0.8163488295156457, "Georgia": 0.9009218768696486, "Hawaii": 0.7626955824464262, "Idaho": 0.9296650082567945, "Illinois": 0.9103871238205771, "Indiana": 0.8859432346254945, "Iowa": 0.9175413318573736, "Kansas": 0.9370185589476043, "Kentucky": 0.9228308683505366, "Louisiana": 0.943689586733955, "Maine": 0.973364455786744, "Maryland": 0.8767635364838078, "Massachusetts": 0.9259560786002847, "Michigan": 0.9301581718423483, "Minnesota": 0.9519583643759851, "Mississippi": 0.9165052933912377, "Missouri": 0.9577308324628004, "Montana": 0.8807120880841193, "Nebraska": 0.916441844090024, "Nevada": 0.6204762384858543, "New Hampshire": 0.9691017549250244, "New Jersey": 0.8803693447590364, "New Mexico": 0.9058490697190309, "New York": 0.8784476214210893, "North Carolina": 0.9275550226648308, "North Dakota": 0.867486014241264, "Ohio": 0.9352201420226841, "Oklahoma": 0.90024274543048, "Oregon": 0.9624916453593334, "Pennsylvania": 0.9632999226570307, "Rhode Island": 0.9554290491362808, "South Carolina": 0.9004253280528077, "South Dakota": 0.9057848692985034, "Tennessee": 0.909415031474112, "Texas": 0.9156756319679725, "Utah": 0.9185262968980943, "Virginia": 0.8874323896005685, "Washington": 0.9528873638869899, "West Virginia": 0.9388101216784507, "Wisconsin": 0.9083986016781955, "Wyoming": 0.7315280108011983}