{"Alabama": 0.911503377922627, "Alaska": 0.8281271076194983, "Arizona": 0.8660033244184384, "Arkansas": 0.8820186075298521, "California": 0.885563755494796, "Colorado": 0.8614582368368818, "Connecticut": 0.910668044036296, "Delaware": 0.8335870499838709, "Florida": 0.8314672049199519, "Georgia": 0.8639225189204144, "Hawaii": 0.782977703645962, "Idaho": 0.9376455305926497, "Illinois": 0.9004164822181132, "Indiana": 0.8845907100230999, "Iowa": 0.9284525614000122, "Kansas": 0.9394005652005443, "Kentucky": 0.9319210308336766, "Louisiana": 0.9292080449266233, "Maine": 0.9626772175795122, "Maryland": 0.884348592007085, "Massachusetts": 0.9277435392306539, "Michigan": 0.9209906464585929, "Minnesota": 0.9484436071604245, "Mississippi": 0.9192509628238306, "Missouri": 0.9527068279748744, "Montana": 0.9212157902557242, "Nebraska": 0.8977121601045983, "Nevada": 0.6425153481691147, "New Hampshire": 0.9698147236222859, "New Jersey": 0.8551664843063461, "New Mexico": 0.9238074104459842, "New York": 0.8762173250284261, "North Carolina": 0.9142811950447729, "North Dakota": 0.9271104156640448, "Ohio": 0.9364552561347488, "Oklahoma": 0.9053932883424441, "Oregon": 0.9605405223662508, "Pennsylvania": 0.9586711091674675, "Rhode Island": 0.8525708559946877, "South Carolina": 0.8753528792830005, "South Dakota": 0.941581655473543, "Tennessee": 0.9036783889320158, "Texas": 0.9044763071205085, "Utah": 0.911236160308239, "Virginia": 0.8731590231648111, "Washington": 0.9473609546500058, "West Virginia": 0.9337217173670134, "Wisconsin": 0.9167807426183017, "Wyoming": 0.706969755653778}