{"Alabama": 0.9119570539107823, "Alaska": 0.8325981050055143, "Arizona": 0.8587454750156984, "Arkansas": 0.888848564887157, "California": 0.8818841779277565, "Colorado": 0.86144622924101, "Connecticut": 0.9097359724428183, "Delaware": 0.6989896213109101, "Florida": 0.8295437781652616, "Georgia": 0.8620008748818493, "Hawaii": 0.789347041143979, "Idaho": 0.9312829478078433, "Illinois": 0.8990874305761284, "Indiana": 0.8832485347232218, "Iowa": 0.9251251389077362, "Kansas": 0.9362568856651248, "Kentucky": 0.9304729104666316, "Louisiana": 0.9289418498857431, "Maine": 0.9637320475121091, "Maryland": 0.8842152820284171, "Massachusetts": 0.9229622038566966, "Michigan": 0.9241049593513747, "Minnesota": 0.9473739765757765, "Mississippi": 0.9215354305108987, "Missouri": 0.951432668725915, "Montana": 0.9229210841560991, "Nebraska": 0.8950345998328458, "Nevada": 0.6390441466464557, "New Hampshire": 0.9694088462341007, "New Jersey": 0.855846119973933, "New Mexico": 0.9241375046456181, "New York": 0.8724066044719918, "North Carolina": 0.9225820830845537, "North Dakota": 0.9288768804970203, "Ohio": 0.9350485952333037, "Oklahoma": 0.9056581150898967, "Oregon": 0.9605368267678653, "Pennsylvania": 0.9580321660805103, "Rhode Island": 0.9546648342578741, "South Carolina": 0.877285132439888, "South Dakota": 0.9422452294019849, "Tennessee": 0.9077848020816754, "Texas": 0.901886321880221, "Utah": 0.9063454327256658, "Virginia": 0.8733549608376522, "Washington": 0.9474174697455683, "West Virginia": 0.9311808245130021, "Wisconsin": 0.9136875511363232, "Wyoming": 0.7342963888242777}