{"Alabama": 0.915826491557262, "Alaska": 0.8449034600381262, "Arizona": 0.8524345429257405, "Arkansas": 0.8909747032436093, "California": 0.8929153164959195, "Colorado": 0.8612918066967274, "Connecticut": 0.9129676577237368, "Delaware": 0.738051366457891, "Florida": 0.8144721364842816, "Georgia": 0.896951105492548, "Hawaii": 0.7693985061246549, "Idaho": 0.9254225313762395, "Illinois": 0.9090667558913812, "Indiana": 0.8831938593372439, "Iowa": 0.911441241799587, "Kansas": 0.9317642201614607, "Kentucky": 0.9229507115891376, "Louisiana": 0.9436070425004651, "Maine": 0.9740984050097496, "Maryland": 0.8766526992724578, "Massachusetts": 0.921991808573553, "Michigan": 0.9315866822641176, "Minnesota": 0.9501793718495741, "Mississippi": 0.9175747015564156, "Missouri": 0.9565354388609081, "Montana": 0.885759965419818, "Nebraska": 0.9125590620514191, "Nevada": 0.6186436148758435, "New Hampshire": 0.9690147938051287, "New Jersey": 0.8803339492387267, "New Mexico": 0.9073877324017061, "New York": 0.8744273038627176, "North Carolina": 0.9333504016590234, "North Dakota": 0.8705231466179345, "Ohio": 0.9334039356287428, "Oklahoma": 0.9008024691204733, "Oregon": 0.9624630009324648, "Pennsylvania": 0.9624282656625655, "Rhode Island": 0.953374102890368, "South Carolina": 0.8993101393397064, "South Dakota": 0.9069454972130504, "Tennessee": 0.9126706852101482, "Texas": 0.912777928800825, "Utah": 0.9135295041546777, "Virginia": 0.8854641492037458, "Washington": 0.9527037316060605, "West Virginia": 0.9357339485985011, "Wisconsin": 0.9038546094404575, "Wyoming": 0.7153111327622069}