{"Alabama": 0.9120048062363295, "Alaska": 0.8259640446196463, "Arizona": 0.8548016890775926, "Arkansas": 0.8912570856819215, "California": 0.8763815068540722, "Colorado": 0.8582940397490693, "Connecticut": 0.9091489044128779, "Delaware": 0.8426704868854229, "Florida": 0.8405193157981364, "Georgia": 0.8597382348077434, "Hawaii": 0.7866283786487096, "Idaho": 0.9229571413719164, "Illinois": 0.8989648262995515, "Indiana": 0.8838082262642808, "Iowa": 0.9225623346460491, "Kansas": 0.9326221275301718, "Kentucky": 0.9253447826592923, "Louisiana": 0.9233179844573661, "Maine": 0.9633727664009862, "Maryland": 0.883323686958072, "Massachusetts": 0.9209198679466443, "Michigan": 0.9251929431991758, "Minnesota": 0.9451097489837273, "Mississippi": 0.9226255100369544, "Missouri": 0.9491893914243974, "Montana": 0.9223826221993064, "Nebraska": 0.8948693601308663, "Nevada": 0.6401878245994443, "New Hampshire": 0.9686684029197925, "New Jersey": 0.8579747159659992, "New Mexico": 0.920504646090318, "New York": 0.8730755192098167, "North Carolina": 0.9260387991989827, "North Dakota": 0.9295948751876709, "Ohio": 0.9326982287870859, "Oklahoma": 0.897279399384716, "Oregon": 0.9606136791151402, "Pennsylvania": 0.9574509588488564, "Rhode Island": 0.9528261118940747, "South Carolina": 0.8761343242053397, "South Dakota": 0.9399805349157628, "Tennessee": 0.9093350573331835, "Texas": 0.8963634062001149, "Utah": 0.8990075788938993, "Virginia": 0.8704018224345403, "Washington": 0.9469187220112543, "West Virginia": 0.9274595441328604, "Wisconsin": 0.9103723473029967, "Wyoming": 0.7001272843243873}