{"Alabama": 0.9128258938375184, "Alaska": 0.845201573507441, "Arizona": 0.8488608127955991, "Arkansas": 0.8915879960317427, "California": 0.8874220945952196, "Colorado": 0.8583733591141851, "Connecticut": 0.9123365401689082, "Delaware": 0.8682947957940368, "Florida": 0.8263194460726843, "Georgia": 0.8933874921286973, "Hawaii": 0.7682074655447827, "Idaho": 0.9193935721376393, "Illinois": 0.9083459679744921, "Indiana": 0.8813246143948625, "Iowa": 0.9087543094331495, "Kansas": 0.9271106158325114, "Kentucky": 0.9176645292324597, "Louisiana": 0.9366980785169321, "Maine": 0.9742452424329807, "Maryland": 0.876187745490974, "Massachusetts": 0.9206735787887127, "Michigan": 0.931044626450673, "Minnesota": 0.9476519185071097, "Mississippi": 0.9181367204834255, "Missouri": 0.9546580698555075, "Montana": 0.8898300182156279, "Nebraska": 0.911340380808725, "Nevada": 0.6221882184565369, "New Hampshire": 0.9683629655017608, "New Jersey": 0.8812223631004238, "New Mexico": 0.9058868803797094, "New York": 0.8745192755337486, "North Carolina": 0.9364186493609582, "North Dakota": 0.8773472874323566, "Ohio": 0.9309787707828181, "Oklahoma": 0.8941815072065014, "Oregon": 0.9619809731324458, "Pennsylvania": 0.9617159286392453, "Rhode Island": 0.9525973944137827, "South Carolina": 0.8967075021917977, "South Dakota": 0.9095935674961907, "Tennessee": 0.9145539911159826, "Texas": 0.9068755838128137, "Utah": 0.9065184048174867, "Virginia": 0.880829913932428, "Washington": 0.9519983794776917, "West Virginia": 0.9322139169049214, "Wisconsin": 0.8992110811642345, "Wyoming": 0.6840506837020328}