{"Alabama": 0.9131921787524486, "Alaska": 0.8185571822289598, "Arizona": 0.8547031191720301, "Arkansas": 0.8986465415006357, "California": 0.8739979915823974, "Colorado": 0.8478007396658245, "Connecticut": 0.9081968645299934, "Delaware": 0.8429322246808143, "Florida": 0.8416783294029777, "Georgia": 0.857207757316175, "Hawaii": 0.7809713228642454, "Idaho": 0.9229479507764131, "Illinois": 0.8976910471794204, "Indiana": 0.8920638773843947, "Iowa": 0.9207527599153478, "Kansas": 0.9317554877064065, "Kentucky": 0.9276216392578651, "Louisiana": 0.9232350774743929, "Maine": 0.9654136330699273, "Maryland": 0.8844034824153992, "Massachusetts": 0.9191988775193535, "Michigan": 0.9309980115993174, "Minnesota": 0.9468502815423129, "Mississippi": 0.9249670401898521, "Missouri": 0.9465557212097563, "Montana": 0.9166152010503364, "Nebraska": 0.8954643184731107, "Nevada": 0.6310147404390268, "New Hampshire": 0.9675036463926692, "New Jersey": 0.8560437502375932, "New Mexico": 0.9150392755911587, "New York": 0.8772129584113324, "North Carolina": 0.9287575121977385, "North Dakota": 0.9302849771795748, "Ohio": 0.9369813165856453, "Oklahoma": 0.8903906480595483, "Oregon": 0.9637693996125888, "Pennsylvania": 0.9591478766670777, "Rhode Island": 0.9534219585176801, "South Carolina": 0.8727693884159299, "South Dakota": 0.9346860215386076, "Tennessee": 0.9115685814099783, "Texas": 0.8912709090759303, "Utah": 0.8857660318897081, "Virginia": 0.8637814739535313, "Washington": 0.9437536444819749, "West Virginia": 0.9269711957225494, "Wisconsin": 0.9128338777765344, "Wyoming": 0.6841511082019693}