{"Alabama": 0.9153014002033313, "Alaska": 0.835204244872345, "Arizona": 0.8474289876025991, "Arkansas": 0.9019835448719141, "California": 0.8847910341749573, "Colorado": 0.8465791249918038, "Connecticut": 0.9106484719779807, "Delaware": 0.8673993294760326, "Florida": 0.8260662038710366, "Georgia": 0.8890783163754067, "Hawaii": 0.7615844277002555, "Idaho": 0.9226099276650438, "Illinois": 0.9070963229483772, "Indiana": 0.8888119689937447, "Iowa": 0.9075225389877839, "Kansas": 0.9262767622691027, "Kentucky": 0.9218848563818423, "Louisiana": 0.9351557992629171, "Maine": 0.9754547022157475, "Maryland": 0.8741287603569265, "Massachusetts": 0.917723230035509, "Michigan": 0.9364961786347843, "Minnesota": 0.95016932649123, "Mississippi": 0.9233516345845426, "Missouri": 0.9536213036951459, "Montana": 0.8857894744449482, "Nebraska": 0.9125151629264666, "Nevada": 0.612739242894138, "New Hampshire": 0.9672442471785864, "New Jersey": 0.8750249390255923, "New Mexico": 0.89923828125688, "New York": 0.8752846972152697, "North Carolina": 0.9401527102483652, "North Dakota": 0.8749742935054732, "Ohio": 0.935635648299043, "Oklahoma": 0.8868267540118383, "Oregon": 0.9654876015490076, "Pennsylvania": 0.9630982680249153, "Rhode Island": 0.952598720336301, "South Carolina": 0.8916664625712729, "South Dakota": 0.9076937103941789, "Tennessee": 0.9188595384079735, "Texas": 0.9012497728195554, "Utah": 0.8936526678269511, "Virginia": 0.872037545514314, "Washington": 0.948860089216566, "West Virginia": 0.9303388359518218, "Wisconsin": 0.9018881079198348, "Wyoming": 0.6651381253779634}