{"Alabama": 0.9137575458228896, "Alaska": 0.8152781613330312, "Arizona": 0.8663745601054125, "Arkansas": 0.9038238733394244, "California": 0.877023053510798, "Colorado": 0.8469225642258355, "Connecticut": 0.9024361440578829, "Delaware": 0.8462356126822176, "Florida": 0.8624740587197356, "Georgia": 0.8606599559991416, "Hawaii": 0.7944454156965067, "Idaho": 0.9284120536729297, "Illinois": 0.8995936890312393, "Indiana": 0.9007167028828317, "Iowa": 0.9173769478552409, "Kansas": 0.9306676869169184, "Kentucky": 0.9320281130988861, "Louisiana": 0.919300084993584, "Maine": 0.9713282005734546, "Maryland": 0.8883795073643511, "Massachusetts": 0.9196468608580897, "Michigan": 0.9378779043943714, "Minnesota": 0.9461882286588309, "Mississippi": 0.9255743810942683, "Missouri": 0.946164069963119, "Montana": 0.9188522317606951, "Nebraska": 0.8967786162422774, "Nevada": 0.6336539937632764, "New Hampshire": 0.9680041441990951, "New Jersey": 0.8598929877981555, "New Mexico": 0.9148322110346016, "New York": 0.8822503802541926, "North Carolina": 0.9322541116714067, "North Dakota": 0.9309303220060441, "Ohio": 0.9406204507364716, "Oklahoma": 0.8720193339095583, "Oregon": 0.9660121340230423, "Pennsylvania": 0.961432582272641, "Rhode Island": 0.9544246404322835, "South Carolina": 0.8792189303111339, "South Dakota": 0.9337846561990499, "Tennessee": 0.9152678013716452, "Texas": 0.8827477325295615, "Utah": 0.8851627958293322, "Virginia": 0.8611229100126214, "Washington": 0.9460841660179142, "West Virginia": 0.9194055021746982, "Wisconsin": 0.9117182692599843, "Wyoming": 0.6509392385333796}