{"Alabama": 0.9147948729100686, "Alaska": 0.8288837115897951, "Arizona": 0.858095585798824, "Arkansas": 0.9061116758406451, "California": 0.8856003076606812, "Colorado": 0.8452579636917223, "Connecticut": 0.9044563536903082, "Delaware": 0.867058235252926, "Florida": 0.8455649273170504, "Georgia": 0.8894719185582425, "Hawaii": 0.7744062786571587, "Idaho": 0.9279249544648602, "Illinois": 0.9071004897057215, "Indiana": 0.894646736967219, "Iowa": 0.9027516667205213, "Kansas": 0.9237631311034218, "Kentucky": 0.926241106281392, "Louisiana": 0.9302689894935589, "Maine": 0.9801822868198585, "Maryland": 0.8770729535188281, "Massachusetts": 0.9166399429339561, "Michigan": 0.9413336362114189, "Minnesota": 0.9487712247232958, "Mississippi": 0.9245531139122405, "Missouri": 0.953679710122552, "Montana": 0.8894144351693746, "Nebraska": 0.9132962503268219, "Nevada": 0.6149333726265593, "New Hampshire": 0.9670687685615451, "New Jersey": 0.8750758247330365, "New Mexico": 0.8990070366563485, "New York": 0.8774371934073306, "North Carolina": 0.9413191226665771, "North Dakota": 0.8786067115195401, "Ohio": 0.9380325743676184, "Oklahoma": 0.8707281924027324, "Oregon": 0.9675564044117898, "Pennsylvania": 0.9637425277066236, "Rhode Island": 0.9522721181689887, "South Carolina": 0.8938109076443892, "South Dakota": 0.9078202261108685, "Tennessee": 0.9223839111261917, "Texas": 0.8920114976296357, "Utah": 0.891852316396825, "Virginia": 0.8676327825114287, "Washington": 0.9507578831592108, "West Virginia": 0.922716446308798, "Wisconsin": 0.8987372849815543, "Wyoming": 0.6312877358967801}