{"Alabama": 0.9162554331927635, "Alaska": 0.8473987262124923, "Arizona": 0.8621853636055729, "Arkansas": 0.913734193827055, "California": 0.8842871730263719, "Colorado": 0.8474591049336002, "Connecticut": 0.8964265151748279, "Delaware": 0.8601637749309795, "Florida": 0.8497478495420276, "Georgia": 0.8906021513570803, "Hawaii": 0.7924814942796031, "Idaho": 0.9336555413941964, "Illinois": 0.9085547817574454, "Indiana": 0.9113788662803605, "Iowa": 0.9038209047815812, "Kansas": 0.9266802162654182, "Kentucky": 0.9335862528049829, "Louisiana": 0.9333467842064456, "Maine": 0.980625606603751, "Maryland": 0.8853713710895679, "Massachusetts": 0.9173790768553646, "Michigan": 0.9512414060767527, "Minnesota": 0.9467390040454237, "Mississippi": 0.9251684564027041, "Missouri": 0.9538758753518666, "Montana": 0.8972866655822441, "Nebraska": 0.9117854220029668, "Nevada": 0.6160672496421163, "New Hampshire": 0.966166911446974, "New Jersey": 0.8751799603913889, "New Mexico": 0.9112813473518799, "New York": 0.88417020772448, "North Carolina": 0.9465455792406282, "North Dakota": 0.8793728677658598, "Ohio": 0.9470276508401926, "Oklahoma": 0.8825512495858222, "Oregon": 0.967484523972413, "Pennsylvania": 0.964472665702378, "Rhode Island": 0.9517485167638198, "South Carolina": 0.8950223139053148, "South Dakota": 0.9037426703554128, "Tennessee": 0.9275877960604707, "Texas": 0.8959566166475725, "Utah": 0.8864009793258233, "Virginia": 0.8639042091162483, "Washington": 0.9522702308495913, "West Virginia": 0.9233482726630357, "Wisconsin": 0.906061471786713, "Wyoming": 0.6726710621071371}