{"Alabama": 0.9159803320402858, "Alaska": 0.8357811499893129, "Arizona": 0.8697929702307089, "Arkansas": 0.9103096017077872, "California": 0.8777990812363401, "Colorado": 0.84977247026448, "Connecticut": 0.8944853329045821, "Delaware": 0.842786417665122, "Florida": 0.8669113954271903, "Georgia": 0.8680325629360287, "Hawaii": 0.8111930409771207, "Idaho": 0.9355743668177365, "Illinois": 0.9021660249657961, "Indiana": 0.9203312032688552, "Iowa": 0.9162304435120631, "Kansas": 0.9329723362836813, "Kentucky": 0.9383749719462412, "Louisiana": 0.9245783879716116, "Maine": 0.974587202743444, "Maryland": 0.8974952105571086, "Massachusetts": 0.9220647190332438, "Michigan": 0.9492106994132605, "Minnesota": 0.9443234461601571, "Mississippi": 0.927277081511557, "Missouri": 0.9469348718986248, "Montana": 0.9265749626747437, "Nebraska": 0.8988644760160589, "Nevada": 0.6349402936186143, "New Hampshire": 0.9672528559431269, "New Jersey": 0.8659286304817174, "New Mexico": 0.9269139845439766, "New York": 0.891845200677728, "North Carolina": 0.9392233452252999, "North Dakota": 0.9279892817573047, "Ohio": 0.9490893719260067, "Oklahoma": 0.8860822778554264, "Oregon": 0.9670996619007743, "Pennsylvania": 0.9628582985422849, "Rhode Island": 0.955346553931362, "South Carolina": 0.8838641191580774, "South Dakota": 0.9293746001498199, "Tennessee": 0.9212038482409265, "Texas": 0.88872490120003, "Utah": 0.8808185853087532, "Virginia": 0.8600240096804626, "Washington": 0.9484447833190363, "West Virginia": 0.9219837952550098, "Wisconsin": 0.9192709508040984, "Wyoming": 0.6919560079035552}