{"Alabama": 0.913915085865743, "Alaska": 0.8357063612041937, "Arizona": 0.8756309540053184, "Arkansas": 0.9079410863974109, "California": 0.8780847829302829, "Colorado": 0.8556590372680228, "Connecticut": 0.8972622159538276, "Delaware": 0.8509217229568389, "Florida": 0.8657757234070595, "Georgia": 0.8654474288099627, "Hawaii": 0.8133707190509195, "Idaho": 0.940205055043476, "Illinois": 0.8995220376594033, "Indiana": 0.9124951443222292, "Iowa": 0.912335322232757, "Kansas": 0.9286053068386132, "Kentucky": 0.9338257797872728, "Louisiana": 0.9216156747714433, "Maine": 0.9713169398130623, "Maryland": 0.8995218402835099, "Massachusetts": 0.927470808345271, "Michigan": 0.9443160829907221, "Minnesota": 0.9414059514288958, "Mississippi": 0.9268475060286943, "Missouri": 0.9435221274564586, "Montana": 0.9255047017857982, "Nebraska": 0.896802744447207, "Nevada": 0.6356560344329664, "New Hampshire": 0.9665589279734169, "New Jersey": 0.8705543624744717, "New Mexico": 0.9274266900201951, "New York": 0.8950750793696194, "North Carolina": 0.9328739474410814, "North Dakota": 0.9121851067942963, "Ohio": 0.9467209356109009, "Oklahoma": 0.8669283642867286, "Oregon": 0.9666423849630147, "Pennsylvania": 0.9608343722660783, "Rhode Island": 0.9522874333409128, "South Carolina": 0.8786506241564749, "South Dakota": 0.9299084671651778, "Tennessee": 0.9184777340802375, "Texas": 0.886728466117225, "Utah": 0.8902747119091655, "Virginia": 0.8617290348400415, "Washington": 0.9476967017556777, "West Virginia": 0.9128754913979577, "Wisconsin": 0.9159807821995836, "Wyoming": 0.6799299366808059}