{"Alabama": 0.9161081657386152, "Alaska": 0.8510939039740719, "Arizona": 0.8676291528963684, "Arkansas": 0.9178207402705764, "California": 0.8800685801447763, "Colorado": 0.8523631035504792, "Connecticut": 0.8944502290089436, "Delaware": 0.8611664733944282, "Florida": 0.8468792352479102, "Georgia": 0.8838387812959062, "Hawaii": 0.7890172944063844, "Idaho": 0.9385883201253286, "Illinois": 0.903403138117889, "Indiana": 0.9013606419677439, "Iowa": 0.8987657003592523, "Kansas": 0.9232226223974808, "Kentucky": 0.9299401929544802, "Louisiana": 0.932770647960129, "Maine": 0.9768152477068411, "Maryland": 0.8849092606951171, "Massachusetts": 0.9191679266519062, "Michigan": 0.9401091868224655, "Minnesota": 0.9436441050386866, "Mississippi": 0.9293456089063556, "Missouri": 0.950474314027912, "Montana": 0.8949686067115976, "Nebraska": 0.9075773428077355, "Nevada": 0.6161980944381831, "New Hampshire": 0.9644821663732759, "New Jersey": 0.8719086679199437, "New Mexico": 0.9106642608215388, "New York": 0.8787098423392279, "North Carolina": 0.9374538436633099, "North Dakota": 0.8446491266038014, "Ohio": 0.9458648848134705, "Oklahoma": 0.8740428919391772, "Oregon": 0.9677331483381548, "Pennsylvania": 0.9624064395608782, "Rhode Island": 0.9481582248571617, "South Carolina": 0.8907760928969243, "South Dakota": 0.9041377085591384, "Tennessee": 0.9246099502311278, "Texas": 0.890327206046705, "Utah": 0.8913498358676055, "Virginia": 0.8635473329130983, "Washington": 0.9494593529449716, "West Virginia": 0.9118337153957483, "Wisconsin": 0.8993060348766279, "Wyoming": 0.6473295172514006}