{"Alabama": 0.9138711103075098, "Alaska": 0.8380482425605278, "Arizona": 0.8773032370750941, "Arkansas": 0.9122650206251699, "California": 0.8752009899013167, "Colorado": 0.8568121951369402, "Connecticut": 0.8931150845546691, "Delaware": 0.8522926041614608, "Florida": 0.867494823126632, "Georgia": 0.8656037355763296, "Hawaii": 0.8114160203208564, "Idaho": 0.9441862931932645, "Illinois": 0.8979143142497679, "Indiana": 0.9075626947808126, "Iowa": 0.9122804632533124, "Kansas": 0.9274156278815426, "Kentucky": 0.9330800862902868, "Louisiana": 0.9257791358290709, "Maine": 0.9726635531811229, "Maryland": 0.9007398384602017, "Massachusetts": 0.9261205358071596, "Michigan": 0.936612895211256, "Minnesota": 0.9409407130181303, "Mississippi": 0.9284157808805993, "Missouri": 0.9441725294789, "Montana": 0.9259856648147355, "Nebraska": 0.8983740169898143, "Nevada": 0.6372604220752178, "New Hampshire": 0.9654053315806242, "New Jersey": 0.8681045662275191, "New Mexico": 0.9281833268975496, "New York": 0.8906117752871426, "North Carolina": 0.9294107497688832, "North Dakota": 0.8889771525460453, "Ohio": 0.9475444605322626, "Oklahoma": 0.8742916539345008, "Oregon": 0.9668755532104746, "Pennsylvania": 0.9617031080852908, "Rhode Island": 0.9526695639814688, "South Carolina": 0.8805134250992727, "South Dakota": 0.9322985294105927, "Tennessee": 0.9181390615131021, "Texas": 0.8849142198230541, "Utah": 0.8869855783740981, "Virginia": 0.8634350046011884, "Washington": 0.9455292912307303, "West Virginia": 0.9114549998888848, "Wisconsin": 0.9126077318137823, "Wyoming": 0.6682569330525705}