{"Alabama": 0.9077036131683942, "Alaska": 0.8251362495920789, "Arizona": 0.8761923040337793, "Arkansas": 0.9165190974072157, "California": 0.8935870843697249, "Colorado": 0.8534367536372932, "Connecticut": 0.8970401645613846, "Delaware": 0.8509785309563253, "Florida": 0.8627681295066478, "Georgia": 0.8636415393151302, "Hawaii": 0.8054259632646391, "Idaho": 0.9427942689695289, "Illinois": 0.8952964671692955, "Indiana": 0.9029110522932533, "Iowa": 0.9124484717520932, "Kansas": 0.9247739249163303, "Kentucky": 0.9304920847188952, "Louisiana": 0.9227179328836205, "Maine": 0.9755406212291337, "Maryland": 0.8992675646104347, "Massachusetts": 0.9276603756342322, "Michigan": 0.9329999217385574, "Minnesota": 0.943745539671702, "Mississippi": 0.9260810154812253, "Missouri": 0.949309320333069, "Montana": 0.9215053843724711, "Nebraska": 0.9050933616643093, "Nevada": 0.6391672793006998, "New Hampshire": 0.9597646307436676, "New Jersey": 0.8668345042452661, "New Mexico": 0.9216561474397545, "New York": 0.8915450015013549, "North Carolina": 0.9291139581232312, "North Dakota": 0.8413190646459416, "Ohio": 0.9460653420331454, "Oklahoma": 0.8379217888126181, "Oregon": 0.9652602850042313, "Pennsylvania": 0.9636063673785306, "Rhode Island": 0.9550342248501196, "South Carolina": 0.8733196793174739, "South Dakota": 0.930423589292415, "Tennessee": 0.9152227946543837, "Texas": 0.8729343415917545, "Utah": 0.8851657659204413, "Virginia": 0.8627828126909736, "Washington": 0.9514623785561087, "West Virginia": 0.9056645365411292, "Wisconsin": 0.9122735295984141, "Wyoming": 0.6379425173838938}