{"Alabama": 0.9114042129251709, "Alaska": 0.8334223379779301, "Arizona": 0.8666762940403482, "Arkansas": 0.9241291651294964, "California": 0.8959543028254072, "Colorado": 0.8478530704017585, "Connecticut": 0.8989456298166688, "Delaware": 0.8574794641410688, "Florida": 0.8395812806697995, "Georgia": 0.8798039165906419, "Hawaii": 0.7804545021933621, "Idaho": 0.9378753690283734, "Illinois": 0.9007168014908218, "Indiana": 0.9014247949292106, "Iowa": 0.9014913828330036, "Kansas": 0.9229615429087862, "Kentucky": 0.9280014357409689, "Louisiana": 0.9273691706619046, "Maine": 0.9780314359741197, "Maryland": 0.8790442451858576, "Massachusetts": 0.9189405164443013, "Michigan": 0.9392546034679793, "Minnesota": 0.9470273369783394, "Mississippi": 0.9290233518149739, "Missouri": 0.9549475358645229, "Montana": 0.8882208390138226, "Nebraska": 0.9141649238991155, "Nevada": 0.6164545253327028, "New Hampshire": 0.9597716023742237, "New Jersey": 0.8668576340196813, "New Mexico": 0.9015038841890263, "New York": 0.876906641631889, "North Carolina": 0.9358295661351689, "North Dakota": 0.8025784986588295, "Ohio": 0.9460181673349405, "Oklahoma": 0.8408068389934785, "Oregon": 0.9680455125361798, "Pennsylvania": 0.9638174287847204, "Rhode Island": 0.9489188038312436, "South Carolina": 0.8841946656463461, "South Dakota": 0.9010185224683527, "Tennessee": 0.9217877270643722, "Texas": 0.8785910306345728, "Utah": 0.890243240117189, "Virginia": 0.8607235880452472, "Washington": 0.956259346160259, "West Virginia": 0.9042059800952859, "Wisconsin": 0.9008702063517682, "Wyoming": 0.6146220982646139}