{"Alabama": 0.9073419791266937, "Alaska": 0.8329005416288658, "Arizona": 0.8724740278823403, "Arkansas": 0.9182558663052256, "California": 0.8998045152401095, "Colorado": 0.850431135898352, "Connecticut": 0.8996059883519296, "Delaware": 0.8494388191997585, "Florida": 0.8623219905026769, "Georgia": 0.8648122061188265, "Hawaii": 0.8104383457890962, "Idaho": 0.9437286785161403, "Illinois": 0.8931887124907165, "Indiana": 0.8983874319899905, "Iowa": 0.9119210042946634, "Kansas": 0.9200472280778831, "Kentucky": 0.926857798184745, "Louisiana": 0.924022090513188, "Maine": 0.973865827622836, "Maryland": 0.8988857594635048, "Massachusetts": 0.926779237202057, "Michigan": 0.9283534683173875, "Minnesota": 0.9441046034747537, "Mississippi": 0.9225309620688052, "Missouri": 0.9502284013409183, "Montana": 0.9248850316288949, "Nebraska": 0.9041115965766799, "Nevada": 0.6516638576296707, "New Hampshire": 0.9585218212265731, "New Jersey": 0.8688729913614152, "New Mexico": 0.9185783714138319, "New York": 0.8928203522084972, "North Carolina": 0.9292613088333065, "North Dakota": 0.8294416880382203, "Ohio": 0.9445741443426615, "Oklahoma": 0.8280446810684774, "Oregon": 0.9666430742706675, "Pennsylvania": 0.9626326416505357, "Rhode Island": 0.9522217387057401, "South Carolina": 0.8751431085951101, "South Dakota": 0.92752225509614, "Tennessee": 0.9116117987724118, "Texas": 0.8673952368961448, "Utah": 0.8858312989979867, "Virginia": 0.8672050890246724, "Washington": 0.953243797563889, "West Virginia": 0.907847407535865, "Wisconsin": 0.91335307410706, "Wyoming": 0.6505791090221998}