{"Alabama": 0.9056664729429934, "Alaska": 0.8335594763999554, "Arizona": 0.8627071754216576, "Arkansas": 0.9215321226699744, "California": 0.9003737876859496, "Colorado": 0.8472746016024088, "Connecticut": 0.9033632285868972, "Delaware": 0.8509448048320966, "Florida": 0.8409012073559318, "Georgia": 0.8729942674070803, "Hawaii": 0.7854909120495549, "Idaho": 0.9416994100427754, "Illinois": 0.8949594714853617, "Indiana": 0.887296808933095, "Iowa": 0.9016739107505831, "Kansas": 0.9156646990359173, "Kentucky": 0.9172158737285816, "Louisiana": 0.9274102763721158, "Maine": 0.9745403178612763, "Maryland": 0.8746341369162043, "Massachusetts": 0.9153047063004303, "Michigan": 0.9303355945545906, "Minnesota": 0.9472352378946455, "Mississippi": 0.9213502241817995, "Missouri": 0.953877127377182, "Montana": 0.8977404157390767, "Nebraska": 0.9103520628371188, "Nevada": 0.632946822219401, "New Hampshire": 0.95769121237474, "New Jersey": 0.8665764971146102, "New Mexico": 0.8939850331704277, "New York": 0.8768100195448683, "North Carolina": 0.9312468516810827, "North Dakota": 0.7758931537403566, "Ohio": 0.9404252184526287, "Oklahoma": 0.8236458811024434, "Oregon": 0.9692843616199796, "Pennsylvania": 0.9596915484472027, "Rhode Island": 0.9459843748350653, "South Carolina": 0.8809384363574714, "South Dakota": 0.9016414705978419, "Tennessee": 0.9125354360259899, "Texas": 0.8691787367502, "Utah": 0.8894996787442778, "Virginia": 0.8651701905888801, "Washington": 0.9572934538089913, "West Virginia": 0.9056636741127378, "Wisconsin": 0.8978112904222745, "Wyoming": 0.6207383258207386}