{"Alabama": 0.901796249351769, "Alaska": 0.828556104880945, "Arizona": 0.8726016940192324, "Arkansas": 0.9168192421158752, "California": 0.9001246158384517, "Colorado": 0.8543743458693553, "Connecticut": 0.9016839723791787, "Delaware": 0.849420835293811, "Florida": 0.8653630799550924, "Georgia": 0.8620803803728981, "Hawaii": 0.8115106719853091, "Idaho": 0.9464437129224795, "Illinois": 0.8909834868276677, "Indiana": 0.8855997665141974, "Iowa": 0.9120176914328363, "Kansas": 0.9157942082459622, "Kentucky": 0.9189510530941691, "Louisiana": 0.9266791196833456, "Maine": 0.9747798138123982, "Maryland": 0.8985437734807213, "Massachusetts": 0.9256688997673475, "Michigan": 0.9205868892684146, "Minnesota": 0.9442038793955466, "Mississippi": 0.9172539206427462, "Missouri": 0.9496522697189863, "Montana": 0.9279408378357547, "Nebraska": 0.9037163449045086, "Nevada": 0.6564622427012936, "New Hampshire": 0.9567878030559225, "New Jersey": 0.8709915275624646, "New Mexico": 0.9154659110489825, "New York": 0.8943686588279058, "North Carolina": 0.9268048780059657, "North Dakota": 0.8093740343245036, "Ohio": 0.9400415991254021, "Oklahoma": 0.8172718454413898, "Oregon": 0.9655847130875292, "Pennsylvania": 0.9606356934018419, "Rhode Island": 0.9525064089835236, "South Carolina": 0.872731661027038, "South Dakota": 0.9258760445682528, "Tennessee": 0.906096354591359, "Texas": 0.8643039060571326, "Utah": 0.8851211686543131, "Virginia": 0.8691080738001363, "Washington": 0.9517980382532478, "West Virginia": 0.9087238899422444, "Wisconsin": 0.9097966029122351, "Wyoming": 0.6422299055228985}