{"Alabama": 0.8811065384974576, "Alaska": 0.8209830604964253, "Arizona": 0.8604530185617251, "Arkansas": 0.8700977622189109, "California": 0.8410071962945352, "Colorado": 0.8362253192196, "Connecticut": 0.8440659158548706, "Delaware": 0.8324402323191233, "Florida": 0.8627237317024592, "Georgia": 0.856863402358554, "Hawaii": 0.7756336685932718, "Idaho": 0.9219553043021173, "Illinois": 0.8654688299617127, "Indiana": 0.8153519580479033, "Iowa": 0.9266494838857833, "Kansas": 0.9488240828291569, "Kentucky": 0.9328712410665687, "Louisiana": 0.9677968032862593, "Maine": 0.9486251404574302, "Maryland": 0.8785039904556697, "Massachusetts": 0.849824943377166, "Michigan": 0.8234218725254876, "Minnesota": 0.9139532314651972, "Mississippi": 0.8625786659816902, "Missouri": 0.9328904779243045, "Montana": 0.9391832009628431, "Nebraska": 0.9260514011420679, "Nevada": 0.5691361009209828, "New Hampshire": 0.8973666736869225, "New Jersey": 0.8398884253589763, "New Mexico": 0.9371938566544269, "New York": 0.8389740064966723, "North Carolina": 0.8216910153870833, "North Dakota": 0.961588069395007, "Ohio": 0.8778747319088144, "Oklahoma": 0.9708318028220791, "Oregon": 0.9065802316767235, "Pennsylvania": 0.9312070955683588, "Rhode Island": 0.8845701665668304, "South Carolina": 0.8241376476391918, "South Dakota": 0.9558540470151582, "Tennessee": 0.8784145642848074, "Texas": 0.9338934806854191, "Utah": 0.8870315192342751, "Vermont": 0.9172359868103777, "Virginia": 0.8715880405398567, "Washington": 0.9058052756880841, "Wisconsin": 0.8543624339050986, "Wyoming": 0.8636693505026806}