{"Alabama": 0.884807515479366, "Alaska": 0.8332606809417203, "Arizona": 0.8594113456079362, "Arkansas": 0.875222622351404, "California": 0.8447590206806964, "Colorado": 0.826261347866006, "Connecticut": 0.8559626400407667, "Delaware": 0.8344327252105858, "Florida": 0.8492623250569837, "Georgia": 0.8618969673579608, "Hawaii": 0.7809583434003804, "Idaho": 0.9219044268315005, "Illinois": 0.8762244116637353, "Indiana": 0.8153563865902325, "Iowa": 0.9286069160105072, "Kansas": 0.9529639324278855, "Kentucky": 0.9325123109949544, "Louisiana": 0.9635245215921281, "Maine": 0.9540931525406527, "Maryland": 0.876241150647126, "Massachusetts": 0.8554467275713808, "Michigan": 0.8267766743471966, "Minnesota": 0.9221904637323971, "Mississippi": 0.861581528712665, "Missouri": 0.9383608679621388, "Montana": 0.9424418043395965, "Nebraska": 0.9337037736309954, "Nevada": 0.5545389375910527, "New Hampshire": 0.9066476035712888, "New Jersey": 0.8461260708126598, "New Mexico": 0.9363855312838338, "New York": 0.8463845064160037, "North Carolina": 0.8399909616820803, "North Dakota": 0.9619481075446136, "Ohio": 0.8842184617934438, "Oklahoma": 0.9705068110303269, "Oregon": 0.9172270080689591, "Pennsylvania": 0.9372434105224704, "Rhode Island": 0.8960390283807634, "South Carolina": 0.8324677100833621, "South Dakota": 0.9554337609240325, "Tennessee": 0.8771677248680502, "Texas": 0.9303267166322234, "Utah": 0.887120544451641, "Vermont": 0.9171004990637696, "Virginia": 0.8635552652735554, "Washington": 0.9137388428059271, "Wisconsin": 0.8614810210337882, "Wyoming": 0.8570635305360123}