{"Alabama": 0.8882214262903035, "Alaska": 0.8422768709953374, "Arizona": 0.8541528545845952, "Arkansas": 0.878736466440122, "California": 0.8460340804082941, "Colorado": 0.8163294859161834, "Connecticut": 0.8609499687722804, "Delaware": 0.8331568640792518, "Florida": 0.8401524063155399, "Georgia": 0.8654936953925, "Hawaii": 0.7832096461858831, "Idaho": 0.9248946447972103, "Illinois": 0.8817015422262025, "Indiana": 0.8213017807190932, "Iowa": 0.9313388171900774, "Kansas": 0.9538318664278966, "Kentucky": 0.9275088932762545, "Louisiana": 0.961478112879122, "Maine": 0.9590930043761144, "Maryland": 0.8745317771915165, "Massachusetts": 0.8520688690435818, "Michigan": 0.8354753272477214, "Minnesota": 0.9279792172981736, "Mississippi": 0.8756875563913535, "Missouri": 0.9410382147909472, "Montana": 0.9423096410462702, "Nebraska": 0.9359823764536931, "Nevada": 0.5621878449904377, "New Hampshire": 0.9079851419051825, "New Jersey": 0.8502996023312063, "New Mexico": 0.9377462600972007, "New York": 0.8479094195629914, "North Carolina": 0.8528530153038917, "North Dakota": 0.9657638430619818, "Ohio": 0.8905751430958834, "Oklahoma": 0.9699348133986028, "Oregon": 0.9204383647369934, "Pennsylvania": 0.9398066029427143, "Rhode Island": 0.9060565938760506, "South Carolina": 0.8410158453568342, "South Dakota": 0.9561215293682727, "Tennessee": 0.8811416819623162, "Texas": 0.9254981525099133, "Utah": 0.886616518089462, "Vermont": 0.9202788860363291, "Virginia": 0.8538012476655279, "Washington": 0.9166191855121278, "Wisconsin": 0.8684144311578669, "Wyoming": 0.8516456004173434}