{"Alabama": 0.7810371678930369, "Alaska": 0.7771805741704045, "Arizona": 0.848962509521875, "Arkansas": 0.8738343152718413, "California": 0.8398827511382734, "Colorado": 0.8130877444046685, "Connecticut": 0.8572826605649249, "Delaware": 0.8007858339593376, "Florida": 0.8580357395703119, "Georgia": 0.855924415210674, "Hawaii": 0.7589843725095373, "Idaho": 0.9184741621525442, "Illinois": 0.8786224967242606, "Indiana": 0.8330290528759471, "Iowa": 0.9231171200131083, "Kansas": 0.9462707385819155, "Kentucky": 0.9283213888460429, "Louisiana": 0.9639492069504213, "Maine": 0.957156362367062, "Maryland": 0.8674170762002961, "Massachusetts": 0.8435331212737255, "Michigan": 0.8487866237713049, "Minnesota": 0.9236536468272936, "Mississippi": 0.8867395711030264, "Missouri": 0.9381743897039321, "Montana": 0.9399835874426221, "Nebraska": 0.9239903822340152, "Nevada": 0.5784092083725239, "New Hampshire": 0.9041786242628909, "New Jersey": 0.8439808515993401, "New Mexico": 0.9331192504579413, "New York": 0.8516299461810218, "North Carolina": 0.8559056332549903, "North Dakota": 0.9656302289419324, "Ohio": 0.8984916792517604, "Oklahoma": 0.9645783334586183, "Oregon": 0.9137389685674397, "Pennsylvania": 0.9360507044055482, "Rhode Island": 0.887693382450775, "South Carolina": 0.8445297605631086, "South Dakota": 0.9468758235861332, "Tennessee": 0.8826024059561731, "Texas": 0.922997143908375, "Utah": 0.876276665718354, "Vermont": 0.918530341422559, "Virginia": 0.8412064374541062, "Washington": 0.9099046567201865, "Wisconsin": 0.8729379812397268, "Wyoming": 0.7762914903375352}