{"Alabama": 0.8892414438000034, "Alaska": 0.8307648781457387, "Arizona": 0.8520943339838806, "Arkansas": 0.8805668315772077, "California": 0.8491594322915631, "Colorado": 0.8243618217918208, "Connecticut": 0.8675945405310823, "Delaware": 0.8151294347419706, "Florida": 0.8569474042226958, "Georgia": 0.8595526081853639, "Hawaii": 0.766563630910846, "Idaho": 0.9188594192957408, "Illinois": 0.8883785788417201, "Indiana": 0.8366980674092805, "Iowa": 0.9242078008239838, "Kansas": 0.949112998683588, "Kentucky": 0.9345590869325164, "Louisiana": 0.963157226619828, "Maine": 0.9601012009447192, "Maryland": 0.868928547181385, "Massachusetts": 0.8610252612524337, "Michigan": 0.8621399829967553, "Minnesota": 0.9320058475263688, "Mississippi": 0.8922619566977222, "Missouri": 0.9416660817457547, "Montana": 0.939856130435675, "Nebraska": 0.9224400385055793, "Nevada": 0.5943979366267848, "New Hampshire": 0.916770147783959, "New Jersey": 0.8549595592638304, "New Mexico": 0.9383887827382632, "New York": 0.8666665132215722, "North Carolina": 0.8750741522643432, "North Dakota": 0.9684608731219722, "Ohio": 0.9106895762946846, "Oklahoma": 0.9661557885257671, "Oregon": 0.9213533445884743, "Pennsylvania": 0.9421602114990977, "Rhode Island": 0.8388676129407769, "South Carolina": 0.8515584555512619, "South Dakota": 0.947226590483325, "Tennessee": 0.8856039724406715, "Texas": 0.9243658867290614, "Utah": 0.8794207461314915, "Vermont": 0.8559675597383174, "Virginia": 0.8450130652072294, "Washington": 0.9164993671895408, "Wisconsin": 0.8838315060827002, "Wyoming": 0.7175222536075169}