{"Alabama": 0.8930365383676578, "Alaska": 0.8928554454482273, "Arizona": 0.8557955764163823, "Arkansas": 0.8859166834062003, "California": 0.8508504949582101, "Colorado": 0.8317675878868844, "Connecticut": 0.8657528684212679, "Delaware": 0.8282737771587643, "Florida": 0.8486165018490839, "Georgia": 0.8656456122695666, "Hawaii": 0.7787555421144243, "Idaho": 0.9200203474002353, "Illinois": 0.8913932992806626, "Indiana": 0.8373655734015657, "Iowa": 0.9214731610375448, "Kansas": 0.9524881614683084, "Kentucky": 0.9364694396277997, "Louisiana": 0.965641544864146, "Maine": 0.9606693450054816, "Maryland": 0.8668367584143603, "Massachusetts": 0.863279123606785, "Michigan": 0.8701209943863027, "Minnesota": 0.9319868995866444, "Mississippi": 0.8990830373774072, "Missouri": 0.9418051818630435, "Montana": 0.9391697307865211, "Nebraska": 0.9202873669094889, "Nevada": 0.6122178290398155, "New Hampshire": 0.9170380115002048, "New Jersey": 0.8628933991784965, "New Mexico": 0.9436898556699914, "New York": 0.8697530599570821, "North Carolina": 0.8839552768073461, "North Dakota": 0.9702054339423631, "Ohio": 0.9142707772578009, "Oklahoma": 0.9679457827929457, "Oregon": 0.9306550234646371, "Pennsylvania": 0.9420784069585759, "Rhode Island": 0.9215466193501347, "South Carolina": 0.8538288991991938, "South Dakota": 0.9487017162093635, "Tennessee": 0.8941278833756457, "Texas": 0.9265037964691358, "Utah": 0.8802753345864404, "Vermont": 0.9354626195839587, "Virginia": 0.8417089240032959, "Washington": 0.917851272265187, "Wisconsin": 0.8880491514784138, "Wyoming": 0.8119996276024792}