{"Alabama": 0.8912625956690503, "Alaska": 0.8977283466589377, "Arizona": 0.8508934273374394, "Arkansas": 0.8886911330206846, "California": 0.8458411229093973, "Colorado": 0.8284818415527416, "Connecticut": 0.8643221168672889, "Delaware": 0.830959193274352, "Florida": 0.8464663777388833, "Georgia": 0.8614839599021714, "Hawaii": 0.8000043242087018, "Idaho": 0.9154170340391856, "Illinois": 0.886927962531228, "Indiana": 0.8341232503890404, "Iowa": 0.9145903535411655, "Kansas": 0.9475970799210998, "Kentucky": 0.9343296892980402, "Louisiana": 0.9679847968855768, "Maine": 0.9585792884509015, "Maryland": 0.85940961679034, "Massachusetts": 0.8588018791952204, "Michigan": 0.8753592778614704, "Minnesota": 0.9287719019424014, "Mississippi": 0.8970200887646427, "Missouri": 0.9402426308436347, "Montana": 0.9401049032016775, "Nebraska": 0.9179959034814225, "Nevada": 0.6180830713613665, "New Hampshire": 0.913620661068879, "New Jersey": 0.8590091198971065, "New Mexico": 0.9443783041203261, "New York": 0.863758085266285, "North Carolina": 0.8915751171862621, "North Dakota": 0.9704990933422308, "Ohio": 0.9137410856096115, "Oklahoma": 0.9634479095756299, "Oregon": 0.9269318499130095, "Pennsylvania": 0.939426212522045, "Rhode Island": 0.8625798047308035, "South Carolina": 0.8579007339009795, "South Dakota": 0.9465293998957693, "Tennessee": 0.8911529155119783, "Texas": 0.9236152866668514, "Utah": 0.8759628255711199, "Vermont": 0.9337217173670134, "Virginia": 0.8327482037272274, "Washington": 0.913589797329365, "Wisconsin": 0.8854401049009126, "Wyoming": 0.8134881095433645}