{"Alabama": 0.8859901257221106, "Alaska": 0.9031715892163887, "Arizona": 0.8386915488986836, "Arkansas": 0.8901911999616862, "California": 0.8365645452454064, "Colorado": 0.825948803661258, "Connecticut": 0.8588629706837733, "Delaware": 0.7453266980076289, "Florida": 0.8346995472372054, "Georgia": 0.8555175867016346, "Hawaii": 0.8069228404608363, "Idaho": 0.9010751215153332, "Illinois": 0.8808213868178282, "Indiana": 0.8308909298034534, "Iowa": 0.9049266279471988, "Kansas": 0.9413074046806976, "Kentucky": 0.9326658692793457, "Louisiana": 0.9669574133758622, "Maine": 0.9542749742283768, "Maryland": 0.853541445127747, "Massachusetts": 0.8503455504237468, "Michigan": 0.8782397425343107, "Minnesota": 0.9231736854306729, "Mississippi": 0.8965761421913526, "Missouri": 0.9364607789375577, "Montana": 0.9385221857952173, "Nebraska": 0.9125141818706517, "Nevada": 0.6232722097998935, "New Hampshire": 0.9087400932458459, "New Jersey": 0.8557200130167608, "New Mexico": 0.945235916789042, "New York": 0.8550613150328062, "North Carolina": 0.8931245684605591, "North Dakota": 0.9708832583450098, "Ohio": 0.9092149714517371, "Oklahoma": 0.9644154282900572, "Oregon": 0.9211364586849744, "Pennsylvania": 0.9335010332420012, "Rhode Island": 0.9090755848314044, "South Carolina": 0.8576833377581765, "South Dakota": 0.940992371303674, "Tennessee": 0.8912393023997893, "Texas": 0.9208879498935028, "Utah": 0.8640786481108271, "Vermont": 0.9311808245130022, "Virginia": 0.8281703556500595, "Washington": 0.9072227096708103, "Wisconsin": 0.8788546195437872, "Wyoming": 0.8453141986142593}