{"Alabama": 0.8809354002930463, "Alaska": 0.9071897109193647, "Arizona": 0.8349267697862882, "Arkansas": 0.8919669530909263, "California": 0.8286965854115299, "Colorado": 0.8256710165773835, "Connecticut": 0.8517484217518831, "Delaware": 0.8366854864063957, "Florida": 0.8401985935149574, "Georgia": 0.8526337596267629, "Hawaii": 0.8055478904890963, "Idaho": 0.8889286556442654, "Illinois": 0.8748762663821168, "Indiana": 0.8291776687781833, "Iowa": 0.8977443949288206, "Kansas": 0.9360550314173928, "Kentucky": 0.9291497559507773, "Louisiana": 0.9586058276437696, "Maine": 0.951205467323534, "Maryland": 0.8496771044522771, "Massachusetts": 0.8423899427803713, "Michigan": 0.8798235465093373, "Minnesota": 0.9163080831415448, "Mississippi": 0.8996661979626239, "Missouri": 0.9315586678089361, "Montana": 0.9380968363398904, "Nebraska": 0.907962629555916, "Nevada": 0.6319712482156125, "New Hampshire": 0.910433224127443, "New Jersey": 0.8520170801448035, "New Mexico": 0.9375840477773586, "New York": 0.8458378907767593, "North Carolina": 0.8952042428693574, "North Dakota": 0.970325320308163, "Ohio": 0.9038599729287486, "Oklahoma": 0.9628028319269992, "Oregon": 0.9149118315186252, "Pennsylvania": 0.9259810294304708, "Rhode Island": 0.8994530344308274, "South Carolina": 0.857043107954093, "South Dakota": 0.933943325205824, "Tennessee": 0.8943242540369823, "Texas": 0.9175699983858107, "Utah": 0.8527973796347741, "Vermont": 0.9274595441328604, "Virginia": 0.823177309815869, "Washington": 0.8989464222761292, "Wisconsin": 0.8724157908394925, "Wyoming": 0.8300693716593771}