{"Alabama": 0.8814611213518511, "Alaska": 0.9119070069368683, "Arizona": 0.843623989707108, "Arkansas": 0.9028658411259844, "California": 0.8282598863488051, "Colorado": 0.8220438611826725, "Connecticut": 0.8461294483493679, "Delaware": 0.8406530708241335, "Florida": 0.8484565001211388, "Georgia": 0.8531372289742813, "Hawaii": 0.8054595159982333, "Idaho": 0.8928468777394004, "Illinois": 0.8724475328793156, "Indiana": 0.8355332211826181, "Iowa": 0.8944949710286003, "Kansas": 0.929608776088939, "Kentucky": 0.9294319590269887, "Louisiana": 0.9586416021810399, "Maine": 0.9519585424422202, "Maryland": 0.8492052109248449, "Massachusetts": 0.8369294807977494, "Michigan": 0.8853269751798388, "Minnesota": 0.914984136331628, "Mississippi": 0.9059925370015156, "Missouri": 0.9307283803677681, "Montana": 0.936148889267373, "Nebraska": 0.9042637843463645, "Nevada": 0.6397649808117521, "New Hampshire": 0.9102862929231798, "New Jersey": 0.8469580551034201, "New Mexico": 0.9326536708815727, "New York": 0.8442505021104523, "North Carolina": 0.8976774239117372, "North Dakota": 0.9699570414056194, "Ohio": 0.905957171488276, "Oklahoma": 0.959231549146376, "Oregon": 0.9170758189886317, "Pennsylvania": 0.9250524788609865, "Rhode Island": 0.8970835598920853, "South Carolina": 0.8570106459251312, "South Dakota": 0.9284147867523885, "Tennessee": 0.8985891326413319, "Texas": 0.9124792829128355, "Utah": 0.839258721005156, "Vermont": 0.9269711957225494, "Virginia": 0.8180165690944149, "Washington": 0.8882114812188074, "Wisconsin": 0.8709992391973824, "Wyoming": 0.818759091655341}