{"Alabama": 0.8702967998121449, "Alaska": 0.9112397708660578, "Arizona": 0.8461312438344856, "Arkansas": 0.9019709469581659, "California": 0.8130424044722269, "Colorado": 0.8154265933312831, "Connecticut": 0.8247183189543691, "Delaware": 0.8299620697002711, "Florida": 0.8548933386492422, "Georgia": 0.840247972998742, "Hawaii": 0.8048155116824046, "Idaho": 0.8941865658106037, "Illinois": 0.8574820827712016, "Indiana": 0.8336093257121714, "Iowa": 0.8756973771003579, "Kansas": 0.9201187741119078, "Kentucky": 0.9247889696927742, "Louisiana": 0.9578264022770314, "Maine": 0.9464767969619802, "Maryland": 0.836998076793856, "Massachusetts": 0.8224472316794008, "Michigan": 0.8821251409478579, "Minnesota": 0.8983003226116014, "Mississippi": 0.9020567072527643, "Missouri": 0.9170337846735285, "Montana": 0.9357762236348224, "Nebraska": 0.8874897619707484, "Nevada": 0.6468260191714487, "New Hampshire": 0.8951303092496601, "New Jersey": 0.8300580512358436, "New Mexico": 0.9341790873494903, "New York": 0.8311604178402249, "North Carolina": 0.8882742679380465, "North Dakota": 0.9665628044970319, "Ohio": 0.8965265278179347, "Oklahoma": 0.9549691742686708, "Oregon": 0.905194911781979, "Pennsylvania": 0.9115374570520368, "Rhode Island": 0.8835805864261532, "South Carolina": 0.8490830470952498, "South Dakota": 0.9143743243175821, "Tennessee": 0.8897716668163533, "Texas": 0.9047966524235093, "Utah": 0.8312974264111742, "Vermont": 0.9194055021746982, "Virginia": 0.8010601753709737, "Washington": 0.8742551792209262, "Wisconsin": 0.8547512150750233, "Wyoming": 0.8108166199575796}