{"Alabama": 0.876706270002361, "Alaska": 0.9204061863016543, "Arizona": 0.8501550967763751, "Arkansas": 0.914194467060356, "California": 0.813482858954398, "Colorado": 0.8115240992128654, "Connecticut": 0.8168984203688724, "Delaware": 0.8253855640398889, "Florida": 0.857898645357161, "Georgia": 0.8465710939372377, "Hawaii": 0.816841418069381, "Idaho": 0.9039054660807305, "Illinois": 0.862247264026637, "Indiana": 0.8672091000281043, "Iowa": 0.8815895056130454, "Kansas": 0.9271446891724481, "Kentucky": 0.9356366239225218, "Louisiana": 0.9560664329258108, "Maine": 0.9493767971306944, "Maryland": 0.8398488728963697, "Massachusetts": 0.8250313442203401, "Michigan": 0.905268864399063, "Minnesota": 0.9001524677422043, "Mississippi": 0.9111996375283141, "Missouri": 0.9208966218352201, "Montana": 0.9401366846356284, "Nebraska": 0.8855773061083192, "Nevada": 0.6519890205041294, "New Hampshire": 0.8970930629503906, "New Jersey": 0.8332547254573883, "New Mexico": 0.9375359542903512, "New York": 0.8393785090047217, "North Carolina": 0.89766536102199, "North Dakota": 0.9630103635149211, "Ohio": 0.9127233653014821, "Oklahoma": 0.9605024602515733, "Oregon": 0.9123328490940332, "Pennsylvania": 0.9148986441325815, "Rhode Island": 0.886318670124933, "South Carolina": 0.8571171165168854, "South Dakota": 0.9118181916287386, "Tennessee": 0.8995162960393495, "Texas": 0.9044318438804343, "Utah": 0.8251627465683604, "Vermont": 0.9219837952550098, "Virginia": 0.79450797206546, "Washington": 0.8789334237605791, "Wisconsin": 0.8711035205057571, "Wyoming": 0.8340427702931433}