{"Alabama": 0.8707288124239815, "Alaska": 0.9229954622708141, "Arizona": 0.849454509739377, "Arkansas": 0.9121398449549257, "California": 0.8053771855791806, "Colorado": 0.8145010396266442, "Connecticut": 0.8145366056399911, "Delaware": 0.8279382039623008, "Florida": 0.8515466037680518, "Georgia": 0.8381484524509137, "Hawaii": 0.8083646117402948, "Idaho": 0.9039230919205719, "Illinois": 0.8553872066473487, "Indiana": 0.8512138324408165, "Iowa": 0.8705379788592906, "Kansas": 0.9297804333157625, "Kentucky": 0.9287555393272662, "Louisiana": 0.958155297234574, "Maine": 0.9392515717308326, "Maryland": 0.8357825788813313, "Massachusetts": 0.8268641787078678, "Michigan": 0.8921235210612076, "Minnesota": 0.8931401372391338, "Mississippi": 0.9089978411120749, "Missouri": 0.9143274253843584, "Montana": 0.9391457838842077, "Nebraska": 0.8792140647128733, "Nevada": 0.6470653385741588, "New Hampshire": 0.8902402292130903, "New Jersey": 0.8321149086661473, "New Mexico": 0.9414139472748893, "New York": 0.8402273481909383, "North Carolina": 0.8855608514439538, "North Dakota": 0.964156458067054, "Ohio": 0.905989558927391, "Oklahoma": 0.9598817202966362, "Oregon": 0.9053668915056929, "Pennsylvania": 0.9122822407911249, "Rhode Island": 0.8810036036048874, "South Carolina": 0.8457405609153767, "South Dakota": 0.9080981547861019, "Tennessee": 0.8923309895643806, "Texas": 0.9059088671923321, "Utah": 0.8247663220294212, "Vermont": 0.9128754913979577, "Virginia": 0.7859641241724978, "Washington": 0.8715985799031744, "Wisconsin": 0.8622806741473922, "Wyoming": 0.8341979611846955}