{"Alabama": 0.8712171845955216, "Alaska": 0.9269074653940171, "Arizona": 0.84863554841493, "Arkansas": 0.9119201050783711, "California": 0.8013411564362698, "Colorado": 0.8151870509710833, "Connecticut": 0.8064127036645298, "Delaware": 0.82076911025303, "Florida": 0.8498619396996543, "Georgia": 0.8369007412214113, "Hawaii": 0.8082603084629021, "Idaho": 0.9049991895004094, "Illinois": 0.8497354802610575, "Indiana": 0.8414769719107815, "Iowa": 0.8621893958626515, "Kansas": 0.9209482039907935, "Kentucky": 0.9250802616954862, "Louisiana": 0.9578891266836649, "Maine": 0.9361866716281998, "Maryland": 0.8362861877583302, "Massachusetts": 0.8230364390323879, "Michigan": 0.8784016594585805, "Minnesota": 0.8859377650579786, "Mississippi": 0.9101278959117775, "Missouri": 0.910354050261007, "Montana": 0.936797087239615, "Nebraska": 0.8742695745644498, "Nevada": 0.6562815778555984, "New Hampshire": 0.885024116331602, "New Jersey": 0.8262190110089295, "New Mexico": 0.9473856587377171, "New York": 0.8314434178562007, "North Carolina": 0.8795522653539068, "North Dakota": 0.9607617824075946, "Ohio": 0.9005085270169605, "Oklahoma": 0.9587503898981999, "Oregon": 0.9007124298677778, "Pennsylvania": 0.9093271297575706, "Rhode Island": 0.876924471947375, "South Carolina": 0.8427908150343925, "South Dakota": 0.9029184778567471, "Tennessee": 0.8888855935227449, "Texas": 0.9019493441869753, "Utah": 0.8185442262721314, "Vermont": 0.9114549998888847, "Virginia": 0.7890178884456123, "Washington": 0.8676597176513412, "Wisconsin": 0.8525235023753726, "Wyoming": 0.8378570884805112}