{"Alabama": 0.8561630048353885, "Alaska": 0.9324148403161733, "Arizona": 0.8441040337766811, "Arkansas": 0.9144992444812036, "California": 0.8274239908552984, "Colorado": 0.8119254934617226, "Connecticut": 0.8119133741140453, "Delaware": 0.8128886058577856, "Florida": 0.8396887249693863, "Georgia": 0.8273429504906006, "Hawaii": 0.7999309157937093, "Idaho": 0.9019917968816122, "Illinois": 0.8377689181513455, "Indiana": 0.823719146642273, "Iowa": 0.8531231464688875, "Kansas": 0.923899688498751, "Kentucky": 0.9059947326157565, "Louisiana": 0.9558008172922604, "Maine": 0.9303903451803849, "Maryland": 0.8315693279415347, "Massachusetts": 0.8202304151384614, "Michigan": 0.8566822524314015, "Minnesota": 0.8815716590766038, "Mississippi": 0.9027601834594292, "Missouri": 0.9082464576923418, "Montana": 0.9426485893336642, "Nebraska": 0.874574691460599, "Nevada": 0.6659063827475901, "New Hampshire": 0.878881346378184, "New Jersey": 0.8221631833299461, "New Mexico": 0.9567501970919795, "New York": 0.8264778261119413, "North Carolina": 0.8704853776838802, "North Dakota": 0.9403062457812762, "Ohio": 0.8921201576973369, "Oklahoma": 0.947322140030928, "Oregon": 0.8927926250934908, "Pennsylvania": 0.905292947704094, "Rhode Island": 0.8703045807458588, "South Carolina": 0.8279297307905567, "South Dakota": 0.8954952222231213, "Tennessee": 0.8738182966954561, "Texas": 0.9008688513982566, "Utah": 0.8150390925826491, "Vermont": 0.907847407535865, "Virginia": 0.790861438112001, "Washington": 0.8760238306432117, "Wisconsin": 0.8422611774241944, "Wyoming": 0.8336278388746631}