{"Alabama": 0.8557702839181096, "Alaska": 0.9305268846203905, "Arizona": 0.8515325337639542, "Arkansas": 0.9153352816458109, "California": 0.8348601847875783, "Colorado": 0.8196841248564625, "Connecticut": 0.8187988732134646, "Delaware": 0.8142921506610697, "Florida": 0.8461297619510384, "Georgia": 0.8288208314361462, "Hawaii": 0.8012520178589734, "Idaho": 0.9063133624325465, "Illinois": 0.8425355775944592, "Indiana": 0.817525339216584, "Iowa": 0.8531773760723863, "Kansas": 0.9282871048969785, "Kentucky": 0.9001578295573929, "Louisiana": 0.9560437361651088, "Maine": 0.9318418941675368, "Maryland": 0.8345464157359361, "Massachusetts": 0.8235842945820717, "Michigan": 0.8549020422138112, "Minnesota": 0.8848296105662474, "Mississippi": 0.902183651843661, "Missouri": 0.9097186637338608, "Montana": 0.9427611369269182, "Nebraska": 0.876026322314037, "Nevada": 0.667625539250984, "New Hampshire": 0.8801668754026425, "New Jersey": 0.8294264427506969, "New Mexico": 0.9590986002908028, "New York": 0.8319581433725853, "North Carolina": 0.8714248957646777, "North Dakota": 0.9289509315865662, "Ohio": 0.8935290900916937, "Oklahoma": 0.9440474032919768, "Oregon": 0.8963162024948951, "Pennsylvania": 0.9080547672964032, "Rhode Island": 0.8711944411017841, "South Carolina": 0.8300424996396071, "South Dakota": 0.8931058987270354, "Tennessee": 0.8734708138384898, "Texas": 0.9036419629169278, "Utah": 0.8163939291117726, "Vermont": 0.9087238899422444, "Virginia": 0.7990667514058749, "Washington": 0.8809578688566833, "Wisconsin": 0.8434512447133957, "Wyoming": 0.8179085970794566}