{"Alabama": 0.9259655852213956, "Alaska": 0.8066754245783435, "Arizona": 0.8955558199061063, "Arkansas": 0.9066062141231419, "California": 0.901922288016741, "Colorado": 0.8761855515016155, "Connecticut": 0.8966290008472748, "Delaware": 0.9299702382560193, "Florida": 0.8873765212035144, "Georgia": 0.9511431899563674, "Hawaii": 0.7969735019463043, "Idaho": 0.9388100814563096, "Illinois": 0.9482176787232172, "Indiana": 0.8266086206335265, "Iowa": 0.963301933247228, "Kansas": 0.9661143825699102, "Kentucky": 0.941489007957687, "Louisiana": 0.945642864501519, "Maine": 0.9495543227868279, "Maryland": 0.89960800575256, "Massachusetts": 0.8817725309918891, "Michigan": 0.8296045725718033, "Minnesota": 0.9587183730676285, "Mississippi": 0.8772114688885478, "Missouri": 0.9743821377346088, "Montana": 0.9112493195041916, "Nevada": 0.5620263255175062, "New Hampshire": 0.9098362506418823, "New Jersey": 0.9341178386214376, "New Mexico": 0.9018963750326856, "New York": 0.8952835682766606, "North Carolina": 0.902636089554484, "North Dakota": 0.9356532463423399, "Ohio": 0.9037685431335291, "Oklahoma": 0.9423538860074986, "Oregon": 0.9327733854313068, "Pennsylvania": 0.9527088173123165, "Rhode Island": 0.888677715286803, "South Carolina": 0.8944273569291626, "South Dakota": 0.9609512324550095, "Tennessee": 0.9359433999150001, "Texas": 0.9535928674400687, "Utah": 0.9421640305425377, "Vermont": 0.8964372658005546, "Virginia": 0.9097704618136933, "Washington": 0.9363486836535939, "West Virginia": 0.9337037736309954, "Wisconsin": 0.89297962235573, "Wyoming": 0.7712313934231135}