{"Alabama": 0.9322386935479443, "Alaska": 0.8099592399247348, "Arizona": 0.8920863071789167, "Arkansas": 0.9121065844799843, "California": 0.901861096358993, "Colorado": 0.8648739471928281, "Connecticut": 0.9005133846310581, "Delaware": 0.9260091305836428, "Florida": 0.8795887666772195, "Georgia": 0.9546631735588371, "Hawaii": 0.7959470595947622, "Idaho": 0.9408726001525968, "Illinois": 0.9522321049272673, "Indiana": 0.8325517909438526, "Iowa": 0.9618787424154189, "Kansas": 0.9684647238794744, "Kentucky": 0.9432293598423298, "Louisiana": 0.9459937647543813, "Maine": 0.9518360883936583, "Maryland": 0.8961480382880108, "Massachusetts": 0.8782077588587207, "Michigan": 0.8366136385834625, "Minnesota": 0.9604294886332048, "Mississippi": 0.8912310780182104, "Missouri": 0.9761570420493945, "Montana": 0.9104238823555452, "Nevada": 0.5736798896887173, "New Hampshire": 0.9093238176491307, "New Jersey": 0.9354764051348593, "New Mexico": 0.899498709906134, "New York": 0.8927555904257795, "North Carolina": 0.91554404472003, "North Dakota": 0.9364993482605617, "Ohio": 0.9107143211776999, "Oklahoma": 0.9478494447773005, "Oregon": 0.9331146762440137, "Pennsylvania": 0.9549752630564609, "Rhode Island": 0.8997542162740968, "South Carolina": 0.9030125141890282, "South Dakota": 0.9604146880815445, "Tennessee": 0.9404262392295935, "Texas": 0.9523585520750945, "Utah": 0.9430346965322044, "Vermont": 0.8942402955732371, "Virginia": 0.9010842523690431, "Washington": 0.9376784342144743, "West Virginia": 0.9359823764536931, "Wisconsin": 0.900450584706648, "Wyoming": 0.7640916887450923}