{"Alabama": 0.8421673891286161, "Alaska": 0.7871012743404588, "Arizona": 0.8849752033870781, "Arkansas": 0.9174259009884888, "California": 0.8946716322845412, "Colorado": 0.8544263683147028, "Connecticut": 0.8946675127362774, "Delaware": 0.9108539640350432, "Florida": 0.8950133372156482, "Georgia": 0.9545169841261625, "Hawaii": 0.7585285383730871, "Idaho": 0.9387388077974828, "Illinois": 0.9531199280491991, "Indiana": 0.8434843042353579, "Iowa": 0.9617675294248014, "Kansas": 0.9590542824628024, "Kentucky": 0.9429655854639529, "Louisiana": 0.9449420200368603, "Maine": 0.9505467672613706, "Maryland": 0.8914841155019368, "Massachusetts": 0.8685588429334113, "Michigan": 0.8441687547889271, "Minnesota": 0.9597766512008135, "Mississippi": 0.9021964651446599, "Missouri": 0.9729855805517783, "Montana": 0.903385372325903, "Nevada": 0.5861550427321349, "New Hampshire": 0.903165004312038, "New Jersey": 0.9344592437551584, "New Mexico": 0.8906928571275894, "New York": 0.8898675425638262, "North Carolina": 0.9198712955370966, "North Dakota": 0.9405286970612938, "Ohio": 0.9151433127546212, "Oklahoma": 0.9349106774406988, "Oregon": 0.9227769597418962, "Pennsylvania": 0.9539516259715397, "Rhode Island": 0.8711327174666367, "South Carolina": 0.9121333672805934, "South Dakota": 0.9585711712430995, "Tennessee": 0.9467820953965742, "Texas": 0.9459713756172553, "Utah": 0.9378262346849382, "Vermont": 0.8845647394208837, "Virginia": 0.8916197682861848, "Washington": 0.9280985361228713, "West Virginia": 0.9239903822340152, "Wisconsin": 0.9080394449983874, "Wyoming": 0.6696786728786566}