{"Alabama": 0.9331776258063399, "Alaska": 0.7693300136032469, "Arizona": 0.8822072290318427, "Arkansas": 0.928485629970679, "California": 0.895441977640365, "Colorado": 0.8596051312553143, "Connecticut": 0.8975715310621258, "Delaware": 0.9152501712582571, "Florida": 0.8879165823904143, "Georgia": 0.9517078446210554, "Hawaii": 0.7599031106863919, "Idaho": 0.9384256290537564, "Illinois": 0.9575638052762352, "Indiana": 0.8466600146315982, "Iowa": 0.9649873963788651, "Kansas": 0.9648761958706464, "Kentucky": 0.9492973778880099, "Louisiana": 0.947387613954522, "Maine": 0.9483739624958837, "Maryland": 0.8878503159001339, "Massachusetts": 0.8754136317494722, "Michigan": 0.853099340931983, "Minnesota": 0.9611148940943128, "Mississippi": 0.9055503497335908, "Missouri": 0.9736628421766356, "Montana": 0.9036662149964765, "Nevada": 0.5963582311030334, "New Hampshire": 0.913301316172897, "New Jersey": 0.9364462456088886, "New Mexico": 0.8923025855919607, "New York": 0.8908748942951134, "North Carolina": 0.9389059440240011, "North Dakota": 0.9454884413818107, "Ohio": 0.924456417889977, "Oklahoma": 0.9357804563217236, "Oregon": 0.9263705971845954, "Pennsylvania": 0.9563622057469585, "Rhode Island": 0.8108437597361023, "South Carolina": 0.9148489164038537, "South Dakota": 0.9576883133357328, "Tennessee": 0.9459919593067372, "Texas": 0.9456087688418948, "Utah": 0.9379327371867767, "Vermont": 0.8262668945176688, "Virginia": 0.8902967268238504, "Washington": 0.9298882369142195, "West Virginia": 0.9224400385055794, "Wisconsin": 0.918016188386908, "Wyoming": 0.5968862613622414}