{"Alabama": 0.9332782964420099, "Alaska": 0.8567421746445991, "Arizona": 0.8815982862592459, "Arkansas": 0.9330405982928492, "California": 0.89086511783111, "Colorado": 0.8640574343893739, "Connecticut": 0.8985823921900776, "Delaware": 0.9236452741798173, "Florida": 0.8744803588449985, "Georgia": 0.9482314343143691, "Hawaii": 0.7646850452388293, "Idaho": 0.9364423966003762, "Illinois": 0.9584970794125012, "Indiana": 0.8467010861509471, "Iowa": 0.9647226475423838, "Kansas": 0.9653106546876922, "Kentucky": 0.9511363332106046, "Louisiana": 0.9475498016976127, "Maine": 0.9487646264659718, "Maryland": 0.88454992487434, "Massachusetts": 0.8764961887747675, "Michigan": 0.8578018043942957, "Minnesota": 0.959527332335394, "Mississippi": 0.9071806589964918, "Missouri": 0.9702660608096703, "Montana": 0.90497908437577, "Nevada": 0.6068060723063491, "New Hampshire": 0.9136279422711944, "New Jersey": 0.9377509622794552, "New Mexico": 0.8912007737271046, "New York": 0.8907874182372668, "North Carolina": 0.9413081461757774, "North Dakota": 0.9465611019692447, "Ohio": 0.9252057504350059, "Oklahoma": 0.9269814638724648, "Oregon": 0.9263172495287614, "Pennsylvania": 0.9565524907733154, "Rhode Island": 0.9096002955726942, "South Carolina": 0.910829695294238, "South Dakota": 0.957545098732991, "Tennessee": 0.948920796650415, "Texas": 0.9425505811573492, "Utah": 0.9354535555318237, "Vermont": 0.8967027991607648, "Virginia": 0.8836445062845549, "Washington": 0.9309291869720383, "West Virginia": 0.9202873669094889, "Wisconsin": 0.9208364533451214, "Wyoming": 0.7110966032898608}