{"Alabama": 0.9280105216695054, "Alaska": 0.8624274267732596, "Arizona": 0.8745184319176982, "Arkansas": 0.9344158248500851, "California": 0.8874103233915773, "Colorado": 0.8607935048852053, "Connecticut": 0.9015586524199476, "Delaware": 0.9261577251998657, "Florida": 0.8699194707922245, "Georgia": 0.9408419910792172, "Hawaii": 0.7983571812112588, "Idaho": 0.9294489989923005, "Illinois": 0.9555696746516601, "Indiana": 0.8437857540884545, "Iowa": 0.959902859666968, "Kansas": 0.962338650021731, "Kentucky": 0.9504180981085288, "Louisiana": 0.9477966863967093, "Maine": 0.9446153439702852, "Maryland": 0.880407615585658, "Massachusetts": 0.8750115905567943, "Michigan": 0.8640510124853251, "Minnesota": 0.9573218148614309, "Mississippi": 0.902496628815371, "Missouri": 0.9678980678207979, "Montana": 0.904190844853403, "Nevada": 0.6124630043592458, "New Hampshire": 0.9097122780127201, "New Jersey": 0.9347830539982501, "New Mexico": 0.8923439036976885, "New York": 0.8907311283899446, "North Carolina": 0.9425605795873877, "North Dakota": 0.9494230863100201, "Ohio": 0.9266860595632932, "Oklahoma": 0.9254898695411466, "Oregon": 0.923618075228037, "Pennsylvania": 0.9564422563908166, "Rhode Island": 0.8424587964886847, "South Carolina": 0.9069596558028712, "South Dakota": 0.9567752819909323, "Tennessee": 0.9443381985179815, "Texas": 0.9408666852835346, "Utah": 0.9309739124692599, "Vermont": 0.8977121601045983, "Virginia": 0.8734013505473867, "Washington": 0.9293000534984737, "West Virginia": 0.9179959034814225, "Wisconsin": 0.9192802980349619, "Wyoming": 0.7015155756201555}