{"Alabama": 0.9259975902682344, "Alaska": 0.7926413821355404, "Arizona": 0.8560338079220607, "Arkansas": 0.9293841524392079, "California": 0.8799124639722272, "Colorado": 0.8367058294075123, "Connecticut": 0.9025644632795764, "Delaware": 0.888930354223347, "Florida": 0.8179557843180253, "Georgia": 0.91674274198933, "Hawaii": 0.7306075155526587, "Idaho": 0.9445396006898058, "Illinois": 0.9362159234387655, "Indiana": 0.8917821169839244, "Iowa": 0.9711057287311478, "Kansas": 0.9735711119587391, "Kentucky": 0.9660196955155185, "Louisiana": 0.9194020693044754, "Maine": 0.9269812727387821, "Maryland": 0.8261427957226134, "Massachusetts": 0.8507417878159714, "Michigan": 0.9143279540688182, "Minnesota": 0.9648693192715777, "Mississippi": 0.9262043963608951, "Missouri": 0.9759652340115152, "Montana": 0.8744221797436948, "Nevada": 0.5602704303855532, "New Hampshire": 0.9178083545909549, "New Jersey": 0.8913554711176517, "New Mexico": 0.8603515791667741, "New York": 0.8493036458270232, "North Carolina": 0.9217972863987018, "North Dakota": 0.9298133037905719, "Ohio": 0.9366059447471068, "Oklahoma": 0.9430144803503426, "Oregon": 0.9594432250914829, "Pennsylvania": 0.941800160017345, "Rhode Island": 0.8922712890040524, "South Carolina": 0.897329162784481, "South Dakota": 0.9621394370682618, "Tennessee": 0.9493940120000688, "Texas": 0.9346314288034242, "Utah": 0.9252176954829648, "Vermont": 0.916441844090024, "Virginia": 0.8545188300225822, "Washington": 0.9364795028862275, "West Virginia": 0.9168419400097159, "Wisconsin": 0.9263935070861946, "Wyoming": 0.7059921625706156}