{"Alabama": 0.922385481746162, "Alaska": 0.7955171946853544, "Arizona": 0.8393183396601133, "Arkansas": 0.9330684579288955, "California": 0.8709816995144405, "Colorado": 0.8277057474103312, "Connecticut": 0.9035902296810138, "Delaware": 0.8173398249095043, "Florida": 0.8064005771781033, "Georgia": 0.9121956948162004, "Hawaii": 0.7349574254447756, "Idaho": 0.9273728339874824, "Illinois": 0.9367525888301482, "Indiana": 0.8928992031401769, "Iowa": 0.967609032644833, "Kansas": 0.9696873276521398, "Kentucky": 0.9658994667489361, "Louisiana": 0.9166829602291932, "Maine": 0.9216179552240809, "Maryland": 0.8190062958306987, "Massachusetts": 0.8468903942577547, "Michigan": 0.9168785435996663, "Minnesota": 0.9643038478229534, "Mississippi": 0.9281949743420216, "Missouri": 0.9735170821315392, "Montana": 0.8656832833298587, "Nevada": 0.5562244735308988, "New Hampshire": 0.9151128446245217, "New Jersey": 0.8908869309251829, "New Mexico": 0.8547312656632958, "New York": 0.8481139147486962, "North Carolina": 0.9224428860182899, "North Dakota": 0.9312330757289715, "Ohio": 0.9371128831181639, "Oklahoma": 0.936204703346981, "Oregon": 0.9576876968295427, "Pennsylvania": 0.9401542982803539, "Rhode Island": 0.8901938546801381, "South Carolina": 0.8953918500460859, "South Dakota": 0.9602188570860095, "Tennessee": 0.9505149908440449, "Texas": 0.9301797285908162, "Utah": 0.9145050024949155, "Vermont": 0.9125590620514191, "Virginia": 0.8450830191505145, "Washington": 0.9323247359146077, "West Virginia": 0.9105993359714638, "Wisconsin": 0.9260025350085413, "Wyoming": 0.6795078211891376}