{"Alabama": 0.9175443985099044, "Alaska": 0.852216677979891, "Arizona": 0.8561434836399718, "Arkansas": 0.9414611509872854, "California": 0.8782001827364266, "Colorado": 0.850683763706157, "Connecticut": 0.9080453493548415, "Delaware": 0.9288199461853578, "Florida": 0.8631144396822176, "Georgia": 0.9285862100758638, "Hawaii": 0.8015441469600733, "Idaho": 0.9015939456939759, "Illinois": 0.9554907732943315, "Indiana": 0.8556439007368215, "Iowa": 0.957542460799503, "Kansas": 0.9570822707157401, "Kentucky": 0.9527796295748379, "Louisiana": 0.9316048580678982, "Maine": 0.9402971457570797, "Maryland": 0.8732859263170556, "Massachusetts": 0.8748313011426947, "Michigan": 0.8861017376747721, "Minnesota": 0.9557762725210672, "Mississippi": 0.9093858290012419, "Missouri": 0.9675644839249758, "Montana": 0.8933506942910943, "Nevada": 0.6098968845823886, "New Hampshire": 0.912751452127335, "New Jersey": 0.9334164490534332, "New Mexico": 0.8763465002887307, "New York": 0.8905639449204334, "North Carolina": 0.9419520751335376, "North Dakota": 0.9495211149405531, "Ohio": 0.9333285846102962, "Oklahoma": 0.9091883344563793, "Oregon": 0.9245120129469827, "Pennsylvania": 0.9526168258772387, "Rhode Island": 0.9068849126226423, "South Carolina": 0.8998240200972133, "South Dakota": 0.955127125002928, "Tennessee": 0.948777821232917, "Texas": 0.9308143357327603, "Utah": 0.9086095860466706, "Vermont": 0.8948693601308663, "Virginia": 0.8616209434501101, "Washington": 0.9203781056722624, "West Virginia": 0.907962629555916, "Wisconsin": 0.9196042298769405, "Wyoming": 0.6709233270010451}