{"Alabama": 0.922218062341689, "Alaska": 0.7943851391690601, "Arizona": 0.8352346008076776, "Arkansas": 0.9374415848345451, "California": 0.867881972964811, "Colorado": 0.8255717762177521, "Connecticut": 0.90813600269313, "Delaware": 0.8942261474119619, "Florida": 0.8128592127237763, "Georgia": 0.910260570824869, "Hawaii": 0.7354217522885139, "Idaho": 0.9163840277395018, "Illinois": 0.9399887390443415, "Indiana": 0.8978233138651722, "Iowa": 0.9667373424700821, "Kansas": 0.9684894972891793, "Kentucky": 0.9663945311126934, "Louisiana": 0.9105948501368788, "Maine": 0.923556533510146, "Maryland": 0.8201693744927496, "Massachusetts": 0.8517740975892129, "Michigan": 0.9238856032029081, "Minnesota": 0.963368891651994, "Mississippi": 0.9329680903118249, "Missouri": 0.973507131863641, "Montana": 0.8628660020326153, "Nevada": 0.5610928759514167, "New Hampshire": 0.9197688604167785, "New Jersey": 0.8942842267725335, "New Mexico": 0.8459875820401445, "New York": 0.850247679460029, "North Carolina": 0.9270210888096769, "North Dakota": 0.9310669987725936, "Ohio": 0.942076223758018, "Oklahoma": 0.9274691494641772, "Oregon": 0.9573313609636314, "Pennsylvania": 0.941780068566945, "Rhode Island": 0.8910558241936993, "South Carolina": 0.8954359944151365, "South Dakota": 0.960984407462759, "Tennessee": 0.9544753680534158, "Texas": 0.9259263682687948, "Utah": 0.9046697895804661, "Vermont": 0.9113403808087249, "Virginia": 0.8425378741405949, "Washington": 0.9313018348885758, "West Virginia": 0.9053040241142383, "Wisconsin": 0.9271266548018797, "Wyoming": 0.636609378265316}