{"Alabama": 0.9234668995937609, "Alaska": 0.7914986119565552, "Arizona": 0.8432120616225985, "Arkansas": 0.9453750670809397, "California": 0.8658123781519299, "Colorado": 0.8219380125800173, "Connecticut": 0.9065466976668857, "Delaware": 0.9011406891053544, "Florida": 0.8217480175034377, "Georgia": 0.9076849644893301, "Hawaii": 0.7364401522245614, "Idaho": 0.9188168669376638, "Illinois": 0.9403099854014867, "Indiana": 0.9019420526391974, "Iowa": 0.9665017376788245, "Kansas": 0.9636559265278978, "Kentucky": 0.9669922360173906, "Louisiana": 0.91124584637522, "Maine": 0.9275950195256895, "Maryland": 0.8197193579614511, "Massachusetts": 0.8491070755081899, "Michigan": 0.9262603487366269, "Minnesota": 0.9616712038062585, "Mississippi": 0.9358495685440431, "Missouri": 0.9734229238739371, "Montana": 0.8602920590604448, "Nevada": 0.5722060923865747, "New Hampshire": 0.9219626768790565, "New Jersey": 0.8880013087752002, "New Mexico": 0.8424670933188283, "New York": 0.850934172325292, "North Carolina": 0.9278810418347578, "North Dakota": 0.9259894109386526, "Ohio": 0.9448253474155007, "Oklahoma": 0.9178630390483487, "Oregon": 0.9560125107989409, "Pennsylvania": 0.9419385405525553, "Rhode Island": 0.8903764802510605, "South Carolina": 0.892823028931175, "South Dakota": 0.9611116454116135, "Tennessee": 0.9554907076143999, "Texas": 0.9223294060352423, "Utah": 0.8978113076354437, "Vermont": 0.9125151629264666, "Virginia": 0.8363492513794077, "Washington": 0.9241451301353616, "West Virginia": 0.90211561398756, "Wisconsin": 0.9277482481611867, "Wyoming": 0.6266274514394594}