{"Alabama": 0.9154088439341633, "Alaska": 0.8463352064233137, "Arizona": 0.8636126132670117, "Arkansas": 0.9490224610110674, "California": 0.8759170416724643, "Colorado": 0.8473451425071458, "Connecticut": 0.9061527068225901, "Delaware": 0.9333373051377463, "Florida": 0.8716324923117577, "Georgia": 0.9252307865362877, "Hawaii": 0.7994675616025091, "Idaho": 0.9066611491249946, "Illinois": 0.9542597729465185, "Indiana": 0.8645839998782856, "Iowa": 0.9589857379411754, "Kansas": 0.9518874316603271, "Kentucky": 0.9552123231449877, "Louisiana": 0.9297284133511727, "Maine": 0.9423091853522797, "Maryland": 0.8717412864876678, "Massachusetts": 0.8706290750118685, "Michigan": 0.8914417334666791, "Minnesota": 0.9546224650992744, "Mississippi": 0.9142624702594125, "Missouri": 0.9690231457299117, "Montana": 0.8905876961255261, "Nevada": 0.6206298661243006, "New Hampshire": 0.9130143346185531, "New Jersey": 0.9262953649855634, "New Mexico": 0.8714343581138119, "New York": 0.8911691990095996, "North Carolina": 0.9400569557936201, "North Dakota": 0.9490403676356309, "Ohio": 0.9375941992362111, "Oklahoma": 0.8987012291150059, "Oregon": 0.9275838706201373, "Pennsylvania": 0.9521488563207828, "Rhode Island": 0.9052851524078956, "South Carolina": 0.8954086608057024, "South Dakota": 0.9557468444209076, "Tennessee": 0.9516701651780207, "Texas": 0.9256393766185615, "Utah": 0.8999418990360063, "Vermont": 0.8954643184731107, "Virginia": 0.8563525464771055, "Washington": 0.9116776023851512, "West Virginia": 0.9042637843463645, "Wisconsin": 0.9211288532735926, "Wyoming": 0.6615041806348921}