{"Alabama": 0.9176009033099746, "Alaska": 0.8348033337125177, "Arizona": 0.8753423679598518, "Arkansas": 0.9490375970054816, "California": 0.8747622406135639, "Colorado": 0.8474668359699746, "Connecticut": 0.9040637107349019, "Delaware": 0.935307096448985, "Florida": 0.8871662693083857, "Georgia": 0.9280279315588275, "Hawaii": 0.7997229957679289, "Idaho": 0.9221923124872803, "Illinois": 0.9559930157107247, "Indiana": 0.8746962301548195, "Iowa": 0.9596638960259928, "Kansas": 0.9454966859888805, "Kentucky": 0.9578039481310037, "Louisiana": 0.923027187954072, "Maine": 0.9501654998099398, "Maryland": 0.8709046628757883, "Massachusetts": 0.8706849810096081, "Michigan": 0.8990679253148761, "Minnesota": 0.9521764266386478, "Mississippi": 0.916124006205668, "Missouri": 0.9693523296508311, "Montana": 0.8921320798408311, "Nevada": 0.6258330496650202, "New Hampshire": 0.9133223735494644, "New Jersey": 0.9266909237757726, "New Mexico": 0.8681414338197488, "New York": 0.8930932882392277, "North Carolina": 0.9440084616631955, "North Dakota": 0.9449727969850208, "Ohio": 0.9377358238721989, "Oklahoma": 0.8736539852229623, "Oregon": 0.9267936192359715, "Pennsylvania": 0.9499730102014546, "Rhode Island": 0.9000629200067192, "South Carolina": 0.8995841593310808, "South Dakota": 0.9547794444680953, "Tennessee": 0.9559748020921061, "Texas": 0.9173627651142058, "Utah": 0.9127321804081361, "Vermont": 0.8967786162422774, "Virginia": 0.8508209308374156, "Washington": 0.9110036650128833, "West Virginia": 0.8874897619707484, "Wisconsin": 0.9208560799978279, "Wyoming": 0.626931347456647}