{"Alabama": 0.9259991666380126, "Alaska": 0.7789783254371785, "Arizona": 0.8531005885150268, "Arkansas": 0.9467488054586635, "California": 0.8639435160820431, "Colorado": 0.8208768132423659, "Connecticut": 0.9061815642432933, "Delaware": 0.9010433568622064, "Florida": 0.8354188699664361, "Georgia": 0.9093890207240444, "Hawaii": 0.7353621772873011, "Idaho": 0.9304202888960231, "Illinois": 0.94170775314954, "Indiana": 0.9087150388499707, "Iowa": 0.9664065381885691, "Kansas": 0.9602133347694252, "Kentucky": 0.9689313101520086, "Louisiana": 0.9026837480688865, "Maine": 0.9367252658150079, "Maryland": 0.818404374756746, "Massachusetts": 0.8483917470541543, "Michigan": 0.9285223175674663, "Minnesota": 0.9594877708067555, "Mississippi": 0.9365416315139817, "Missouri": 0.9727787325939303, "Montana": 0.8608620255105939, "Nevada": 0.5766658331734938, "New Hampshire": 0.9226083890200715, "New Jersey": 0.8867945180623065, "New Mexico": 0.8361836085910586, "New York": 0.8510083720646852, "North Carolina": 0.9310938482822958, "North Dakota": 0.9237911824467309, "Ohio": 0.9445784154813344, "Oklahoma": 0.8955213395277735, "Oregon": 0.9532816433131673, "Pennsylvania": 0.9399341838910203, "Rhode Island": 0.8847813068802242, "South Carolina": 0.8966761625967297, "South Dakota": 0.960946303547042, "Tennessee": 0.9577797804846746, "Texas": 0.913362544126963, "Utah": 0.9081034724144001, "Vermont": 0.9132962503268219, "Virginia": 0.8291284443132059, "Washington": 0.9264684241932257, "West Virginia": 0.8840669659703523, "Wisconsin": 0.9277661702301505, "Wyoming": 0.5899398593918119}