{"Alabama": 0.9224028522870895, "Alaska": 0.8466067719121694, "Arizona": 0.8823569676912536, "Arkansas": 0.9512955565436387, "California": 0.8746238933182431, "Colorado": 0.8570301783653866, "Connecticut": 0.8993537516375719, "Delaware": 0.9354938788553243, "Florida": 0.8906534728813911, "Georgia": 0.9320539175988714, "Hawaii": 0.8134926680223011, "Idaho": 0.938310764047475, "Illinois": 0.9581562238591571, "Indiana": 0.8990048358924343, "Iowa": 0.9677992431180318, "Kansas": 0.9524690140435688, "Kentucky": 0.9631317084950047, "Louisiana": 0.9256001256892683, "Maine": 0.9499450956883443, "Maryland": 0.8756340495157477, "Massachusetts": 0.8697468155467615, "Michigan": 0.9115111241168058, "Minnesota": 0.9498774044859437, "Mississippi": 0.9242695695855316, "Missouri": 0.9713783159603236, "Montana": 0.9063325668824127, "Nevada": 0.6406167910423084, "New Hampshire": 0.9139479122457324, "New Jersey": 0.9288615034673559, "New Mexico": 0.8770617020769117, "New York": 0.8978271020716201, "North Carolina": 0.94909621099241, "North Dakota": 0.9461965416953799, "Ohio": 0.9425387873052039, "Oklahoma": 0.8903735516814333, "Oregon": 0.9302725892425415, "Pennsylvania": 0.9490594730123382, "Rhode Island": 0.8959468350464074, "South Carolina": 0.9055769797341376, "South Dakota": 0.959373924502385, "Tennessee": 0.9598282700300363, "Texas": 0.9266297460956232, "Utah": 0.9216485153259981, "Vermont": 0.8988644760160589, "Virginia": 0.845808606465133, "Washington": 0.9143112178255502, "West Virginia": 0.8855773061083192, "Wisconsin": 0.9327710271091475, "Wyoming": 0.6826552186818672}