{"Alabama": 0.9279053802282105, "Alaska": 0.789905538153225, "Arizona": 0.8595266756321818, "Arkansas": 0.9487004097111728, "California": 0.8605257874405966, "Colorado": 0.8282191943439696, "Connecticut": 0.8998770715295604, "Delaware": 0.8973687422588711, "Florida": 0.8377402761869912, "Georgia": 0.9072606793590197, "Hawaii": 0.7517455121196663, "Idaho": 0.9437002806047815, "Illinois": 0.9389882186811203, "Indiana": 0.9207921461575227, "Iowa": 0.9722873331183999, "Kansas": 0.963344153795946, "Kentucky": 0.9717309746272744, "Louisiana": 0.9027903013139877, "Maine": 0.9345928274820281, "Maryland": 0.8228967007376334, "Massachusetts": 0.8434007268470224, "Michigan": 0.9289760162350819, "Minnesota": 0.9567783696248645, "Mississippi": 0.941098352129989, "Missouri": 0.9724248367828286, "Montana": 0.8776859065471595, "Nevada": 0.5888792887414419, "New Hampshire": 0.9201520821205066, "New Jersey": 0.8840351266903042, "New Mexico": 0.8459887553771694, "New York": 0.8526383194919281, "North Carolina": 0.9317560380107576, "North Dakota": 0.928397143472214, "Ohio": 0.9441894899244274, "Oklahoma": 0.9067094616642025, "Oregon": 0.9518882900766673, "Pennsylvania": 0.9352509525060817, "Rhode Island": 0.8759594837389433, "South Carolina": 0.8986084835593703, "South Dakota": 0.9638203612169419, "Tennessee": 0.9582061871827972, "Texas": 0.9189947344399072, "Utah": 0.9118790014755385, "Vermont": 0.9117854220029669, "Virginia": 0.8211963003858326, "Washington": 0.9282645667459969, "West Virginia": 0.880120934078289, "Wisconsin": 0.9339917465540605, "Wyoming": 0.6477048775690986}