{"Alabama": 0.9216228873804142, "Alaska": 0.8393533275540901, "Arizona": 0.8833173819227653, "Arkansas": 0.9502754072063153, "California": 0.8704217112257344, "Colorado": 0.8558988094773624, "Connecticut": 0.901857682123112, "Delaware": 0.938356504054106, "Florida": 0.8883135615087875, "Georgia": 0.92880642179983, "Hawaii": 0.8077304436442099, "Idaho": 0.9393519185188354, "Illinois": 0.9572627118944103, "Indiana": 0.8917311530213087, "Iowa": 0.9672711498682435, "Kansas": 0.95356977372015, "Kentucky": 0.9606127762490183, "Louisiana": 0.9229885233379014, "Maine": 0.9423264751556966, "Maryland": 0.876375347301646, "Massachusetts": 0.8768893554196606, "Michigan": 0.9080189112909443, "Minnesota": 0.9523409340757478, "Mississippi": 0.9243168777240736, "Missouri": 0.9701782394642033, "Montana": 0.9019925184170656, "Nevada": 0.6308485498479077, "New Hampshire": 0.9144126877061941, "New Jersey": 0.9312211304972134, "New Mexico": 0.8756239051104946, "New York": 0.9026180939948755, "North Carolina": 0.945986488695599, "North Dakota": 0.9310922459612425, "Ohio": 0.9419906425939456, "Oklahoma": 0.8706404626848361, "Oregon": 0.9286523472253281, "Pennsylvania": 0.9510416037403158, "Rhode Island": 0.8986429108601744, "South Carolina": 0.899880029978287, "South Dakota": 0.9594095279140016, "Tennessee": 0.9575453261431766, "Texas": 0.9221834204588111, "Utah": 0.9205563887379352, "Vermont": 0.8968027444472066, "Virginia": 0.8433015366770682, "Washington": 0.9120446372878442, "West Virginia": 0.8792140647128732, "Wisconsin": 0.9329732527782792, "Wyoming": 0.6638358616588237}