{"Alabama": 0.9237292390351429, "Alaska": 0.7772173695622813, "Arizona": 0.8555978666009249, "Arkansas": 0.9469826591412777, "California": 0.8516250044024393, "Colorado": 0.8226698267465314, "Connecticut": 0.8964184749526738, "Delaware": 0.8942206684618619, "Florida": 0.8303682550550233, "Georgia": 0.8979651035712051, "Hawaii": 0.7426733008142756, "Idaho": 0.9443287119932545, "Illinois": 0.9343516652896654, "Indiana": 0.9130334984857638, "Iowa": 0.9719085907079578, "Kansas": 0.96225977304788, "Kentucky": 0.9688078097514116, "Louisiana": 0.8944135661566134, "Maine": 0.9222829476907645, "Maryland": 0.819177001403542, "Massachusetts": 0.844415129011497, "Michigan": 0.923498827222802, "Minnesota": 0.9563805034016996, "Mississippi": 0.9394391228741136, "Missouri": 0.9694395337937061, "Montana": 0.8729189465631465, "Nevada": 0.5758087730867386, "New Hampshire": 0.9155292264069069, "New Jersey": 0.8806180764978648, "New Mexico": 0.842506051055313, "New York": 0.8511383439191115, "North Carolina": 0.9245753830568173, "North Dakota": 0.9149023582673279, "Ohio": 0.940103976902084, "Oklahoma": 0.8848285347035035, "Oregon": 0.9482283142087167, "Pennsylvania": 0.9323572514274991, "Rhode Island": 0.8731996431542756, "South Carolina": 0.8886246763256432, "South Dakota": 0.9642389547424579, "Tennessee": 0.9531257324302125, "Texas": 0.9094330820030694, "Utah": 0.9065712272130114, "Vermont": 0.9075710378786082, "Virginia": 0.8147962434108084, "Washington": 0.9228199926602786, "West Virginia": 0.8702807829322486, "Wisconsin": 0.9308086687151003, "Wyoming": 0.627836939821548}