{"Alabama": 0.9248075027778874, "Alaska": 0.7805647111311512, "Arizona": 0.8568592811397496, "Arkansas": 0.9503803908009363, "California": 0.8494371057693072, "Colorado": 0.8250688351111146, "Connecticut": 0.8964844655070889, "Delaware": 0.8888592653043991, "Florida": 0.8311220622476153, "Georgia": 0.8967095463672212, "Hawaii": 0.7383566572713977, "Idaho": 0.9482909949045002, "Illinois": 0.9335147525541725, "Indiana": 0.9089812721245099, "Iowa": 0.9717805916883648, "Kansas": 0.9675797844316608, "Kentucky": 0.9681110377455096, "Louisiana": 0.8955194997220914, "Maine": 0.9218699328104515, "Maryland": 0.8167000244507852, "Massachusetts": 0.8418574818217072, "Michigan": 0.9210557330444639, "Minnesota": 0.9565819643877599, "Mississippi": 0.9398807449810463, "Missouri": 0.968215804273339, "Montana": 0.8728352304911378, "Nevada": 0.5775620988326148, "New Hampshire": 0.9140287791338533, "New Jersey": 0.8767872895392695, "New Mexico": 0.8424353383760755, "New York": 0.8493137438951425, "North Carolina": 0.9220036676933071, "North Dakota": 0.8978968993991211, "Ohio": 0.9397375741541474, "Oklahoma": 0.8913837140630061, "Oregon": 0.9484548403840825, "Pennsylvania": 0.9307982049686924, "Rhode Island": 0.8720930824707718, "South Carolina": 0.8875291823480629, "South Dakota": 0.9655083007088808, "Tennessee": 0.9497748732960678, "Texas": 0.9082894281192659, "Utah": 0.9059739550059768, "Vermont": 0.9075773428077355, "Virginia": 0.8136996247728258, "Washington": 0.9233064709858716, "West Virginia": 0.8638535097442329, "Wisconsin": 0.92740165175179, "Wyoming": 0.6211705114719989}