{"Alabama": 0.9234334454084338, "Alaska": 0.839794921555332, "Arizona": 0.8869761512657922, "Arkansas": 0.9531996903684449, "California": 0.8706239902968046, "Colorado": 0.8595707929573458, "Connecticut": 0.9036497031835382, "Delaware": 0.9354369438506124, "Florida": 0.8913961410701238, "Georgia": 0.9285678644971724, "Hawaii": 0.8036904883881416, "Idaho": 0.9426184428867135, "Illinois": 0.9568105216525843, "Indiana": 0.8853374292426347, "Iowa": 0.96575021944722, "Kansas": 0.9591249480366159, "Kentucky": 0.9593675190004038, "Louisiana": 0.9258399484225046, "Maine": 0.9424758899828584, "Maryland": 0.876808262186769, "Massachusetts": 0.8762582205428859, "Michigan": 0.9016458067005407, "Minnesota": 0.9543573551029734, "Mississippi": 0.9251166524658193, "Missouri": 0.9699950018346999, "Montana": 0.9013522707993158, "Nevada": 0.634180739110727, "New Hampshire": 0.9133320768373501, "New Jersey": 0.9299650669584985, "New Mexico": 0.8748675992067517, "New York": 0.9036098350002368, "North Carolina": 0.9433968251753079, "North Dakota": 0.9101479037085507, "Ohio": 0.9413547605723852, "Oklahoma": 0.8755477783907355, "Oregon": 0.9290312144874832, "Pennsylvania": 0.9506222479381887, "Rhode Island": 0.8997232091704125, "South Carolina": 0.8989425862069961, "South Dakota": 0.9587517061363057, "Tennessee": 0.9544722446632682, "Texas": 0.9222280030640693, "Utah": 0.9210141481183866, "Vermont": 0.8983740169898143, "Virginia": 0.8450239868814885, "Washington": 0.9123426771743102, "West Virginia": 0.8742695745644498, "Wisconsin": 0.9292565069620506, "Wyoming": 0.6552491426897148}