{"Alabama": 0.9180822043997605, "Alaska": 0.8297706675089719, "Arizona": 0.8920009085074238, "Arkansas": 0.9560234716410884, "California": 0.8858338400605724, "Colorado": 0.857761160080777, "Connecticut": 0.9094918680156662, "Delaware": 0.934365364854286, "Florida": 0.891428045585596, "Georgia": 0.9276224997683782, "Hawaii": 0.7995684118350863, "Idaho": 0.9450792690781866, "Illinois": 0.955229532135829, "Indiana": 0.8803084629954198, "Iowa": 0.9630887196548403, "Kansas": 0.9553870251029941, "Kentucky": 0.9572003029057284, "Louisiana": 0.9234099937396505, "Maine": 0.9523820300869117, "Maryland": 0.8808226455449317, "Massachusetts": 0.8794162150418525, "Michigan": 0.9007003744431742, "Minnesota": 0.9571602246608979, "Mississippi": 0.9212599759125639, "Missouri": 0.9742767442458963, "Montana": 0.8993816396093641, "Nevada": 0.6355010410990584, "New Hampshire": 0.9166381500393453, "New Jersey": 0.9309127993583736, "New Mexico": 0.8766532784318933, "New York": 0.9092239612413936, "North Carolina": 0.9430553532374385, "North Dakota": 0.8702688414423981, "Ohio": 0.9435465898557213, "Oklahoma": 0.8379724171934237, "Oregon": 0.9310366060257481, "Pennsylvania": 0.9551381518016472, "Rhode Island": 0.9099737376112584, "South Carolina": 0.8909838724587293, "South Dakota": 0.9581769992007807, "Tennessee": 0.9526292869277683, "Texas": 0.9126921715774998, "Utah": 0.9167919613141492, "Vermont": 0.9050933616643093, "Virginia": 0.8483379889556655, "Washington": 0.9195114587057575, "West Virginia": 0.8719128495155044, "Wisconsin": 0.9258337412027717, "Wyoming": 0.6289859080531146}