{"Alabama": 0.9212740073994095, "Alaska": 0.7756138816472026, "Arizona": 0.8667031903930841, "Arkansas": 0.9527153489492964, "California": 0.8647669097979925, "Colorado": 0.8265550071549932, "Connecticut": 0.9046958343532094, "Delaware": 0.8941602777656484, "Florida": 0.8354260248508568, "Georgia": 0.8997237106363584, "Hawaii": 0.7379673847887447, "Idaho": 0.9512999818440878, "Illinois": 0.9353310758227243, "Indiana": 0.9065743227902018, "Iowa": 0.9685630511942537, "Kansas": 0.9636433014910696, "Kentucky": 0.9672273287388383, "Louisiana": 0.8953886909455554, "Maine": 0.9362621802645256, "Maryland": 0.823757879408896, "Massachusetts": 0.8478006906253771, "Michigan": 0.9230949322270828, "Minnesota": 0.9604891503708186, "Mississippi": 0.937374094303792, "Missouri": 0.9727095721968652, "Montana": 0.8730133165897027, "Nevada": 0.582884916849157, "New Hampshire": 0.9176308535725958, "New Jersey": 0.8816421449658264, "New Mexico": 0.8465900635680657, "New York": 0.8580528691455375, "North Carolina": 0.9239137317091733, "North Dakota": 0.8600104506541304, "Ohio": 0.9451384320092564, "Oklahoma": 0.8578799837556411, "Oregon": 0.9490345962267059, "Pennsylvania": 0.9388740632071682, "Rhode Island": 0.8835693153419764, "South Carolina": 0.8831595917550494, "South Dakota": 0.9632496020986994, "Tennessee": 0.9505618082057152, "Texas": 0.9019253500622512, "Utah": 0.9047904191491836, "Vermont": 0.9141649238991156, "Virginia": 0.8201174091663135, "Washington": 0.9346113879311336, "West Virginia": 0.8620028108544314, "Wisconsin": 0.9233106062238873, "Wyoming": 0.5962595865461663}