{"Alabama": 0.9232734766353422, "Alaska": 0.7783056107052218, "Arizona": 0.8642513637510211, "Arkansas": 0.9576442014697026, "California": 0.8635269565319933, "Colorado": 0.8181029145591804, "Connecticut": 0.9057772464590916, "Delaware": 0.8920078080378383, "Florida": 0.8305024014632646, "Georgia": 0.8968187242850726, "Hawaii": 0.7367522559210805, "Idaho": 0.9510542134320089, "Illinois": 0.9312443257800859, "Indiana": 0.9065616079910355, "Iowa": 0.9688122868516866, "Kansas": 0.9601003564275461, "Kentucky": 0.9659999082057947, "Louisiana": 0.8941824938518274, "Maine": 0.9295917546798665, "Maryland": 0.8176338389950902, "Massachusetts": 0.8408889443082778, "Michigan": 0.9209820624330189, "Minnesota": 0.9600711950565742, "Mississippi": 0.9358537005583846, "Missouri": 0.9729342002610067, "Montana": 0.8713828009221893, "Nevada": 0.5916306527674308, "New Hampshire": 0.9173374422413252, "New Jersey": 0.8772829431173038, "New Mexico": 0.8385751490798004, "New York": 0.8535725449314788, "North Carolina": 0.9249596856235588, "North Dakota": 0.8491408205957557, "Ohio": 0.944811247459183, "Oklahoma": 0.8483256799843443, "Oregon": 0.9477853802699518, "Pennsylvania": 0.9371315060883494, "Rhode Island": 0.8806509406881479, "South Carolina": 0.8856449909807647, "South Dakota": 0.9641796710586136, "Tennessee": 0.9479182509441029, "Texas": 0.8963353049975845, "Utah": 0.9028138512143181, "Vermont": 0.912543667331162, "Virginia": 0.8226056335939889, "Washington": 0.9331439858610195, "West Virginia": 0.8635977744414808, "Wisconsin": 0.9265637970103343, "Wyoming": 0.6111269057122422}