{"Alabama": 0.9182900376972519, "Alaska": 0.8314332399599739, "Arizona": 0.8913074608667666, "Arkansas": 0.9595082948883004, "California": 0.8858012186152653, "Colorado": 0.850788422837932, "Connecticut": 0.9115010737287023, "Delaware": 0.9341487952941533, "Florida": 0.8879950466869351, "Georgia": 0.924849059786261, "Hawaii": 0.7990328880351664, "Idaho": 0.9446931240024803, "Illinois": 0.9515858216567483, "Indiana": 0.8803257632854267, "Iowa": 0.9631531973929716, "Kansas": 0.9511424571993254, "Kentucky": 0.9553420770388553, "Louisiana": 0.9232498837212609, "Maine": 0.9465255851024778, "Maryland": 0.876640949937832, "Massachusetts": 0.8736339192352479, "Michigan": 0.8962142941025265, "Minnesota": 0.9571906879370564, "Mississippi": 0.9206126722479229, "Missouri": 0.9741852527894498, "Montana": 0.897539388385686, "Nevada": 0.6446389490098533, "New Hampshire": 0.9173491714341792, "New Jersey": 0.9276700761068992, "New Mexico": 0.8702716125377363, "New York": 0.9056130187883656, "North Carolina": 0.9426514645198153, "North Dakota": 0.8607395552563211, "Ohio": 0.9433027918093, "Oklahoma": 0.8283064863355944, "Oregon": 0.9306518317276047, "Pennsylvania": 0.953550238477091, "Rhode Island": 0.9061421191702796, "South Carolina": 0.892417738363136, "South Dakota": 0.9587987625173041, "Tennessee": 0.9493308241755507, "Texas": 0.907759548404455, "Utah": 0.914535722069475, "Vermont": 0.9041115965766799, "Virginia": 0.8512173865187054, "Washington": 0.9194646095986243, "West Virginia": 0.874574691460599, "Wisconsin": 0.9275204707303527, "Wyoming": 0.6441033852325946}