{"Alabama": 0.9227390806342987, "Alaska": 0.7706823373136825, "Arizona": 0.8671569775430775, "Arkansas": 0.9579271461032524, "California": 0.8638791482461381, "Colorado": 0.818223964318116, "Connecticut": 0.9052394891949591, "Delaware": 0.8928582364180754, "Florida": 0.8332651097951896, "Georgia": 0.8965034202016091, "Hawaii": 0.7385417399042472, "Idaho": 0.9518236704833571, "Illinois": 0.9304660041181322, "Indiana": 0.902229731825723, "Iowa": 0.9692261641853411, "Kansas": 0.9610314140639101, "Kentucky": 0.9639778809413759, "Louisiana": 0.894369745594286, "Maine": 0.9285176168871551, "Maryland": 0.815311756219263, "Massachusetts": 0.8378085549905916, "Michigan": 0.9194059506848972, "Minnesota": 0.9589770395385135, "Mississippi": 0.937331731500194, "Missouri": 0.9724332576972745, "Montana": 0.8724708666684571, "Nevada": 0.5938111573672594, "New Hampshire": 0.9194164229678422, "New Jersey": 0.878081043279629, "New Mexico": 0.8318208578506368, "New York": 0.8522494147765584, "North Carolina": 0.9259968735046139, "North Dakota": 0.8310506156897989, "Ohio": 0.944012960092779, "Oklahoma": 0.841041408622701, "Oregon": 0.9465678579221967, "Pennsylvania": 0.9365323587090213, "Rhode Island": 0.8808632275432277, "South Carolina": 0.8860512557373755, "South Dakota": 0.9642689421052623, "Tennessee": 0.9463732782042572, "Texas": 0.8937540989583862, "Utah": 0.9025087735293758, "Vermont": 0.9103520628371188, "Virginia": 0.8283528985001736, "Washington": 0.9321308647252918, "West Virginia": 0.8652187113411495, "Wisconsin": 0.9251326039249023, "Wyoming": 0.6000207773791214}