{"Alabama": 0.9160654471393067, "Alaska": 0.8207659396005405, "Arizona": 0.8949791323219908, "Arkansas": 0.959333943908266, "California": 0.8843633481293522, "Colorado": 0.8507988129463508, "Connecticut": 0.9121437263553949, "Delaware": 0.933096042262654, "Florida": 0.8889034699913752, "Georgia": 0.9229370013608528, "Hawaii": 0.7976301145591134, "Idaho": 0.9461345932636268, "Illinois": 0.9502591356585037, "Indiana": 0.8753705798829096, "Iowa": 0.9637268263841666, "Kansas": 0.9531337556473989, "Kentucky": 0.9520681816050568, "Louisiana": 0.9221002673926916, "Maine": 0.944261274046239, "Maryland": 0.8739124586194567, "Massachusetts": 0.8696884037914292, "Michigan": 0.8925473948149322, "Minnesota": 0.9560149971935559, "Mississippi": 0.9185586396200742, "Missouri": 0.9732497196149134, "Montana": 0.8978064443662904, "Nevada": 0.6457706102141435, "New Hampshire": 0.9196051971559409, "New Jersey": 0.9265509788056449, "New Mexico": 0.8656386104048063, "New York": 0.9036600186657681, "North Carolina": 0.9423238475536424, "North Dakota": 0.8428759234506952, "Ohio": 0.941953426724142, "Oklahoma": 0.820650564354411, "Oregon": 0.9305133650467605, "Pennsylvania": 0.9522945630764553, "Rhode Island": 0.9046531649339686, "South Carolina": 0.8924056757145296, "South Dakota": 0.9579952557171689, "Tennessee": 0.9463364351227834, "Texas": 0.9053623236411211, "Utah": 0.9141495042253777, "Vermont": 0.9037163449045086, "Virginia": 0.8553609026863941, "Washington": 0.9203033819462731, "West Virginia": 0.876026322314037, "Wisconsin": 0.926545572233754, "Wyoming": 0.6320646838015097}