{"Alabama": 0.885728722515085, "Alaska": 0.7934839447063112, "Arizona": 0.8614658839433673, "Arkansas": 0.8555683013307341, "California": 0.9047956780777945, "Colorado": 0.8471705410062634, "Connecticut": 0.9677225544203643, "Delaware": 0.8977036565283736, "Florida": 0.8305455421203486, "Georgia": 0.8985144409001716, "Hawaii": 0.748924678991205, "Idaho": 0.8589284661336719, "Illinois": 0.9493464279724629, "Indiana": 0.8746492543610755, "Iowa": 0.8870672454678412, "Kansas": 0.9152485396350474, "Kentucky": 0.8846455131002233, "Louisiana": 0.9184908837358301, "Maine": 0.9483975162565701, "Maryland": 0.879508043709158, "Massachusetts": 0.9694185364731894, "Michigan": 0.9402774572021376, "Minnesota": 0.9605863453606627, "Mississippi": 0.8675179624416778, "Missouri": 0.9421874353212958, "Montana": 0.7946714766021982, "Nebraska": 0.8922712890040523, "Nevada": 0.5843502663784486, "New Hampshire": 0.9414157095626662, "New Jersey": 0.9239774835551942, "New Mexico": 0.8666220771744835, "New York": 0.9458668892417248, "North Carolina": 0.9152363495463341, "North Dakota": 0.8123683017862452, "Ohio": 0.9517071754349861, "Oklahoma": 0.8667527236000697, "Oregon": 0.9462164835011524, "Pennsylvania": 0.9821609481273226, "South Carolina": 0.8697980125899405, "South Dakota": 0.8573875533179774, "Tennessee": 0.8944636996803652, "Texas": 0.9001807996544932, "Utah": 0.9094435473514723, "Vermont": 0.9554290491362808, "Virginia": 0.8627765009753381, "Washington": 0.932384642271651, "West Virginia": 0.9083631642827142, "Wisconsin": 0.9005391051180788, "Wyoming": 0.622576458269593}