{"Alabama": 0.8799888016290213, "Alaska": 0.7970202962520616, "Arizona": 0.849026447751736, "Arkansas": 0.8552402399349899, "California": 0.8974531244369721, "Colorado": 0.845790693392395, "Connecticut": 0.9671914346737623, "Delaware": 0.8438181040211837, "Florida": 0.8262200140296964, "Georgia": 0.8914279679829767, "Hawaii": 0.7526944431244398, "Idaho": 0.8503906800358584, "Illinois": 0.9474094962287803, "Indiana": 0.8668749327786799, "Iowa": 0.8776931827819845, "Kansas": 0.9109239540052995, "Kentucky": 0.8849149922267197, "Louisiana": 0.9163049605401057, "Maine": 0.9465121266373051, "Maryland": 0.8805218154136678, "Massachusetts": 0.9684563735914421, "Michigan": 0.940984991013025, "Minnesota": 0.9588716483336877, "Mississippi": 0.8625709782058195, "Missouri": 0.9399667799121766, "Montana": 0.8000067033131768, "Nebraska": 0.8901938546801382, "Nevada": 0.5843351330246357, "New Hampshire": 0.9391547464946907, "New Jersey": 0.9250926717220248, "New Mexico": 0.8670460725394671, "New York": 0.9469487434117677, "North Carolina": 0.9170498273155603, "North Dakota": 0.8177139340988634, "Ohio": 0.9492484836951944, "Oklahoma": 0.8643049424005491, "Oregon": 0.9424254106536896, "Pennsylvania": 0.9823219011110794, "South Carolina": 0.8649151387231883, "South Dakota": 0.8576665493247055, "Tennessee": 0.89303639180803, "Texas": 0.8973481390433229, "Utah": 0.899863164760098, "Vermont": 0.9533741028903678, "Virginia": 0.8603938565568129, "Washington": 0.9293256103662368, "West Virginia": 0.9030669328816621, "Wisconsin": 0.8929021189608682, "Wyoming": 0.6062064041302773}