{"Alabama": 0.8708382770071328, "Alaska": 0.7981116817365728, "Arizona": 0.8438605756062171, "Arkansas": 0.849944426318942, "California": 0.8896627295157735, "Colorado": 0.8441918243393463, "Connecticut": 0.9675246927824073, "Delaware": 0.9041481333126216, "Florida": 0.834457584255823, "Georgia": 0.8841862383577388, "Hawaii": 0.7510599489467367, "Idaho": 0.8411776495942866, "Illinois": 0.9441629660127047, "Indiana": 0.8573252738704282, "Iowa": 0.8734773124685739, "Kansas": 0.9041266351423293, "Kentucky": 0.8785215132883464, "Louisiana": 0.8985829614761955, "Maine": 0.9488373336733191, "Maryland": 0.8823083622231449, "Massachusetts": 0.9701712272078724, "Michigan": 0.9391215882998275, "Minnesota": 0.9592602264929492, "Mississippi": 0.8536043645297385, "Missouri": 0.9375942069961363, "Montana": 0.8066045503062191, "Nebraska": 0.8910558241936993, "Nevada": 0.5851774856307657, "New Hampshire": 0.9383699450735173, "New Jersey": 0.9254129910664279, "New Mexico": 0.8643782332079246, "New York": 0.9497503836786143, "North Carolina": 0.918070008916474, "North Dakota": 0.8260315712850892, "Ohio": 0.94423726599468, "Oklahoma": 0.8553104374870304, "Oregon": 0.935550041218755, "Pennsylvania": 0.9814143578046146, "South Carolina": 0.8551828160929782, "South Dakota": 0.8634530031347668, "Tennessee": 0.8899636110017447, "Texas": 0.8908385267067271, "Utah": 0.88590581507216, "Vermont": 0.9525973944137828, "Virginia": 0.8560575453166147, "Washington": 0.923598030948921, "West Virginia": 0.8942220087503026, "Wisconsin": 0.8836548946183033, "Wyoming": 0.5706023613594793}