{"Alabama": 0.8647622224850803, "Alaska": 0.7936074037381476, "Arizona": 0.8480342859461292, "Arkansas": 0.8523395117141009, "California": 0.8875958721417662, "Colorado": 0.8392100520384417, "Connecticut": 0.9652290326226447, "Delaware": 0.909216572524236, "Florida": 0.8451551494714551, "Georgia": 0.8794766052913311, "Hawaii": 0.756219022376599, "Idaho": 0.8436369551502237, "Illinois": 0.9414800957200185, "Indiana": 0.8561956039682901, "Iowa": 0.8678875046296325, "Kansas": 0.8978932959508305, "Kentucky": 0.8752476820949007, "Louisiana": 0.8964567043669693, "Maine": 0.9481616937234247, "Maryland": 0.8842898655782983, "Massachusetts": 0.9704067203333715, "Michigan": 0.9394245663897193, "Minnesota": 0.9600016550030396, "Mississippi": 0.8555334267996093, "Missouri": 0.9358868775812321, "Montana": 0.8051059483418526, "Nebraska": 0.8903764802510606, "Nevada": 0.5940913290815758, "New Hampshire": 0.9386781674107955, "New Jersey": 0.9210402263973876, "New Mexico": 0.8598761342410073, "New York": 0.951404005242956, "North Carolina": 0.9167539726732964, "North Dakota": 0.8222536966945052, "Ohio": 0.9428885640211369, "Oklahoma": 0.8447014257191171, "Oregon": 0.9328873427255128, "Pennsylvania": 0.9811651749231496, "South Carolina": 0.8487522214022184, "South Dakota": 0.8646079498689602, "Tennessee": 0.8903549694013061, "Texas": 0.8834825867566705, "Utah": 0.8714567838162172, "Vermont": 0.9525987203363011, "Virginia": 0.8524181322999976, "Washington": 0.9153332766668039, "West Virginia": 0.8898978380168145, "Wisconsin": 0.8780111275148278, "Wyoming": 0.5533513288264007}