{"Alabama": 0.8598744565741014, "Alaska": 0.7839859853550856, "Arizona": 0.8641643103503533, "Arkansas": 0.8493121649801065, "California": 0.8881262961666748, "Colorado": 0.8394833303600433, "Connecticut": 0.9603399976641602, "Delaware": 0.9137164513635885, "Florida": 0.8659390115185788, "Georgia": 0.8795792201821091, "Hawaii": 0.7689357156999909, "Idaho": 0.849498930409927, "Illinois": 0.9387873343539963, "Indiana": 0.8573653568144494, "Iowa": 0.8561892951771536, "Kansas": 0.8896549675532881, "Kentucky": 0.8727915957938718, "Louisiana": 0.8906285041713878, "Maine": 0.9543591830447972, "Maryland": 0.8884207216778344, "Massachusetts": 0.96925481971661, "Michigan": 0.9403359108510991, "Minnesota": 0.957723052189738, "Mississippi": 0.8513702937889278, "Missouri": 0.93442850324303, "Montana": 0.8086643970215763, "Nebraska": 0.884781306880224, "Nevada": 0.6021998932926644, "New Hampshire": 0.9356046668886645, "New Jersey": 0.9192592565020996, "New Mexico": 0.8575803564082385, "New York": 0.9519547225063555, "North Carolina": 0.917514721143487, "North Dakota": 0.8161196667311155, "Ohio": 0.9418501572030049, "Oklahoma": 0.8204803310099039, "Oregon": 0.9350318169363786, "Pennsylvania": 0.9798092263904691, "South Carolina": 0.8484839530164856, "South Dakota": 0.8603661400726743, "Tennessee": 0.8915535017925682, "Texas": 0.8708264098384593, "Utah": 0.8760962611411451, "Vermont": 0.9522721181689886, "Virginia": 0.8493067412028825, "Washington": 0.9124373275013182, "West Virginia": 0.8779166051467865, "Wisconsin": 0.8708548871381923, "Wyoming": 0.519089142211347}