{"Alabama": 0.8581444127390907, "Alaska": 0.8000705793059876, "Arizona": 0.882188460356471, "Arkansas": 0.8523939595271143, "California": 0.8926373420971534, "Colorado": 0.8505231542826784, "Connecticut": 0.9545285406487012, "Delaware": 0.9119711527677761, "Florida": 0.8793116099000492, "Georgia": 0.8850032422388997, "Hawaii": 0.7915409146175524, "Idaho": 0.8625597424658173, "Illinois": 0.9418161162613282, "Indiana": 0.8706708147032716, "Iowa": 0.8534285611161728, "Kansas": 0.8887345434434937, "Kentucky": 0.8759485039214258, "Louisiana": 0.8917921789822554, "Maine": 0.9534704453711328, "Maryland": 0.9008307166507014, "Massachusetts": 0.9712782054796809, "Michigan": 0.9484807519806531, "Minnesota": 0.9558438189247169, "Mississippi": 0.8502609969509538, "Missouri": 0.934790468289673, "Montana": 0.8234176209731762, "Nebraska": 0.8759594837389432, "Nevada": 0.6177458517144796, "New Hampshire": 0.9338766557795943, "New Jersey": 0.922809063646043, "New Mexico": 0.8738076254805045, "New York": 0.9578495310222305, "North Carolina": 0.9249215475960556, "North Dakota": 0.8121710918650987, "Ohio": 0.9494910014678989, "Oklahoma": 0.8282143979661537, "Oregon": 0.9373515324284194, "Pennsylvania": 0.9792808003398213, "South Carolina": 0.8494939299360403, "South Dakota": 0.8536671734555353, "Tennessee": 0.8979509324338797, "Texas": 0.877122733128651, "Utah": 0.8810472904909933, "Vermont": 0.9517485167638198, "Virginia": 0.8484665937725163, "Washington": 0.9164306563845188, "West Virginia": 0.8787819403327818, "Wisconsin": 0.8736269569760836, "Wyoming": 0.5667570606075317}