{"Alabama": 0.8593241258510125, "Alaska": 0.8005953254206646, "Arizona": 0.8938022148671405, "Arkansas": 0.854172945279338, "California": 0.8909396124951946, "Colorado": 0.8574922622333809, "Connecticut": 0.9559671139745466, "Delaware": 0.913522776253709, "Florida": 0.8820035910031682, "Georgia": 0.8879415527667516, "Hawaii": 0.7947576299062116, "Idaho": 0.869996613618373, "Illinois": 0.9420273976195328, "Indiana": 0.8618516532791902, "Iowa": 0.8483198278881439, "Kansas": 0.8854996966876365, "Kentucky": 0.8760739670596454, "Louisiana": 0.8971856008265211, "Maine": 0.9459626019244664, "Maryland": 0.9024562109019778, "Massachusetts": 0.9726610615981918, "Michigan": 0.942429343711745, "Minnesota": 0.9563226600941853, "Mississippi": 0.8543389680369866, "Missouri": 0.9386014964224809, "Montana": 0.8250823680787911, "Nebraska": 0.8731996431542756, "Nevada": 0.6216826657109868, "New Hampshire": 0.9321844430951567, "New Jersey": 0.9248703402121444, "New Mexico": 0.8763442830825233, "New York": 0.9601198549218833, "North Carolina": 0.923207657718052, "North Dakota": 0.7962907562320661, "Ohio": 0.9497347845801852, "Oklahoma": 0.8148871016607695, "Oregon": 0.9379102757276498, "Pennsylvania": 0.9789808893079737, "South Carolina": 0.850156287941351, "South Dakota": 0.8508098527626983, "Tennessee": 0.9007195484423552, "Texas": 0.879377983007036, "Utah": 0.8892433566175778, "Vermont": 0.9488622253119922, "Virginia": 0.8452473926430826, "Washington": 0.9158711752056417, "West Virginia": 0.8746038951459817, "Wisconsin": 0.8705900644758422, "Wyoming": 0.5580563637396794}