{"Alabama": 0.8630408126461453, "Alaska": 0.8077574989130051, "Arizona": 0.896925427902048, "Arkansas": 0.8594541640182912, "California": 0.8913789595350451, "Colorado": 0.8641949694606847, "Connecticut": 0.9540717788148758, "Delaware": 0.9119481505879401, "Florida": 0.8841624130775534, "Georgia": 0.8888659771791351, "Hawaii": 0.79127507871304, "Idaho": 0.8710299394565553, "Illinois": 0.9407667426251831, "Indiana": 0.8565256502222858, "Iowa": 0.8454456722933819, "Kansas": 0.8864263222539761, "Kentucky": 0.875593413585212, "Louisiana": 0.9011649315657265, "Maine": 0.9448814016641676, "Maryland": 0.9043694097472236, "Massachusetts": 0.9727641544870396, "Michigan": 0.93330303319827, "Minnesota": 0.9551156386300089, "Mississippi": 0.8611846892061089, "Missouri": 0.9404763689231124, "Montana": 0.8242424866404059, "Nebraska": 0.8720930824707717, "Nevada": 0.6291365804275343, "New Hampshire": 0.931493446625684, "New Jersey": 0.9232480690076461, "New Mexico": 0.8765185153656615, "New York": 0.9577522661714589, "North Carolina": 0.9197276238869122, "North Dakota": 0.7683425882662521, "Ohio": 0.947290048726746, "Oklahoma": 0.8222965769933164, "Oregon": 0.9372081598165969, "Pennsylvania": 0.9787809479038032, "South Carolina": 0.850355348399172, "South Dakota": 0.8476878590354278, "Tennessee": 0.9006652500967081, "Texas": 0.8809677373109511, "Utah": 0.8915772462607623, "Vermont": 0.9481582248571618, "Virginia": 0.8517381595994588, "Washington": 0.9163226240000861, "West Virginia": 0.8707589418192216, "Wisconsin": 0.8644356413030441, "Wyoming": 0.5510281661176417}