{"Alabama": 0.8601757019198697, "Alaska": 0.8026874660333896, "Arizona": 0.9054334012320527, "Arkansas": 0.8663969538005856, "California": 0.9196281034909444, "Colorado": 0.8691895166969, "Connecticut": 0.9583075102365317, "Delaware": 0.9165977833348009, "Florida": 0.8872781154159578, "Georgia": 0.8918612248237993, "Hawaii": 0.7950989672026947, "Idaho": 0.8739595038501616, "Illinois": 0.9399999941694536, "Indiana": 0.8472871432349071, "Iowa": 0.8451421635879954, "Kansas": 0.8833955264929904, "Kentucky": 0.8745819363394844, "Louisiana": 0.8996498321391619, "Maine": 0.9552476870682644, "Maryland": 0.9058682094124463, "Massachusetts": 0.9747098403874092, "Michigan": 0.9289713587054749, "Minnesota": 0.9556036856185249, "Mississippi": 0.8615014988241279, "Missouri": 0.9491626350767655, "Montana": 0.8280475719729369, "Nebraska": 0.8835693153419762, "Nevada": 0.6440877013523691, "New Hampshire": 0.9310295216630133, "New Jersey": 0.9267364581265372, "New Mexico": 0.8751396633994524, "New York": 0.9579989526443726, "North Carolina": 0.9200411986926592, "North Dakota": 0.7222167142239437, "Ohio": 0.9435637902361346, "Oklahoma": 0.788384009087914, "Oregon": 0.940682400279436, "Pennsylvania": 0.9779469554350426, "South Carolina": 0.8490230268653445, "South Dakota": 0.8466367966461599, "Tennessee": 0.9001954119666318, "Texas": 0.8748916875480984, "Utah": 0.8898321762276075, "Vermont": 0.9489188038312437, "Virginia": 0.8566599475858839, "Washington": 0.928981328341844, "West Virginia": 0.8656396170936006, "Wisconsin": 0.8599928285387717, "Wyoming": 0.52979508504642}