{"Alabama": 0.8576082031286935, "Alaska": 0.803987304099387, "Arizona": 0.9046597882042675, "Arkansas": 0.8668545888647932, "California": 0.9254290094843886, "Colorado": 0.8632780917514717, "Connecticut": 0.9617896615920403, "Delaware": 0.9154378055666875, "Florida": 0.8850921868794818, "Georgia": 0.8917141311792462, "Hawaii": 0.7954754717422329, "Idaho": 0.8734377825188832, "Illinois": 0.9401906474338908, "Indiana": 0.8433068780769833, "Iowa": 0.838096375696773, "Kansas": 0.8809472502006043, "Kentucky": 0.871745194226431, "Louisiana": 0.8976049459583173, "Maine": 0.944188293800728, "Maryland": 0.9042023767286064, "Massachusetts": 0.9730510378481511, "Michigan": 0.9233401804576522, "Minnesota": 0.9566759288457524, "Mississippi": 0.8563073301316089, "Missouri": 0.9490028568439888, "Montana": 0.8253590531153736, "Nebraska": 0.8806509406881479, "Nevada": 0.6518204080741319, "New Hampshire": 0.9287490925619759, "New Jersey": 0.9277348049216411, "New Mexico": 0.8671897538508906, "New York": 0.9584729084017467, "North Carolina": 0.9192099497483336, "North Dakota": 0.7051699774871227, "Ohio": 0.9425419917236952, "Oklahoma": 0.775834936996766, "Oregon": 0.9388460767201716, "Pennsylvania": 0.9772566787828721, "South Carolina": 0.8477612198508127, "South Dakota": 0.8454681211872754, "Tennessee": 0.8981829454069906, "Texas": 0.8696572483432704, "Utah": 0.8905692924463898, "Vermont": 0.9454418200456354, "Virginia": 0.8617975307208984, "Washington": 0.9281671925773513, "West Virginia": 0.8645629610705008, "Wisconsin": 0.8578007468392973, "Wyoming": 0.5415907356410912}