{"Alabama": 0.8595024345157595, "Alaska": 0.790540157877515, "Arizona": 0.9048645064867783, "Arkansas": 0.8668860066064489, "California": 0.9274328113283936, "Colorado": 0.8657127306864177, "Connecticut": 0.9648126484071083, "Delaware": 0.9152134458769217, "Florida": 0.8848702104697793, "Georgia": 0.8900900611410247, "Hawaii": 0.79572516532347, "Idaho": 0.8750130412557574, "Illinois": 0.9408265726348173, "Indiana": 0.8386864008142041, "Iowa": 0.8429981030211615, "Kansas": 0.8805581123515311, "Kentucky": 0.8660190178633163, "Louisiana": 0.8962812460794699, "Maine": 0.9422801776218716, "Maryland": 0.9024703964754806, "Massachusetts": 0.9721124438576021, "Michigan": 0.9199587310863283, "Minnesota": 0.9569744192653541, "Mississippi": 0.8517486397807849, "Missouri": 0.949528379572403, "Montana": 0.8253358038369493, "Nebraska": 0.8808632275432278, "Nevada": 0.6558973184533158, "New Hampshire": 0.932558051530254, "New Jersey": 0.9281557932441145, "New Mexico": 0.8639839631165159, "New York": 0.9572938292121875, "North Carolina": 0.9194780000410862, "North Dakota": 0.6808612395883795, "Ohio": 0.9418486350278641, "Oklahoma": 0.7684990609464942, "Oregon": 0.9407141653693412, "Pennsylvania": 0.9772527059945486, "South Carolina": 0.8504198863077777, "South Dakota": 0.8440292565688264, "Tennessee": 0.8969897102073492, "Texas": 0.8672109352328505, "Utah": 0.8917784851852398, "Vermont": 0.9459843748350651, "Virginia": 0.8680067835645853, "Washington": 0.9278299286072217, "West Virginia": 0.8648471887013669, "Wisconsin": 0.8581560542162674, "Wyoming": 0.526058851673633}