{"Alabama": 0.9802545761474099, "Alaska": 0.6642852273809576, "Arizona": 0.8890032244469467, "Arkansas": 0.9734941603863347, "California": 0.9114928525481433, "Colorado": 0.8424956816163226, "Connecticut": 0.8762039516468877, "Delaware": 0.83592739605093, "Florida": 0.83129877731555, "Georgia": 0.945639671888682, "Hawaii": 0.6863771361787411, "Idaho": 0.9308243340905576, "Illinois": 0.9490100160401485, "Indiana": 0.9478352407755227, "Iowa": 0.96795242776281, "Kansas": 0.9688509285657803, "Kentucky": 0.9858916689592715, "Louisiana": 0.8831123391233647, "Maine": 0.8991538548950281, "Maryland": 0.819204583443672, "Massachusetts": 0.8376977084012155, "Michigan": 0.9304305411521815, "Minnesota": 0.9571240540967483, "Mississippi": 0.9698376263091519, "Missouri": 0.961176657244937, "Montana": 0.8128857502840496, "Nebraska": 0.9433585685512548, "Nevada": 0.5279706202657009, "New Hampshire": 0.9426069836495344, "New Jersey": 0.8625249371418922, "New Mexico": 0.8300213482680935, "New York": 0.7830206797419372, "North Carolina": 0.9638347714361035, "North Dakota": 0.8229251494848203, "Ohio": 0.9678978619507671, "Oklahoma": 0.9218306785294891, "Oregon": 0.9562981958713926, "Pennsylvania": 0.9367643547242197, "Rhode Island": 0.8724488390244577, "South Carolina": 0.9431283724103078, "South Dakota": 0.8951885419452708, "Texas": 0.9394199925859308, "Utah": 0.9378255760813896, "Vermont": 0.917800991641656, "Virginia": 0.8953528443169289, "Washington": 0.947947554200306, "West Virginia": 0.8784145642848074, "Wisconsin": 0.9659499189366185, "Wyoming": 0.6837443004089702}