{"Alabama": 0.9764216622648108, "Alaska": 0.6767249572144469, "Arizona": 0.8917158549180881, "Arkansas": 0.9693303908540635, "California": 0.9039064282031054, "Colorado": 0.8321556339449281, "Connecticut": 0.8717190571260164, "Delaware": 0.8382611596550094, "Florida": 0.8292751022627903, "Georgia": 0.9424364260496971, "Hawaii": 0.6925684714624473, "Idaho": 0.9326062475135702, "Illinois": 0.9470658384748968, "Indiana": 0.9453968004467409, "Iowa": 0.9638818685102948, "Kansas": 0.9640705777232069, "Kentucky": 0.9841159809602968, "Louisiana": 0.8848777712974637, "Maine": 0.8875139352651872, "Maryland": 0.8129828211028033, "Massachusetts": 0.8301284189141017, "Michigan": 0.9305670794374541, "Minnesota": 0.9514361117263139, "Mississippi": 0.9622089385882084, "Missouri": 0.9588594531439024, "Montana": 0.8130644044609103, "Nebraska": 0.9359433999150001, "Nevada": 0.5233681623374993, "New Hampshire": 0.9354851104636668, "New Jersey": 0.8541427999485722, "New Mexico": 0.8289891704389216, "New York": 0.7746469180129415, "North Carolina": 0.9651658741852208, "North Dakota": 0.8191282616556245, "Ohio": 0.9692136725852831, "Oklahoma": 0.9243935227600331, "Oregon": 0.9538058310353106, "Pennsylvania": 0.9296663737939411, "Rhode Island": 0.8693941837441628, "South Carolina": 0.943559005841861, "South Dakota": 0.8879051312016888, "Texas": 0.9361329301053875, "Utah": 0.9372755984205586, "Vermont": 0.9058085086466533, "Virginia": 0.8807440121833588, "Washington": 0.9417135862432338, "West Virginia": 0.8771677248680502, "Wisconsin": 0.9635138414824581, "Wyoming": 0.6856924341095809}