{"Alabama": 0.9746456208400619, "Alaska": 0.6870158203336234, "Arizona": 0.8944019361886034, "Arkansas": 0.9671643826957511, "California": 0.9073307039174684, "Colorado": 0.8282769070794176, "Connecticut": 0.8692358243845614, "Delaware": 0.8274797101280714, "Florida": 0.8321311628522926, "Georgia": 0.9418811633255814, "Hawaii": 0.7063988922548525, "Idaho": 0.937005181800857, "Illinois": 0.9455038338342164, "Indiana": 0.9440396791731855, "Iowa": 0.9598730013601505, "Kansas": 0.9633309123995369, "Kentucky": 0.9860752775285654, "Louisiana": 0.8860250873574872, "Maine": 0.88669607228223, "Maryland": 0.8144129990283402, "Massachusetts": 0.8263059987082094, "Michigan": 0.930764339329118, "Minnesota": 0.947215421360122, "Mississippi": 0.9606959380977751, "Missouri": 0.9588023042662098, "Montana": 0.8188444471317272, "Nebraska": 0.9404262392295935, "Nevada": 0.5418926383133074, "New Hampshire": 0.9347969038765095, "New Jersey": 0.8573855505688982, "New Mexico": 0.8339392917007091, "New York": 0.7751784526495535, "North Carolina": 0.96764058663678, "North Dakota": 0.82869751079809, "Ohio": 0.9698750366127384, "Oklahoma": 0.9328031089260018, "Oregon": 0.9547894146602494, "Pennsylvania": 0.9294897325490543, "Rhode Island": 0.8740531926912936, "South Carolina": 0.9498761739886495, "South Dakota": 0.8910090594816564, "Texas": 0.9382273451411307, "Utah": 0.9358977348521811, "Vermont": 0.9026355330586053, "Virginia": 0.8722067343999833, "Washington": 0.9361584663574422, "West Virginia": 0.8811416819623162, "Wisconsin": 0.960292249051909, "Wyoming": 0.6857018969918314}