{"Alabama": 0.8759787614361868, "Alaska": 0.6910283595045715, "Arizona": 0.899263918874027, "Arkansas": 0.9653450969355629, "California": 0.9132715210015261, "Colorado": 0.8368318048289974, "Connecticut": 0.8720938918375651, "Delaware": 0.8092099395295996, "Florida": 0.8577937057900402, "Georgia": 0.9488242987085176, "Hawaii": 0.6886950699154482, "Idaho": 0.9439366432386374, "Illinois": 0.9515534449167309, "Indiana": 0.9456130586042769, "Iowa": 0.9601071295375647, "Kansas": 0.9631210791183638, "Kentucky": 0.9834414501723107, "Louisiana": 0.902038737369305, "Maine": 0.8940918317708508, "Maryland": 0.831407749595747, "Massachusetts": 0.8313777722264969, "Michigan": 0.9329071582288309, "Minnesota": 0.9516951913113142, "Mississippi": 0.9603365531266721, "Missouri": 0.959112576377115, "Montana": 0.8369654070239815, "Nebraska": 0.9467820953965742, "Nevada": 0.5796319508106045, "New Hampshire": 0.9316638572610845, "New Jersey": 0.8700607289088103, "New Mexico": 0.8487860916292387, "New York": 0.7908660889040043, "North Carolina": 0.9647176904147585, "North Dakota": 0.8567509091370418, "Ohio": 0.9678848202888476, "Oklahoma": 0.9375067623770567, "Oregon": 0.9559667553758056, "Pennsylvania": 0.932939962264543, "Rhode Island": 0.8555121093682548, "South Carolina": 0.9545291309363845, "South Dakota": 0.9021044113653246, "Texas": 0.9423339023894104, "Utah": 0.9393456302036122, "Vermont": 0.9049056672946424, "Virginia": 0.8765643076557523, "Washington": 0.9359646646669759, "West Virginia": 0.8826024059561731, "Wisconsin": 0.9580680983623998, "Wyoming": 0.6157446390199414}