{"Alabama": 0.9787777247523838, "Alaska": 0.7799106325518879, "Arizona": 0.9034618000776914, "Arkansas": 0.9671508573647697, "California": 0.915897282052397, "Colorado": 0.8558864721166436, "Connecticut": 0.8806140868583503, "Delaware": 0.8320883903550601, "Florida": 0.8687768917630254, "Georgia": 0.9537465870660025, "Hawaii": 0.7372968293381185, "Idaho": 0.9489610831577604, "Illinois": 0.9582811837375151, "Indiana": 0.9487825558984275, "Iowa": 0.9647105999325019, "Kansas": 0.9693148936419526, "Kentucky": 0.9866869171819839, "Louisiana": 0.9188071129667182, "Maine": 0.9060148676309115, "Maryland": 0.8469828045577399, "Massachusetts": 0.8465821207488121, "Michigan": 0.9435981165607422, "Minnesota": 0.9533577412147538, "Mississippi": 0.9649108765604424, "Missouri": 0.9660696987783568, "Montana": 0.8607456489716415, "Nebraska": 0.948920796650415, "Nevada": 0.6277837741925641, "New Hampshire": 0.9347766828708695, "New Jersey": 0.8887690390148706, "New Mexico": 0.869361185430988, "New York": 0.8138850515427792, "North Carolina": 0.9753114944108912, "North Dakota": 0.8854327267749431, "Ohio": 0.9725103937891203, "Oklahoma": 0.9334416891320121, "Oregon": 0.9591648693547022, "Pennsylvania": 0.9366304834779843, "Rhode Island": 0.8965471591811626, "South Carolina": 0.9589017863102589, "South Dakota": 0.9140096794506686, "Texas": 0.9448152607982059, "Utah": 0.9432823838017466, "Vermont": 0.9081236627745454, "Virginia": 0.881739112565294, "Washington": 0.939611560982406, "West Virginia": 0.8941278833756457, "Wisconsin": 0.9630804559944549, "Wyoming": 0.651144084760409}