{"Alabama": 0.9781997672209256, "Alaska": 0.7786865055491614, "Arizona": 0.9038907984517798, "Arkansas": 0.963788734051212, "California": 0.9153354264720651, "Colorado": 0.8553998735813096, "Connecticut": 0.8844020102670033, "Delaware": 0.8358585919600734, "Florida": 0.875207494395652, "Georgia": 0.9539561231604712, "Hawaii": 0.7854331701196738, "Idaho": 0.9461542684086923, "Illinois": 0.9582099045878316, "Indiana": 0.9478953717607848, "Iowa": 0.9610872865256552, "Kansas": 0.9693807218744847, "Kentucky": 0.9859642619008084, "Louisiana": 0.9201118726087611, "Maine": 0.8961575846139773, "Maryland": 0.8444511337609297, "Massachusetts": 0.843634316092712, "Michigan": 0.9479806165400031, "Minnesota": 0.9501495959969322, "Mississippi": 0.9636523683229027, "Missouri": 0.9662894210566927, "Montana": 0.8578388762123554, "Nebraska": 0.9443381985179815, "Nevada": 0.6390963548988946, "New Hampshire": 0.9305579884916222, "New Jersey": 0.8873505193970873, "New Mexico": 0.8690960033217517, "New York": 0.8123710325557616, "North Carolina": 0.9765445078799577, "North Dakota": 0.8883577415758946, "Ohio": 0.9726537486910638, "Oklahoma": 0.9391425504679881, "Oregon": 0.9611157735831177, "Pennsylvania": 0.933077345111118, "Rhode Island": 0.7391038107967403, "South Carolina": 0.9604519488595195, "South Dakota": 0.9132942581688842, "Texas": 0.9461143564994187, "Utah": 0.9443354163686454, "Vermont": 0.9036783889320158, "Virginia": 0.8730018646313797, "Washington": 0.9385110852297699, "West Virginia": 0.8911529155119783, "Wisconsin": 0.9596768139728377, "Wyoming": 0.6387781429225797}