{"Alabama": 0.983954175911668, "Alaska": 0.7483434665266616, "Arizona": 0.8715937026612942, "Arkansas": 0.9711106355604934, "California": 0.9173138757020615, "Colorado": 0.8309338014760016, "Connecticut": 0.8906067257500473, "Delaware": 0.8393187344340591, "Florida": 0.8179739225423344, "Georgia": 0.9691864693283714, "Hawaii": 0.7158175009703207, "Idaho": 0.9298172716541921, "Illinois": 0.9582392524088011, "Indiana": 0.9705664659619895, "Iowa": 0.9589801616459598, "Kansas": 0.9702346947717284, "Kentucky": 0.9820726011377725, "Louisiana": 0.9105473347805423, "Maine": 0.8933210179040014, "Maryland": 0.8018145075753913, "Massachusetts": 0.8395651442351627, "Michigan": 0.9726664491624886, "Minnesota": 0.9582841951936396, "Mississippi": 0.9713683288770346, "Missouri": 0.9676085413088675, "Montana": 0.7833646842782094, "Nebraska": 0.9493940120000689, "Nevada": 0.5831560352939809, "New Hampshire": 0.9314383065290617, "New Jersey": 0.8850816354879699, "New Mexico": 0.8158636169090643, "New York": 0.7948649409554671, "North Carolina": 0.9859270733341178, "North Dakota": 0.8120254451291024, "Ohio": 0.9787880814611414, "Oklahoma": 0.923807435007156, "Oregon": 0.9691855748578526, "Pennsylvania": 0.9369174862598096, "Rhode Island": 0.8944636996803651, "South Carolina": 0.9742001620880195, "South Dakota": 0.8714100567323416, "Texas": 0.9386652004072678, "Utah": 0.9424755351681469, "Vermont": 0.9094150314741118, "Virginia": 0.8675248631763763, "Washington": 0.936358939392762, "West Virginia": 0.8814649538178819, "Wisconsin": 0.9675247671330057, "Wyoming": 0.6497194234512536}