{"Alabama": 0.9842941183655325, "Alaska": 0.7610254579797903, "Arizona": 0.8674017889528326, "Arkansas": 0.9719236119634522, "California": 0.9138833442548856, "Colorado": 0.8320152075840246, "Connecticut": 0.89361318685882, "Delaware": 0.759918466789297, "Florida": 0.8208130522406111, "Georgia": 0.9683057744513596, "Hawaii": 0.7280626563157274, "Idaho": 0.9253188610076328, "Illinois": 0.9583931404136482, "Indiana": 0.9695215484371399, "Iowa": 0.9575960640613574, "Kansas": 0.9733211197893249, "Kentucky": 0.9843763519845932, "Louisiana": 0.9190334122277891, "Maine": 0.8948157779167943, "Maryland": 0.8045661873154578, "Massachusetts": 0.8380834243666162, "Michigan": 0.9725682390633331, "Minnesota": 0.9597695788823364, "Mississippi": 0.9733041351686835, "Missouri": 0.96818677972252, "Montana": 0.7922730370447321, "Nebraska": 0.9505149908440449, "Nevada": 0.5938156269276229, "New Hampshire": 0.9335217889418519, "New Jersey": 0.8850857723084642, "New Mexico": 0.8234276968880299, "New York": 0.7968446951599666, "North Carolina": 0.9848538020261769, "North Dakota": 0.8245957746912076, "Ohio": 0.9779478907681017, "Oklahoma": 0.9245711862243606, "Oregon": 0.9728749996871162, "Pennsylvania": 0.9346686640459865, "Rhode Island": 0.8930363918080301, "South Carolina": 0.973791700043879, "South Dakota": 0.8760016400846463, "Texas": 0.9410109474444196, "Utah": 0.9393850149687472, "Vermont": 0.912670685210148, "Virginia": 0.8620611409037476, "Washington": 0.9418227400772281, "West Virginia": 0.8815034991030455, "Wisconsin": 0.9659569830071815, "Wyoming": 0.6414233296688192}