{"Alabama": 0.9796699981962418, "Alaska": 0.7855609959741511, "Arizona": 0.8998926062843796, "Arkansas": 0.9649316285242506, "California": 0.9128165280554558, "Colorado": 0.8556056102312829, "Connecticut": 0.8879968312698745, "Delaware": 0.7426001018614834, "Florida": 0.8750766314245748, "Georgia": 0.9530878911180466, "Hawaii": 0.7944522327788114, "Idaho": 0.9405211354743077, "Illinois": 0.9569347011740658, "Indiana": 0.9496354756608368, "Iowa": 0.9616961774976968, "Kansas": 0.9734053314824708, "Kentucky": 0.987747777833535, "Louisiana": 0.9255922229702456, "Maine": 0.8975137468613991, "Maryland": 0.8449498543441357, "Massachusetts": 0.841281497399253, "Michigan": 0.9519523375737956, "Minnesota": 0.9517824035920436, "Mississippi": 0.967408245028977, "Missouri": 0.9670883568267294, "Montana": 0.8628664389939039, "Nebraska": 0.9451470457257372, "Nevada": 0.6464140507395217, "New Hampshire": 0.9319239122237227, "New Jersey": 0.8854177200960408, "New Mexico": 0.87329632498131, "New York": 0.8135350405066597, "North Carolina": 0.9761963603838916, "North Dakota": 0.8990104759342951, "Ohio": 0.9719879091316309, "Oklahoma": 0.9387521593800046, "Oregon": 0.9654653810258125, "Pennsylvania": 0.9301311629467335, "Rhode Island": 0.89068587416898, "South Carolina": 0.9619343447312914, "South Dakota": 0.9170901265098138, "Texas": 0.9473649133419426, "Utah": 0.939949929027658, "Vermont": 0.9077848020816754, "Virginia": 0.8683346925647453, "Washington": 0.9430409728594785, "West Virginia": 0.8912393023997893, "Wisconsin": 0.9595867163970281, "Wyoming": 0.6887121211232281}