{"Alabama": 0.9831481357533938, "Alaska": 0.7773306726684246, "Arizona": 0.8747927213926061, "Arkansas": 0.9716340646124974, "California": 0.9148398169251891, "Colorado": 0.8404619139671019, "Connecticut": 0.896242621236712, "Delaware": 0.8537537378456868, "Florida": 0.8377522498366697, "Georgia": 0.9686871045801694, "Hawaii": 0.7472522158393599, "Idaho": 0.9279086688669859, "Illinois": 0.9600244415794451, "Indiana": 0.9652562543072779, "Iowa": 0.9559583586742245, "Kansas": 0.974722126171959, "Kentucky": 0.9849610550956966, "Louisiana": 0.927521787578847, "Maine": 0.9050174100856531, "Maryland": 0.8146103983075501, "Massachusetts": 0.8412675299154133, "Michigan": 0.9706470687287128, "Minnesota": 0.9586525243096308, "Mississippi": 0.9744691440197856, "Missouri": 0.9731344430550555, "Montana": 0.8131207563106452, "Nebraska": 0.9544753680534158, "Nevada": 0.6142069814470901, "New Hampshire": 0.9363442378626282, "New Jersey": 0.8888279565526908, "New Mexico": 0.8345231078136695, "New York": 0.8012986986612959, "North Carolina": 0.9847777689394503, "North Dakota": 0.8384315949821293, "Ohio": 0.9763624044176656, "Oklahoma": 0.9293288140251281, "Oregon": 0.9766728329779888, "Pennsylvania": 0.9341421294090736, "Rhode Island": 0.8899636110017446, "South Carolina": 0.9721329279031405, "South Dakota": 0.8884213535779166, "Texas": 0.9473531551422173, "Utah": 0.9353335279490149, "Vermont": 0.9145539911159827, "Virginia": 0.8619352633313446, "Washington": 0.9510492302407864, "West Virginia": 0.8858660681044767, "Wisconsin": 0.9611085671901827, "Wyoming": 0.624573588476758}