{"Alabama": 0.9798661940565283, "Alaska": 0.7915387628725115, "Arizona": 0.9045364833982729, "Arkansas": 0.9674920254608627, "California": 0.9136597811935933, "Colorado": 0.8620859891370064, "Connecticut": 0.8901566741731506, "Delaware": 0.8510111298264449, "Florida": 0.8872711976956456, "Georgia": 0.954665777054935, "Hawaii": 0.8088614567953822, "Idaho": 0.939503187209147, "Illinois": 0.9583139856939134, "Indiana": 0.947867848682571, "Iowa": 0.9595176764319171, "Kansas": 0.9749441356812419, "Kentucky": 0.9888422606972944, "Louisiana": 0.933431929820928, "Maine": 0.9063790311250053, "Maryland": 0.8526374365024265, "Massachusetts": 0.8438059184869541, "Michigan": 0.9525954149897906, "Minnesota": 0.9504328382791073, "Mississippi": 0.9702565020188404, "Missouri": 0.9717441798021631, "Montana": 0.8763377425024927, "Nebraska": 0.948777821232917, "Nevada": 0.6620492184398132, "New Hampshire": 0.9345669764479902, "New Jersey": 0.8888447332106804, "New Mexico": 0.878357668129006, "New York": 0.8174121483124283, "North Carolina": 0.9776649081850313, "North Dakota": 0.9057185212925407, "Ohio": 0.9702669484750083, "Oklahoma": 0.9390897171911563, "Oregon": 0.9692020407928336, "Pennsylvania": 0.9285598906818107, "Rhode Island": 0.8873421177031504, "South Carolina": 0.9616589742324827, "South Dakota": 0.92235105743824, "Texas": 0.9520793404124119, "Utah": 0.9342448795069075, "Vermont": 0.9093350573331835, "Virginia": 0.8688450747975056, "Washington": 0.949651708683798, "West Virginia": 0.8943242540369823, "Wisconsin": 0.9561541024372998, "Wyoming": 0.664870792883998}