{"Alabama": 0.9820003520114111, "Alaska": 0.7879467452981762, "Arizona": 0.8913367134282018, "Arkansas": 0.9702619942649182, "California": 0.9173048944410139, "Colorado": 0.8484469159297835, "Connecticut": 0.8956362174826383, "Delaware": 0.8684334070978175, "Florida": 0.857934168691774, "Georgia": 0.9699900866355757, "Hawaii": 0.7701878319369747, "Idaho": 0.9370656363215011, "Illinois": 0.9613703705268382, "Indiana": 0.9612672531253987, "Iowa": 0.9501966449915917, "Kansas": 0.9724705674148991, "Kentucky": 0.9835221357294557, "Louisiana": 0.9396205740565451, "Maine": 0.9167679893026361, "Maryland": 0.8283396977782433, "Massachusetts": 0.8426826454980463, "Michigan": 0.9684609470548218, "Minnesota": 0.9551593285341441, "Mississippi": 0.9745823520124661, "Missouri": 0.9772753967785608, "Montana": 0.8299688483695143, "Nebraska": 0.9554907076144, "Nevada": 0.6370280441542279, "New Hampshire": 0.9418260398206015, "New Jersey": 0.8885040424193658, "New Mexico": 0.8452902646583894, "New York": 0.8108099206127887, "North Carolina": 0.9847811590469012, "North Dakota": 0.8412996928792047, "Ohio": 0.9748089720215484, "Oklahoma": 0.9274811789409578, "Oregon": 0.9767573899628029, "Pennsylvania": 0.9357767711680861, "Rhode Island": 0.8903549694013061, "South Carolina": 0.97250032448282, "South Dakota": 0.8927354295668355, "Texas": 0.9516621372235393, "Utah": 0.9335622342120625, "Vermont": 0.9188595384079735, "Virginia": 0.8639786292307575, "Washington": 0.9536717574484351, "West Virginia": 0.8897914580947817, "Wisconsin": 0.9540439013353728, "Wyoming": 0.6306562039488441}