{"Alabama": 0.978895566107612, "Alaska": 0.8011851086780678, "Arizona": 0.9179167263253286, "Arkansas": 0.9681945124651459, "California": 0.9159933253641044, "Colorado": 0.8688836731199261, "Connecticut": 0.8879390901350551, "Delaware": 0.866000266557617, "Florida": 0.904083581637908, "Georgia": 0.9596788961858883, "Hawaii": 0.8278282528760726, "Idaho": 0.9466841192770997, "Illinois": 0.95944517719474, "Indiana": 0.9448426871786202, "Iowa": 0.9565004970997704, "Kansas": 0.9735506027571061, "Kentucky": 0.9881413101406222, "Louisiana": 0.9447726643986648, "Maine": 0.9175849755068181, "Maryland": 0.8653443933006079, "Massachusetts": 0.844565602481973, "Michigan": 0.9499533119863293, "Minnesota": 0.9467734940156254, "Mississippi": 0.9706123029598128, "Missouri": 0.9763760812675292, "Montana": 0.8891011425133487, "Nebraska": 0.9516701651780207, "Nevada": 0.6813105731644186, "New Hampshire": 0.93675291136279, "New Jersey": 0.8917309077949815, "New Mexico": 0.8863007090031934, "New York": 0.8279853266314297, "North Carolina": 0.9793427803378767, "North Dakota": 0.9120468113216881, "Ohio": 0.9683452703079946, "Oklahoma": 0.937251668681892, "Oregon": 0.9693627672357555, "Pennsylvania": 0.9302753195796511, "Rhode Island": 0.8876039572500551, "South Carolina": 0.9655404022527961, "South Dakota": 0.9243188953695556, "Texas": 0.9551002504384499, "Utah": 0.9304630550535374, "Vermont": 0.9115685814099783, "Virginia": 0.8719597479284529, "Washington": 0.9495566110896164, "West Virginia": 0.8985891326413319, "Wisconsin": 0.9504443197181252, "Wyoming": 0.672464624061001}