{"Alabama": 0.9792495148341989, "Alaska": 0.8194655705760545, "Arizona": 0.9153185206995887, "Arkansas": 0.9644146239684442, "California": 0.924399651620196, "Colorado": 0.8652527250789956, "Connecticut": 0.8933908543335547, "Delaware": 0.8757503041084922, "Florida": 0.8909161966804667, "Georgia": 0.9731093777367084, "Hawaii": 0.8179330571904885, "Idaho": 0.951517578744088, "Illinois": 0.9631825093069578, "Indiana": 0.9656110678158917, "Iowa": 0.9455844735936106, "Kansas": 0.9703888883881403, "Kentucky": 0.9810463997439819, "Louisiana": 0.9439435651807095, "Maine": 0.9454791050403566, "Maryland": 0.857427615280849, "Massachusetts": 0.8570796805909963, "Michigan": 0.9729768433847618, "Minnesota": 0.9518392320409582, "Mississippi": 0.9727499670349502, "Missouri": 0.9822057177887592, "Montana": 0.8616217465458501, "Nebraska": 0.9582061871827973, "Nevada": 0.6596781147006746, "New Hampshire": 0.9480478925304218, "New Jersey": 0.9042550696689574, "New Mexico": 0.8694379853615587, "New York": 0.8460543891889055, "North Carolina": 0.9858009759978482, "North Dakota": 0.8614695121276417, "Ohio": 0.9740786869812764, "Oklahoma": 0.9190852870541601, "Oregon": 0.9713141437478685, "Pennsylvania": 0.9428756370834926, "Rhode Island": 0.8979509324338798, "South Carolina": 0.971575068110787, "South Dakota": 0.8992458270832849, "Texas": 0.9519282768680708, "Utah": 0.9341293542413635, "Vermont": 0.9275877960604707, "Virginia": 0.8644365436561131, "Washington": 0.9590326292906673, "West Virginia": 0.8905532777401193, "Wisconsin": 0.9478526519933996, "Wyoming": 0.651863668169424}