{"Alabama": 0.97695114234185, "Alaska": 0.8318320150655552, "Arizona": 0.9334810551136455, "Arkansas": 0.9651690535953978, "California": 0.9229633847725321, "Colorado": 0.8807042328777531, "Connecticut": 0.8828478672647861, "Delaware": 0.8788523396401406, "Florida": 0.929873726283051, "Georgia": 0.9687194674679175, "Hawaii": 0.8661532668804198, "Idaho": 0.964498663756204, "Illinois": 0.9627089762339229, "Indiana": 0.9564883068389107, "Iowa": 0.9562675911228901, "Kansas": 0.9729504293080231, "Kentucky": 0.9865638717769472, "Louisiana": 0.948684036626307, "Maine": 0.9493427088250397, "Maryland": 0.8888920247046187, "Massachusetts": 0.8616382464020831, "Michigan": 0.9617994656881106, "Minnesota": 0.9450607373292285, "Mississippi": 0.9709930481935052, "Missouri": 0.9829136235091582, "Montana": 0.9157251679874776, "Nebraska": 0.9598282700300363, "Nevada": 0.6972260146851516, "New Hampshire": 0.9399292868818612, "New Jersey": 0.9133765141460662, "New Mexico": 0.9052203731705875, "New York": 0.8669673961464037, "North Carolina": 0.9837966282560546, "North Dakota": 0.9262518063868587, "Ohio": 0.9686756414127236, "Oklahoma": 0.9280383712731619, "Oregon": 0.9663237925521895, "Pennsylvania": 0.9399330062715955, "Rhode Island": 0.8991270324094042, "South Carolina": 0.9676894788078387, "South Dakota": 0.9318125979609836, "Texas": 0.9536641574074062, "Utah": 0.9299759208638849, "Vermont": 0.9212038482409265, "Virginia": 0.8726548696256686, "Washington": 0.9515943869468821, "West Virginia": 0.8995162960393495, "Wisconsin": 0.9485359943560999, "Wyoming": 0.6906013972888255}