{"Alabama": 0.9778133480699184, "Alaska": 0.8232750350175388, "Arizona": 0.9361600043906677, "Arkansas": 0.9641716502973706, "California": 0.9200510020215296, "Colorado": 0.8815569913884058, "Connecticut": 0.8845140837544041, "Delaware": 0.8844949212849553, "Florida": 0.9319132823462098, "Georgia": 0.969420163091242, "Hawaii": 0.865660849335321, "Idaho": 0.9651892633369276, "Illinois": 0.9642716776430387, "Indiana": 0.9511490905446082, "Iowa": 0.9531826598026697, "Kansas": 0.9704795748724644, "Kentucky": 0.9872107932516954, "Louisiana": 0.9471656806616946, "Maine": 0.9377201735745985, "Maryland": 0.8913581293056512, "Massachusetts": 0.8682462936997086, "Michigan": 0.9620477249178794, "Minnesota": 0.9452000930935276, "Mississippi": 0.9728958775939635, "Missouri": 0.9816919089060896, "Montana": 0.9121417523645452, "Nebraska": 0.9575453261431766, "Nevada": 0.6909172310436971, "New Hampshire": 0.939603792744111, "New Jersey": 0.9169450184677312, "New Mexico": 0.9032228067251864, "New York": 0.8720541554128154, "North Carolina": 0.9841282205997721, "North Dakota": 0.9055708699689818, "Ohio": 0.9676807359720513, "Oklahoma": 0.9092792762502846, "Oregon": 0.9633035862269705, "Pennsylvania": 0.9413815978748913, "Rhode Island": 0.9024166352968372, "South Carolina": 0.9675835832527392, "South Dakota": 0.9300402443035952, "Texas": 0.9510432921518704, "Utah": 0.9357559846808152, "Vermont": 0.9184777340802374, "Virginia": 0.8694995511206274, "Washington": 0.9478260464691207, "West Virginia": 0.8923309895643806, "Wisconsin": 0.9478473688964352, "Wyoming": 0.6733547731837216}