{"Alabama": 0.979549834754286, "Alaska": 0.813337782715271, "Arizona": 0.919103653285919, "Arkansas": 0.9624646976116416, "California": 0.9216330276344087, "Colorado": 0.8672064778064059, "Connecticut": 0.8940187236957243, "Delaware": 0.8793010635577416, "Florida": 0.8943730816397885, "Georgia": 0.9730304466524647, "Hawaii": 0.8198772669105635, "Idaho": 0.9516844642826621, "Illinois": 0.9647889350925037, "Indiana": 0.9588582329723607, "Iowa": 0.9393344693628585, "Kansas": 0.9662273358307997, "Kentucky": 0.9809415661188535, "Louisiana": 0.943628611880108, "Maine": 0.9356184590388044, "Maryland": 0.8618717179036581, "Massachusetts": 0.8633653252777858, "Michigan": 0.9738537215407937, "Minnesota": 0.9513518030008173, "Mississippi": 0.9738945606353497, "Missouri": 0.9805326263066124, "Montana": 0.8586481552396958, "Nebraska": 0.9531257324302125, "Nevada": 0.6556569929807531, "New Hampshire": 0.947425836806334, "New Jersey": 0.907941712728527, "New Mexico": 0.8690909431740349, "New York": 0.8509691575803731, "North Carolina": 0.9861326493074696, "North Dakota": 0.8411162383637747, "Ohio": 0.9727472848093581, "Oklahoma": 0.9009391956168071, "Oregon": 0.9677678167667294, "Pennsylvania": 0.9440474803230925, "Rhode Island": 0.9007195484423554, "South Carolina": 0.971115742515459, "South Dakota": 0.8947316894899918, "Texas": 0.9494900888672179, "Utah": 0.9398616389793812, "Vermont": 0.9254001821791304, "Virginia": 0.8616876912822896, "Washington": 0.9550696382355093, "West Virginia": 0.8841943256401218, "Wisconsin": 0.9445195529266948, "Wyoming": 0.6356218805931367}