{"Alabama": 0.9784454756118355, "Alaska": 0.8199808825855144, "Arizona": 0.9359944713460309, "Arkansas": 0.9672389157767226, "California": 0.9165003774529928, "Colorado": 0.8805924302018984, "Connecticut": 0.8799012361782966, "Delaware": 0.8777325765899548, "Florida": 0.931033949189523, "Georgia": 0.9695950959552435, "Hawaii": 0.8630499296126523, "Idaho": 0.9647700037692757, "Illinois": 0.9634557008395024, "Indiana": 0.9474940201346816, "Iowa": 0.9473668869532297, "Kansas": 0.9716036908873157, "Kentucky": 0.9875223990298585, "Louisiana": 0.9500324822812514, "Maine": 0.9370473459044462, "Maryland": 0.8903137408773197, "Massachusetts": 0.8652858640431508, "Michigan": 0.9606540467804553, "Minnesota": 0.9447191094436648, "Mississippi": 0.9746938824549443, "Missouri": 0.9797687410379867, "Montana": 0.9104104595746647, "Nebraska": 0.9544722446632682, "Nevada": 0.6912056536228278, "New Hampshire": 0.9358834133615467, "New Jersey": 0.912311313045921, "New Mexico": 0.9025249444521409, "New York": 0.8701224122844892, "North Carolina": 0.9839466490462249, "North Dakota": 0.8834963526223755, "Ohio": 0.9671702503477924, "Oklahoma": 0.9168810551380674, "Oregon": 0.961216472350368, "Pennsylvania": 0.9404765990323807, "Rhode Island": 0.9018032239239571, "South Carolina": 0.9672608044877207, "South Dakota": 0.9276946567198091, "Texas": 0.9517502578177459, "Utah": 0.930940761182523, "Vermont": 0.9181390615131021, "Virginia": 0.8705521154406084, "Washington": 0.9454100566791971, "West Virginia": 0.8888855935227449, "Wisconsin": 0.9425765319755126, "Wyoming": 0.6624154240805111}