{"Alabama": 0.9798491123466813, "Alaska": 0.8180569657629716, "Arizona": 0.9193143889088126, "Arkansas": 0.9661891609141163, "California": 0.9181889400554121, "Colorado": 0.867913709238065, "Connecticut": 0.8891148107250555, "Delaware": 0.8725024263797695, "Florida": 0.8950204045790023, "Georgia": 0.973568521556614, "Hawaii": 0.8194408193745779, "Idaho": 0.9491188892768063, "Illinois": 0.9643491422434283, "Indiana": 0.9553208770879151, "Iowa": 0.9335779587443049, "Kansas": 0.9659701553554205, "Kentucky": 0.980898566514655, "Louisiana": 0.9472726366533373, "Maine": 0.9361737908630575, "Maryland": 0.8616365706714344, "Massachusetts": 0.8607822508736029, "Michigan": 0.9734474863400464, "Minnesota": 0.9509266503356121, "Mississippi": 0.9757609664891918, "Missouri": 0.9790595744597809, "Montana": 0.8587818962266716, "Nebraska": 0.9497748732960677, "Nevada": 0.6576063013187763, "New Hampshire": 0.9442993297262947, "New Jersey": 0.9036373264599056, "New Mexico": 0.8698686888033178, "New York": 0.8496556120321045, "North Carolina": 0.9863654817927834, "North Dakota": 0.8242493030169054, "Ohio": 0.9721309347847352, "Oklahoma": 0.9111584467705044, "Oregon": 0.965654987448979, "Pennsylvania": 0.9434416343490039, "Rhode Island": 0.9006652500967081, "South Carolina": 0.9706685751710074, "South Dakota": 0.8923863141817057, "Texas": 0.9505739389093366, "Utah": 0.9356871659426917, "Vermont": 0.9246099502311278, "Virginia": 0.8628636847777945, "Washington": 0.9534652136104258, "West Virginia": 0.8814708836805637, "Wisconsin": 0.9379918705212577, "Wyoming": 0.6268433897032463}