{"Alabama": 0.9791563311996461, "Alaska": 0.800144206182819, "Arizona": 0.9211591582846315, "Arkansas": 0.9651557699264484, "California": 0.919836826582146, "Colorado": 0.8628433418510896, "Connecticut": 0.8902793329359712, "Delaware": 0.8649865695299072, "Florida": 0.8896163850735693, "Georgia": 0.972323672568018, "Hawaii": 0.8150221438257544, "Idaho": 0.9478069389306305, "Illinois": 0.9638968684634056, "Indiana": 0.9533475265410489, "Iowa": 0.9342396023980193, "Kansas": 0.9620629400014765, "Kentucky": 0.9800839779976276, "Louisiana": 0.937945701302192, "Maine": 0.9402717277894633, "Maryland": 0.8541967157136374, "Massachusetts": 0.851130504219922, "Michigan": 0.9716494535150206, "Minnesota": 0.9486895020736642, "Mississippi": 0.974867718732443, "Missouri": 0.9737191987494932, "Montana": 0.8485022444220083, "Nebraska": 0.9505618082057153, "Nevada": 0.664533011322238, "New Hampshire": 0.9406023498623198, "New Jersey": 0.9000045600488558, "New Mexico": 0.8565214687312059, "New York": 0.8458866595255407, "North Carolina": 0.9855922668967114, "North Dakota": 0.7835310907848689, "Ohio": 0.9721161118117303, "Oklahoma": 0.8738094052434009, "Oregon": 0.9652922731343441, "Pennsylvania": 0.9407737280826111, "Rhode Island": 0.9001954119666318, "South Carolina": 0.9709043081795208, "South Dakota": 0.8848798653295654, "Texas": 0.938899819274101, "Utah": 0.9334357186317594, "Vermont": 0.9217877270643722, "Virginia": 0.8594747043069529, "Washington": 0.9498202697091322, "West Virginia": 0.8671353750803624, "Wisconsin": 0.9359100873720357, "Wyoming": 0.5929137717457671}