{"Alabama": 0.9777527639192132, "Alaska": 0.799227280258892, "Arizona": 0.9378246743108666, "Arkansas": 0.9618392685752363, "California": 0.920132140413333, "Colorado": 0.8749017044575986, "Connecticut": 0.8825921737979172, "Delaware": 0.8678032146322963, "Florida": 0.9258151837698014, "Georgia": 0.9671645531983866, "Hawaii": 0.8569137187336683, "Idaho": 0.9618905941754511, "Illinois": 0.9625137723367108, "Indiana": 0.9458783902327131, "Iowa": 0.9466471417865374, "Kansas": 0.966035346760842, "Kentucky": 0.9868508795932384, "Louisiana": 0.9393498061333821, "Maine": 0.9412686706502819, "Maryland": 0.8839919692842833, "Massachusetts": 0.8563671239560121, "Michigan": 0.958853463012122, "Minnesota": 0.942298021240685, "Mississippi": 0.9733370026871803, "Missouri": 0.9740347124821256, "Montana": 0.9001580881874204, "Nebraska": 0.9526292869277683, "Nevada": 0.6979051306058249, "New Hampshire": 0.9341240374036097, "New Jersey": 0.9087568989281402, "New Mexico": 0.8900326344887265, "New York": 0.8661062861483402, "North Carolina": 0.9825521440622051, "North Dakota": 0.8367632491068518, "Ohio": 0.9672486081031497, "Oklahoma": 0.8760920157459862, "Oregon": 0.9605412993479723, "Pennsylvania": 0.9371798661055419, "Rhode Island": 0.9020996404172733, "South Carolina": 0.9669634186230985, "South Dakota": 0.9225805004368168, "Texas": 0.939103642581518, "Utah": 0.92831104523998, "Vermont": 0.9152227946543837, "Virginia": 0.867137151580042, "Washington": 0.9428369983169025, "West Virginia": 0.8748219711717546, "Wisconsin": 0.940020357739274, "Wyoming": 0.628398397563619}