{"Alabama": 0.9783253048866588, "Alaska": 0.8029179637782813, "Arizona": 0.9201230650155968, "Arkansas": 0.9653305960767955, "California": 0.9207053067885281, "Colorado": 0.8551787667419006, "Connecticut": 0.8897639263433648, "Delaware": 0.8606522534250731, "Florida": 0.8878236829085461, "Georgia": 0.972321243935173, "Hawaii": 0.8184913893752891, "Idaho": 0.9490274973059353, "Illinois": 0.9627279784204171, "Indiana": 0.951346227396765, "Iowa": 0.9277854515075908, "Kansas": 0.9591157734369422, "Kentucky": 0.9806856993013363, "Louisiana": 0.9343211561953341, "Maine": 0.9286716919240167, "Maryland": 0.8520340916285327, "Massachusetts": 0.8467942609774465, "Michigan": 0.9711507467252852, "Minnesota": 0.9447853291396453, "Mississippi": 0.9737668857326343, "Missouri": 0.9728453721105843, "Montana": 0.8405204831104067, "Nebraska": 0.9479182509441029, "Nevada": 0.6762329873359462, "New Hampshire": 0.9388271201545658, "New Jersey": 0.8977439879225673, "New Mexico": 0.8493637749281776, "New York": 0.8432721574582763, "North Carolina": 0.9860398483025661, "North Dakota": 0.7660762863951899, "Ohio": 0.971551772654866, "Oklahoma": 0.8614682510497174, "Oregon": 0.9638192839065817, "Pennsylvania": 0.9384984919118238, "Rhode Island": 0.8981829454069907, "South Carolina": 0.972291354937911, "South Dakota": 0.8789565081002261, "Texas": 0.9315173629355102, "Utah": 0.9303488648023626, "Vermont": 0.9178811056139304, "Virginia": 0.8627794404591339, "Washington": 0.9492053815834122, "West Virginia": 0.8654479116846081, "Wisconsin": 0.9354720098307159, "Wyoming": 0.6036026109709991}