{"Alabama": 0.9769601216301025, "Alaska": 0.7990877522276335, "Arizona": 0.9378319307125463, "Arkansas": 0.962183822340926, "California": 0.9221247587678207, "Colorado": 0.8673352201252219, "Connecticut": 0.8829836959078949, "Delaware": 0.8650711830542683, "Florida": 0.9242776062927102, "Georgia": 0.9679888793324207, "Hawaii": 0.8600818731709639, "Idaho": 0.9615579579052238, "Illinois": 0.9612882310397739, "Indiana": 0.9444904176160012, "Iowa": 0.9414915179898232, "Kansas": 0.9616296117852966, "Kentucky": 0.9874229561337671, "Louisiana": 0.9353417758837629, "Maine": 0.928455188769724, "Maryland": 0.8827617984488113, "Massachusetts": 0.8525555602491656, "Michigan": 0.9580218349740663, "Minnesota": 0.9379428989218711, "Mississippi": 0.9716990641924851, "Missouri": 0.9730575542084559, "Montana": 0.8912734277853074, "Nebraska": 0.9493308241755508, "Nevada": 0.7094172403911357, "New Hampshire": 0.9329348732721335, "New Jersey": 0.9070277229092717, "New Mexico": 0.883865989027404, "New York": 0.8637030499555574, "North Carolina": 0.9823308376433632, "North Dakota": 0.8186565319940206, "Ohio": 0.966751322785652, "Oklahoma": 0.8635263050563495, "Oregon": 0.9593757148946834, "Pennsylvania": 0.9348168720925042, "Rhode Island": 0.8997282467652528, "South Carolina": 0.9683447090861917, "South Dakota": 0.9150020196811157, "Texas": 0.9316642148790507, "Utah": 0.9250805377592662, "Vermont": 0.9116117987724118, "Virginia": 0.8709755209510277, "Washington": 0.94241530851674, "West Virginia": 0.8738182966954561, "Wisconsin": 0.9396234194267754, "Wyoming": 0.6376103870752673}