{"Alabama": 0.9789745243374152, "Alaska": 0.7930298676894262, "Arizona": 0.920779678030478, "Arkansas": 0.9650164189497779, "California": 0.9225839078582913, "Colorado": 0.8563279501211593, "Connecticut": 0.8867368828814501, "Delaware": 0.8577409075156676, "Florida": 0.8903362119493858, "Georgia": 0.9727894766016423, "Hawaii": 0.8225311002777129, "Idaho": 0.945815507083126, "Illinois": 0.9630017923198552, "Indiana": 0.947446058523998, "Iowa": 0.9274700757899144, "Kansas": 0.9570595402143963, "Kentucky": 0.980288584698953, "Louisiana": 0.9306888034831264, "Maine": 0.925885340715081, "Maryland": 0.8489934128048049, "Massachusetts": 0.8415335431205042, "Michigan": 0.9697028545565828, "Minnesota": 0.9411048347190957, "Mississippi": 0.9719216562748408, "Missouri": 0.9718405275394882, "Montana": 0.8382986799599922, "Nebraska": 0.9463732782042572, "Nevada": 0.6821805318651967, "New Hampshire": 0.9403729053915046, "New Jersey": 0.8983308815135769, "New Mexico": 0.8415387779922181, "New York": 0.8392603068426894, "North Carolina": 0.9863085934302837, "North Dakota": 0.7450482687180922, "Ohio": 0.9699850508761585, "Oklahoma": 0.8546459618441689, "Oregon": 0.9626065279780412, "Pennsylvania": 0.9341720486568447, "Rhode Island": 0.8969897102073493, "South Carolina": 0.9748872724778683, "South Dakota": 0.8765615609587056, "Texas": 0.9288797430280761, "Utah": 0.928788075669999, "Vermont": 0.91253543602599, "Virginia": 0.8696996508671603, "Washington": 0.9462734054496877, "West Virginia": 0.8647876193409596, "Wisconsin": 0.9325102145839003, "Wyoming": 0.5897339067337725}