{"Alabama": 0.977405490807755, "Alaska": 0.7861337466947115, "Arizona": 0.9394796696618939, "Arkansas": 0.9608332693625734, "California": 0.923899967744212, "Colorado": 0.8682548416896698, "Connecticut": 0.8816934578601635, "Delaware": 0.8604354189222263, "Florida": 0.9263500312416707, "Georgia": 0.9678190399104579, "Hawaii": 0.8624278748021932, "Idaho": 0.9587674186015508, "Illinois": 0.9615523714369477, "Indiana": 0.9414813506975712, "Iowa": 0.9376821797814211, "Kansas": 0.9596173738451306, "Kentucky": 0.9874288403930906, "Louisiana": 0.9312238907623679, "Maine": 0.9254950351154625, "Maryland": 0.8800162100962463, "Massachusetts": 0.847268953726833, "Michigan": 0.9566892164050124, "Minnesota": 0.9336945066973773, "Mississippi": 0.971456082146617, "Missouri": 0.9715042887170691, "Montana": 0.8864953555109641, "Nebraska": 0.9463364351227834, "Nevada": 0.7151614217247062, "New Hampshire": 0.9351996329582604, "New Jersey": 0.9066325502319212, "New Mexico": 0.8762765447059607, "New York": 0.8598558566286195, "North Carolina": 0.9820577135491393, "North Dakota": 0.7946919345099511, "Ohio": 0.9653153129739533, "Oklahoma": 0.8546300220979522, "Oregon": 0.9582097658054647, "Pennsylvania": 0.9297596460785519, "Rhode Island": 0.8976124824481182, "South Carolina": 0.9713873083171594, "South Dakota": 0.9106795685093865, "Texas": 0.9291865710666778, "Utah": 0.9236448106432896, "Vermont": 0.906096354591359, "Virginia": 0.8779674882306879, "Washington": 0.9404346205254398, "West Virginia": 0.8734708138384897, "Wisconsin": 0.9363635343609431, "Wyoming": 0.6216115943244572}