{"Alabama": 0.8789183744146508, "Alaska": 0.8926842707624132, "Arizona": 0.8511264985978987, "Arkansas": 0.8608557234200279, "California": 0.8495902154384003, "Colorado": 0.8291770909867696, "Connecticut": 0.8684410280793401, "Delaware": 0.8413924992851485, "Florida": 0.8336090083477815, "Georgia": 0.8686088775469311, "Hawaii": 0.7808114652896843, "Idaho": 0.9073242480532231, "Illinois": 0.8811983842619399, "Indiana": 0.833156044793537, "Iowa": 0.8922429144741524, "Kansas": 0.9318766846628195, "Kentucky": 0.9126539969875748, "Louisiana": 0.967969091126942, "Maine": 0.9602260920595475, "Maryland": 0.8501885162594381, "Massachusetts": 0.855931612709483, "Michigan": 0.8877712660424193, "Minnesota": 0.9234420126790295, "Mississippi": 0.8839893498143663, "Missouri": 0.9373838295856929, "Montana": 0.9124567039686697, "Nebraska": 0.916841940009716, "Nevada": 0.6009131685657838, "New Hampshire": 0.9172126441537347, "New Jersey": 0.8633922550394165, "New Mexico": 0.9350396749191925, "New York": 0.8598662803343329, "North Carolina": 0.8778025865596173, "North Dakota": 0.9208513850156481, "Ohio": 0.90404160501547, "Oklahoma": 0.954876827464931, "Oregon": 0.9314585668295801, "Pennsylvania": 0.9326138448205323, "Rhode Island": 0.9083631642827142, "South Carolina": 0.8567996123487174, "South Dakota": 0.9173400622836541, "Tennessee": 0.8814649538178818, "Texas": 0.9265506072654074, "Utah": 0.8778757599773974, "Vermont": 0.9388101216784507, "Virginia": 0.839182276815958, "Washington": 0.918711194655161, "Wisconsin": 0.8621198794439399, "Wyoming": 0.833242194370252}