{"Alabama": 0.8720245136313479, "Alaska": 0.9000814747934031, "Arizona": 0.8380191128780822, "Arkansas": 0.8622394172390495, "California": 0.8393605384413534, "Colorado": 0.825883206572463, "Connecticut": 0.8624422624025962, "Delaware": 0.7627179517780638, "Florida": 0.821993350970249, "Georgia": 0.8625919545408611, "Hawaii": 0.7885021301103022, "Idaho": 0.8959436905927087, "Illinois": 0.8753063972909835, "Indiana": 0.8271927077719011, "Iowa": 0.879538829891044, "Kansas": 0.9230432371661389, "Kentucky": 0.9120084256122512, "Louisiana": 0.9670521207505869, "Maine": 0.9563768559138142, "Maryland": 0.8446184818364563, "Massachusetts": 0.8478413215844841, "Michigan": 0.8872630897620795, "Minnesota": 0.9169987546320598, "Mississippi": 0.8822538974903644, "Missouri": 0.9333936525184295, "Montana": 0.9139017083157533, "Nebraska": 0.9105993359714637, "Nevada": 0.607027926398381, "New Hampshire": 0.9124288193529199, "New Jersey": 0.8603200768655934, "New Mexico": 0.9369322381587916, "New York": 0.8513842029898766, "North Carolina": 0.8794186472371713, "North Dakota": 0.9223537678403759, "Ohio": 0.8983978722725771, "Oklahoma": 0.9557436608384036, "Oregon": 0.9252702912931763, "Pennsylvania": 0.927338435537607, "Rhode Island": 0.9030669328816621, "South Carolina": 0.8556233377983868, "South Dakota": 0.9119904710328265, "Tennessee": 0.8815034991030454, "Texas": 0.9234853799779573, "Utah": 0.8659115980078917, "Vermont": 0.935733948598501, "Virginia": 0.8334623820020791, "Washington": 0.9120705604219518, "Wisconsin": 0.8541424629513787, "Wyoming": 0.830633684363563}