{"Alabama": 0.8664719111920904, "Alaska": 0.9069951345574546, "Arizona": 0.8337105198668848, "Arkansas": 0.8634532196527344, "California": 0.8306879640311818, "Colorado": 0.8247210104985067, "Connecticut": 0.8554879052154759, "Delaware": 0.8446404800327358, "Florida": 0.8276822092900185, "Georgia": 0.8583787480712878, "Hawaii": 0.7872370303109149, "Idaho": 0.8858070795222667, "Illinois": 0.8695817791100433, "Indiana": 0.8237823503373345, "Iowa": 0.873028914306305, "Kansas": 0.9171203631477601, "Kentucky": 0.9084472480908927, "Louisiana": 0.9580917381498621, "Maine": 0.9530184729784938, "Maryland": 0.8401868475054691, "Massachusetts": 0.8401305110272536, "Michigan": 0.8869184758701224, "Minnesota": 0.9102568326173379, "Mississippi": 0.8863454488615888, "Missouri": 0.9284118861053505, "Montana": 0.9169284852114824, "Nebraska": 0.9053040241142384, "Nevada": 0.6164790402334672, "New Hampshire": 0.9134310454827609, "New Jersey": 0.8554130745809203, "New Mexico": 0.9302214097634366, "New York": 0.8415855105602513, "North Carolina": 0.8828012571961784, "North Dakota": 0.9285205959293091, "Ohio": 0.8935221757743823, "Oklahoma": 0.9556623952784444, "Oregon": 0.918865424966757, "Pennsylvania": 0.9204153967025738, "Rhode Island": 0.8942220087503027, "South Carolina": 0.8546729698765169, "South Dakota": 0.9096416485054762, "Tennessee": 0.8858660681044768, "Texas": 0.9193341516900313, "Utah": 0.8544907238836243, "Vermont": 0.9322139169049214, "Virginia": 0.8271407770116471, "Washington": 0.903767812282426, "Wisconsin": 0.8472695036234268, "Wyoming": 0.8165460180915247}