{"Alabama": 0.8672440596125672, "Alaska": 0.9080146599627887, "Arizona": 0.8401340570377679, "Arkansas": 0.8751887849511503, "California": 0.8274032193079631, "Colorado": 0.8185405570231146, "Connecticut": 0.8472882286601007, "Delaware": 0.8458240981378187, "Florida": 0.8338764100123739, "Georgia": 0.8556628019091079, "Hawaii": 0.7869101548003401, "Idaho": 0.89142728471207, "Illinois": 0.8648752311299192, "Indiana": 0.8255366143331215, "Iowa": 0.8689748018788429, "Kansas": 0.9095647887123, "Kentucky": 0.9091636131266438, "Louisiana": 0.955855548973427, "Maine": 0.9523483597893284, "Maryland": 0.8368548475622627, "Massachusetts": 0.8320194364108676, "Michigan": 0.8894039205067421, "Minnesota": 0.907927547170554, "Mississippi": 0.8935511931644512, "Missouri": 0.9271900318869799, "Montana": 0.9185866522051475, "Nebraska": 0.9021156139875601, "Nevada": 0.6225870944458585, "New Hampshire": 0.9114055281610126, "New Jersey": 0.8460749448039375, "New Mexico": 0.9253839034944669, "New York": 0.8365704142015051, "North Carolina": 0.8849029038102542, "North Dakota": 0.9278269703813571, "Ohio": 0.8933254176231813, "Oklahoma": 0.9526348915301948, "Oregon": 0.9191815761599645, "Pennsylvania": 0.9175433343654853, "Rhode Island": 0.8898978380168145, "South Carolina": 0.8519435766130776, "South Dakota": 0.908210662187371, "Tennessee": 0.8897914580947817, "Texas": 0.9130443728404773, "Utah": 0.8389332735366077, "Vermont": 0.9303388359518218, "Virginia": 0.8188631965398749, "Washington": 0.8918203226038781, "Wisconsin": 0.8434039858009547, "Wyoming": 0.8043427645137439}