{"Alabama": 0.8565977317541458, "Alaska": 0.9072458585715284, "Arizona": 0.8427798726814167, "Arkansas": 0.8732780267769426, "California": 0.8119854027730959, "Colorado": 0.8120605535288142, "Connecticut": 0.8280609951629706, "Delaware": 0.8350495653579258, "Florida": 0.8410856497382806, "Georgia": 0.8428847735587985, "Hawaii": 0.7870431708450627, "Idaho": 0.8899815099935986, "Illinois": 0.850461942388147, "Indiana": 0.8213442617036293, "Iowa": 0.8477992972703203, "Kansas": 0.8984431597269312, "Kentucky": 0.9036654470035248, "Louisiana": 0.9549305954052286, "Maine": 0.9480470170802838, "Maryland": 0.8257189787866052, "Massachusetts": 0.8186145935043911, "Michigan": 0.8845950403807709, "Minnesota": 0.8913803359369559, "Mississippi": 0.8895830792893663, "Missouri": 0.9135141580434437, "Montana": 0.9178016847725672, "Nebraska": 0.8840669659703523, "Nevada": 0.6306009826889516, "New Hampshire": 0.8970703626517105, "New Jersey": 0.8291993475261186, "New Mexico": 0.9269102749827319, "New York": 0.8237317985465579, "North Carolina": 0.8756495030277868, "North Dakota": 0.9241192262056607, "Ohio": 0.884511114639346, "Oklahoma": 0.9484233177842475, "Oregon": 0.9063674384536765, "Pennsylvania": 0.9047284301222922, "Rhode Island": 0.8779166051467864, "South Carolina": 0.8424214142410303, "South Dakota": 0.8923890558831549, "Tennessee": 0.8814373416714578, "Texas": 0.9050325586850871, "Utah": 0.8299387246564925, "Vermont": 0.922716446308798, "Virginia": 0.8019027387941878, "Washington": 0.8784980247249796, "Wisconsin": 0.8262997437977203, "Wyoming": 0.7957232321146098}