{"Alabama": 0.8613125469041031, "Alaska": 0.9158380425969422, "Arizona": 0.8460689249432278, "Arkansas": 0.8872388706915253, "California": 0.8093329983643945, "Colorado": 0.8068445112067267, "Connecticut": 0.818527660951618, "Delaware": 0.8283127983618425, "Florida": 0.8436833160632268, "Georgia": 0.8451627345466656, "Hawaii": 0.8010460273634825, "Idaho": 0.8975147721585384, "Illinois": 0.8534348476556266, "Indiana": 0.8471461695424372, "Iowa": 0.8539822170469734, "Kansas": 0.9050800798817332, "Kentucky": 0.9154949170905955, "Louisiana": 0.9525444002436841, "Maine": 0.9492783429075662, "Maryland": 0.8279434691730363, "Massachusetts": 0.8186011654247257, "Michigan": 0.90374605548004, "Minnesota": 0.8926960742474715, "Mississippi": 0.8964537721563359, "Missouri": 0.9172549638219554, "Montana": 0.9231994858698986, "Nebraska": 0.8801209340782891, "Nevada": 0.6352153768525036, "New Hampshire": 0.8968841002312344, "New Jersey": 0.8283200295807082, "New Mexico": 0.9310615241623564, "New York": 0.8297813943421603, "North Carolina": 0.8836331244692807, "North Dakota": 0.9254456333504643, "Ohio": 0.8997808464662732, "Oklahoma": 0.9537720118485696, "Oregon": 0.9104477674714442, "Pennsylvania": 0.9067521161189833, "Rhode Island": 0.8787819403327818, "South Carolina": 0.8470625939771073, "South Dakota": 0.8903110272187308, "Tennessee": 0.8905532777401193, "Texas": 0.9033936478946912, "Utah": 0.8208485664847486, "Vermont": 0.9233482726630358, "Virginia": 0.7929283725881608, "Washington": 0.8804353288350635, "Wisconsin": 0.8390737849290285, "Wyoming": 0.8216228058057099}