{"Alabama": 0.856042876045473, "Alaska": 0.9188286317339807, "Arizona": 0.845826409869275, "Arkansas": 0.8842618212142667, "California": 0.8016827199109329, "Colorado": 0.8100263921745496, "Connecticut": 0.8162122203678774, "Delaware": 0.8291502923128568, "Florida": 0.8377790789283365, "Georgia": 0.8360797668819118, "Hawaii": 0.7926971383677585, "Idaho": 0.8958697447561267, "Illinois": 0.8471680877268263, "Indiana": 0.8305884162283638, "Iowa": 0.8399275142375568, "Kansas": 0.9061703651500478, "Kentucky": 0.9082946571915751, "Louisiana": 0.9546761001224017, "Maine": 0.9381240035643301, "Maryland": 0.8244695070616999, "Massachusetts": 0.8205875710376783, "Michigan": 0.8902151840343631, "Minnesota": 0.8855125403025537, "Mississippi": 0.8949459918414221, "Missouri": 0.9110095699692632, "Montana": 0.9212995473721614, "Nebraska": 0.8702807829322486, "Nevada": 0.6311495488475797, "New Hampshire": 0.8905576800997584, "New Jersey": 0.8269763353919976, "New Mexico": 0.9352827750545354, "New York": 0.8305513682765304, "North Carolina": 0.8723789475132548, "North Dakota": 0.9256254473903544, "Ohio": 0.8932738704760513, "Oklahoma": 0.9537520422671967, "Oregon": 0.9032301361514932, "Pennsylvania": 0.9044056490012422, "Rhode Island": 0.8746038951459817, "South Carolina": 0.8364658515423277, "South Dakota": 0.8832486371755754, "Tennessee": 0.8841943256401219, "Texas": 0.904683707076063, "Utah": 0.819533624713384, "Vermont": 0.914090855408389, "Virginia": 0.7844158890785675, "Washington": 0.8729182182314503, "Wisconsin": 0.8285173212644711, "Wyoming": 0.821562586499596}