{"Alabama": 0.8571335440783551, "Alaska": 0.9265638052956193, "Arizona": 0.8453886985773448, "Arkansas": 0.8861675687247812, "California": 0.7981007344281176, "Colorado": 0.8112745705341754, "Connecticut": 0.8091205561815236, "Delaware": 0.8218527711060227, "Florida": 0.8366850339640169, "Georgia": 0.8348954929753434, "Hawaii": 0.7933768482144508, "Idaho": 0.8942836036623035, "Illinois": 0.8421229433942684, "Indiana": 0.8225372529165759, "Iowa": 0.8314050074480059, "Kansas": 0.8983203098368, "Kentucky": 0.9048995720715441, "Louisiana": 0.9544693500343004, "Maine": 0.9354147056718957, "Maryland": 0.8251987139827087, "Massachusetts": 0.8174115673813133, "Michigan": 0.8771125437683142, "Minnesota": 0.8778331860360757, "Mississippi": 0.8982230114705378, "Missouri": 0.907142046243171, "Montana": 0.9189693963942176, "Nebraska": 0.8638535097442329, "Nevada": 0.6410888893735284, "New Hampshire": 0.885944742802431, "New Jersey": 0.8212296786046429, "New Mexico": 0.9418173789854754, "New York": 0.8221120352165321, "North Carolina": 0.8673113730737426, "North Dakota": 0.9253121288128702, "Ohio": 0.8880733835732934, "Oklahoma": 0.9530940379810863, "Oregon": 0.8981524254549679, "Pennsylvania": 0.9016912284958033, "Rhode Island": 0.8707589418192216, "South Carolina": 0.832842984988138, "South Dakota": 0.8760900967412677, "Tennessee": 0.8814708836805637, "Texas": 0.9009081943035174, "Utah": 0.8138440049696642, "Vermont": 0.9118337153957483, "Virginia": 0.7873135474445941, "Washington": 0.8687509839606226, "Wisconsin": 0.8176676280169991, "Wyoming": 0.8257054081821668}