{"Alabama": 0.8414557633155773, "Alaska": 0.9280921954402451, "Arizona": 0.842035778261671, "Arkansas": 0.8864882943353057, "California": 0.8123899770366735, "Colorado": 0.8116040070466666, "Connecticut": 0.806480822306715, "Delaware": 0.8128738933685647, "Florida": 0.826501259835802, "Georgia": 0.8217957456566944, "Hawaii": 0.7823425368897885, "Idaho": 0.8907293687375769, "Illinois": 0.8278661325385145, "Indiana": 0.805534959055448, "Iowa": 0.8202605980168989, "Kansas": 0.8984370002810937, "Kentucky": 0.8900740460045579, "Louisiana": 0.9523970189848113, "Maine": 0.9320089609685932, "Maryland": 0.8179690862885213, "Massachusetts": 0.8136457185476186, "Michigan": 0.8597150700262816, "Minnesota": 0.869207722610519, "Mississippi": 0.8910902727410522, "Missouri": 0.9014155746022888, "Montana": 0.9258051109610608, "Nebraska": 0.8620028108544313, "Nevada": 0.6448733005893639, "New Hampshire": 0.8780390252266981, "New Jersey": 0.8123116875811162, "New Mexico": 0.947736455842516, "New York": 0.8123612367395702, "North Carolina": 0.8562252769001101, "North Dakota": 0.9193128173262481, "Ohio": 0.8769236814067247, "Oklahoma": 0.9472963581651508, "Oregon": 0.8869746673645762, "Pennsylvania": 0.8960821961208997, "Rhode Island": 0.8656396170936006, "South Carolina": 0.8165618354861628, "South Dakota": 0.8666196326178511, "Tennessee": 0.8671353750803624, "Texas": 0.9003530317062599, "Utah": 0.8090952315582162, "Vermont": 0.9042059800952859, "Virginia": 0.7806215637963233, "Washington": 0.8713852774070656, "Wisconsin": 0.8018112536593113, "Wyoming": 0.819580778928162}