{"Alabama": 0.8400705955922908, "Alaska": 0.9317136562502113, "Arizona": 0.8416642891812129, "Arkansas": 0.8897298471228732, "California": 0.8236921887858043, "Colorado": 0.8079512435382068, "Connecticut": 0.8144191893193524, "Delaware": 0.8141960968649766, "Florida": 0.8271697311222039, "Georgia": 0.8241046062085993, "Hawaii": 0.786620675620802, "Idaho": 0.890621521035809, "Illinois": 0.829711302213715, "Indiana": 0.8036332770386375, "Iowa": 0.8196026704045835, "Kansas": 0.900503269161062, "Kentucky": 0.883706242916282, "Louisiana": 0.9506599459433682, "Maine": 0.9296148193813393, "Maryland": 0.8202040789631746, "Massachusetts": 0.8150469374814552, "Michigan": 0.8547577205943105, "Minnesota": 0.8728590332947349, "Mississippi": 0.8908599062062356, "Missouri": 0.9042408009202748, "Montana": 0.9263908016532817, "Nebraska": 0.8635977744414807, "Nevada": 0.652278556230243, "New Hampshire": 0.8786653163672301, "New Jersey": 0.8166184983818616, "New Mexico": 0.9516481240732475, "New York": 0.8173941995142157, "North Carolina": 0.8580216551312867, "North Dakota": 0.9121233412698823, "Ohio": 0.8782566993250965, "Oklahoma": 0.9429042595543263, "Oregon": 0.8888691714524566, "Pennsylvania": 0.8978106381335091, "Rhode Island": 0.8645629610705008, "South Carolina": 0.817242954932818, "South Dakota": 0.8671933679405499, "Tennessee": 0.8654479116846081, "Texas": 0.8994923935893354, "Utah": 0.8099684508434107, "Vermont": 0.905380968527033, "Virginia": 0.7890759368467246, "Washington": 0.8770952701623957, "Wisconsin": 0.804908444562641, "Wyoming": 0.8224484237944983}