{"Alabama": 0.8398740453225593, "Alaska": 0.9305771450022998, "Arizona": 0.848239508919718, "Arkansas": 0.8907871406512499, "California": 0.8308702271531014, "Colorado": 0.8150744304174766, "Connecticut": 0.8202260169709226, "Delaware": 0.816146756581764, "Florida": 0.8337944336027974, "Georgia": 0.8250249684287396, "Hawaii": 0.7889982707202491, "Idaho": 0.8946572653079642, "Illinois": 0.8338749280299208, "Indiana": 0.7958558633388458, "Iowa": 0.8212315130055139, "Kansas": 0.904206116672114, "Kentucky": 0.8770739799199322, "Louisiana": 0.9504930488749883, "Maine": 0.9306241752691448, "Maryland": 0.8228461463057791, "Massachusetts": 0.8180864136556788, "Michigan": 0.851556037639832, "Minnesota": 0.8752245283102191, "Mississippi": 0.889360793464005, "Missouri": 0.9052962956582572, "Montana": 0.9281093523212758, "Nebraska": 0.8652187113411495, "Nevada": 0.6541282996008905, "New Hampshire": 0.8787126923558355, "New Jersey": 0.8239263336702727, "New Mexico": 0.9538284922956225, "New York": 0.8224036998757325, "North Carolina": 0.8585851074897483, "North Dakota": 0.9032450100081266, "Ohio": 0.8782984608759673, "Oklahoma": 0.9403033427415395, "Oregon": 0.8914993984322345, "Pennsylvania": 0.9000438533017806, "Rhode Island": 0.864847188701367, "South Carolina": 0.8184561681708146, "South Dakota": 0.8659562410791459, "Tennessee": 0.8647876193409597, "Texas": 0.9016539470347211, "Utah": 0.810493136178545, "Vermont": 0.905663674112738, "Virginia": 0.7971605719256215, "Washington": 0.8812228905765578, "Wisconsin": 0.8044737238682045, "Wyoming": 0.8069291638071985}