{"Alabama": 0.973532543356577, "Alaska": 0.7135433747768962, "Arizona": 0.8786916380870682, "Arkansas": 0.9786801131327141, "California": 0.8901989836212404, "Colorado": 0.830087512054643, "Connecticut": 0.8824220611693768, "Delaware": 0.8279465421312926, "Florida": 0.8234667225213869, "Georgia": 0.919718494158965, "Hawaii": 0.6999240977779121, "Idaho": 0.9451296957468741, "Illinois": 0.9334477288667916, "Indiana": 0.9501883415984899, "Iowa": 0.9810579216327053, "Kansas": 0.9844970764525878, "Louisiana": 0.9148813016604967, "Maine": 0.9342920562385951, "Maryland": 0.8245066390337028, "Massachusetts": 0.8505540759554313, "Michigan": 0.9303265401654157, "Minnesota": 0.9646123998751348, "Mississippi": 0.9767285545187206, "Missouri": 0.9701314831462402, "Montana": 0.8558619095108021, "Nebraska": 0.9462128501608396, "Nevada": 0.5376517780374119, "New Hampshire": 0.9579267540247522, "New Jersey": 0.8465336087579336, "New Mexico": 0.8622624738712, "New York": 0.7936920579710516, "North Carolina": 0.9428637568397038, "North Dakota": 0.8737206941480647, "Ohio": 0.9706213092101413, "Oklahoma": 0.9455885949600872, "Oregon": 0.9624899229698597, "Pennsylvania": 0.9550169387892874, "Rhode Island": 0.8972082353010826, "South Carolina": 0.9203920333580303, "South Dakota": 0.9334801431187127, "Tennessee": 0.9858916689592715, "Texas": 0.940605850038178, "Utah": 0.9329588319064964, "Vermont": 0.9460284427084871, "Virginia": 0.8862142800357005, "Washington": 0.9538633577636677, "West Virginia": 0.9328712410665687, "Wisconsin": 0.9704939916286001, "Wyoming": 0.7405869601804393}