{"Alabama": 0.972070900003812, "Alaska": 0.7214783708767887, "Arizona": 0.8746070989420823, "Arkansas": 0.9783746996511848, "California": 0.8821407729838033, "Colorado": 0.81615259212839, "Connecticut": 0.8808203888317206, "Delaware": 0.8256564369469255, "Florida": 0.8090539016211649, "Georgia": 0.9145435320007022, "Hawaii": 0.7001085348811926, "Idaho": 0.9457506238528633, "Illinois": 0.9331224447394065, "Indiana": 0.9522199997079898, "Iowa": 0.9806813000344702, "Kansas": 0.9824427121565211, "Louisiana": 0.9125289089164237, "Maine": 0.928581139005858, "Maryland": 0.8162877386951298, "Massachusetts": 0.8452662600086628, "Michigan": 0.9339858813941753, "Minnesota": 0.963267010916838, "Mississippi": 0.9738416572076937, "Missouri": 0.969395114396502, "Montana": 0.8557461095841008, "Nebraska": 0.941489007957687, "Nevada": 0.5268505319521547, "New Hampshire": 0.9567801297772135, "New Jersey": 0.8386999791305231, "New Mexico": 0.8583357274916562, "New York": 0.7878974149051519, "North Carolina": 0.9498013780975604, "North Dakota": 0.871168340366843, "Ohio": 0.9733994255049193, "Oklahoma": 0.9451182396100546, "Oregon": 0.9641052242931156, "Pennsylvania": 0.9518693444269684, "Rhode Island": 0.8992557087461077, "South Carolina": 0.9211278310566173, "South Dakota": 0.9279099283684762, "Tennessee": 0.9841159809602968, "Texas": 0.9346268372786977, "Utah": 0.9281760122278141, "Vermont": 0.9405146698800975, "Virginia": 0.8692905098810345, "Washington": 0.9494788531340905, "West Virginia": 0.9325123109949544, "Wisconsin": 0.9729018208187579, "Wyoming": 0.7387455203774396}