{"Alabama": 0.972156464505518, "Alaska": 0.7197056130318406, "Arizona": 0.8691975278319278, "Arkansas": 0.9793850737223362, "California": 0.8830211852517149, "Colorado": 0.8054164582723075, "Connecticut": 0.8791392385404083, "Delaware": 0.8145453232427728, "Florida": 0.798983836909873, "Georgia": 0.9129789062696214, "Hawaii": 0.6954488741944213, "Idaho": 0.9446551292311989, "Illinois": 0.933534518970436, "Indiana": 0.9570065472625967, "Iowa": 0.9798476367022176, "Kansas": 0.9805576347902442, "Louisiana": 0.9029796845859976, "Maine": 0.9219124301468274, "Maryland": 0.8102482584404674, "Massachusetts": 0.8364053161232561, "Michigan": 0.9380283105114419, "Minnesota": 0.9610077258461472, "Mississippi": 0.9765024142583657, "Missouri": 0.9661412817009508, "Montana": 0.848373021213893, "Nebraska": 0.9432293598423298, "Nevada": 0.5249505149816278, "New Hampshire": 0.9561686208595591, "New Jersey": 0.839326536691321, "New Mexico": 0.8507901948698466, "New York": 0.7828176783984648, "North Carolina": 0.9565247454846371, "North Dakota": 0.8710009765776021, "Ohio": 0.9772032509097524, "Oklahoma": 0.946123002046277, "Oregon": 0.9635060614622845, "Pennsylvania": 0.9506117682567378, "Rhode Island": 0.8988725637862385, "South Carolina": 0.9289013735439108, "South Dakota": 0.9251319458636382, "Tennessee": 0.9860752775285654, "Texas": 0.9310112037304195, "Utah": 0.9244339021275125, "Vermont": 0.9351397812644916, "Virginia": 0.8554431090256317, "Washington": 0.9408875947515649, "West Virginia": 0.9275088932762545, "Wisconsin": 0.9750356102640262, "Wyoming": 0.7251844095820591}