{"Alabama": 0.9729104048794884, "Alaska": 0.706437128904937, "Arizona": 0.8730788978488088, "Arkansas": 0.9779419390657316, "California": 0.8870444983588784, "Colorado": 0.8232416981235845, "Connecticut": 0.8866587015200094, "Delaware": 0.808966087541874, "Florida": 0.8330136994487678, "Georgia": 0.9177447650384729, "Hawaii": 0.6903210435841521, "Idaho": 0.9467143050130878, "Illinois": 0.9396634503519794, "Indiana": 0.9602360622161513, "Iowa": 0.9807069081778994, "Kansas": 0.9815804465788034, "Louisiana": 0.9238906406835738, "Maine": 0.9304165526245904, "Maryland": 0.8274929473256586, "Massachusetts": 0.8464413092747574, "Michigan": 0.9458689323907183, "Minnesota": 0.9645297679525909, "Mississippi": 0.9772523999167168, "Missouri": 0.9690640209130019, "Montana": 0.8707720357758024, "Nebraska": 0.9492973778880097, "Nevada": 0.5803706843012444, "New Hampshire": 0.9494760361026214, "New Jersey": 0.8562549175980796, "New Mexico": 0.8724770517520084, "New York": 0.8122483196477985, "North Carolina": 0.960696815720247, "North Dakota": 0.9107046662718166, "Ohio": 0.9800661784921222, "Oklahoma": 0.9480789600303562, "Oregon": 0.965683535322308, "Pennsylvania": 0.9540270927257938, "Rhode Island": 0.8164758792365656, "South Carolina": 0.9375227225997113, "South Dakota": 0.9354345570618711, "Tennessee": 0.9823790288305037, "Texas": 0.935060872185983, "Utah": 0.92301281638939, "Vermont": 0.8727201979653372, "Virginia": 0.8595732311003449, "Washington": 0.9383324949367641, "West Virginia": 0.9345590869325164, "Wisconsin": 0.9786603033187317, "Wyoming": 0.5632714456881851}