{"Alabama": 0.9740919640584367, "Alaska": 0.8036008881743749, "Arizona": 0.8770351400148252, "Arkansas": 0.9792535093001253, "California": 0.885233309903619, "Colorado": 0.8299457793842802, "Connecticut": 0.8883508312604976, "Delaware": 0.8263431147307143, "Florida": 0.8326386977792276, "Georgia": 0.9218573842666583, "Hawaii": 0.709408895331034, "Idaho": 0.9470745571177388, "Illinois": 0.9433609002488444, "Indiana": 0.9589635250612918, "Iowa": 0.9809453832292971, "Kansas": 0.9829044173903566, "Louisiana": 0.9307412005546865, "Maine": 0.9355119306460188, "Maryland": 0.831612623297038, "Massachusetts": 0.8496858948842555, "Michigan": 0.9482207665772949, "Minnesota": 0.9654653380943474, "Mississippi": 0.978265034073078, "Missouri": 0.9710717761016774, "Montana": 0.8771666957441774, "Nebraska": 0.9511363332106046, "Nevada": 0.600466784756609, "New Hampshire": 0.948424807861212, "New Jersey": 0.8677708666544405, "New Mexico": 0.877962016786176, "New York": 0.8203402516874028, "North Carolina": 0.9649520756208017, "North Dakota": 0.9193868055332477, "Ohio": 0.9806738465273278, "Oklahoma": 0.9455708489648343, "Oregon": 0.9660094652343009, "Pennsylvania": 0.9534386797268267, "Rhode Island": 0.9165344074969143, "South Carolina": 0.939542928375768, "South Dakota": 0.9415178771459538, "Tennessee": 0.9866869171819839, "Texas": 0.9362465554942505, "Utah": 0.9283076414655596, "Vermont": 0.9350770626887193, "Virginia": 0.8580469778426479, "Washington": 0.937171946445414, "West Virginia": 0.9364694396277997, "Wisconsin": 0.9795218788481912, "Wyoming": 0.6811785660137037}