{"Alabama": 0.9734682916578368, "Alaska": 0.8061755407987268, "Arizona": 0.8749381160722436, "Arkansas": 0.9788570608559041, "California": 0.8824173933564794, "Colorado": 0.8277398863245072, "Connecticut": 0.8904825377024953, "Delaware": 0.8320119777020539, "Florida": 0.8360653518100792, "Georgia": 0.9204325157444374, "Hawaii": 0.7587902542394653, "Idaho": 0.9431919358421365, "Illinois": 0.941343030097572, "Indiana": 0.9586537032626835, "Iowa": 0.9808247276907175, "Kansas": 0.9830898629740794, "Louisiana": 0.9322344791381028, "Maine": 0.9295368808573033, "Maryland": 0.8255334075381948, "Massachusetts": 0.8453486405761353, "Michigan": 0.951710480220166, "Minnesota": 0.9640489115929393, "Mississippi": 0.979751345048131, "Missouri": 0.9724697866452658, "Montana": 0.8766375945493838, "Nebraska": 0.9504180981085288, "Nevada": 0.615997242444935, "New Hampshire": 0.9452270505416084, "New Jersey": 0.865415905414764, "New Mexico": 0.8777094641841997, "New York": 0.8167193338287988, "North Carolina": 0.9679704041645077, "North Dakota": 0.9245785613587131, "Ohio": 0.9810861314528093, "Oklahoma": 0.9467671036172666, "Oregon": 0.9671459676644009, "Pennsylvania": 0.9500689772025325, "Rhode Island": 0.7493685674303304, "South Carolina": 0.9417743731297833, "South Dakota": 0.9447531681556894, "Tennessee": 0.9859642619008084, "Texas": 0.935391062488816, "Utah": 0.9281173153128849, "Vermont": 0.9319210308336766, "Virginia": 0.847359853120054, "Washington": 0.933556538433236, "West Virginia": 0.9343296892980402, "Wisconsin": 0.9791992780738636, "Wyoming": 0.6739185927822195}