{"Alabama": 0.9708884832555148, "Alaska": 0.7474951559649733, "Arizona": 0.8226966756839336, "Arkansas": 0.985508379885711, "California": 0.8699013389155174, "Colorado": 0.7875519995146817, "Connecticut": 0.8702149802804121, "Delaware": 0.8149178037841162, "Florida": 0.7624029626960025, "Georgia": 0.9240763907917681, "Hawaii": 0.6790901674506279, "Idaho": 0.9391745576658631, "Illinois": 0.9242579857211198, "Indiana": 0.9653998789027451, "Iowa": 0.984773175533081, "Kansas": 0.9859672284816892, "Louisiana": 0.9034332440861698, "Maine": 0.9073846474548636, "Maryland": 0.7630794694217435, "Massachusetts": 0.8138422945500011, "Michigan": 0.9577989391502204, "Minnesota": 0.9615657177172888, "Mississippi": 0.9823585533006325, "Missouri": 0.9694140239550761, "Montana": 0.8157887132643913, "Nebraska": 0.9660196955155185, "Nevada": 0.5439564275357754, "New Hampshire": 0.9213066028887682, "New Jersey": 0.8418773739487911, "New Mexico": 0.8155250179547829, "New York": 0.7745222636158131, "North Carolina": 0.9652084988626851, "North Dakota": 0.8742708047577431, "Ohio": 0.9684145176357332, "Oklahoma": 0.9410819185540339, "Oregon": 0.9703281826013793, "Pennsylvania": 0.9323677491096544, "Rhode Island": 0.8846455131002234, "South Carolina": 0.9458277465381735, "South Dakota": 0.9221009132087832, "Tennessee": 0.9820726011377725, "Texas": 0.9164141695655682, "Utah": 0.9091639102486733, "Vermont": 0.9228308683505365, "Virginia": 0.8276234286396954, "Washington": 0.9195126234036654, "West Virginia": 0.9126539969875748, "Wisconsin": 0.9769846388849983, "Wyoming": 0.687292318609247}