{"Alabama": 0.9734012921562194, "Alaska": 0.8106081036839319, "Arizona": 0.8686633653937099, "Arkansas": 0.9788124726711045, "California": 0.8785940416026874, "Colorado": 0.8264132746495612, "Connecticut": 0.8925021438571619, "Delaware": 0.7396461021568992, "Florida": 0.8356672254996059, "Georgia": 0.9187383231592335, "Hawaii": 0.7693513478833512, "Idaho": 0.9322250134186499, "Illinois": 0.9415600528818261, "Indiana": 0.958655275986053, "Iowa": 0.9790666229548498, "Kansas": 0.984836405240041, "Louisiana": 0.9355546690417137, "Maine": 0.9250217532811468, "Maryland": 0.8246960093126829, "Massachusetts": 0.841457300586021, "Michigan": 0.9547581243534494, "Minnesota": 0.9637315992891633, "Mississippi": 0.9799773222141022, "Missouri": 0.9705009990615627, "Montana": 0.8755934866460903, "Nebraska": 0.9511831673420329, "Nevada": 0.6194382377009396, "New Hampshire": 0.9414366122103467, "New Jersey": 0.8656394232015725, "New Mexico": 0.8798213063548963, "New York": 0.8166843044254855, "North Carolina": 0.9671669445607826, "North Dakota": 0.9308309341037728, "Ohio": 0.9804433571730745, "Oklahoma": 0.9486465067383056, "Oregon": 0.9683697118227403, "Pennsylvania": 0.9465639887104285, "Rhode Island": 0.907372435177413, "South Carolina": 0.9413022678085603, "South Dakota": 0.9441671704080872, "Tennessee": 0.9877477778335347, "Texas": 0.9361597187448588, "Utah": 0.9206084378239977, "Vermont": 0.9304729104666316, "Virginia": 0.8423131033165517, "Washington": 0.9342919183161468, "West Virginia": 0.9326658692793457, "Wisconsin": 0.9767213327771637, "Wyoming": 0.7249091603813356}