{"Alabama": 0.9732434653740626, "Alaska": 0.8069253013200527, "Arizona": 0.8675512299327495, "Arkansas": 0.9789894475532499, "California": 0.8762464412379108, "Colorado": 0.8262392978947477, "Connecticut": 0.8936783950408609, "Delaware": 0.8415362447119452, "Florida": 0.8441803971245674, "Georgia": 0.9184287064824006, "Hawaii": 0.7757420855927583, "Idaho": 0.9217823791896317, "Illinois": 0.9436272730577128, "Indiana": 0.9603041220393033, "Iowa": 0.9775953397994618, "Kansas": 0.9864051134295422, "Louisiana": 0.9319271705950736, "Maine": 0.9237386969129775, "Maryland": 0.8242780480348965, "Massachusetts": 0.8410102198684165, "Michigan": 0.9580365138076662, "Minnesota": 0.9605778009575037, "Mississippi": 0.9810145540217453, "Missouri": 0.9697267534190154, "Montana": 0.8749315028258686, "Nebraska": 0.9527796295748379, "Nevada": 0.6270312313499715, "New Hampshire": 0.9412501535805682, "New Jersey": 0.867789286407063, "New Mexico": 0.8736216297894734, "New York": 0.8168847538494316, "North Carolina": 0.9649821956031238, "North Dakota": 0.9310380762846286, "Ohio": 0.9803250016053983, "Oklahoma": 0.9480074490923049, "Oregon": 0.9684580889334848, "Pennsylvania": 0.9435316662632797, "Rhode Island": 0.9006168673488069, "South Carolina": 0.9394050597712098, "South Dakota": 0.9443430144902031, "Tennessee": 0.9888422606972944, "Texas": 0.936917820600542, "Utah": 0.9105706359224975, "Vermont": 0.9253447826592923, "Virginia": 0.8372940889978404, "Washington": 0.9350192595117636, "West Virginia": 0.9291497559507773, "Wisconsin": 0.9755805793910662, "Wyoming": 0.6908832201144043}