{"Alabama": 0.971213606798981, "Alaska": 0.7643732710572272, "Arizona": 0.8175253264568866, "Arkansas": 0.9866844552140059, "California": 0.8626383677996676, "Colorado": 0.7875150628281962, "Connecticut": 0.8762471229209161, "Delaware": 0.8244325002017474, "Florida": 0.7745648905988443, "Georgia": 0.9223530363032832, "Hawaii": 0.6987599753353858, "Idaho": 0.9179428776940682, "Illinois": 0.9302597149351511, "Indiana": 0.9680239787537203, "Iowa": 0.981440040378283, "Kansas": 0.9889796755370841, "Louisiana": 0.9088180211622725, "Maine": 0.9050957840779138, "Maryland": 0.7649941288135826, "Massachusetts": 0.8136814204199243, "Michigan": 0.9611507855551243, "Minnesota": 0.9603614088814689, "Mississippi": 0.9845903714551111, "Missouri": 0.9678666382507274, "Montana": 0.8172246641556693, "Nebraska": 0.9663945311126934, "Nevada": 0.5613264127024404, "New Hampshire": 0.9217076150046631, "New Jersey": 0.8467103992894678, "New Mexico": 0.8172702810034017, "New York": 0.7763082047192343, "North Carolina": 0.9627969124865445, "North Dakota": 0.8829021745120283, "Ohio": 0.9713816649744453, "Oklahoma": 0.9436115317318702, "Oregon": 0.9720539715644376, "Pennsylvania": 0.9302243846135676, "Rhode Island": 0.8785215132883464, "South Carolina": 0.9426746324742092, "South Dakota": 0.9253254245646437, "Tennessee": 0.9849610550956968, "Texas": 0.9196119441941124, "Utah": 0.8960799804815255, "Vermont": 0.9176645292324597, "Virginia": 0.815497781895955, "Washington": 0.925793828277079, "West Virginia": 0.9084472480908928, "Wisconsin": 0.975282689559361, "Wyoming": 0.6428792264482117}