{"Alabama": 0.9728255085714719, "Alaska": 0.8138342002506056, "Arizona": 0.8764053560822342, "Arkansas": 0.9822751204558461, "California": 0.8773051035116988, "Colorado": 0.8277746369759293, "Connecticut": 0.8884689649604488, "Delaware": 0.8511352505810666, "Florida": 0.855482560907054, "Georgia": 0.920233460090458, "Hawaii": 0.7860268636291933, "Idaho": 0.927422298766098, "Illinois": 0.9438476416328593, "Indiana": 0.961937118788358, "Iowa": 0.9761191820261421, "Kansas": 0.985274641081451, "Louisiana": 0.9388781620329927, "Maine": 0.9306480675210799, "Maryland": 0.8315337951495962, "Massachusetts": 0.8391452554922407, "Michigan": 0.9580946288657323, "Minnesota": 0.9578937195042362, "Mississippi": 0.9822448879978347, "Missouri": 0.9718227324746087, "Montana": 0.8809218218582213, "Nebraska": 0.9552123231449877, "Nevada": 0.6420918781824474, "New Hampshire": 0.9436632105018523, "New Jersey": 0.8668857609563678, "New Mexico": 0.8753120081888249, "New York": 0.8210212365059483, "North Carolina": 0.9641131931147054, "North Dakota": 0.9344322052508977, "Ohio": 0.9799671333309624, "Oklahoma": 0.9437307875791816, "Oregon": 0.9689770774997538, "Pennsylvania": 0.9437355137723631, "Rhode Island": 0.8974460455550652, "South Carolina": 0.9406800789298168, "South Dakota": 0.9440086471739247, "Tennessee": 0.9881413101406225, "Texas": 0.9359426347375939, "Utah": 0.9034302855742857, "Vermont": 0.9276216392578651, "Virginia": 0.8386171231238944, "Washington": 0.9323731804453986, "West Virginia": 0.9294319590269887, "Wisconsin": 0.9738072874554836, "Wyoming": 0.6879839518121637}