{"Alabama": 0.9715387768047854, "Alaska": 0.7704818757821124, "Arizona": 0.8273976873070017, "Arkansas": 0.9897885516865662, "California": 0.8629653789697488, "Colorado": 0.7883623380256453, "Connecticut": 0.8717846828372803, "Delaware": 0.8334917913925819, "Florida": 0.7863043479966307, "Georgia": 0.9197025592737146, "Hawaii": 0.710720064569587, "Idaho": 0.9233843666431808, "Illinois": 0.9305026265535659, "Indiana": 0.9686517328055188, "Iowa": 0.979484670836688, "Kansas": 0.9879550204585339, "Louisiana": 0.9159676535384347, "Maine": 0.9125774245734901, "Maryland": 0.7707547068090195, "Massachusetts": 0.8115936651956486, "Michigan": 0.9614309126956563, "Minnesota": 0.9579126974903353, "Mississippi": 0.985139366986074, "Missouri": 0.9694699104391397, "Montana": 0.8247395970176691, "Nebraska": 0.9669922360173906, "Nevada": 0.576734288353713, "New Hampshire": 0.9263449831051439, "New Jersey": 0.8412762228671512, "New Mexico": 0.8209694454275641, "New York": 0.7779201043445882, "North Carolina": 0.9607876804916063, "North Dakota": 0.8842559879686628, "Ohio": 0.9712403821836079, "Oklahoma": 0.9402982376343504, "Oregon": 0.9715971153285965, "Pennsylvania": 0.9301665310701127, "Rhode Island": 0.8752476820949007, "South Carolina": 0.9401946634446553, "South Dakota": 0.9269037799513016, "Tennessee": 0.9835221357294558, "Texas": 0.9192378705489697, "Utah": 0.8901666476578238, "Vermont": 0.9218848563818423, "Virginia": 0.8136924849932498, "Washington": 0.9246636758624083, "West Virginia": 0.9091636131266437, "Wisconsin": 0.9737282977897891, "Wyoming": 0.6393239220600586}