{"Alabama": 0.9705296280639503, "Alaska": 0.7735314564855936, "Arizona": 0.8383033850952609, "Arkansas": 0.9901474888611893, "California": 0.8639495570875544, "Colorado": 0.7931864777561008, "Connecticut": 0.8691849788458675, "Delaware": 0.8341745019258592, "Florida": 0.8016058115636239, "Georgia": 0.9189281424184234, "Hawaii": 0.7207325504097719, "Idaho": 0.9330013400210999, "Illinois": 0.9304298241835832, "Indiana": 0.9690561080190422, "Iowa": 0.9765747177892656, "Kansas": 0.9877724140538982, "Louisiana": 0.9147970249437776, "Maine": 0.9285607058827345, "Maryland": 0.7776657340897012, "Massachusetts": 0.8134439377141085, "Michigan": 0.9597619837861391, "Minnesota": 0.9557435451967667, "Mississippi": 0.9838798429101032, "Missouri": 0.9698492661350366, "Montana": 0.8349365001470762, "Nebraska": 0.9689313101520085, "Nevada": 0.587562266630527, "New Hampshire": 0.9281292383738373, "New Jersey": 0.8424305655833195, "New Mexico": 0.8259962840040198, "New York": 0.7838542546687808, "North Carolina": 0.9610811289910017, "North Dakota": 0.8921281796140487, "Ohio": 0.9691543451553363, "Oklahoma": 0.9284613031505409, "Oregon": 0.9688042653244027, "Pennsylvania": 0.9309738049711804, "Rhode Island": 0.8727915957938719, "South Carolina": 0.9417554037776628, "South Dakota": 0.9309960077376483, "Tennessee": 0.9815802566721835, "Texas": 0.9147273524166835, "Utah": 0.8956715429935872, "Vermont": 0.9262411062813921, "Virginia": 0.811119409831115, "Washington": 0.9291888772479806, "West Virginia": 0.9036654470035247, "Wisconsin": 0.9703211262615941, "Wyoming": 0.6189232227441885}