{"Alabama": 0.9719194018554782, "Alaska": 0.8188891890491098, "Arizona": 0.8868633608426154, "Arkansas": 0.9825713900494744, "California": 0.8788637930234682, "Colorado": 0.8324206199052124, "Connecticut": 0.8843461742192558, "Delaware": 0.8555984343375097, "Florida": 0.8710846383967648, "Georgia": 0.9215283521173255, "Hawaii": 0.7965526593782595, "Idaho": 0.9382824682322558, "Illinois": 0.9439036771661531, "Indiana": 0.963179928423655, "Iowa": 0.9736081546387507, "Kansas": 0.9850067974730693, "Louisiana": 0.9390546620980559, "Maine": 0.9472966925302942, "Maryland": 0.8383462555148123, "Massachusetts": 0.8421832378910831, "Michigan": 0.9587021925663127, "Minnesota": 0.9554880441308156, "Mississippi": 0.9812048467263486, "Missouri": 0.9720501398484749, "Montana": 0.89080346054714, "Nebraska": 0.9578039481310037, "Nevada": 0.652455795269131, "New Hampshire": 0.9437966484801712, "New Jersey": 0.8708447670584267, "New Mexico": 0.8818176522000356, "New York": 0.829865465901497, "North Carolina": 0.9660800016717777, "North Dakota": 0.9411731973393814, "Ohio": 0.9775758218349898, "Oklahoma": 0.9294580070041252, "Oregon": 0.966327230841462, "Pennsylvania": 0.9451261478161417, "Rhode Island": 0.8959415076726949, "South Carolina": 0.9436630967454711, "South Dakota": 0.9472383372188189, "Tennessee": 0.9862801934292095, "Texas": 0.9316110920060598, "Utah": 0.9088883684663794, "Vermont": 0.932028113098886, "Virginia": 0.8376346148764385, "Washington": 0.9341553607163349, "West Virginia": 0.924788969692774, "Wisconsin": 0.9700306005444728, "Wyoming": 0.6683491209111023}