{"Alabama": 0.9706927589303547, "Alaska": 0.8556955271491542, "Arizona": 0.8981263179976038, "Arkansas": 0.9819458621723368, "California": 0.8865267103836383, "Colorado": 0.8480323585720949, "Connecticut": 0.8801697342133822, "Delaware": 0.8659999431353048, "Florida": 0.8869930962345164, "Georgia": 0.9311608682883997, "Hawaii": 0.8278692392602325, "Idaho": 0.9537212141199723, "Illinois": 0.945388160647321, "Indiana": 0.9697464299666652, "Iowa": 0.9718135856558614, "Kansas": 0.985868492963606, "Louisiana": 0.9515887006545848, "Maine": 0.9599434604543945, "Maryland": 0.8603287342263044, "Massachusetts": 0.8533926608331739, "Michigan": 0.9623511233304212, "Minnesota": 0.9542730808460064, "Mississippi": 0.9826464700601504, "Missouri": 0.9766773833801679, "Montana": 0.9170427344550959, "Nebraska": 0.9631317084950047, "Nevada": 0.6718580319290111, "New Hampshire": 0.9469978586001502, "New Jersey": 0.8880769703035235, "New Mexico": 0.9039476896626352, "New York": 0.8530919809691621, "North Carolina": 0.970324392413335, "North Dakota": 0.9506692396988716, "Ohio": 0.9766063196512675, "Oklahoma": 0.9423816006648894, "Oregon": 0.9662951936120269, "Pennsylvania": 0.9502167994610926, "Rhode Island": 0.9013294998419924, "South Carolina": 0.9475224838958095, "South Dakota": 0.950047973359241, "Tennessee": 0.9865638717769472, "Texas": 0.9415154572614757, "Utah": 0.9114205145591668, "Vermont": 0.9383749719462412, "Virginia": 0.8451093032300725, "Washington": 0.9417598531141629, "West Virginia": 0.9356366239225218, "Wisconsin": 0.9694484923898183, "Wyoming": 0.7281011060243483}