{"Alabama": 0.9691153475844085, "Alaska": 0.8116732657782699, "Arizona": 0.8562623660797651, "Arkansas": 0.988553079220868, "California": 0.871126253194021, "Colorado": 0.8114592769723986, "Connecticut": 0.8676400247513314, "Delaware": 0.841288812259852, "Florida": 0.8222863328444933, "Georgia": 0.9213098868961098, "Hawaii": 0.7589479484990878, "Idaho": 0.9485483537694769, "Illinois": 0.9299965611820343, "Indiana": 0.9719805594235469, "Iowa": 0.9742341970153041, "Kansas": 0.9878837171044201, "Louisiana": 0.927597413263946, "Maine": 0.9401204089385541, "Maryland": 0.8030050184468186, "Massachusetts": 0.8232768743392788, "Michigan": 0.9594072782912374, "Minnesota": 0.9551360573177656, "Mississippi": 0.9852611180816032, "Missouri": 0.9733389199545959, "Montana": 0.8666798177271612, "Nebraska": 0.9717309746272745, "Nevada": 0.6102877094575633, "New Hampshire": 0.933542492551064, "New Jersey": 0.8543017670204749, "New Mexico": 0.8540350364323883, "New York": 0.805761646143673, "North Carolina": 0.9614952547025482, "North Dakota": 0.9060571337129748, "Ohio": 0.9678408323114737, "Oklahoma": 0.9393057023045325, "Oregon": 0.9691899735814262, "Pennsylvania": 0.9346525916852688, "Rhode Island": 0.8759485039214259, "South Carolina": 0.9430422144435852, "South Dakota": 0.9336015348792173, "Tennessee": 0.9810463997439819, "Texas": 0.9250907461027529, "Utah": 0.8984162283161506, "Vermont": 0.9335862528049829, "Virginia": 0.8180609362942372, "Washington": 0.9393785219149581, "West Virginia": 0.9154949170905955, "Wisconsin": 0.9679634204244513, "Wyoming": 0.6825329800162728}