{"Alabama": 0.9715620588565655, "Alaska": 0.8483004923525307, "Arizona": 0.9041605364666065, "Arkansas": 0.9820328012165552, "California": 0.8849759399595972, "Colorado": 0.8494760564408145, "Connecticut": 0.880183022506037, "Delaware": 0.8693406501654793, "Florida": 0.8899734877076013, "Georgia": 0.9332611914261523, "Hawaii": 0.8286918214957784, "Idaho": 0.9563965284090407, "Illinois": 0.9466898631115289, "Indiana": 0.9661314208745774, "Iowa": 0.9684866870545495, "Kansas": 0.9856753395009983, "Louisiana": 0.9496825818068132, "Maine": 0.9498959180568995, "Maryland": 0.8618681879902729, "Massachusetts": 0.8588547885397209, "Michigan": 0.9633901974605102, "Minnesota": 0.9530760604948927, "Mississippi": 0.9838406166953308, "Missouri": 0.974896625277037, "Montana": 0.9122809475456533, "Nebraska": 0.9606127762490186, "Nevada": 0.6689201781737931, "New Hampshire": 0.9455218028774357, "New Jersey": 0.8923842600976711, "New Mexico": 0.9035053860041148, "New York": 0.8562922868780632, "North Carolina": 0.9690091759903806, "North Dakota": 0.9340560902753949, "Ohio": 0.9765728254180325, "Oklahoma": 0.9267603290064507, "Oregon": 0.9644852880748934, "Pennsylvania": 0.9501625407770456, "Rhode Island": 0.9021150863524352, "South Carolina": 0.9471567833356911, "South Dakota": 0.9463735362826842, "Tennessee": 0.9872107932516955, "Texas": 0.9400698876035288, "Utah": 0.9155939711819121, "Vermont": 0.9338257797872728, "Virginia": 0.8416891295640724, "Washington": 0.9387709924858719, "West Virginia": 0.9287555393272663, "Wisconsin": 0.9686594611216378, "Wyoming": 0.7092812943127474}