{"Alabama": 0.9691794592969767, "Alaska": 0.8053099974787692, "Arizona": 0.8620243183507934, "Arkansas": 0.9887631418590024, "California": 0.869080976122242, "Colorado": 0.8128608111083956, "Connecticut": 0.8665906876928137, "Delaware": 0.8411346978802351, "Florida": 0.824732938985626, "Georgia": 0.9208679860158987, "Hawaii": 0.7601058799176618, "Idaho": 0.9509919927284474, "Illinois": 0.9312309093115299, "Indiana": 0.9694613607422132, "Iowa": 0.9703606064659891, "Kansas": 0.9875567769716012, "Louisiana": 0.9255916586585728, "Maine": 0.930031102861479, "Maryland": 0.8049266816972864, "Massachusetts": 0.8277753674825965, "Michigan": 0.961579341187909, "Minnesota": 0.9538104054524704, "Mississippi": 0.9859585102867376, "Missouri": 0.9708316954679449, "Montana": 0.8613146622441932, "Nebraska": 0.9688078097514116, "Nevada": 0.6083088786417646, "New Hampshire": 0.9316116392713164, "New Jersey": 0.8572938740254983, "New Mexico": 0.8541448559817977, "New York": 0.8072976022687214, "North Carolina": 0.9601724502652766, "North Dakota": 0.8890358743775727, "Ohio": 0.9680235073744222, "Oklahoma": 0.9231436732269901, "Oregon": 0.9671313270431827, "Pennsylvania": 0.9341911658223914, "Rhode Island": 0.8760739670596454, "South Carolina": 0.9416161645683339, "South Dakota": 0.928684497131982, "Tennessee": 0.9809415661188536, "Texas": 0.9225081795009076, "Utah": 0.9030100238061114, "Vermont": 0.9300309404255654, "Virginia": 0.8143979888190499, "Washington": 0.9364864507306035, "West Virginia": 0.9082946571915751, "Wisconsin": 0.9664376142333068, "Wyoming": 0.6650750796799438}