{"Alabama": 0.9702222233437657, "Alaska": 0.8115526154447851, "Arizona": 0.8647046225553758, "Arkansas": 0.990652276786553, "California": 0.8661065540669155, "Colorado": 0.8153720399759873, "Connecticut": 0.8635024404519372, "Delaware": 0.8350260642022189, "Florida": 0.8272569153293375, "Georgia": 0.9223612899162572, "Hawaii": 0.7605493789847931, "Idaho": 0.9537677228635668, "Illinois": 0.9319944582060242, "Indiana": 0.9674340322970386, "Iowa": 0.9678994189019414, "Kansas": 0.9871358554859312, "Louisiana": 0.928358248262571, "Maine": 0.9307615790774437, "Maryland": 0.8046131528147455, "Massachusetts": 0.8249537146292028, "Michigan": 0.9630638470239576, "Minnesota": 0.9534515077358893, "Mississippi": 0.986163924038495, "Missouri": 0.9699526575572932, "Montana": 0.8616773075637649, "Nebraska": 0.9681110377455096, "Nevada": 0.6103828184299698, "New Hampshire": 0.9303966182790603, "New Jersey": 0.8530317383441942, "New Mexico": 0.8569502347181006, "New York": 0.8047355743560355, "North Carolina": 0.9597446222015166, "North Dakota": 0.8764952441420034, "Ohio": 0.9687635937885605, "Oklahoma": 0.9315549058857157, "Oregon": 0.9669177757450155, "Pennsylvania": 0.9336931484859128, "Rhode Island": 0.875593413585212, "South Carolina": 0.9430244955847145, "South Dakota": 0.9300586371035369, "Tennessee": 0.980898566514655, "Texas": 0.9230051344169692, "Utah": 0.9014317599156163, "Vermont": 0.9299401929544803, "Virginia": 0.8145278199845172, "Washington": 0.9379272442465973, "West Virginia": 0.9048995720715441, "Wisconsin": 0.9626694111606254, "Wyoming": 0.6588217203579954}