{"Alabama": 0.9728072033835423, "Alaska": 0.8460528561579622, "Arizona": 0.906823049249892, "Arkansas": 0.9838738651303116, "California": 0.8825003029868169, "Colorado": 0.8508156499631203, "Connecticut": 0.8771460337264401, "Delaware": 0.8639561344011765, "Florida": 0.8917829068211444, "Georgia": 0.934756585111974, "Hawaii": 0.827066781536451, "Idaho": 0.9594804611715104, "Illinois": 0.9470672086208382, "Indiana": 0.9634907295482886, "Iowa": 0.9658014406002596, "Kansas": 0.9852139117059843, "Louisiana": 0.9519949125581295, "Maine": 0.9490288333549011, "Maryland": 0.8615623307024953, "Massachusetts": 0.8558352213085382, "Michigan": 0.9616640556093905, "Minnesota": 0.9529674516518697, "Mississippi": 0.9846483690822918, "Missouri": 0.9739457662217967, "Montana": 0.910679053358238, "Nebraska": 0.9593675190004036, "Nevada": 0.6698966747491628, "New Hampshire": 0.9432181354485853, "New Jersey": 0.8886204643090394, "New Mexico": 0.9039388156007722, "New York": 0.8537400217129625, "North Carolina": 0.9677499729136976, "North Dakota": 0.917478406462301, "Ohio": 0.9767244235778297, "Oklahoma": 0.9333143586280176, "Oregon": 0.9638321843280048, "Pennsylvania": 0.9494049086727008, "Rhode Island": 0.9011311575081614, "South Carolina": 0.9482605717365027, "South Dakota": 0.946470378202792, "Tennessee": 0.9875223990298585, "Texas": 0.9406547026239963, "Utah": 0.913439261927491, "Vermont": 0.9330800862902868, "Virginia": 0.8426468891290451, "Washington": 0.9391681392295383, "West Virginia": 0.9250802616954862, "Wisconsin": 0.9651311325776019, "Wyoming": 0.699747799567735}