{"Alabama": 0.9687987274772841, "Alaska": 0.7917750046209264, "Arizona": 0.8646782492445837, "Arkansas": 0.9901547818334736, "California": 0.8679306641580506, "Colorado": 0.8071061221997787, "Connecticut": 0.8657024250397642, "Delaware": 0.8287078257634379, "Florida": 0.81818989362936, "Georgia": 0.9180401356404143, "Hawaii": 0.749585518538238, "Idaho": 0.9530771572234307, "Illinois": 0.9302434758330004, "Indiana": 0.9695243901461551, "Iowa": 0.9707095568064267, "Kansas": 0.9857727439963216, "Louisiana": 0.9170449982387421, "Maine": 0.9331050333769576, "Maryland": 0.7920126191560068, "Massachusetts": 0.8156839743850592, "Michigan": 0.9627353907022692, "Minnesota": 0.9530396269670873, "Mississippi": 0.9852402536336322, "Missouri": 0.9655660090186231, "Montana": 0.8514071244824696, "Nebraska": 0.9672273287388383, "Nevada": 0.6115184967364977, "New Hampshire": 0.9256388497079396, "New Jersey": 0.8446090700678116, "New Mexico": 0.8440595233769147, "New York": 0.7984979228737915, "North Carolina": 0.9573607875047435, "North Dakota": 0.8381006771962974, "Ohio": 0.9713425492459167, "Oklahoma": 0.9001339180632026, "Oregon": 0.9639010884567383, "Pennsylvania": 0.9317305233215321, "Rhode Island": 0.8745819363394844, "South Carolina": 0.9409491785124678, "South Dakota": 0.9268337956226929, "Tennessee": 0.9800839779976276, "Texas": 0.9112655717909358, "Utah": 0.8984836058121801, "Vermont": 0.928001435740969, "Virginia": 0.8054902581906408, "Washington": 0.9386830385051235, "West Virginia": 0.8900740460045579, "Wisconsin": 0.9640919840131794, "Wyoming": 0.6227789987516036}