{"Alabama": 0.9713116921320825, "Alaska": 0.8235614058556056, "Arizona": 0.9070840300045259, "Arkansas": 0.9809100827936097, "California": 0.8873130283126526, "Colorado": 0.842431608703631, "Connecticut": 0.881680280878943, "Delaware": 0.8543872415121064, "Florida": 0.8834529126465219, "Georgia": 0.9284699747438007, "Hawaii": 0.815297347445911, "Idaho": 0.957353841777874, "Illinois": 0.9445481836498069, "Indiana": 0.9655800504299308, "Iowa": 0.9680721193946631, "Kansas": 0.9833386136245993, "Louisiana": 0.9400992588446336, "Maine": 0.9503365921955885, "Maryland": 0.8504281934806274, "Massachusetts": 0.8475695176885428, "Michigan": 0.961650256904121, "Minnesota": 0.9525242218970873, "Mississippi": 0.9842188060315654, "Missouri": 0.9698575598780341, "Montana": 0.9011535422306793, "Nebraska": 0.9572003029057284, "Nevada": 0.6712369135408944, "New Hampshire": 0.9406420935687133, "New Jersey": 0.8802498285570892, "New Mexico": 0.8919372189806459, "New York": 0.8479194450160235, "North Carolina": 0.9647635390027433, "North Dakota": 0.8757202777054746, "Ohio": 0.978577905669823, "Oklahoma": 0.899512650435277, "Oregon": 0.9625178911731347, "Pennsylvania": 0.9466463402037245, "Rhode Island": 0.9017284587909308, "South Carolina": 0.9447778066825768, "South Dakota": 0.9448580568921479, "Tennessee": 0.9868508795932384, "Texas": 0.928605931613972, "Utah": 0.9100925859594852, "Vermont": 0.9304920847188952, "Virginia": 0.833521993288802, "Washington": 0.9398232200600593, "West Virginia": 0.911593851661969, "Wisconsin": 0.9666749964009447, "Wyoming": 0.6632541671433592}