{"Alabama": 0.9751649582542578, "Alaska": 0.8166307542287746, "Arizona": 0.9071493927780371, "Arkansas": 0.9800803001771079, "California": 0.8908934759590617, "Colorado": 0.8358259560425413, "Connecticut": 0.8851922678602658, "Delaware": 0.8536636486529549, "Florida": 0.882025896143637, "Georgia": 0.9305472233365769, "Hawaii": 0.816840913817622, "Idaho": 0.9579665134419789, "Illinois": 0.9442661070058099, "Indiana": 0.9678153408287002, "Iowa": 0.9677118126088143, "Kansas": 0.9797505813046196, "Louisiana": 0.9344898288690943, "Maine": 0.9394162228192455, "Maryland": 0.8478709928508188, "Massachusetts": 0.8426989910265882, "Michigan": 0.9630387978300222, "Minnesota": 0.95021615832917, "Mississippi": 0.9828987460363376, "Missouri": 0.9702082645190352, "Montana": 0.8929701270592358, "Nebraska": 0.9553420770388553, "Nevada": 0.681238516452991, "New Hampshire": 0.9402178403729579, "New Jersey": 0.8787311966607517, "New Mexico": 0.8839459653256265, "New York": 0.8453495380832031, "North Carolina": 0.9662265871071138, "North Dakota": 0.8549353912870689, "Ohio": 0.9794130451946391, "Oklahoma": 0.8867704775183647, "Oregon": 0.9624636295738802, "Pennsylvania": 0.9432327515345, "Rhode Island": 0.897768404200703, "South Carolina": 0.9495651522330913, "South Dakota": 0.940117542101858, "Tennessee": 0.9874229561337671, "Texas": 0.9226108815165638, "Utah": 0.908996887313322, "Vermont": 0.926857798184745, "Virginia": 0.8384994711474302, "Washington": 0.9413745004571442, "West Virginia": 0.9059947326157565, "Wisconsin": 0.9694981818964811, "Wyoming": 0.6653551685848587}