{"Alabama": 0.9730528178472809, "Alaska": 0.7888867501971266, "Arizona": 0.8635357161855556, "Arkansas": 0.9907097418973502, "California": 0.870152390031745, "Colorado": 0.8003767222691779, "Connecticut": 0.8682900995072576, "Delaware": 0.8257746246302402, "Florida": 0.8158597867276497, "Georgia": 0.9190777004752976, "Hawaii": 0.7509914325916686, "Idaho": 0.9544378014348538, "Illinois": 0.9298882275136535, "Indiana": 0.9712782061716607, "Iowa": 0.9698094087431417, "Kansas": 0.9828319301593965, "Louisiana": 0.9117026014490626, "Maine": 0.9228050914025365, "Maryland": 0.78810281497452, "Massachusetts": 0.8104643096600044, "Michigan": 0.9651924578978403, "Minnesota": 0.9507472949581663, "Mississippi": 0.9834314008018257, "Missouri": 0.9659719712932467, "Montana": 0.8435436773611676, "Nebraska": 0.9659999082057946, "Nevada": 0.6215857278667752, "New Hampshire": 0.9249125090389871, "New Jersey": 0.8424179578532871, "New Mexico": 0.8350059556025093, "New York": 0.7957669597860532, "North Carolina": 0.9599427603858107, "North Dakota": 0.8163290100265357, "Ohio": 0.9720432692593257, "Oklahoma": 0.8875540944301884, "Oregon": 0.9635870137310426, "Pennsylvania": 0.9285652374078932, "Rhode Island": 0.8717451942264312, "South Carolina": 0.9458702823083245, "South Dakota": 0.9221709675600273, "Tennessee": 0.9806856993013364, "Texas": 0.9051104737601469, "Utah": 0.8979268213944002, "Vermont": 0.9251118647946232, "Virginia": 0.8100181660745157, "Washington": 0.9389937160096196, "West Virginia": 0.883706242916282, "Wisconsin": 0.967963829411643, "Wyoming": 0.6258656112920994}