{"Alabama": 0.9769882692072307, "Alaska": 0.8007510279896801, "Arizona": 0.9075789719315596, "Arkansas": 0.9774757260279565, "California": 0.8893794568741273, "Colorado": 0.83537802184136, "Connecticut": 0.8807238406354901, "Delaware": 0.8459647216028218, "Florida": 0.8811392032077605, "Georgia": 0.9293530401650625, "Hawaii": 0.8148880364868907, "Idaho": 0.9550634309023799, "Illinois": 0.9423035968373911, "Indiana": 0.9677181586577362, "Iowa": 0.9654993793442064, "Kansas": 0.9762841381912811, "Louisiana": 0.9300000865470617, "Maine": 0.9334251507734749, "Maryland": 0.8418128110649711, "Massachusetts": 0.8333901781997817, "Michigan": 0.9623547336540522, "Minnesota": 0.9444897223550726, "Mississippi": 0.9842238497339786, "Missouri": 0.9668110422949078, "Montana": 0.8867117331327412, "Nebraska": 0.9520681816050569, "Nevada": 0.6823829627645639, "New Hampshire": 0.9399753193203446, "New Jersey": 0.8747784274560079, "New Mexico": 0.8728884534889768, "New York": 0.8371202692026981, "North Carolina": 0.9647056870191262, "North Dakota": 0.8321346016737698, "Ohio": 0.9772979818060322, "Oklahoma": 0.8779456590780975, "Oregon": 0.959604984579789, "Pennsylvania": 0.9362104265409226, "Rhode Island": 0.8911179388400462, "South Carolina": 0.9527592012133063, "South Dakota": 0.9352277301348956, "Tennessee": 0.9874288403930908, "Texas": 0.9198629941247886, "Utah": 0.9075300554680672, "Vermont": 0.9189510530941691, "Virginia": 0.8430294606317633, "Washington": 0.9380026794934386, "West Virginia": 0.9001578295573929, "Wisconsin": 0.9673054499698869, "Wyoming": 0.648461943521455}