{"Alabama": 0.9740934326289064, "Alaska": 0.7763849881232672, "Arizona": 0.8612469182151937, "Arkansas": 0.9896864300070887, "California": 0.8686992664175014, "Colorado": 0.7987393555933909, "Connecticut": 0.8609342279485706, "Delaware": 0.8198084541609033, "Florida": 0.8142304129537759, "Georgia": 0.9185666431333761, "Hawaii": 0.7507280751890948, "Idaho": 0.9509795517688572, "Illinois": 0.9275814620308006, "Indiana": 0.9703441402294105, "Iowa": 0.9695382599892781, "Kansas": 0.9802920449074501, "Louisiana": 0.9071105841094111, "Maine": 0.9165519011538117, "Maryland": 0.7806298723347718, "Massachusetts": 0.8007414837379799, "Michigan": 0.9645124239118306, "Minnesota": 0.9453363472046176, "Mississippi": 0.9853780491157276, "Missouri": 0.962271881482404, "Montana": 0.8379731445974137, "Nebraska": 0.9639778809413759, "Nevada": 0.6219813677789958, "New Hampshire": 0.923471421197541, "New Jersey": 0.8392633155058092, "New Mexico": 0.8214109481430167, "New York": 0.786457137618006, "North Carolina": 0.9593776180919045, "North Dakota": 0.794579658302046, "Ohio": 0.9694666386013311, "Oklahoma": 0.8792287949809537, "Oregon": 0.9597798395748405, "Pennsylvania": 0.9221262445911403, "Rhode Island": 0.8660190178633163, "South Carolina": 0.9481012330030286, "South Dakota": 0.9184996396784865, "Tennessee": 0.980288584698953, "Texas": 0.9007755994025914, "Utah": 0.8955815919753615, "Vermont": 0.9172158737285816, "Virginia": 0.8140974373977353, "Washington": 0.9335483374281243, "West Virginia": 0.8770739799199322, "Wisconsin": 0.9666717841228251, "Wyoming": 0.6103687798119048}