{"Alabama": 0.8102306804056585, "Alaska": 0.7839767740362018, "Arizona": 0.9105289453690496, "Arkansas": 0.7432552099779606, "California": 0.9335984645248943, "Colorado": 0.948745705737832, "Connecticut": 0.8696168291933625, "Delaware": 0.9204790338512379, "Florida": 0.9428949166500705, "Georgia": 0.8821219556401853, "Hawaii": 0.8273442505375782, "Idaho": 0.9006380104457925, "Illinois": 0.8929530688045759, "Indiana": 0.6931312313739229, "Iowa": 0.8350182209984582, "Kansas": 0.8748147444455, "Kentucky": 0.8245066390337028, "Louisiana": 0.9231899575521076, "Maine": 0.8914650339999176, "Massachusetts": 0.9155550118997773, "Michigan": 0.7721248429877998, "Minnesota": 0.8825564079353373, "Mississippi": 0.7255358310214927, "Missouri": 0.9032108103462562, "Montana": 0.9116601891219974, "Nebraska": 0.9028394266039768, "Nevada": 0.5847994113826785, "New Hampshire": 0.8444453749382209, "New Jersey": 0.9430970257475106, "New Mexico": 0.9490712247223901, "New York": 0.9323118631099946, "North Carolina": 0.7638108425154957, "North Dakota": 0.895049314111525, "Ohio": 0.8092788109997718, "Oklahoma": 0.9099783219378897, "Oregon": 0.8848456677294358, "Pennsylvania": 0.8941437452491354, "Rhode Island": 0.8542314076797467, "South Carolina": 0.7729334286512616, "South Dakota": 0.8717875341991124, "Tennessee": 0.819204583443672, "Texas": 0.9318996818080968, "Utah": 0.8998364493509005, "Vermont": 0.8669551221081907, "Virginia": 0.9616597022596044, "Washington": 0.9052220016002005, "West Virginia": 0.8785039904556697, "Wisconsin": 0.7425102046060327, "Wyoming": 0.7693740869374436}