{"Alabama": 0.8137629019090475, "Alaska": 0.8079451925342768, "Arizona": 0.9094646694930311, "Arkansas": 0.7404525871067387, "California": 0.9411678489736458, "Colorado": 0.9452796807439618, "Connecticut": 0.8797716609824684, "Delaware": 0.9152624885347711, "Florida": 0.9299026743835292, "Georgia": 0.8889357188105859, "Hawaii": 0.8247817457046457, "Idaho": 0.90025746260033, "Illinois": 0.9006905877112553, "Indiana": 0.681984419254583, "Iowa": 0.8237173769313075, "Kansas": 0.8744038700344908, "Kentucky": 0.8162877386951298, "Louisiana": 0.9277266951591925, "Maine": 0.890690407743593, "Massachusetts": 0.9228905488342255, "Michigan": 0.7656535410116813, "Minnesota": 0.8832525903181258, "Mississippi": 0.7136664311658159, "Missouri": 0.8982297840935137, "Montana": 0.9139064816745588, "Nebraska": 0.89960800575256, "Nevada": 0.5659028327703712, "New Hampshire": 0.8471200179919443, "New Jersey": 0.9456534797790823, "New Mexico": 0.9507904400346505, "New York": 0.9355386612128864, "North Carolina": 0.7785906478685108, "North Dakota": 0.8913816019823101, "Ohio": 0.8088343750176396, "Oklahoma": 0.9086671968754121, "Oregon": 0.8861627914735221, "Pennsylvania": 0.896256909786102, "Rhode Island": 0.8598792019572914, "South Carolina": 0.778359231522698, "South Dakota": 0.8641258689911582, "Tennessee": 0.8129828211028033, "Texas": 0.931688858938612, "Utah": 0.9007656582775567, "Vermont": 0.8634538221160559, "Virginia": 0.9631122075398514, "Washington": 0.9156943003658564, "West Virginia": 0.876241150647126, "Wisconsin": 0.7389868154072154, "Wyoming": 0.7728098086388506}