{"Alabama": 0.8202950311888386, "Alaska": 0.8130045045158656, "Arizona": 0.9030124200434708, "Arkansas": 0.7414418894697343, "California": 0.9386038088166343, "Colorado": 0.9418175390542111, "Connecticut": 0.8858253492855174, "Delaware": 0.9147115253509446, "Florida": 0.9189652162506038, "Georgia": 0.8948122972553675, "Hawaii": 0.8183602735527092, "Idaho": 0.9070972732997599, "Illinois": 0.9060743857099355, "Indiana": 0.6811637506075119, "Iowa": 0.8172656626534163, "Kansas": 0.8738372236084189, "Kentucky": 0.8102482584404674, "Louisiana": 0.9266675122018639, "Maine": 0.8967410722714787, "Massachusetts": 0.9259332168395663, "Michigan": 0.7727561431841085, "Minnesota": 0.8839259070189353, "Mississippi": 0.7266837257421539, "Missouri": 0.9002241310695333, "Montana": 0.9154038860931888, "Nebraska": 0.8961480382880108, "Nevada": 0.572082138122206, "New Hampshire": 0.8455820276747302, "New Jersey": 0.9465062476762708, "New Mexico": 0.950170913491284, "New York": 0.9369386900614907, "North Carolina": 0.7912473463367897, "North Dakota": 0.8854379205965838, "Ohio": 0.807538214255114, "Oklahoma": 0.9041689981265764, "Oregon": 0.8840873546685579, "Pennsylvania": 0.8940381789570269, "Rhode Island": 0.862401138447911, "South Carolina": 0.7800682321071126, "South Dakota": 0.8584011423241248, "Tennessee": 0.8144129990283402, "Texas": 0.9310310039840204, "Utah": 0.905419239313316, "Vermont": 0.8599840038571384, "Virginia": 0.9639958998732049, "Washington": 0.9265972627710679, "West Virginia": 0.8745317771915165, "Wisconsin": 0.739925378173075, "Wyoming": 0.7671750652809189}