{"Alabama": 0.7538365848929489, "Alaska": 0.8309923968312489, "Arizona": 0.9102473001082497, "Arkansas": 0.7460808467013939, "California": 0.9444191969783305, "Colorado": 0.948294225241283, "Connecticut": 0.8853908325957577, "Delaware": 0.8945059490668295, "Florida": 0.9385025785045131, "Georgia": 0.9008803546075504, "Hawaii": 0.8149281520317269, "Idaho": 0.9199124638153219, "Illinois": 0.9143528965851911, "Indiana": 0.7051454456711322, "Iowa": 0.8182251778429916, "Kansas": 0.8709042044212164, "Kentucky": 0.8178944087304604, "Louisiana": 0.9167490054968065, "Maine": 0.8984528627162831, "Massachusetts": 0.9281743532038379, "Michigan": 0.794097603214295, "Minnesota": 0.8870333463974777, "Mississippi": 0.7538493655705081, "Missouri": 0.9052650284950864, "Montana": 0.9203400166418806, "Nebraska": 0.8914841155019368, "Nevada": 0.5993785670432485, "New Hampshire": 0.8567977969268408, "New Jersey": 0.949971292930578, "New Mexico": 0.9483529334077554, "New York": 0.9310692378244952, "North Carolina": 0.8121554556232181, "North Dakota": 0.8772213904832319, "Ohio": 0.8239488199730677, "Oklahoma": 0.8907850357706616, "Oregon": 0.8828983285767336, "Pennsylvania": 0.8982438757557288, "Rhode Island": 0.8506219899590481, "South Carolina": 0.7996715211666, "South Dakota": 0.8554642692041388, "Tennessee": 0.831407749595747, "Texas": 0.9354856759700336, "Utah": 0.9136000351044841, "Vermont": 0.8571054244418862, "Virginia": 0.9668569899290714, "Washington": 0.9322783310643017, "West Virginia": 0.8674170762002962, "Wisconsin": 0.7546568801119058, "Wyoming": 0.7019494276183429}