{"Alabama": 0.8419111520693591, "Alaska": 0.8201131663905171, "Arizona": 0.9176242064898374, "Arkansas": 0.7583602858783581, "California": 0.9525350300757792, "Colorado": 0.9531465498659224, "Connecticut": 0.8911380087881885, "Delaware": 0.8902869353115438, "Florida": 0.9412788105285632, "Georgia": 0.9073204727056831, "Hawaii": 0.8305188018679454, "Idaho": 0.9248749319284612, "Illinois": 0.9222228657849054, "Indiana": 0.713282045132689, "Iowa": 0.8218458987754552, "Kansas": 0.8783486719446576, "Kentucky": 0.8274929473256586, "Louisiana": 0.9238005382847003, "Maine": 0.9005522120834301, "Massachusetts": 0.9368131162790182, "Michigan": 0.8120009635373548, "Minnesota": 0.8934266916494064, "Mississippi": 0.7665207180971177, "Missouri": 0.9074024561127125, "Montana": 0.9226939306741022, "Nebraska": 0.8878503159001337, "Nevada": 0.6219838752050107, "New Hampshire": 0.8789253076554848, "New Jersey": 0.9544210399463977, "New Mexico": 0.9515899853130988, "New York": 0.9324193314862663, "North Carolina": 0.8399688048469758, "North Dakota": 0.8764648375508559, "Ohio": 0.8382870902264465, "Oklahoma": 0.9029098477853793, "Oregon": 0.8915304813010281, "Pennsylvania": 0.9055648397572924, "Rhode Island": 0.7786751778287564, "South Carolina": 0.8145951768352062, "South Dakota": 0.8558743777592009, "Tennessee": 0.8394120225654783, "Texas": 0.9399932990159687, "Utah": 0.9195126730985886, "Vermont": 0.8041114611994467, "Virginia": 0.9686077120907324, "Washington": 0.94176871636795, "West Virginia": 0.868928547181385, "Wisconsin": 0.769682992193128, "Wyoming": 0.6303257652200783}