{"Alabama": 0.8523986916218224, "Alaska": 0.8571244728699758, "Arizona": 0.9245469440239809, "Arkansas": 0.7670313337573889, "California": 0.9586677639053951, "Colorado": 0.9602494878607281, "Connecticut": 0.8957270347859799, "Delaware": 0.904469515028505, "Florida": 0.937864918787681, "Georgia": 0.9157645727216726, "Hawaii": 0.8359810480993619, "Idaho": 0.9290383782249, "Illinois": 0.924968153421425, "Indiana": 0.7165445282935309, "Iowa": 0.8204935050616389, "Kansas": 0.8806675491580765, "Kentucky": 0.831612623297038, "Louisiana": 0.92305302205387, "Maine": 0.9044047798941404, "Massachusetts": 0.9414708295751173, "Michigan": 0.8235364311217714, "Minnesota": 0.8948539098668151, "Mississippi": 0.7736360583879807, "Missouri": 0.9088692031688966, "Montana": 0.9231337986022446, "Nebraska": 0.8845499248743401, "Nevada": 0.6372271673503003, "New Hampshire": 0.8859928778540335, "New Jersey": 0.956375893841505, "New Mexico": 0.9533699966771454, "New York": 0.9333991244829694, "North Carolina": 0.8552170772810909, "North Dakota": 0.8746084929925652, "Ohio": 0.8439664459578256, "Oklahoma": 0.8993061423935577, "Oregon": 0.8949061664845273, "Pennsylvania": 0.9081592074887092, "Rhode Island": 0.8861229166072393, "South Carolina": 0.820292486273309, "South Dakota": 0.8544013107808608, "Tennessee": 0.84698280455774, "Texas": 0.9415552439566129, "Utah": 0.9211852422209853, "Vermont": 0.8847273301655858, "Virginia": 0.9695384369339994, "Washington": 0.9473525481342323, "West Virginia": 0.8668367584143604, "Wisconsin": 0.7756429561790701, "Wyoming": 0.749954608973408}