{"Alabama": 0.8069958698557131, "Alaska": 0.861611497519442, "Arizona": 0.9378782223618053, "Arkansas": 0.6976980880316326, "California": 0.9430186538276775, "Colorado": 0.9650480454696274, "Connecticut": 0.89971849574384, "Delaware": 0.9129377843441231, "Florida": 0.943097068616332, "Georgia": 0.8896471836517718, "Hawaii": 0.8318489798512321, "Idaho": 0.8743326927586752, "Illinois": 0.8961260676817178, "Indiana": 0.695943491031981, "Iowa": 0.7403990078341938, "Kansas": 0.8184266393865669, "Kentucky": 0.7630794694217435, "Louisiana": 0.916985944984159, "Maine": 0.8916524708513545, "Massachusetts": 0.9379892922218019, "Michigan": 0.8284452348616408, "Minnesota": 0.8577358737512795, "Mississippi": 0.7269785939318004, "Missouri": 0.8721430955632216, "Montana": 0.8660468223990159, "Nebraska": 0.8261427957226134, "Nevada": 0.649420222895976, "New Hampshire": 0.887982087696222, "New Jersey": 0.9517500370271796, "New Mexico": 0.9476988419011251, "New York": 0.9312924490075658, "North Carolina": 0.819299496730487, "North Dakota": 0.7717115981663348, "Ohio": 0.819623914160743, "Oklahoma": 0.8503845064455664, "Oregon": 0.8676425983214365, "Pennsylvania": 0.8873708367833422, "Rhode Island": 0.879508043709158, "South Carolina": 0.7975852067136392, "South Dakota": 0.7699074412817164, "Tennessee": 0.8018145075753913, "Texas": 0.9302897283010177, "Utah": 0.9101055492549729, "Vermont": 0.8767635364838078, "Virginia": 0.9632260025492818, "Washington": 0.9377138968912025, "West Virginia": 0.8501885162594381, "Wisconsin": 0.7185699397554876, "Wyoming": 0.7175419556795544}