{"Alabama": 0.8531499883993907, "Alaska": 0.851836846019004, "Arizona": 0.9255767816677628, "Arkansas": 0.7683279985824353, "California": 0.9593483019880978, "Colorado": 0.9631473071803566, "Connecticut": 0.8979993790184944, "Delaware": 0.9117450816831485, "Florida": 0.9409550292774588, "Georgia": 0.9148048637159037, "Hawaii": 0.8394988464118049, "Idaho": 0.9277297423713394, "Illinois": 0.9227290961847088, "Indiana": 0.710860539538814, "Iowa": 0.8084692567636289, "Kansas": 0.8758899251771046, "Kentucky": 0.8255334075381948, "Louisiana": 0.9216499289601416, "Maine": 0.8964612119126908, "Massachusetts": 0.9422068257016485, "Michigan": 0.8279392898147502, "Minnesota": 0.8903558617812793, "Mississippi": 0.767822013297492, "Missouri": 0.9057304653533514, "Montana": 0.9178303229218653, "Nebraska": 0.880407615585658, "Nevada": 0.6471946754899685, "New Hampshire": 0.8834501660186018, "New Jersey": 0.9573719605152812, "New Mexico": 0.9537795680981576, "New York": 0.9303378645129914, "North Carolina": 0.8679449222472738, "North Dakota": 0.86871122771682, "Ohio": 0.8428213765317657, "Oklahoma": 0.8976052007909308, "Oregon": 0.8902351715812791, "Pennsylvania": 0.9062298313010234, "Rhode Island": 0.9118817983670121, "South Carolina": 0.829717693287448, "South Dakota": 0.8454979698510536, "Tennessee": 0.8444511337609297, "Texas": 0.9418895327306535, "Utah": 0.9219316440028779, "Vermont": 0.884348592007085, "Virginia": 0.9704065281193341, "Washington": 0.948564187886943, "West Virginia": 0.85940961679034, "Wisconsin": 0.7703815872171009, "Wyoming": 0.7381675221175086}