{"Alabama": 0.8009440536453707, "Alaska": 0.8602296538342693, "Arizona": 0.9335499913393501, "Arkansas": 0.7048579011117143, "California": 0.9446563826208882, "Colorado": 0.9667624887524315, "Connecticut": 0.8980195784626277, "Delaware": 0.7890711648146758, "Florida": 0.9430215199688797, "Georgia": 0.891891356202762, "Hawaii": 0.8375801414428115, "Idaho": 0.878457868913585, "Illinois": 0.8948162136179666, "Indiana": 0.69048383337054, "Iowa": 0.7257903358878454, "Kansas": 0.8079620119006174, "Kentucky": 0.7659162024055447, "Louisiana": 0.9134404377548291, "Maine": 0.892978376351355, "Massachusetts": 0.9385042983111934, "Michigan": 0.8326988739201656, "Minnesota": 0.8520836398592346, "Mississippi": 0.7312804568344333, "Missouri": 0.8732982650310183, "Montana": 0.872874837384149, "Nebraska": 0.8190062958306987, "Nevada": 0.6568586131473334, "New Hampshire": 0.8902977096518266, "New Jersey": 0.9520868829909289, "New Mexico": 0.946535153934532, "New York": 0.9287344591621162, "North Carolina": 0.8307314573368191, "North Dakota": 0.7708627126274329, "Ohio": 0.8153486139166519, "Oklahoma": 0.84592847535966, "Oregon": 0.8654342189559967, "Pennsylvania": 0.8852852350904872, "Rhode Island": 0.8805218154136678, "South Carolina": 0.804607299687012, "South Dakota": 0.7675415074850239, "Tennessee": 0.8045661873154577, "Texas": 0.9281499384461699, "Utah": 0.910652178801365, "Vermont": 0.8766526992724578, "Virginia": 0.9665341538237644, "Washington": 0.9348732804266737, "West Virginia": 0.8446184818364562, "Wisconsin": 0.7118580461631049, "Wyoming": 0.7035927243312611}