{"Alabama": 0.8471953271937162, "Alaska": 0.8507593271231517, "Arizona": 0.9220258618725555, "Arkansas": 0.7759533150357493, "California": 0.9594239375456634, "Colorado": 0.964995620258003, "Connecticut": 0.896629148868228, "Delaware": 0.7810671785136, "Florida": 0.9406033220724694, "Georgia": 0.9168025316409569, "Hawaii": 0.844698110474992, "Idaho": 0.9240899745163622, "Illinois": 0.9216035338504983, "Indiana": 0.7081497487099299, "Iowa": 0.7974510881107022, "Kansas": 0.8677640253640646, "Kentucky": 0.8246960093126829, "Louisiana": 0.9195532792171789, "Maine": 0.8978715487704503, "Massachusetts": 0.9427224438696623, "Michigan": 0.8349984558447543, "Minnesota": 0.8855356592904567, "Mississippi": 0.7738622438452449, "Missouri": 0.9069383302580807, "Montana": 0.9195996853545442, "Nebraska": 0.8726682136538256, "Nevada": 0.6545116622983906, "New Hampshire": 0.8859693931798365, "New Jersey": 0.957570751358736, "New Mexico": 0.9526003084558536, "New York": 0.9278074418406017, "North Carolina": 0.8776028457818312, "North Dakota": 0.8667068636719848, "Ohio": 0.8398660091213769, "Oklahoma": 0.8920651597500799, "Oregon": 0.8872769153642077, "Pennsylvania": 0.9032189343594458, "Rhode Island": 0.8871055256494838, "South Carolina": 0.8361311686497059, "South Dakota": 0.8427664515572084, "Tennessee": 0.8449498543441356, "Texas": 0.9397982100717104, "Utah": 0.9221274015770585, "Vermont": 0.8842152820284171, "Virginia": 0.9727151143387532, "Washington": 0.9457011944191692, "West Virginia": 0.8535414451277469, "Wisconsin": 0.7653570185564523, "Wyoming": 0.7285526190534464}