{"Alabama": 0.8452915713553426, "Alaska": 0.8422616185425765, "Arizona": 0.9220692697905344, "Arkansas": 0.782557197898765, "California": 0.9591905114683532, "Colorado": 0.964504232587721, "Connecticut": 0.896359513452632, "Delaware": 0.9119892505078625, "Florida": 0.9473043487709655, "Georgia": 0.9193718089647835, "Hawaii": 0.8477365788040688, "Idaho": 0.9193248949053983, "Illinois": 0.9222768529972465, "Indiana": 0.711203303157275, "Iowa": 0.7929165460441472, "Kansas": 0.8624825697368825, "Kentucky": 0.8242780480348966, "Louisiana": 0.9228599949711472, "Maine": 0.8980135000931115, "Massachusetts": 0.9411405113868014, "Michigan": 0.8401455064929683, "Minnesota": 0.8835442717754628, "Mississippi": 0.7826551310767987, "Missouri": 0.9089280790540638, "Montana": 0.9217805923816558, "Nebraska": 0.8732859263170556, "Nevada": 0.6603230548297074, "New Hampshire": 0.8884722602458737, "New Jersey": 0.9592449523252955, "New Mexico": 0.955818696472189, "New York": 0.927024584044865, "North Carolina": 0.8901659144767686, "North Dakota": 0.865040734623934, "Ohio": 0.8390537042033699, "Oklahoma": 0.8802156329413262, "Oregon": 0.8878673632293282, "Pennsylvania": 0.8995426572048607, "Rhode Island": 0.8893910084102351, "South Carolina": 0.8421986810103664, "South Dakota": 0.8360031829066873, "Tennessee": 0.8526374365024265, "Texas": 0.9352681833185078, "Utah": 0.920882522081313, "Vermont": 0.883323686958072, "Virginia": 0.9729500387845862, "Washington": 0.940664451574651, "West Virginia": 0.8496771044522771, "Wisconsin": 0.7615725283755882, "Wyoming": 0.6953990562144772}