{"Alabama": 0.7987853298616628, "Alaska": 0.8527480975594607, "Arizona": 0.9328147808807394, "Arkansas": 0.7099521597965399, "California": 0.9444144168511233, "Colorado": 0.966180825450528, "Connecticut": 0.8970719388032313, "Delaware": 0.91231053490934, "Florida": 0.949769398755947, "Georgia": 0.8950645565374593, "Hawaii": 0.8412001362498235, "Idaho": 0.877977179577708, "Illinois": 0.8956338556892527, "Indiana": 0.6889800006851091, "Iowa": 0.7224978032775752, "Kansas": 0.802470737132838, "Kentucky": 0.7649941288135826, "Louisiana": 0.9154491275214081, "Maine": 0.8923660157277019, "Massachusetts": 0.9369084877816874, "Michigan": 0.8344421913496646, "Minnesota": 0.8501979058895047, "Mississippi": 0.7395912891396971, "Missouri": 0.8750418856993015, "Montana": 0.8803345089389621, "Nebraska": 0.8201693744927497, "Nevada": 0.663003070073571, "New Hampshire": 0.8911241161106558, "New Jersey": 0.9534157784757651, "New Mexico": 0.9511624293162958, "New York": 0.927866483357852, "North Carolina": 0.8457812476629302, "North Dakota": 0.778834912237411, "Ohio": 0.813334856060699, "Oklahoma": 0.8374154991094808, "Oregon": 0.8654204592635051, "Pennsylvania": 0.8815113456272157, "Rhode Island": 0.882308362223145, "South Carolina": 0.8111014959147419, "South Dakota": 0.7669399801952401, "Tennessee": 0.8146103983075501, "Texas": 0.9241423311430281, "Utah": 0.9090035254601208, "Vermont": 0.8761877454909739, "Virginia": 0.9675935370881934, "Washington": 0.9288555616891103, "West Virginia": 0.8401868475054691, "Wisconsin": 0.7067803015983539, "Wyoming": 0.6736121832558486}