{"Alabama": 0.8524141170212077, "Alaska": 0.8346417680497502, "Arizona": 0.9266946274638199, "Arkansas": 0.7971911943411814, "California": 0.9625834800668868, "Colorado": 0.9655256161532882, "Connecticut": 0.8969914663701377, "Delaware": 0.913101304390536, "Florida": 0.9499519991779015, "Georgia": 0.9241934380751156, "Hawaii": 0.8526259862244128, "Idaho": 0.9206066140003148, "Illinois": 0.9222614225430991, "Indiana": 0.7257992127142008, "Iowa": 0.7933491890752473, "Kansas": 0.8608861618672516, "Kentucky": 0.8315337951495962, "Louisiana": 0.9187656015567196, "Maine": 0.8988875197262729, "Massachusetts": 0.9395400760648378, "Michigan": 0.8495162607879315, "Minnesota": 0.8861763152663797, "Mississippi": 0.7939823841419795, "Missouri": 0.9138433116794211, "Montana": 0.9189406838830078, "Nebraska": 0.8717412864876679, "Nevada": 0.6646784542621207, "New Hampshire": 0.8911326916429021, "New Jersey": 0.9603706632701291, "New Mexico": 0.9600540774613947, "New York": 0.9313677643474085, "North Carolina": 0.9007822816747737, "North Dakota": 0.8648392733651076, "Ohio": 0.8479146080012738, "Oklahoma": 0.8746131494959072, "Oregon": 0.8954134145652146, "Pennsylvania": 0.9036330972213349, "Rhode Island": 0.8912715876795861, "South Carolina": 0.847592098449757, "South Dakota": 0.8347604724938105, "Tennessee": 0.865344393300608, "Texas": 0.9341471102520004, "Utah": 0.9139699933262669, "Vermont": 0.8844034824153993, "Virginia": 0.9742764681846695, "Washington": 0.9416042839161533, "West Virginia": 0.849205210924845, "Wisconsin": 0.7654478420301484, "Wyoming": 0.6899377142444653}