{"Alabama": 0.8066791778892475, "Alaska": 0.8446567048099477, "Arizona": 0.9358777265078361, "Arkansas": 0.7245348633331039, "California": 0.947771071197368, "Colorado": 0.9665923244622431, "Connecticut": 0.896988315172645, "Delaware": 0.9130368174684939, "Florida": 0.9517951910424768, "Georgia": 0.9024369606322484, "Hawaii": 0.8461391821166718, "Idaho": 0.8816663377069918, "Illinois": 0.8956718203523042, "Indiana": 0.6976003157022125, "Iowa": 0.7188820195072958, "Kansas": 0.798157894888481, "Kentucky": 0.7707547068090194, "Louisiana": 0.9101894580358351, "Maine": 0.891813027766899, "Massachusetts": 0.9354783428799528, "Michigan": 0.8400275480213707, "Minnesota": 0.8519661099643444, "Mississippi": 0.7518792406770083, "Missouri": 0.879316908262356, "Montana": 0.8794977327946281, "Nebraska": 0.8197193579614511, "Nevada": 0.6673412170959673, "New Hampshire": 0.8919158733473771, "New Jersey": 0.9556734672419868, "New Mexico": 0.9531318735070476, "New York": 0.9319506904842799, "North Carolina": 0.8593545914769076, "North Dakota": 0.7713070114108567, "Ohio": 0.8200017143930973, "Oklahoma": 0.8289981047024741, "Oregon": 0.8704178470689099, "Pennsylvania": 0.8849247978334905, "Rhode Island": 0.8842898655782983, "South Carolina": 0.8178875500665527, "South Dakota": 0.7665713180227102, "Tennessee": 0.8283396977782432, "Texas": 0.9225723615120575, "Utah": 0.9019127605360724, "Vermont": 0.8741287603569264, "Virginia": 0.9694939866167142, "Washington": 0.9288390802268617, "West Virginia": 0.8368548475622627, "Wisconsin": 0.7064457151115713, "Wyoming": 0.6642308767622921}