{"Alabama": 0.857163489691142, "Alaska": 0.8273671726113745, "Arizona": 0.9295115522173171, "Arkansas": 0.8001899950417592, "California": 0.9622448611693774, "Colorado": 0.964439477151032, "Connecticut": 0.890569786328273, "Delaware": 0.9100460110979413, "Florida": 0.9538958721678935, "Georgia": 0.9263930025300995, "Hawaii": 0.858355900998407, "Idaho": 0.9257457572360379, "Illinois": 0.9222885967933602, "Indiana": 0.7404875285195047, "Iowa": 0.7909850192289597, "Kansas": 0.8551616122740732, "Kentucky": 0.8383462555148125, "Louisiana": 0.9139421382453939, "Maine": 0.9081782503943191, "Massachusetts": 0.9441668344146779, "Michigan": 0.8639526055355368, "Minnesota": 0.883162299373637, "Mississippi": 0.8025735252606747, "Missouri": 0.9167866767446742, "Montana": 0.9143497567747462, "Nebraska": 0.8709046628757883, "Nevada": 0.6609467255907185, "New Hampshire": 0.8910589812138966, "New Jersey": 0.9602902622323912, "New Mexico": 0.9561004194401543, "New York": 0.9375566049743665, "North Carolina": 0.9045862315908142, "North Dakota": 0.8628450352339335, "Ohio": 0.854192206311765, "Oklahoma": 0.850555034279933, "Oregon": 0.8995666485263435, "Pennsylvania": 0.905719016838645, "Rhode Island": 0.8941471941313882, "South Carolina": 0.8489837263931819, "South Dakota": 0.8318985390666692, "Tennessee": 0.8733458304139337, "Texas": 0.9272230321347495, "Utah": 0.9123712043477776, "Vermont": 0.8883795073643511, "Virginia": 0.9753321773192468, "Washington": 0.940816784347915, "West Virginia": 0.836998076793856, "Wisconsin": 0.767103368378397, "Wyoming": 0.6521429019282817}