{"Alabama": 0.8297037228345523, "Alaska": 0.8451691491088401, "Arizona": 0.9351204264095846, "Arkansas": 0.7512646181734899, "California": 0.9495218419464337, "Colorado": 0.9647712495134149, "Connecticut": 0.8914474878926716, "Delaware": 0.9048422550942409, "Florida": 0.9516571769047677, "Georgia": 0.9157879248368802, "Hawaii": 0.8575575720448171, "Idaho": 0.8884532150258062, "Illinois": 0.9091573687996746, "Indiana": 0.7500669495745982, "Iowa": 0.7335037065932093, "Kansas": 0.8146454350921499, "Kentucky": 0.8030050184468185, "Louisiana": 0.9026357735673798, "Maine": 0.9041846227981163, "Massachusetts": 0.9469677050735965, "Michigan": 0.8874078852316529, "Minnesota": 0.8601255203930652, "Mississippi": 0.7739164905159068, "Missouri": 0.8905912859091345, "Montana": 0.872217769999149, "Nebraska": 0.8228967007376334, "Nevada": 0.6609733570153602, "New Hampshire": 0.8974808100505731, "New Jersey": 0.9590736122090262, "New Mexico": 0.9499933354964882, "New York": 0.9435294341118174, "North Carolina": 0.8823640782083338, "North Dakota": 0.7743726765666346, "Ohio": 0.85594475007555, "Oklahoma": 0.8224324095995622, "Oregon": 0.8853514099469212, "Pennsylvania": 0.8991377365342763, "Rhode Island": 0.9008307166507014, "South Carolina": 0.8265579441428188, "South Dakota": 0.7713834518102314, "Tennessee": 0.857427615280849, "Texas": 0.9197225624592719, "Utah": 0.898398603763602, "Vermont": 0.8853713710895679, "Virginia": 0.9713356385650526, "Washington": 0.9280679454780392, "West Virginia": 0.8279434691730363, "Wisconsin": 0.7333503017714699, "Wyoming": 0.6525648991192622}