{"Alabama": 0.8718181107616089, "Alaska": 0.8362623411037217, "Arizona": 0.9282599204929094, "Arkansas": 0.8186878989534196, "California": 0.9636410823214375, "Colorado": 0.9641914970947314, "Connecticut": 0.8884874423802543, "Delaware": 0.9017617552622542, "Florida": 0.9504718166589076, "Georgia": 0.9317464620720496, "Hawaii": 0.8629309944131388, "Idaho": 0.9337261073325039, "Illinois": 0.9309753829247831, "Indiana": 0.7871935804175754, "Iowa": 0.8082670132141974, "Kansas": 0.8743549266130979, "Kentucky": 0.8603287342263044, "Louisiana": 0.9091992284936634, "Maine": 0.9107828075126058, "Massachusetts": 0.9496016620608414, "Michigan": 0.8986971065652344, "Minnesota": 0.8921175996840623, "Mississippi": 0.816335039163668, "Missouri": 0.9214321821022692, "Montana": 0.915538682204217, "Nebraska": 0.8756340495157477, "Nevada": 0.6596431241101072, "New Hampshire": 0.8970753415806493, "New Jersey": 0.9619605007749572, "New Mexico": 0.9585439271098624, "New York": 0.9428320253723771, "North Carolina": 0.9163742334449108, "North Dakota": 0.8622302483740959, "Ohio": 0.8803511806678167, "Oklahoma": 0.8647703122507954, "Oregon": 0.9140736171996037, "Pennsylvania": 0.9147423616659628, "Rhode Island": 0.9048944991174707, "South Carolina": 0.8553795081566341, "South Dakota": 0.8397486080302677, "Tennessee": 0.8888920247046187, "Texas": 0.9295197807042284, "Utah": 0.9121789387358337, "Vermont": 0.8974952105571086, "Virginia": 0.9747975509307438, "Washington": 0.9435594342390252, "West Virginia": 0.8398488728963697, "Wisconsin": 0.7944608462112719, "Wyoming": 0.6807090057626957}