{"Alabama": 0.8341902163155498, "Alaska": 0.8436333095873101, "Arizona": 0.9370566613209137, "Arkansas": 0.7561319193715933, "California": 0.9507405645792794, "Colorado": 0.9653338219745341, "Connecticut": 0.8945147215795176, "Delaware": 0.9074519154457165, "Florida": 0.9500898595760423, "Georgia": 0.9169594878571289, "Hawaii": 0.8543683198855059, "Idaho": 0.891523692275626, "Illinois": 0.9108004447120477, "Indiana": 0.7413611438526825, "Iowa": 0.7294587782881288, "Kansas": 0.8162694992698447, "Kentucky": 0.8049266816972865, "Louisiana": 0.9038728900687126, "Maine": 0.8964853161948719, "Massachusetts": 0.9497986411998867, "Michigan": 0.8835205732428953, "Minnesota": 0.8633745485639891, "Mississippi": 0.7815696976313772, "Missouri": 0.8920827256508597, "Montana": 0.8736974114212493, "Nebraska": 0.819177001403542, "Nevada": 0.6491716585915835, "New Hampshire": 0.8998398408983704, "New Jersey": 0.9621235924472807, "New Mexico": 0.9450635494453536, "New York": 0.9451463232671811, "North Carolina": 0.8850484197201652, "North Dakota": 0.7594316732076518, "Ohio": 0.8571384266025888, "Oklahoma": 0.8109396036293193, "Oregon": 0.8878730579505828, "Pennsylvania": 0.902716899857114, "Rhode Island": 0.9024562109019778, "South Carolina": 0.8297397110995024, "South Dakota": 0.7685407260385156, "Tennessee": 0.8618717179036582, "Texas": 0.9200102385612611, "Utah": 0.9041417879034757, "Vermont": 0.8864014417234961, "Virginia": 0.9709691432586149, "Washington": 0.9288877200899572, "West Virginia": 0.8244695070616997, "Wisconsin": 0.7323442585623376, "Wyoming": 0.6375488360214263}