{"Alabama": 0.8744144226359454, "Alaska": 0.8350354273626706, "Arizona": 0.9308669112365154, "Arkansas": 0.8238506801419592, "California": 0.9639407639051826, "Colorado": 0.9648051849353236, "Connecticut": 0.8921817527855113, "Delaware": 0.904946723104861, "Florida": 0.9491854668004226, "Georgia": 0.9317388848537399, "Hawaii": 0.86011824399753, "Idaho": 0.9380637424080156, "Illinois": 0.9320716925106772, "Indiana": 0.7816220612802289, "Iowa": 0.8081167344908042, "Kansas": 0.8778264405726877, "Kentucky": 0.8618681879902726, "Louisiana": 0.9101420792410152, "Maine": 0.9032780566621875, "Massachusetts": 0.9526493770965581, "Michigan": 0.8967749325878449, "Minnesota": 0.8954229628144142, "Mississippi": 0.8227069021808221, "Missouri": 0.9213567480813314, "Montana": 0.9171529766520184, "Nebraska": 0.8763753473016461, "Nevada": 0.648408485638374, "New Hampshire": 0.8997369256231587, "New Jersey": 0.9648382963422331, "New Mexico": 0.9542119866406071, "New York": 0.9444937164975781, "North Carolina": 0.9182485407163421, "North Dakota": 0.8464014205852997, "Ohio": 0.8823440776065699, "Oklahoma": 0.8503560459314924, "Oregon": 0.9166234296354828, "Pennsylvania": 0.918193998010765, "Rhode Island": 0.9060843323009702, "South Carolina": 0.8570662101246042, "South Dakota": 0.8403705200299066, "Tennessee": 0.8913581293056512, "Texas": 0.9290236626215391, "Utah": 0.920310204921173, "Vermont": 0.8995218402835099, "Virginia": 0.9742665955280728, "Washington": 0.9449533916908057, "West Virginia": 0.8357825788813313, "Wisconsin": 0.7960988977733388, "Wyoming": 0.6678436063916735}