{"Alabama": 0.8337907829248775, "Alaska": 0.8446603754349882, "Arizona": 0.9367647361832091, "Arkansas": 0.7655163294738113, "California": 0.9494186831060107, "Colorado": 0.9628848102361001, "Connecticut": 0.8931224686700034, "Delaware": 0.9134854886229876, "Florida": 0.9492460481252494, "Georgia": 0.9150329601397088, "Hawaii": 0.8485877260664298, "Idaho": 0.8856183244733425, "Illinois": 0.9079316272896399, "Indiana": 0.7343731697564223, "Iowa": 0.7252450727218759, "Kansas": 0.8181107806241178, "Kentucky": 0.8046131528147455, "Louisiana": 0.9036444768358584, "Maine": 0.8975006629243868, "Massachusetts": 0.9510965970431656, "Michigan": 0.872463784260447, "Minnesota": 0.8634023134637923, "Mississippi": 0.7884033315425686, "Missouri": 0.8941459932649641, "Montana": 0.8745102893535617, "Nebraska": 0.8167000244507852, "Nevada": 0.6503297919753157, "New Hampshire": 0.8976627828732752, "New Jersey": 0.9627769356603899, "New Mexico": 0.9407732827870793, "New York": 0.9472165722211819, "North Carolina": 0.884374956961736, "North Dakota": 0.7416511624909036, "Ohio": 0.8548524552793288, "Oklahoma": 0.8163840985925389, "Oregon": 0.8860366995531095, "Pennsylvania": 0.9041714642113223, "Rhode Island": 0.9043694097472236, "South Carolina": 0.8273934060240996, "South Dakota": 0.7636732390355124, "Tennessee": 0.8616365706714344, "Texas": 0.9178031791435179, "Utah": 0.9020631735688203, "Vermont": 0.8849092606951171, "Virginia": 0.9717847104134145, "Washington": 0.9219812935034802, "West Virginia": 0.8251987139827087, "Wisconsin": 0.723920542404936, "Wyoming": 0.625164708977076}