{"Alabama": 0.8736299701118658, "Alaska": 0.8353060904551699, "Arizona": 0.9309902665239369, "Arkansas": 0.8308299048427734, "California": 0.9622391621245788, "Colorado": 0.9626416097735564, "Connecticut": 0.8907626041607283, "Delaware": 0.9113864015436283, "Florida": 0.9483425201229941, "Georgia": 0.9304320155986086, "Hawaii": 0.854810131034229, "Idaho": 0.9371684974866064, "Illinois": 0.92958977797016, "Indiana": 0.7733179973918052, "Iowa": 0.8044014279810753, "Kansas": 0.8806675927080734, "Kentucky": 0.8615623307024953, "Louisiana": 0.9104294077936862, "Maine": 0.9053834697262966, "Massachusetts": 0.9539429292280682, "Michigan": 0.8883503100705712, "Minnesota": 0.8964084900879176, "Mississippi": 0.8264436358957423, "Missouri": 0.9233649679345932, "Montana": 0.9182966237887429, "Nebraska": 0.876808262186769, "Nevada": 0.6494682619838673, "New Hampshire": 0.8983931173840559, "New Jersey": 0.9655382908436526, "New Mexico": 0.951393014847641, "New York": 0.9466635497998711, "North Carolina": 0.9180534811564091, "North Dakota": 0.8241191862626044, "Ohio": 0.8813191692702665, "Oklahoma": 0.8541483372881641, "Oregon": 0.9160757689634202, "Pennsylvania": 0.9202850028227232, "Rhode Island": 0.9090098218234969, "South Carolina": 0.8570224106305696, "South Dakota": 0.8385414577982568, "Tennessee": 0.8903137408773197, "Texas": 0.9266901163673863, "Utah": 0.9189088629782184, "Vermont": 0.9007398384602017, "Virginia": 0.9749320490235166, "Washington": 0.9393463692032556, "West Virginia": 0.8362861877583302, "Wisconsin": 0.7904792723157046, "Wyoming": 0.6574227941591175}