{"Alabama": 0.8652559106652471, "Alaska": 0.8232081046850206, "Arizona": 0.9299779986659893, "Arkansas": 0.8290229935203476, "California": 0.9718666315695562, "Colorado": 0.962161736552613, "Connecticut": 0.8913349911613284, "Delaware": 0.9106832655672223, "Florida": 0.9467294585218073, "Georgia": 0.9303333103977408, "Hawaii": 0.852198879043815, "Idaho": 0.9295457719812819, "Illinois": 0.92575296955444, "Indiana": 0.7610240797603313, "Iowa": 0.7999700817740758, "Kansas": 0.8742473724096654, "Kentucky": 0.8504281934806274, "Louisiana": 0.9106456726116258, "Maine": 0.9128414308688554, "Massachusetts": 0.9498302265671482, "Michigan": 0.87988062658829, "Minnesota": 0.8935027455883906, "Mississippi": 0.8216787970843763, "Missouri": 0.925443003185726, "Montana": 0.912931477414194, "Nebraska": 0.8808226455449317, "Nevada": 0.6574470147420918, "New Hampshire": 0.8975713365610849, "New Jersey": 0.9656433928463761, "New Mexico": 0.9422297637806395, "New York": 0.9486044436304818, "North Carolina": 0.916919547374014, "North Dakota": 0.7814476996979483, "Ohio": 0.8723301783681293, "Oklahoma": 0.8122211207765702, "Oregon": 0.9140492259525591, "Pennsylvania": 0.9195924008816393, "Rhode Island": 0.9115249326941983, "South Carolina": 0.8511314097971561, "South Dakota": 0.8332839110113551, "Tennessee": 0.8839919692842833, "Texas": 0.9172276939495241, "Utah": 0.9185158314103459, "Vermont": 0.8992675646104347, "Virginia": 0.9752149328024624, "Washington": 0.935056263010297, "West Virginia": 0.8288593550943257, "Wisconsin": 0.7816212887939207, "Wyoming": 0.6325204701662309}