{"Alabama": 0.8603783564918525, "Alaska": 0.8292187538485675, "Arizona": 0.9301153284178434, "Arkansas": 0.8333177515306188, "California": 0.9729124994077719, "Colorado": 0.9614019148282762, "Connecticut": 0.8912141606953465, "Delaware": 0.9102647823598881, "Florida": 0.947109255580831, "Georgia": 0.9303393796896922, "Hawaii": 0.8543331174875338, "Idaho": 0.9255316284193742, "Illinois": 0.925813368247651, "Indiana": 0.7559450633468554, "Iowa": 0.7963770932848572, "Kansas": 0.8758336137910818, "Kentucky": 0.8478709928508188, "Louisiana": 0.9131637410654694, "Maine": 0.9063510317337321, "Massachusetts": 0.9491867924547233, "Michigan": 0.8738617389086816, "Minnesota": 0.8915133278091657, "Mississippi": 0.8211333886578239, "Missouri": 0.9227804359970943, "Montana": 0.909975138823211, "Nebraska": 0.876640949937832, "Nevada": 0.6677885756264801, "New Hampshire": 0.898743585989868, "New Jersey": 0.9653180918742396, "New Mexico": 0.9366452698566862, "New York": 0.9474602153343281, "North Carolina": 0.917597989651842, "North Dakota": 0.7750054785564362, "Ohio": 0.8691433205168337, "Oklahoma": 0.8030873010457643, "Oregon": 0.9123443380961462, "Pennsylvania": 0.9191870737856155, "Rhode Island": 0.9099417161004398, "South Carolina": 0.8527238046816438, "South Dakota": 0.831450725557251, "Tennessee": 0.8827617984488112, "Texas": 0.9152766764952159, "Utah": 0.922223168643593, "Vermont": 0.8988857594635048, "Virginia": 0.9757361290214296, "Washington": 0.9317457195152512, "West Virginia": 0.8315693279415347, "Wisconsin": 0.7795752928945476, "Wyoming": 0.6492837544031432}