{"Alabama": 0.8165688528562031, "Alaska": 0.8371071396760464, "Arizona": 0.9347880104403331, "Arkansas": 0.7693088079542068, "California": 0.9618326347565355, "Colorado": 0.9609408670068669, "Connecticut": 0.8923521626466544, "Delaware": 0.9115807513958385, "Florida": 0.948108215709169, "Georgia": 0.9131159099229856, "Hawaii": 0.8496459735179905, "Idaho": 0.8730248274023332, "Illinois": 0.9023892645283046, "Indiana": 0.7130629322504279, "Iowa": 0.7131836085664872, "Kansas": 0.8142529078827133, "Kentucky": 0.78810281497452, "Louisiana": 0.9047207242826498, "Maine": 0.8961053932880028, "Massachusetts": 0.9465960083771483, "Michigan": 0.8538736576528869, "Minnesota": 0.8573324922745256, "Mississippi": 0.784095741915605, "Missouri": 0.8924067175466993, "Montana": 0.8669966140351651, "Nebraska": 0.8176338389950902, "Nevada": 0.6688098692547162, "New Hampshire": 0.8942349613936026, "New Jersey": 0.9623584539108991, "New Mexico": 0.9239780877051975, "New York": 0.9474839635360403, "North Carolina": 0.8826848110145823, "North Dakota": 0.7026299757919967, "Ohio": 0.8388303648926281, "Oklahoma": 0.7672780957973069, "Oregon": 0.8813571732223993, "Pennsylvania": 0.901737983709172, "Rhode Island": 0.9042023767286063, "South Carolina": 0.8200143618585458, "South Dakota": 0.7541393493536643, "Tennessee": 0.8520340916285328, "Texas": 0.9059248276334462, "Utah": 0.9032925863496134, "Vermont": 0.875938579174424, "Virginia": 0.9719554103258272, "Washington": 0.9132025449825922, "West Virginia": 0.8202040789631746, "Wisconsin": 0.7084981166452723, "Wyoming": 0.6172979137525205}