{"Alabama": 0.8537653448944079, "Alaska": 0.8201885230491466, "Arizona": 0.9280341926208683, "Arkansas": 0.8318144400068508, "California": 0.9719787986566479, "Colorado": 0.9617624080906397, "Connecticut": 0.8970531026288835, "Delaware": 0.9056297861437245, "Florida": 0.946800438762655, "Georgia": 0.9281451399000471, "Hawaii": 0.8528086610611841, "Idaho": 0.925706343010593, "Illinois": 0.9272317363224264, "Indiana": 0.7457485680708102, "Iowa": 0.7954976602137325, "Kansas": 0.8757548141728562, "Kentucky": 0.841812811064971, "Louisiana": 0.9106427350936652, "Maine": 0.9046642392418827, "Massachusetts": 0.948743627929009, "Michigan": 0.8660640757809397, "Minnesota": 0.8902414885178008, "Mississippi": 0.8148343152014492, "Missouri": 0.9208842240056827, "Montana": 0.9072056761965565, "Nebraska": 0.8739124586194567, "Nevada": 0.6680808552707016, "New Hampshire": 0.9003364545526361, "New Jersey": 0.9662253058198566, "New Mexico": 0.9321192258949564, "New York": 0.9472150659615759, "North Carolina": 0.9156497976354194, "North Dakota": 0.7574402918834703, "Ohio": 0.8648699144347525, "Oklahoma": 0.7899293394265897, "Oregon": 0.9115300841956578, "Pennsylvania": 0.9174883169410857, "Rhode Island": 0.9093858333167786, "South Carolina": 0.8501789815056304, "South Dakota": 0.8248638482915751, "Tennessee": 0.8800162100962463, "Texas": 0.9122917456359839, "Utah": 0.9222305022614741, "Vermont": 0.8985437734807213, "Virginia": 0.9765620704422026, "Washington": 0.9318738944555408, "West Virginia": 0.8345464157359361, "Wisconsin": 0.7747226513365154, "Wyoming": 0.6368878822996662}