{"Alabama": 0.8114471090895978, "Alaska": 0.8276904434704621, "Arizona": 0.9324369681386855, "Arkansas": 0.7678034073857958, "California": 0.9605043800153336, "Colorado": 0.9610323043530359, "Connecticut": 0.8980305731607083, "Delaware": 0.9067926019827566, "Florida": 0.9479046318161778, "Georgia": 0.9098830727101025, "Hawaii": 0.8476820081252969, "Idaho": 0.8727339143460201, "Illinois": 0.9034672036298272, "Indiana": 0.701151012168359, "Iowa": 0.7155145428229625, "Kansas": 0.8124131666453771, "Kentucky": 0.7806298723347718, "Louisiana": 0.9016675257949668, "Maine": 0.8939403532434262, "Massachusetts": 0.9460562053457352, "Michigan": 0.8440522335498235, "Minnesota": 0.855434648145089, "Mississippi": 0.7738682394158326, "Missouri": 0.8907281117553836, "Montana": 0.8667619147959765, "Nebraska": 0.815311756219263, "Nevada": 0.6691754882286045, "New Hampshire": 0.8941530600757823, "New Jersey": 0.9629916543574341, "New Mexico": 0.9206787884931878, "New York": 0.9471646072325108, "North Carolina": 0.8798189301232158, "North Dakota": 0.6886634451800414, "Ohio": 0.8335783431258937, "Oklahoma": 0.756203942534398, "Oregon": 0.88033586030586, "Pennsylvania": 0.8993339517948815, "Rhode Island": 0.9024703964754804, "South Carolina": 0.8171080211667772, "South Dakota": 0.749166298216973, "Tennessee": 0.8489934128048049, "Texas": 0.903116353524215, "Utah": 0.9026568318474704, "Vermont": 0.8746341369162043, "Virginia": 0.9723384162181394, "Washington": 0.9133564968147582, "West Virginia": 0.8228461463057791, "Wisconsin": 0.7021767720103576, "Wyoming": 0.6054748928595723}