{"Alabama": 0.8113941231333651, "Alaska": 0.822814268880662, "Arizona": 0.856965441484961, "Arkansas": 0.8016943343621847, "California": 0.8258562151937828, "Colorado": 0.8452491703089234, "Connecticut": 0.835771156953099, "Delaware": 0.847604102087758, "Florida": 0.888562981497283, "Georgia": 0.8343516092250615, "Hawaii": 0.8198062054146481, "Idaho": 0.9011889720015175, "Illinois": 0.8499079608184728, "Indiana": 0.7403415305647028, "Iowa": 0.8988911498951878, "Kansas": 0.9154485299055095, "Kentucky": 0.8737206941480647, "Louisiana": 0.9452189315331748, "Maine": 0.9383575736359631, "Maryland": 0.895049314111525, "Massachusetts": 0.8511179431421546, "Michigan": 0.7567713847696796, "Minnesota": 0.895944845829954, "Mississippi": 0.7814491441691596, "Missouri": 0.9223495650051198, "Montana": 0.9606625021806582, "Nebraska": 0.9285027961133133, "Nevada": 0.59211004600438, "New Hampshire": 0.8535028629077335, "New Jersey": 0.8609397967128116, "New Mexico": 0.933190072154579, "New York": 0.8811785753243504, "North Carolina": 0.7470290235774343, "Ohio": 0.8228781269791776, "Oklahoma": 0.9258846098148525, "Oregon": 0.8827300681083866, "Pennsylvania": 0.9027110135719838, "Rhode Island": 0.8625335272012306, "South Carolina": 0.750195793667359, "South Dakota": 0.9688300006064972, "Tennessee": 0.8229251494848203, "Texas": 0.9070247204868453, "Utah": 0.8662145114654055, "Vermont": 0.8789998914959541, "Virginia": 0.8497229519597276, "Washington": 0.8859264939524678, "West Virginia": 0.961588069395007, "Wisconsin": 0.7880043213829707, "Wyoming": 0.828764807205936}