{"Alabama": 0.8163382234101962, "Alaska": 0.840025033699335, "Arizona": 0.8530839209753606, "Arkansas": 0.8059941162422403, "California": 0.8287135812754018, "Colorado": 0.8367743789609811, "Connecticut": 0.8476058275870958, "Delaware": 0.844854491522851, "Florida": 0.8646476842721891, "Georgia": 0.8387910424380121, "Hawaii": 0.8172858167850895, "Idaho": 0.8985483636402969, "Illinois": 0.860474335856412, "Indiana": 0.7359005463201813, "Iowa": 0.89566166504482, "Kansas": 0.9177639110028079, "Kentucky": 0.871168340366843, "Louisiana": 0.9475223113795063, "Maine": 0.9426206005238177, "Maryland": 0.8913816019823101, "Massachusetts": 0.8568870483238681, "Michigan": 0.7552809898461096, "Minnesota": 0.9029464995314989, "Mississippi": 0.7794315560149441, "Missouri": 0.9252472742573374, "Montana": 0.9616898764365068, "Nebraska": 0.9356532463423399, "Nevada": 0.579101536041125, "New Hampshire": 0.8621693821325712, "New Jersey": 0.86599209540085, "New Mexico": 0.9330174648965393, "New York": 0.8880705232039192, "North Carolina": 0.7684560542878778, "Ohio": 0.8261897022231965, "Oklahoma": 0.92267537777601, "Oregon": 0.8934200279162348, "Pennsylvania": 0.9089305461859088, "Rhode Island": 0.8746224758240871, "South Carolina": 0.7580972465217076, "South Dakota": 0.968015941559861, "Tennessee": 0.8191282616556245, "Texas": 0.9047755975508867, "Utah": 0.8650641560782019, "Vermont": 0.877666119633727, "Virginia": 0.8427842683431368, "Washington": 0.896699434241316, "West Virginia": 0.9619481075446136, "Wisconsin": 0.7928559436693815, "Wyoming": 0.8265402430849174}