{"Alabama": 0.8267039267691407, "Alaska": 0.8445465541629968, "Arizona": 0.8438159494791203, "Arkansas": 0.8168332326546766, "California": 0.8300299443997396, "Colorado": 0.8234440066392748, "Connecticut": 0.8588401678491769, "Delaware": 0.8479474575718665, "Florida": 0.8486906507011721, "Georgia": 0.8456364817340968, "Hawaii": 0.8116639300356179, "Idaho": 0.8986181317061531, "Illinois": 0.8725909548021479, "Indiana": 0.7492568452752731, "Iowa": 0.9026101347340539, "Kansas": 0.9239333165027726, "Kentucky": 0.8710009765776021, "Louisiana": 0.9447760481731214, "Maine": 0.9482271671646169, "Maryland": 0.8854379205965839, "Massachusetts": 0.8551626858613096, "Michigan": 0.770935273865578, "Minnesota": 0.9144872378509447, "Mississippi": 0.804302082906011, "Missouri": 0.92964989857264, "Montana": 0.9577239049018424, "Nebraska": 0.9364993482605617, "Nevada": 0.5827349259907612, "New Hampshire": 0.8649133829619989, "New Jersey": 0.8723076931534021, "New Mexico": 0.9293063242448413, "New York": 0.8902801202159802, "North Carolina": 0.7877283071581249, "Ohio": 0.8390383392657044, "Oklahoma": 0.9258031054932542, "Oregon": 0.8977230701625816, "Pennsylvania": 0.9154227123615215, "Rhode Island": 0.8900224470443571, "South Carolina": 0.7692255364904111, "South Dakota": 0.9689265287490415, "Tennessee": 0.82869751079809, "Texas": 0.9019698601414667, "Utah": 0.8653268477692231, "Vermont": 0.8810030815705696, "Virginia": 0.8327520670185193, "Washington": 0.9027785707925546, "West Virginia": 0.9657638430619818, "Wisconsin": 0.8089771896592188, "Wyoming": 0.8167052084807629}