{"Alabama": 0.7351012574355184, "Alaska": 0.8093863545860692, "Arizona": 0.8536805695211342, "Arkansas": 0.8328931186378014, "California": 0.83764860567959, "Colorado": 0.827198206282413, "Connecticut": 0.8714299857536908, "Delaware": 0.8418322997218501, "Florida": 0.8774341742912545, "Georgia": 0.855115724939468, "Hawaii": 0.7969665535347287, "Idaho": 0.9044000864597274, "Illinois": 0.8872625087202137, "Indiana": 0.7887829851007097, "Iowa": 0.9173465596480925, "Kansas": 0.9315073805068107, "Kentucky": 0.892810522091474, "Louisiana": 0.9450487312699043, "Maine": 0.95450242599773, "Maryland": 0.8772213904832318, "Massachusetts": 0.8539128824485549, "Michigan": 0.8068790290246289, "Minnesota": 0.9289665395020225, "Mississippi": 0.8418069769751273, "Missouri": 0.9442161607769327, "Montana": 0.9518514826905675, "Nebraska": 0.9405286970612938, "Nevada": 0.5995858167877046, "New Hampshire": 0.881426102632799, "New Jersey": 0.8766508360254853, "New Mexico": 0.9205930956385777, "New York": 0.8973223945532873, "North Carolina": 0.8121089286812139, "Ohio": 0.871774112301567, "Oklahoma": 0.9248755740245236, "Oregon": 0.906119650638371, "Pennsylvania": 0.9254711365045712, "Rhode Island": 0.8789786051699048, "South Carolina": 0.7991412151518266, "South Dakota": 0.9739080172378263, "Tennessee": 0.8567509091370418, "Texas": 0.910999402917285, "Utah": 0.8767647227399742, "Vermont": 0.889604844801476, "Virginia": 0.830188454116068, "Washington": 0.9106370021629865, "West Virginia": 0.9656302289419324, "Wisconsin": 0.84189736749382, "Wyoming": 0.7192389124672691}