{"Alabama": 0.8631356822476127, "Alaska": 0.8380443628254298, "Arizona": 0.8626809891802444, "Arkansas": 0.8540277872313563, "California": 0.8530097779479067, "Colorado": 0.8400509897900432, "Connecticut": 0.883406138111335, "Delaware": 0.8588275741695582, "Florida": 0.877407753230713, "Georgia": 0.8663151218238977, "Hawaii": 0.7994213255003966, "Idaho": 0.9121270517550885, "Illinois": 0.9025771391533204, "Indiana": 0.8038657346348154, "Iowa": 0.9280508779821725, "Kansas": 0.9431578559490248, "Kentucky": 0.9107046662718166, "Louisiana": 0.9507745766880029, "Maine": 0.9606822318471939, "Maryland": 0.876464837550856, "Massachusetts": 0.8709043558379087, "Michigan": 0.8313804626579577, "Minnesota": 0.9423611457788044, "Mississippi": 0.8639006487592708, "Missouri": 0.952519175529701, "Montana": 0.9515999161971104, "Nebraska": 0.9454884413818107, "Nevada": 0.6153781653077356, "New Hampshire": 0.9074589664488059, "New Jersey": 0.8870918542579314, "New Mexico": 0.9272751578398029, "New York": 0.9029812334201702, "North Carolina": 0.8512260295411281, "Ohio": 0.8943693499701182, "Oklahoma": 0.9379096835138232, "Oregon": 0.9211973545303855, "Pennsylvania": 0.9372426469351195, "Rhode Island": 0.8364882508325839, "South Carolina": 0.8232637827481855, "South Dakota": 0.9787641321700693, "Tennessee": 0.8713764900243238, "Texas": 0.9206280031774488, "Utah": 0.8890453483991215, "Vermont": 0.8298137897158158, "Virginia": 0.8380404225688002, "Washington": 0.923020442077506, "West Virginia": 0.9684608731219723, "Wisconsin": 0.8651312137177315, "Wyoming": 0.6869043281119692}