{"Alabama": 0.874411959878817, "Alaska": 0.8780792879119405, "Arizona": 0.8639252783855514, "Arkansas": 0.8670460150266448, "California": 0.8561752763302949, "Colorado": 0.8466281143037508, "Connecticut": 0.8888374907600698, "Delaware": 0.8719743197043821, "Florida": 0.8602128857448041, "Georgia": 0.8727822751680392, "Hawaii": 0.7949911512810308, "Idaho": 0.915648462349565, "Illinois": 0.9093275132462885, "Indiana": 0.8119161397832779, "Iowa": 0.9318962667879095, "Kansas": 0.9500623871049315, "Kentucky": 0.9193868055332475, "Louisiana": 0.9530370735221445, "Maine": 0.9651202121461185, "Maryland": 0.8746084929925649, "Massachusetts": 0.8767757576802345, "Michigan": 0.8464397749135016, "Minnesota": 0.947464273273067, "Mississippi": 0.8757200045677662, "Missouri": 0.9547474501173194, "Montana": 0.9483618703850696, "Nebraska": 0.9465611019692446, "Nevada": 0.6183713156575308, "New Hampshire": 0.9140601990316177, "New Jersey": 0.8954041611629394, "New Mexico": 0.9284869672186319, "New York": 0.9056781424046613, "North Carolina": 0.8677427722406349, "Ohio": 0.9039267314434306, "Oklahoma": 0.9360982354303099, "Oregon": 0.9336338559238734, "Pennsylvania": 0.9448131676379903, "Rhode Island": 0.9252198847829503, "South Carolina": 0.8288780730067549, "South Dakota": 0.979949892899653, "Tennessee": 0.8854327267749431, "Texas": 0.9235676876942075, "Utah": 0.8903942154182864, "Vermont": 0.9224974096359105, "Virginia": 0.8372771580436216, "Washington": 0.9283655482328678, "West Virginia": 0.970205433942363, "Wisconsin": 0.8785581283126459, "Wyoming": 0.779933355849856}