{"Alabama": 0.8799014899525582, "Alaska": 0.880029895693208, "Arizona": 0.8595516626457488, "Arkansas": 0.87861332280786, "California": 0.8555707383366574, "Colorado": 0.8441603172513967, "Connecticut": 0.8941283131402804, "Delaware": 0.8778744788084959, "Florida": 0.8568208469781674, "Georgia": 0.8717044945547978, "Hawaii": 0.8040918801148454, "Idaho": 0.9142297693180227, "Illinois": 0.9101158005001698, "Indiana": 0.8182795939870291, "Iowa": 0.9326414223196781, "Kansas": 0.9504750738219109, "Kentucky": 0.9245785613587133, "Louisiana": 0.9573028354364655, "Maine": 0.9670899400082366, "Maryland": 0.86871122771682, "Massachusetts": 0.8781840270256783, "Michigan": 0.8609436121160137, "Minnesota": 0.9508189908500277, "Mississippi": 0.8801330603670087, "Missouri": 0.9564740122217277, "Montana": 0.9460856642896714, "Nebraska": 0.9494230863100203, "Nevada": 0.620639619829321, "New Hampshire": 0.9175005756542265, "New Jersey": 0.8942669804763187, "New Mexico": 0.9289006338420034, "New York": 0.9023861963427446, "North Carolina": 0.8853579900201806, "Ohio": 0.9122434128464125, "Oklahoma": 0.9348508130741229, "Oregon": 0.9330718245878277, "Pennsylvania": 0.9491410842852261, "Rhode Island": 0.8983449087144955, "South Carolina": 0.8411654890269701, "South Dakota": 0.9804786388645784, "Tennessee": 0.8883577415758948, "Texas": 0.9244686747856875, "Utah": 0.8889637224113475, "Vermont": 0.927110415664045, "Virginia": 0.8315016007065522, "Washington": 0.9279417974358417, "West Virginia": 0.970499093342231, "Wisconsin": 0.8863978951663439, "Wyoming": 0.7724436719291458}