{"Alabama": 0.8849094832374771, "Alaska": 0.8790284332313325, "Arizona": 0.8511277294059991, "Arkansas": 0.8899444325891966, "California": 0.8562154633586024, "Colorado": 0.8436370654956974, "Connecticut": 0.8997530364025815, "Delaware": 0.8032973372106404, "Florida": 0.8492357589234149, "Georgia": 0.8723143619489956, "Hawaii": 0.8090434094520786, "Idaho": 0.9065624735465752, "Illinois": 0.9140321648124609, "Indiana": 0.8286694633614424, "Iowa": 0.933341905453617, "Kansas": 0.9508331311919394, "Kentucky": 0.9308309341037729, "Louisiana": 0.9544861097568506, "Maine": 0.9659456512504296, "Maryland": 0.8667068636719849, "Massachusetts": 0.8764447848388242, "Michigan": 0.8774844866598481, "Minnesota": 0.9540837039147495, "Mississippi": 0.8886419946549093, "Missouri": 0.9591716965183612, "Montana": 0.9404298119422166, "Nebraska": 0.9502274604888504, "Nevada": 0.6172034466257403, "New Hampshire": 0.9219379875837412, "New Jersey": 0.8979843245966379, "New Mexico": 0.9283653518739052, "New York": 0.8989184884534459, "North Carolina": 0.8973778449869106, "Ohio": 0.9192957589087439, "Oklahoma": 0.9388569019772015, "Oregon": 0.9361334248834001, "Pennsylvania": 0.951252612154609, "Rhode Island": 0.9258999432479873, "South Carolina": 0.8517197359123417, "South Dakota": 0.9792230918895837, "Tennessee": 0.8990104759342951, "Texas": 0.9261831046052187, "Utah": 0.8850947068575966, "Vermont": 0.9288768804970204, "Virginia": 0.8329791433184968, "Washington": 0.9277255605951984, "West Virginia": 0.9708832583450098, "Wisconsin": 0.891826864175219, "Wyoming": 0.7790526020665806}