{"Alabama": 0.882615324281962, "Alaska": 0.8766042717160051, "Arizona": 0.8456081887384752, "Arkansas": 0.8960027619363954, "California": 0.8496959256186914, "Colorado": 0.8402510162430055, "Connecticut": 0.8980872442738126, "Delaware": 0.888891822950074, "Florida": 0.8554303972314663, "Georgia": 0.8696799959878035, "Hawaii": 0.8032859561888432, "Idaho": 0.8943357080639752, "Illinois": 0.91128745264125, "Indiana": 0.833158798985399, "Iowa": 0.9310739420467536, "Kansas": 0.9478179489856512, "Kentucky": 0.9310380762846288, "Louisiana": 0.942147209174653, "Maine": 0.9663998758291524, "Maryland": 0.865040734623934, "Massachusetts": 0.8744421352679079, "Michigan": 0.8862004522850824, "Minnesota": 0.9517631041285369, "Mississippi": 0.8936166439525788, "Missouri": 0.9573016531828087, "Montana": 0.9370073474886215, "Nebraska": 0.9495211149405531, "Nevada": 0.6163770778177137, "New Hampshire": 0.9283676344414147, "New Jersey": 0.8973848568258722, "New Mexico": 0.917589487493485, "New York": 0.8951975094208237, "North Carolina": 0.9029892261019862, "Ohio": 0.9203637646019817, "Oklahoma": 0.9322266613995898, "Oregon": 0.9338105427409392, "Pennsylvania": 0.9499412565875938, "Rhode Island": 0.9231847065307885, "South Carolina": 0.8526662097207456, "South Dakota": 0.9752963653340828, "Tennessee": 0.9057185212925407, "Texas": 0.9203779483908489, "Utah": 0.8726080236458196, "Vermont": 0.9295948751876709, "Virginia": 0.8305352271333684, "Washington": 0.9212749584621225, "West Virginia": 0.970325320308163, "Wisconsin": 0.8912873112601786, "Wyoming": 0.7463492692067681}