{"Alabama": 0.8855138200315151, "Alaska": 0.8746386518603051, "Arizona": 0.8566649774460471, "Arkansas": 0.9090984842053427, "California": 0.8500940111576623, "Colorado": 0.8385441347138972, "Connecticut": 0.895716052643459, "Delaware": 0.8943098361696246, "Florida": 0.866644921104103, "Georgia": 0.8719220853662116, "Hawaii": 0.803669967021287, "Idaho": 0.9006817642954521, "Illinois": 0.9114111496191789, "Indiana": 0.8431423569229809, "Iowa": 0.9317725593628391, "Kansas": 0.9430293994387564, "Kentucky": 0.9344322052508978, "Louisiana": 0.9439482936082536, "Maine": 0.9659855210708269, "Maryland": 0.8648392733651077, "Massachusetts": 0.8698957317033107, "Michigan": 0.8931157300715439, "Minnesota": 0.9517074398927705, "Mississippi": 0.9031042124963419, "Missouri": 0.9581751677183097, "Montana": 0.9347016365758085, "Nebraska": 0.9490403676356312, "Nevada": 0.6334902665505066, "New Hampshire": 0.927616832622029, "New Jersey": 0.8924040492141447, "New Mexico": 0.9126398581853267, "New York": 0.89364399540553, "North Carolina": 0.9083837421367473, "Ohio": 0.9248391554321441, "Oklahoma": 0.9273571577695308, "Oregon": 0.9369317283178487, "Pennsylvania": 0.9491232530529762, "Rhode Island": 0.9230884716477442, "South Carolina": 0.8552352535639977, "South Dakota": 0.9741337473591898, "Tennessee": 0.9120468113216884, "Texas": 0.9185088289695679, "Utah": 0.8624160467773465, "Vermont": 0.930284977179575, "Virginia": 0.8267411756656265, "Washington": 0.9113513693361585, "West Virginia": 0.9699570414056196, "Wisconsin": 0.8933576765173773, "Wyoming": 0.7406411967737307}