{"Alabama": 0.8901405014924422, "Alaska": 0.8736911140866616, "Arizona": 0.8732714809497485, "Arkansas": 0.91670272575238, "California": 0.8465297203414612, "Colorado": 0.8436662831831883, "Connecticut": 0.8884277617815305, "Delaware": 0.894771396896767, "Florida": 0.8864584759845321, "Georgia": 0.8734762515806435, "Hawaii": 0.808582179674329, "Idaho": 0.9182948815074891, "Illinois": 0.9088373289997788, "Indiana": 0.8551895073758267, "Iowa": 0.9271797240388614, "Kansas": 0.9411484062482833, "Kentucky": 0.9411731973393817, "Louisiana": 0.9491182561460709, "Maine": 0.9649825361793231, "Maryland": 0.8628450352339335, "Massachusetts": 0.8624547108089616, "Michigan": 0.8993195963759939, "Minnesota": 0.9449532446289476, "Mississippi": 0.9104981123098589, "Missouri": 0.9557470273277454, "Montana": 0.9435092131394143, "Nebraska": 0.9449727969850208, "Nevada": 0.6478461405122556, "New Hampshire": 0.925160965058381, "New Jersey": 0.88619064212024, "New Mexico": 0.9185091690719183, "New York": 0.8859513788259914, "North Carolina": 0.9126853004797663, "Ohio": 0.9242102303702093, "Oklahoma": 0.9208081638823289, "Oregon": 0.9368371361622184, "Pennsylvania": 0.9432219190981802, "Rhode Island": 0.9133342836677327, "South Carolina": 0.862284196191962, "South Dakota": 0.9709535349361086, "Tennessee": 0.9177624650374516, "Texas": 0.9206323239287538, "Utah": 0.8759259347578677, "Vermont": 0.9309303220060441, "Virginia": 0.8213124821453108, "Washington": 0.9120399772072881, "West Virginia": 0.9665628044970319, "Wisconsin": 0.8888996006569178, "Wyoming": 0.7360979732627667}