{"Alabama": 0.8965859802172278, "Alaska": 0.887425593854712, "Arizona": 0.8783493420380011, "Arkansas": 0.9258810589783318, "California": 0.842050599830744, "Colorado": 0.8476089912700714, "Connecticut": 0.8749285990514437, "Delaware": 0.8895619514952714, "Florida": 0.8866703786942834, "Georgia": 0.88113781260368, "Hawaii": 0.8241024781391663, "Idaho": 0.9319156790872448, "Illinois": 0.9093741538009594, "Indiana": 0.8818385289469326, "Iowa": 0.9331224793294286, "Kansas": 0.9462018520038219, "Kentucky": 0.9506692396988716, "Louisiana": 0.9539106875049758, "Maine": 0.9631092721430605, "Maryland": 0.8622302483740959, "Massachusetts": 0.8529880452288917, "Michigan": 0.9110468681402125, "Minnesota": 0.937391175130401, "Mississippi": 0.9215964217916309, "Missouri": 0.9570814892899226, "Montana": 0.9544853862379944, "Nebraska": 0.9461965416953799, "Nevada": 0.6656252978836734, "New Hampshire": 0.9232204105284134, "New Jersey": 0.8849339871909572, "New Mexico": 0.9239371836460828, "New York": 0.8830557891412696, "North Carolina": 0.9204405780058561, "Ohio": 0.9311169461467415, "Oklahoma": 0.9359788096930063, "Oregon": 0.937293929724252, "Pennsylvania": 0.9370742236346609, "Rhode Island": 0.9027835342139355, "South Carolina": 0.8729541916848048, "South Dakota": 0.9712390563744818, "Tennessee": 0.9262518063868587, "Texas": 0.929635095133967, "Utah": 0.878823738312102, "Vermont": 0.9279892817573047, "Virginia": 0.8126050222713989, "Washington": 0.9133746404606644, "West Virginia": 0.9630103635149211, "Wisconsin": 0.9000583956818876, "Wyoming": 0.7915868836354876}