{"Alabama": 0.877502831330661, "Alaska": 0.8947222524052036, "Arizona": 0.86283891719738, "Arkansas": 0.9142161180520033, "California": 0.8154153296789817, "Colorado": 0.8363364265664379, "Connecticut": 0.8579629153792435, "Delaware": 0.8801113091401481, "Florida": 0.8650288167546073, "Georgia": 0.8559378461511016, "Hawaii": 0.8034235559239914, "Idaho": 0.921727118311493, "Illinois": 0.8856354838260433, "Indiana": 0.8521344198240378, "Iowa": 0.9138273700450404, "Kansas": 0.9377339690945167, "Kentucky": 0.9340560902753947, "Louisiana": 0.9523176587025202, "Maine": 0.948633484938867, "Maryland": 0.8464014205852997, "Massachusetts": 0.8398109741528209, "Michigan": 0.8827025927976464, "Minnesota": 0.9182911197475778, "Mississippi": 0.9092226154762337, "Missouri": 0.9383422597533834, "Montana": 0.9503104210247497, "Nebraska": 0.9310922459612425, "Nevada": 0.6445539741042734, "New Hampshire": 0.9070053103311271, "New Jersey": 0.8699297781716139, "New Mexico": 0.923195144208228, "New York": 0.8711445031243487, "North Carolina": 0.8939585818454583, "Ohio": 0.9109126010048285, "Oklahoma": 0.9301942135992444, "Oregon": 0.9161798068470032, "Pennsylvania": 0.9234373358272923, "Rhode Island": 0.8842253829090618, "South Carolina": 0.8434223486708521, "South Dakota": 0.9623922176976168, "Tennessee": 0.905570869968982, "Texas": 0.9237615799293438, "Utah": 0.8619298490030729, "Vermont": 0.9121851067942963, "Virginia": 0.7914638602581442, "Washington": 0.8915796134750147, "West Virginia": 0.964156458067054, "Wisconsin": 0.8767209459406173, "Wyoming": 0.8089066515410422}