{"Alabama": 0.8585390144315407, "Alaska": 0.8991352629906308, "Arizona": 0.8434405411428041, "Arkansas": 0.9002094514348762, "California": 0.7835715804132405, "Colorado": 0.8198376422568177, "Connecticut": 0.8284802877201911, "Delaware": 0.8498391945593295, "Florida": 0.8413474153715768, "Georgia": 0.8310933355129291, "Hawaii": 0.7785622105809589, "Idaho": 0.9043049898295621, "Illinois": 0.8567074456290358, "Indiana": 0.8251778608056637, "Iowa": 0.8889922723715921, "Kansas": 0.9183436818764891, "Kentucky": 0.917478406462301, "Louisiana": 0.950257548141171, "Maine": 0.9244800139726929, "Maryland": 0.8241191862626044, "Massachusetts": 0.806058730660157, "Michigan": 0.8442456911251822, "Minnesota": 0.8873762900913236, "Mississippi": 0.8956304382294572, "Missouri": 0.9108885644321196, "Montana": 0.937483394006307, "Nebraska": 0.9101479037085507, "Nevada": 0.6330087507249792, "New Hampshire": 0.880576555111773, "New Jersey": 0.8405683745541608, "New Mexico": 0.9142644400459542, "New York": 0.8364437636374784, "North Carolina": 0.8630186236093585, "Ohio": 0.8841535745058162, "Oklahoma": 0.9367557447967557, "Oregon": 0.8857080822732609, "Pennsylvania": 0.8986715566711544, "Rhode Island": 0.8509195721655601, "South Carolina": 0.8165132800592092, "South Dakota": 0.9395920111573194, "Tennessee": 0.8834963526223755, "Texas": 0.9169598394584643, "Utah": 0.8400495744377967, "Vermont": 0.8889771525460453, "Virginia": 0.7701762328868846, "Washington": 0.8615053605163877, "West Virginia": 0.9607617824075946, "Wisconsin": 0.8427862237910545, "Wyoming": 0.8418367790839796}