{"Alabama": 0.7967848143650395, "Alaska": 0.8955599773036685, "Arizona": 0.791207281946564, "Arkansas": 0.8571730212933387, "California": 0.7491707027690817, "Colorado": 0.7857037171393365, "Connecticut": 0.7653574576471018, "Delaware": 0.7833408405051426, "Florida": 0.7820964276072981, "Georgia": 0.7715523767158078, "Hawaii": 0.7306672253433519, "Idaho": 0.8585842781188081, "Illinois": 0.7847492915091684, "Indiana": 0.7598567667104272, "Iowa": 0.8291815581460689, "Kansas": 0.8790614101115346, "Kentucky": 0.8549353912870689, "Louisiana": 0.9289378246852593, "Maine": 0.8641319247660667, "Maryland": 0.7750054785564362, "Massachusetts": 0.7375430941199778, "Michigan": 0.7674625381528452, "Minnesota": 0.8205155301571642, "Mississippi": 0.8498339738495201, "Missouri": 0.8512953924602089, "Montana": 0.918371823642026, "Nebraska": 0.8607395552563211, "Nevada": 0.6163434804542433, "New Hampshire": 0.8236652691424984, "New Jersey": 0.781969697563468, "New Mexico": 0.896854201378449, "New York": 0.7646357015258298, "North Carolina": 0.7996487026097941, "Ohio": 0.8188292221771717, "Oklahoma": 0.9238643207947385, "Oregon": 0.8162196124856961, "Pennsylvania": 0.8372264562795975, "Rhode Island": 0.7745372792034739, "South Carolina": 0.7533594707468347, "South Dakota": 0.8826840591138932, "Tennessee": 0.8186565319940204, "Texas": 0.8990964933065569, "Utah": 0.7932568492671044, "Vermont": 0.8294416880382203, "Virginia": 0.7328544534219994, "Washington": 0.8156441561719059, "West Virginia": 0.9403062457812762, "Wisconsin": 0.7731276947399341, "Wyoming": 0.8852202207309431}