{"Alabama": 0.795069838269709, "Alaska": 0.7918179807313351, "Arizona": 0.9611337411524978, "Arkansas": 0.737317453227658, "California": 0.9229573924944772, "Colorado": 0.941607756662984, "Connecticut": 0.8233266812881642, "Delaware": 0.8940446145731716, "Georgia": 0.883489733013468, "Hawaii": 0.8842509372567253, "Idaho": 0.893175541371788, "Illinois": 0.8748678321190202, "Indiana": 0.7023807422968468, "Iowa": 0.831245730296278, "Kansas": 0.8691312283572752, "Kentucky": 0.8234667225213869, "Louisiana": 0.9072356147417896, "Maine": 0.8633088401214258, "Maryland": 0.9428949166500705, "Massachusetts": 0.8343356282898249, "Michigan": 0.7677222588699746, "Minnesota": 0.8589329503009725, "Mississippi": 0.7340683792388857, "Missouri": 0.8916601567880198, "Montana": 0.914836676119309, "Nebraska": 0.9057255712944693, "Nevada": 0.6670497014367585, "New Hampshire": 0.8210674478742604, "New Jersey": 0.8940469478469957, "New Mexico": 0.9403725416931512, "New York": 0.8589485445027715, "North Carolina": 0.7544704824077377, "North Dakota": 0.888562981497283, "Ohio": 0.8072842243175861, "Oklahoma": 0.9198796136805696, "Oregon": 0.8889156212778669, "Pennsylvania": 0.8456237533219922, "Rhode Island": 0.8136105886714153, "South Carolina": 0.7965214278446245, "South Dakota": 0.8731788756646014, "Tennessee": 0.83129877731555, "Texas": 0.9343308393886833, "Utah": 0.904897293451427, "Vermont": 0.8274451127663653, "Virginia": 0.9177422482727318, "Washington": 0.8888923260415021, "West Virginia": 0.8627237317024592, "Wisconsin": 0.731522702294164, "Wyoming": 0.7853616807877603}