{"Alabama": 0.7921692348457422, "Alaska": 0.7954451452076434, "Arizona": 0.9633030893468691, "Arkansas": 0.7268739519506618, "California": 0.9156281519837369, "Colorado": 0.9253375188180396, "Connecticut": 0.8207530273722153, "Delaware": 0.8843149586982382, "Georgia": 0.8870233542967831, "Hawaii": 0.8731209647195923, "Idaho": 0.8790621445521534, "Illinois": 0.870262509688215, "Indiana": 0.6844347742792651, "Iowa": 0.8084190464243692, "Kansas": 0.8536937176162598, "Kentucky": 0.8090539016211649, "Louisiana": 0.9031403713702782, "Maine": 0.8406344083537033, "Maryland": 0.9299026743835292, "Massachusetts": 0.8265926023606461, "Michigan": 0.7533617049627429, "Minnesota": 0.842971614848978, "Mississippi": 0.7192179319689984, "Missouri": 0.8776959995761388, "Montana": 0.8968245752727185, "Nebraska": 0.8873765212035143, "Nevada": 0.6446326564368642, "New Hampshire": 0.8085032313270675, "New Jersey": 0.8846616149954497, "New Mexico": 0.9311984100443815, "New York": 0.8476024329572668, "North Carolina": 0.762790754800762, "North Dakota": 0.8646476842721891, "Ohio": 0.8037685717217042, "Oklahoma": 0.914583883762154, "Oregon": 0.8783023131145515, "Pennsylvania": 0.8337538269051741, "Rhode Island": 0.8068960784899794, "South Carolina": 0.8039867982730022, "South Dakota": 0.8507932804220198, "Tennessee": 0.8292751022627902, "Texas": 0.9273860268421273, "Utah": 0.9007829987824006, "Vermont": 0.8000133217300752, "Virginia": 0.9030351329317743, "Washington": 0.8853462049891533, "West Virginia": 0.8492623250569836, "Wisconsin": 0.720023058236135, "Wyoming": 0.7705633695442891}