{"Alabama": 0.7928122539564186, "Alaska": 0.7869443900383317, "Arizona": 0.9628217539423402, "Arkansas": 0.721619626395418, "California": 0.9107766459654203, "Colorado": 0.9159581911307249, "Connecticut": 0.8174047152732746, "Delaware": 0.8750136008510667, "Georgia": 0.8917074416435611, "Hawaii": 0.8629059727827105, "Idaho": 0.8808792366363244, "Illinois": 0.8663224199837266, "Indiana": 0.6775426471763595, "Iowa": 0.7933866710783489, "Kansas": 0.8443845966375592, "Kentucky": 0.7989838369098727, "Louisiana": 0.8978791028547525, "Maine": 0.8345078916700894, "Maryland": 0.9189652162506037, "Massachusetts": 0.8175607831202887, "Michigan": 0.7545460330146707, "Minnesota": 0.8306515931450695, "Mississippi": 0.7210005579849339, "Missouri": 0.8716947692978697, "Montana": 0.8854900785360037, "Nebraska": 0.8795887666772194, "Nevada": 0.6474503604159485, "New Hampshire": 0.7981525683928045, "New Jersey": 0.8827224717930066, "New Mexico": 0.9261973244039923, "New York": 0.841034496277785, "North Carolina": 0.7719009101429621, "North Dakota": 0.848690650701172, "Ohio": 0.7944316031113878, "Oklahoma": 0.9100023617018452, "Oregon": 0.8675299310680951, "Pennsylvania": 0.8207785230499365, "Rhode Island": 0.8034672169062376, "South Carolina": 0.8054934615424032, "South Dakota": 0.8335102317833997, "Tennessee": 0.8321311628522925, "Texas": 0.9251958728899186, "Utah": 0.901957060281257, "Vermont": 0.7805581715644319, "Virginia": 0.8959702960944752, "Washington": 0.8852385142367766, "West Virginia": 0.8401524063155398, "Wisconsin": 0.7110017600543269, "Wyoming": 0.7525064709433942}