{"Alabama": 0.7125329485663601, "Alaska": 0.8256096774272781, "Arizona": 0.9672089684349259, "Arkansas": 0.7435215574641331, "California": 0.9246558026350041, "Colorado": 0.9311664772007878, "Connecticut": 0.8358666308216843, "Delaware": 0.870001183756669, "Georgia": 0.9059739543248873, "Hawaii": 0.8791569961772432, "Idaho": 0.9130071162694725, "Illinois": 0.8909521590403194, "Indiana": 0.7140584796898585, "Iowa": 0.8175554611610454, "Kansas": 0.8610882714360655, "Kentucky": 0.8196953553045554, "Louisiana": 0.9158044914669453, "Maine": 0.8641023682841732, "Maryland": 0.938502578504513, "Massachusetts": 0.8354488929566235, "Michigan": 0.7838336935728011, "Minnesota": 0.8583089707903782, "Mississippi": 0.7659719860576493, "Missouri": 0.8971372756464728, "Montana": 0.914916957397927, "Nebraska": 0.8950133372156482, "Nevada": 0.683655490921096, "New Hampshire": 0.8303915668737689, "New Jersey": 0.9024794874717932, "New Mexico": 0.9459570045075538, "New York": 0.862412526641957, "North Carolina": 0.8051930585020101, "North Dakota": 0.8774341742912544, "Ohio": 0.8221339169486125, "Oklahoma": 0.9175353373054398, "Oregon": 0.8854389733223422, "Pennsylvania": 0.8459325089008235, "Rhode Island": 0.8121370360369796, "South Carolina": 0.8273081602921558, "South Dakota": 0.8635646677178969, "Tennessee": 0.8577937057900402, "Texas": 0.9398137398765345, "Utah": 0.9199435570141294, "Vermont": 0.8067193400583819, "Virginia": 0.9098123088104099, "Washington": 0.9047664107083127, "West Virginia": 0.8580357395703119, "Wisconsin": 0.742115678555273, "Wyoming": 0.7074553846873342}