{"Alabama": 0.8418721224501012, "Alaska": 0.8214151077430841, "Arizona": 0.9738596113082557, "Arkansas": 0.7592142157805045, "California": 0.9388839350387269, "Colorado": 0.9424051532381138, "Connecticut": 0.8432073963184223, "Delaware": 0.8687431065171567, "Georgia": 0.9194890510128101, "Hawaii": 0.8933599417801801, "Idaho": 0.9256174658998599, "Illinois": 0.9019511780380035, "Indiana": 0.7272810766574275, "Iowa": 0.8235502885532435, "Kansas": 0.8716521552973331, "Kentucky": 0.8330136994487678, "Louisiana": 0.9249667190564361, "Maine": 0.8706471961665146, "Maryland": 0.9412788105285632, "Massachusetts": 0.8466221963962198, "Michigan": 0.804313166524983, "Minnesota": 0.8669358097735125, "Mississippi": 0.7860796644846786, "Missouri": 0.9034664432377694, "Montana": 0.9171329186303439, "Nebraska": 0.8879165823904143, "Nevada": 0.7040656494069646, "New Hampshire": 0.8554611856422344, "New Jersey": 0.9152144081319203, "New Mexico": 0.9486107321681606, "New York": 0.8643467579365737, "North Carolina": 0.8407261232634742, "North Dakota": 0.877407753230713, "Ohio": 0.8378229802914271, "Oklahoma": 0.92713792170247, "Oregon": 0.8965898651237247, "Pennsylvania": 0.8543767303524877, "Rhode Island": 0.7494682245851416, "South Carolina": 0.8487075394341806, "South Dakota": 0.8643976948602862, "Tennessee": 0.8708678581862148, "Texas": 0.9487777726438803, "Utah": 0.9284004028599847, "Vermont": 0.7475668495410998, "Virginia": 0.917834823234626, "Washington": 0.9176829052313559, "West Virginia": 0.8569474042226959, "Wisconsin": 0.7597662883944873, "Wyoming": 0.6609939306404923}