{"Alabama": 0.8480038500902254, "Alaska": 0.832986555214527, "Arizona": 0.9755269406600512, "Arkansas": 0.7640843813455747, "California": 0.942063277786723, "Colorado": 0.9433214711087319, "Connecticut": 0.8412724857703984, "Delaware": 0.8710191448917481, "Georgia": 0.9264291579263362, "Hawaii": 0.8946555375993055, "Idaho": 0.924522560475409, "Illinois": 0.9045214361291022, "Indiana": 0.7261401918709335, "Iowa": 0.8159285700396405, "Kansas": 0.8664158855710659, "Kentucky": 0.8326386977792277, "Louisiana": 0.9191245183487108, "Maine": 0.8678832187935422, "Maryland": 0.9378649187876809, "Massachusetts": 0.8475194482370924, "Michigan": 0.8134990611975719, "Minnesota": 0.8611129622381277, "Mississippi": 0.787710670006252, "Missouri": 0.8990807060154518, "Montana": 0.9109481221484993, "Nebraska": 0.8744803588449986, "Nevada": 0.7146167406005548, "New Hampshire": 0.8560627137908202, "New Jersey": 0.9138103216646616, "New Mexico": 0.9370063854693549, "New York": 0.8573866784014497, "North Carolina": 0.857096987620533, "North Dakota": 0.8602128857448043, "Ohio": 0.8369625607332367, "Oklahoma": 0.9172078058006198, "Oregon": 0.8881755008767244, "Pennsylvania": 0.8496743268114385, "Rhode Island": 0.8377647708912508, "South Carolina": 0.8572689962236989, "South Dakota": 0.851281798321768, "Tennessee": 0.8687768917630254, "Texas": 0.9464320892282305, "Utah": 0.9202205286639346, "Vermont": 0.8245267429536638, "Virginia": 0.9120347202331222, "Washington": 0.9178848779281578, "West Virginia": 0.8486165018490839, "Wisconsin": 0.760032424636214, "Wyoming": 0.7647932283310415}