{"Alabama": 0.8577289785810249, "Alaska": 0.8285778346195263, "Arizona": 0.9786763444531057, "Arkansas": 0.7693902867909252, "California": 0.9466341345869, "Colorado": 0.951021126166047, "Connecticut": 0.8482525839032804, "Delaware": 0.8821886922239175, "Georgia": 0.936044692389347, "Hawaii": 0.9001562430285718, "Idaho": 0.9316234890114969, "Illinois": 0.9097436663790663, "Indiana": 0.7279327090749472, "Iowa": 0.808482853631064, "Kansas": 0.8653712304535703, "Kentucky": 0.8360653518100792, "Louisiana": 0.9245265600583589, "Maine": 0.8617297580496486, "Maryland": 0.9409550292774588, "Massachusetts": 0.8516430967877994, "Michigan": 0.8227580983964943, "Minnesota": 0.8614251778195854, "Mississippi": 0.7927836483697097, "Missouri": 0.9016300050503437, "Montana": 0.9129111394368444, "Nebraska": 0.8699194707922245, "Nevada": 0.7397994020531224, "New Hampshire": 0.8600082044109125, "New Jersey": 0.9169338605908232, "New Mexico": 0.9389035397602354, "New York": 0.8558192158509257, "North Carolina": 0.875552713413425, "North Dakota": 0.8568208469781672, "Ohio": 0.8407753067476249, "Oklahoma": 0.9229909909275287, "Oregon": 0.8876317247626729, "Pennsylvania": 0.8524522925981659, "Rhode Island": 0.8785704636565957, "South Carolina": 0.8781402920090943, "South Dakota": 0.8478803326505373, "Tennessee": 0.875207494395652, "Texas": 0.9526279021379688, "Utah": 0.9281633707729943, "Vermont": 0.8314672049199519, "Virginia": 0.9153641932955966, "Washington": 0.9267900396759313, "West Virginia": 0.8464663777388833, "Wisconsin": 0.7623441329657091, "Wyoming": 0.7574452890316943}