{"Alabama": 0.8019508936857063, "Alaska": 0.8439451948358326, "Arizona": 0.9805083469534304, "Arkansas": 0.6913728053022442, "California": 0.9223876326525499, "Colorado": 0.9482444602380314, "Connecticut": 0.8392378352363478, "Delaware": 0.8860734987486487, "Georgia": 0.9070309577817118, "Hawaii": 0.8984292983693792, "Idaho": 0.8741375733711385, "Illinois": 0.8751900035612655, "Indiana": 0.687887574141261, "Iowa": 0.7320170348713239, "Kansas": 0.8010927582408603, "Kentucky": 0.7624029626960025, "Louisiana": 0.9181219311118883, "Maine": 0.8566910931926685, "Maryland": 0.9430970686163319, "Massachusetts": 0.8448218749127799, "Michigan": 0.802604714453352, "Minnesota": 0.8210584997322137, "Mississippi": 0.7357314766504564, "Missouri": 0.8605256491414258, "Montana": 0.864584995864484, "Nebraska": 0.8179557843180253, "Nevada": 0.739984519155817, "New Hampshire": 0.8520682370496788, "New Jersey": 0.9137202777185418, "New Mexico": 0.9321804429597684, "New York": 0.8566271651803062, "North Carolina": 0.819583754262053, "North Dakota": 0.7614376969436889, "Ohio": 0.802158458619486, "Oklahoma": 0.869569755186686, "Oregon": 0.8511450032449682, "Pennsylvania": 0.830425232874976, "Rhode Island": 0.8305455421203487, "South Carolina": 0.8341701340144803, "South Dakota": 0.7690620470467442, "Tennessee": 0.8179739225423344, "Texas": 0.9341976660027533, "Utah": 0.9049609740581218, "Vermont": 0.8163488295156458, "Virginia": 0.9077915435707463, "Washington": 0.9073275185253933, "West Virginia": 0.8336090083477816, "Wisconsin": 0.6984843245357257, "Wyoming": 0.7358393846380427}