{"Alabama": 0.8572279904868029, "Alaska": 0.8228241886011289, "Arizona": 0.9817014669690541, "Arkansas": 0.776223028758545, "California": 0.9480883240352174, "Colorado": 0.9528469884907609, "Connecticut": 0.8482976520723375, "Delaware": 0.7529418344964341, "Georgia": 0.9425439011117615, "Hawaii": 0.8952120753589943, "Idaho": 0.9362728563253655, "Illinois": 0.9047984208880187, "Indiana": 0.7266808858271951, "Iowa": 0.796350801361452, "Kansas": 0.8580738639724698, "Kentucky": 0.835667225499606, "Louisiana": 0.9215396792247352, "Maine": 0.8598954934398856, "Maryland": 0.9406033220724695, "Massachusetts": 0.8459505125272758, "Michigan": 0.8281936509910734, "Minnesota": 0.8541608815631336, "Mississippi": 0.7977270674679791, "Missouri": 0.9010213136542874, "Montana": 0.9118092482937885, "Nebraska": 0.8583140262312992, "Nevada": 0.7485627189246856, "New Hampshire": 0.8604207294660986, "New Jersey": 0.9115958261653954, "New Mexico": 0.9353507062713078, "New York": 0.8471555721547189, "North Carolina": 0.8853452010109202, "North Dakota": 0.8492357589234149, "Ohio": 0.8330967293769526, "Oklahoma": 0.9137337409500873, "Oregon": 0.8852332922515103, "Pennsylvania": 0.8429721019384259, "Rhode Island": 0.8379404548506639, "South Carolina": 0.8905163666498098, "South Dakota": 0.8384973121624193, "Tennessee": 0.8750766314245748, "Texas": 0.9520199950325242, "Utah": 0.931880013859617, "Vermont": 0.8295437781652617, "Virginia": 0.9156332191693837, "Washington": 0.9260509618367803, "West Virginia": 0.8346995472372054, "Wisconsin": 0.7571955989471655, "Wyoming": 0.7434873398427329}