{"Alabama": 0.8004797042669277, "Alaska": 0.8388375609323295, "Arizona": 0.9834871771649274, "Arkansas": 0.6990185078360757, "California": 0.9260830206352949, "Colorado": 0.950190003493192, "Connecticut": 0.8395076623581001, "Delaware": 0.7641041408886972, "Georgia": 0.9147811729978136, "Hawaii": 0.8934706578858825, "Idaho": 0.8848900939821824, "Illinois": 0.871487710123219, "Indiana": 0.6846682053434827, "Iowa": 0.7158670424079857, "Kansas": 0.7904606002680749, "Kentucky": 0.7653173141381341, "Louisiana": 0.9141367775926976, "Maine": 0.8555207410173967, "Maryland": 0.9430215199688797, "Massachusetts": 0.8403807039059834, "Michigan": 0.8066740728023224, "Minnesota": 0.8132514053951776, "Mississippi": 0.7394993446902649, "Missouri": 0.8602731407726459, "Montana": 0.8665034031591918, "Nebraska": 0.8064005771781033, "Nevada": 0.7490035730248928, "New Hampshire": 0.8526997000092915, "New Jersey": 0.9100395919952285, "New Mexico": 0.9276957083355967, "New York": 0.8486389156167309, "North Carolina": 0.8324008573481049, "North Dakota": 0.7521164149366787, "Ohio": 0.7946495540339285, "Oklahoma": 0.8603199290616917, "Oregon": 0.8488744422463179, "Pennsylvania": 0.8228427312533575, "Rhode Island": 0.8262200140296965, "South Carolina": 0.8476396573756798, "South Dakota": 0.758231395076457, "Tennessee": 0.8208130522406111, "Texas": 0.9335580302517681, "Utah": 0.9092015209308972, "Vermont": 0.8144721364842816, "Virginia": 0.9093571755855839, "Washington": 0.9060723452938627, "West Virginia": 0.8219933509702488, "Wisconsin": 0.6921192039329609, "Wyoming": 0.7196979965060335}