{"Alabama": 0.8070266984033297, "Alaska": 0.8368904397856483, "Arizona": 0.9857634680231541, "Arkansas": 0.7148811660822796, "California": 0.9326837220408604, "Colorado": 0.9586227680655754, "Connecticut": 0.8490684107355861, "Delaware": 0.9054186078382523, "Georgia": 0.9227812010386761, "Hawaii": 0.9009246628898531, "Idaho": 0.895623132816158, "Illinois": 0.8773536954857414, "Indiana": 0.691960114522559, "Iowa": 0.7236165925048476, "Kansas": 0.7942266816538142, "Kentucky": 0.7745648905988443, "Louisiana": 0.9245926387360375, "Maine": 0.8658989056993219, "Maryland": 0.949769398755947, "Massachusetts": 0.8475255343673077, "Michigan": 0.8133818884619471, "Minnesota": 0.820065755474399, "Mississippi": 0.7607813463439709, "Missouri": 0.8726202793730014, "Montana": 0.8870529774548904, "Nebraska": 0.8128592127237763, "Nevada": 0.7597493629051997, "New Hampshire": 0.8652606682960199, "New Jersey": 0.9145642679041212, "New Mexico": 0.9329669935133083, "New York": 0.8529232327101021, "North Carolina": 0.8564771334874035, "North Dakota": 0.7676790693076885, "Ohio": 0.7978050405827956, "Oklahoma": 0.8576990118496273, "Oregon": 0.8593023304211913, "Pennsylvania": 0.8258859440149884, "Rhode Island": 0.834457584255823, "South Carolina": 0.8629392915996419, "South Dakota": 0.7706037403944297, "Tennessee": 0.8377522498366697, "Texas": 0.9375906192553226, "Utah": 0.917574451850765, "Vermont": 0.8263194460726844, "Virginia": 0.9164592098987603, "Washington": 0.911498097684996, "West Virginia": 0.8276822092900182, "Wisconsin": 0.6974561923903428, "Wyoming": 0.7009118581628062}