{"Alabama": 0.8639474800569831, "Alaska": 0.8190119022972736, "Arizona": 0.9841926421615512, "Arkansas": 0.7919999536076536, "California": 0.9533387177319199, "Colorado": 0.9610144289386726, "Connecticut": 0.8579584813119874, "Delaware": 0.9011114257255851, "Georgia": 0.9479165892026081, "Hawaii": 0.9024093527478171, "Idaho": 0.9421732010449947, "Illinois": 0.9092209783634844, "Indiana": 0.7364883720713166, "Iowa": 0.802113057044133, "Kansas": 0.8613983960841308, "Kentucky": 0.8441803971245675, "Louisiana": 0.9332362725552504, "Maine": 0.8703514737266576, "Maryland": 0.9473043487709655, "Massachusetts": 0.8526586721739176, "Michigan": 0.8356828018011845, "Minnesota": 0.85971239516275, "Mississippi": 0.818203179029386, "Missouri": 0.9122029044582587, "Montana": 0.9272846807051193, "Nebraska": 0.8631144396822176, "Nevada": 0.7591481994633155, "New Hampshire": 0.8735650000224061, "New Jersey": 0.9155856680245626, "New Mexico": 0.9396044793258364, "New York": 0.8512905778578607, "North Carolina": 0.905268725172893, "North Dakota": 0.8554303972314663, "Ohio": 0.8355356406008241, "Oklahoma": 0.907778149615373, "Oregon": 0.895229592164607, "Pennsylvania": 0.8453349866495329, "Rhode Island": 0.8450295930308562, "South Carolina": 0.9035067399964832, "South Dakota": 0.8449873004167107, "Tennessee": 0.8872711976956456, "Texas": 0.9553159084804378, "Utah": 0.9395586070862788, "Vermont": 0.8405193157981364, "Virginia": 0.9217300614557933, "Washington": 0.9324798141965527, "West Virginia": 0.8401985935149574, "Wisconsin": 0.7626927920938776, "Wyoming": 0.721797188637026}