{"Alabama": 0.8199408742460838, "Alaska": 0.8316075732796172, "Arizona": 0.9848099591379592, "Arkansas": 0.7347972929485695, "California": 0.9351442262261994, "Colorado": 0.957060496901719, "Connecticut": 0.8597197511569665, "Delaware": 0.9131121621045701, "Georgia": 0.9324833786890913, "Hawaii": 0.9116129882064768, "Idaho": 0.8950824418705635, "Illinois": 0.888050408556831, "Indiana": 0.706441102554204, "Iowa": 0.7296077485663109, "Kansas": 0.7982868677323782, "Kentucky": 0.7863043479966308, "Louisiana": 0.9215796193895748, "Maine": 0.8726255504908224, "Maryland": 0.9517951910424767, "Massachusetts": 0.8543376637661264, "Michigan": 0.8266662108844762, "Minnesota": 0.8288363530278824, "Mississippi": 0.7797659793729996, "Missouri": 0.8850275569707675, "Montana": 0.8907903782057942, "Nebraska": 0.8217480175034376, "Nevada": 0.7595745309430639, "New Hampshire": 0.8698616334357943, "New Jersey": 0.9244542595770693, "New Mexico": 0.9312539040286661, "New York": 0.8714532105867493, "North Carolina": 0.8724725815037943, "North Dakota": 0.7725265249767373, "Ohio": 0.8124874522293065, "Oklahoma": 0.8539952929025886, "Oregon": 0.8679115280940107, "Pennsylvania": 0.8402039170054978, "Rhode Island": 0.8451551494714551, "South Carolina": 0.872062729092386, "South Dakota": 0.7812268410249223, "Tennessee": 0.857934168691774, "Texas": 0.9389882435006397, "Utah": 0.9107702214696517, "Vermont": 0.8260662038710365, "Virginia": 0.916986909345859, "Washington": 0.910477153438412, "West Virginia": 0.8338764100123738, "Wisconsin": 0.7059819157193696, "Wyoming": 0.6889391878766404}