{"Alabama": 0.8748859461534726, "Alaska": 0.8161945445075652, "Arizona": 0.9829917930721835, "Arkansas": 0.8108224533838141, "California": 0.9543032851973415, "Colorado": 0.9592877376615963, "Connecticut": 0.8680957660913605, "Delaware": 0.9098845478402473, "Georgia": 0.9551045822989618, "Hawaii": 0.9137292023877852, "Idaho": 0.9374913799789912, "Illinois": 0.9195892404064503, "Indiana": 0.7535077845274251, "Iowa": 0.8112781202243952, "Kansas": 0.867833934838795, "Kentucky": 0.8554825609070538, "Louisiana": 0.9316913037559827, "Maine": 0.878672604188997, "Maryland": 0.9499519991779014, "Massachusetts": 0.8593060776756408, "Michigan": 0.8494559213855206, "Minnesota": 0.8679310518391562, "Mississippi": 0.8338393652056195, "Missouri": 0.9238116634301589, "Montana": 0.9288155877065908, "Nebraska": 0.8716324923117577, "Nevada": 0.7589378459869622, "New Hampshire": 0.8784208034096929, "New Jersey": 0.9256313635752078, "New Mexico": 0.9396230958489565, "New York": 0.8706638612677575, "North Carolina": 0.917502669115825, "North Dakota": 0.8666449211041027, "Ohio": 0.8504054642147825, "Oklahoma": 0.9059826058067822, "Oregon": 0.9033397066047315, "Pennsylvania": 0.8602524171103084, "Rhode Island": 0.8551796300570293, "South Carolina": 0.9108246228016736, "South Dakota": 0.853766089219102, "Tennessee": 0.904083581637908, "Texas": 0.9562985628457098, "Utah": 0.9316247318709897, "Vermont": 0.8416783294029777, "Virginia": 0.9214663658921145, "Washington": 0.931090891953908, "West Virginia": 0.8484565001211388, "Wisconsin": 0.7744461374961374, "Wyoming": 0.7138386727357401}