{"Alabama": 0.8307281058428663, "Alaska": 0.8405113674721694, "Arizona": 0.9841226789096916, "Arkansas": 0.7482585997345852, "California": 0.9372290529598133, "Colorado": 0.9562379799773094, "Connecticut": 0.8712368402341311, "Delaware": 0.9227800678276038, "Georgia": 0.9353261067735053, "Hawaii": 0.9263269319478715, "Idaho": 0.9010049556221763, "Illinois": 0.8971012430195798, "Indiana": 0.726205023431315, "Iowa": 0.739570018682007, "Kansas": 0.8030702777783911, "Kentucky": 0.8016058115636239, "Louisiana": 0.9239712464205225, "Maine": 0.8976691297647629, "Maryland": 0.9555142600585655, "Massachusetts": 0.8733162507903403, "Michigan": 0.8506971680382791, "Minnesota": 0.8415809024106293, "Mississippi": 0.799791718226186, "Missouri": 0.9015566489954839, "Montana": 0.8983426978364097, "Nebraska": 0.8354188699664361, "Nevada": 0.7599856455435305, "New Hampshire": 0.882889138379627, "New Jersey": 0.9379464491868437, "New Mexico": 0.9368518009660299, "New York": 0.8997073915524261, "North Carolina": 0.8820002418949165, "North Dakota": 0.7916074673707719, "Ohio": 0.8303575168182773, "Oklahoma": 0.8393423970376578, "Oregon": 0.8820091131315743, "Pennsylvania": 0.8597180542676821, "Rhode Island": 0.8659390115185788, "South Carolina": 0.87223151435026, "South Dakota": 0.7968704453144282, "Tennessee": 0.8731701379353854, "Texas": 0.9358912191466281, "Utah": 0.9098371056651925, "Vermont": 0.8455649273170504, "Virginia": 0.9193905974650127, "Washington": 0.9125831434443175, "West Virginia": 0.8410856497382805, "Wisconsin": 0.7190384247509289, "Wyoming": 0.6551802462634293}