{"Alabama": 0.8847172179894472, "Alaska": 0.8267478695931201, "Arizona": 0.9825500371325006, "Arkansas": 0.8258635327270463, "California": 0.9566040646792154, "Colorado": 0.9585605213915329, "Connecticut": 0.8784402899606659, "Delaware": 0.9188426207463397, "Georgia": 0.9565607539309089, "Hawaii": 0.9281996060508733, "Idaho": 0.9466718356165038, "Illinois": 0.9285761986871138, "Indiana": 0.7758938478166114, "Iowa": 0.8264367071773855, "Kansas": 0.8736506178713555, "Kentucky": 0.8710846383967648, "Louisiana": 0.9332336593310919, "Maine": 0.9047363789919165, "Maryland": 0.9538958721678935, "Massachusetts": 0.8782472949012169, "Michigan": 0.8739734190146706, "Minnesota": 0.8811034668872869, "Mississippi": 0.8530740808775806, "Missouri": 0.9406026023191306, "Montana": 0.9377731545790337, "Nebraska": 0.8871662693083857, "Nevada": 0.7595430671913264, "New Hampshire": 0.8922343693205079, "New Jersey": 0.939665652767575, "New Mexico": 0.9445565566183991, "New York": 0.8995272537002672, "North Carolina": 0.9262489126018929, "North Dakota": 0.8864584759845321, "Ohio": 0.8680234647054208, "Oklahoma": 0.8894055913665508, "Oregon": 0.917416837291996, "Pennsylvania": 0.8804808298288084, "Rhode Island": 0.8755607015173379, "South Carolina": 0.9124592450568589, "South Dakota": 0.872079634235103, "Tennessee": 0.9176186279171842, "Texas": 0.9522209441792162, "Utah": 0.9320184750847121, "Vermont": 0.8624740587197356, "Virginia": 0.9233266356666151, "Washington": 0.934562496645303, "West Virginia": 0.8548933386492422, "Wisconsin": 0.7916351200246547, "Wyoming": 0.6816509685132685}