{"Alabama": 0.8452300033533984, "Alaska": 0.8447910727834225, "Arizona": 0.9849243979527122, "Arkansas": 0.7695049206174878, "California": 0.940824324827039, "Colorado": 0.9528396468693004, "Connecticut": 0.8729354137956529, "Delaware": 0.9219738089211265, "Georgia": 0.9434952554563729, "Hawaii": 0.9320351489938361, "Idaho": 0.9021427331350163, "Illinois": 0.9103871853906425, "Indiana": 0.7647346956764813, "Iowa": 0.760002292264911, "Kansas": 0.8233364149498484, "Kentucky": 0.8222863328444932, "Louisiana": 0.9175953947855617, "Maine": 0.9017893580115355, "Maryland": 0.9516571769047677, "Massachusetts": 0.8806533065162353, "Michigan": 0.8868254951942617, "Minnesota": 0.8517713283574285, "Mississippi": 0.8111094010739796, "Missouri": 0.9103503187229994, "Montana": 0.8970314334063509, "Nebraska": 0.8377402761869913, "Nevada": 0.7617141977941836, "New Hampshire": 0.8880745388134282, "New Jersey": 0.9457364552146327, "New Mexico": 0.9331166104446358, "New York": 0.9119826309338015, "North Carolina": 0.8974055063684323, "North Dakota": 0.797153711686482, "Ohio": 0.8578981947025125, "Oklahoma": 0.8528328200147879, "Oregon": 0.8899080947446711, "Pennsylvania": 0.8713753023251137, "Rhode Island": 0.8793116099000492, "South Carolina": 0.8790646888728451, "South Dakota": 0.8058334976470807, "Tennessee": 0.8909161966804668, "Texas": 0.9379289464321542, "Utah": 0.908636392182068, "Vermont": 0.8497478495420276, "Virginia": 0.9117065946455272, "Washington": 0.9087098833261439, "West Virginia": 0.8436833160632268, "Wisconsin": 0.7435918796044191, "Wyoming": 0.6800571802237702}