{"Alabama": 0.8995879862726046, "Alaska": 0.8265459896141262, "Arizona": 0.9846446968188707, "Arkansas": 0.8438798521158875, "California": 0.9609510959048231, "Colorado": 0.9565816542322876, "Connecticut": 0.8801236397704122, "Delaware": 0.9198300881644054, "Georgia": 0.962497391697579, "Hawaii": 0.934923046754328, "Idaho": 0.9500565747409636, "Illinois": 0.9381720851351375, "Indiana": 0.810039042769527, "Iowa": 0.8399182234374863, "Kansas": 0.8929479188182088, "Kentucky": 0.8899734877076013, "Louisiana": 0.925738760039213, "Maine": 0.9012409188298062, "Maryland": 0.9491854668004226, "Massachusetts": 0.8901016230586559, "Michigan": 0.9036568235466172, "Minnesota": 0.8916961210480583, "Mississippi": 0.8705506218594588, "Missouri": 0.9473089744209564, "Montana": 0.9374357586773295, "Nebraska": 0.8883135615087878, "Nevada": 0.760107079896418, "New Hampshire": 0.8995889383286431, "New Jersey": 0.9509418518034852, "New Mexico": 0.9377083919338473, "New York": 0.9154026988991405, "North Carolina": 0.9399099284436081, "North Dakota": 0.8650288167546073, "Ohio": 0.89050863367318, "Oklahoma": 0.8837772093732055, "Oregon": 0.9271302791747875, "Pennsylvania": 0.8927357728353525, "Rhode Island": 0.8897802756847838, "South Carolina": 0.9217955001097772, "South Dakota": 0.8762794133093542, "Tennessee": 0.9319132823462101, "Texas": 0.9499906602033653, "Utah": 0.9362172422617899, "Vermont": 0.8657757234070595, "Virginia": 0.912145655338124, "Washington": 0.9302325414482201, "West Virginia": 0.8515466037680518, "Wisconsin": 0.8168966816250522, "Wyoming": 0.6947907575784701}