{"Alabama": 0.8493800468674966, "Alaska": 0.8376099273104288, "Arizona": 0.9851929108990025, "Arkansas": 0.7705691541455952, "California": 0.9422348165942515, "Colorado": 0.9536818316193719, "Connecticut": 0.8735631586514742, "Delaware": 0.9238701487730929, "Georgia": 0.9447763073933177, "Hawaii": 0.9330651801693775, "Idaho": 0.9010963037022958, "Illinois": 0.9110430033245527, "Indiana": 0.7526960270516597, "Iowa": 0.7520059696584949, "Kansas": 0.8229430608749315, "Kentucky": 0.824732938985626, "Louisiana": 0.9171139470670212, "Maine": 0.8929482609010214, "Maryland": 0.9500898595760422, "Massachusetts": 0.8849204631855028, "Michigan": 0.879577382752635, "Minnesota": 0.8529524082880261, "Mississippi": 0.8180568794446346, "Missouri": 0.9134547891094432, "Montana": 0.8957697087598394, "Nebraska": 0.8303682550550233, "Nevada": 0.7597804572934836, "New Hampshire": 0.890328415353497, "New Jersey": 0.9486433621982405, "New Mexico": 0.927807356366594, "New York": 0.9150380014465999, "North Carolina": 0.9010570691062846, "North Dakota": 0.7766947677198681, "Ohio": 0.8558225438092205, "Oklahoma": 0.8385845674975488, "Oregon": 0.8897811094586702, "Pennsylvania": 0.8735891884422532, "Rhode Island": 0.8820035910031682, "South Carolina": 0.8843358770275588, "South Dakota": 0.80013563414756, "Tennessee": 0.8943730816397885, "Texas": 0.9352994540502786, "Utah": 0.9114763557062214, "Vermont": 0.8469900921422492, "Virginia": 0.9078970520177568, "Washington": 0.9062798455418447, "West Virginia": 0.8377790789283365, "Wisconsin": 0.7411117198106276, "Wyoming": 0.6644936443720567}