{"Alabama": 0.9019150148801848, "Alaska": 0.8249124281535983, "Arizona": 0.9846941160428448, "Arkansas": 0.8520500286740207, "California": 0.9620466570354194, "Colorado": 0.9579183798378319, "Connecticut": 0.8818363928383671, "Delaware": 0.9249105772707393, "Georgia": 0.9626257929356481, "Hawaii": 0.9334331555573185, "Idaho": 0.9505469795108452, "Illinois": 0.9372067051737791, "Indiana": 0.8033200608384762, "Iowa": 0.8374695729704573, "Kansas": 0.8995763133852027, "Kentucky": 0.8917829068211444, "Louisiana": 0.9262198400653534, "Maine": 0.9035471268926878, "Maryland": 0.9483425201229941, "Massachusetts": 0.8920456842923419, "Michigan": 0.8951504578278016, "Minnesota": 0.8933482991736355, "Mississippi": 0.8755117774301479, "Missouri": 0.9492328285629232, "Montana": 0.9394079072796074, "Nebraska": 0.8913961410701238, "Nevada": 0.7684590938789833, "New Hampshire": 0.8995076755291544, "New Jersey": 0.9536856293333588, "New Mexico": 0.9346186337847248, "New York": 0.9215971094213299, "North Carolina": 0.9418327885194202, "North Dakota": 0.8413474153715768, "Ohio": 0.8883984114115976, "Oklahoma": 0.8865625547239714, "Oregon": 0.9258968766279876, "Pennsylvania": 0.8948386211744789, "Rhode Island": 0.8924942210469333, "South Carolina": 0.9210261687443443, "South Dakota": 0.8769619982333925, "Tennessee": 0.931033949189523, "Texas": 0.9501565097571406, "Utah": 0.9375971532205233, "Vermont": 0.867494823126632, "Virginia": 0.9152174256283169, "Washington": 0.9267197755448967, "West Virginia": 0.8498619396996543, "Wisconsin": 0.8125928284590749, "Wyoming": 0.688921388292232}