{"Alabama": 0.8529966171189618, "Alaska": 0.8372030392051996, "Arizona": 0.9851859038180739, "Arkansas": 0.7822650742427063, "California": 0.9442567716695296, "Colorado": 0.9548581935038145, "Connecticut": 0.8759354293404971, "Delaware": 0.9288425791925529, "Georgia": 0.9446834145510483, "Hawaii": 0.9310132559309957, "Idaho": 0.8968505643584028, "Illinois": 0.9101127024269268, "Indiana": 0.7480103879790077, "Iowa": 0.7495858374105192, "Kansas": 0.8297671072858217, "Kentucky": 0.8272569153293376, "Louisiana": 0.9175135336981627, "Maine": 0.894550032891355, "Maryland": 0.9492460481252494, "Massachusetts": 0.8871451199032299, "Michigan": 0.8686504664724987, "Minnesota": 0.8542457556311119, "Mississippi": 0.8273996367501232, "Missouri": 0.9160524036011891, "Montana": 0.897238781648459, "Nebraska": 0.8311220622476152, "Nevada": 0.7682376609905455, "New Hampshire": 0.8899103653448802, "New Jersey": 0.9514453086659773, "New Mexico": 0.9232116054724405, "New York": 0.9211735481928677, "North Carolina": 0.9031763543748865, "North Dakota": 0.7569805716483586, "Ohio": 0.8531963221266383, "Oklahoma": 0.8429945936417808, "Oregon": 0.8878780653911357, "Pennsylvania": 0.8755200560761001, "Rhode Island": 0.8841624130775534, "South Carolina": 0.8817453506768478, "South Dakota": 0.7976800283664716, "Tennessee": 0.8950204045790023, "Texas": 0.9358140528668347, "Utah": 0.9126793230203429, "Vermont": 0.8468792352479101, "Virginia": 0.911266341693818, "Washington": 0.9017881070675073, "West Virginia": 0.8366850339640169, "Wisconsin": 0.7347155646415111, "Wyoming": 0.6566860714693656}