{"Alabama": 0.8980440176849334, "Alaska": 0.8087021135223453, "Arizona": 0.9842853168037518, "Arkansas": 0.8502684409009221, "California": 0.9641166130146264, "Colorado": 0.9564622299774194, "Connecticut": 0.8832102534143399, "Delaware": 0.9207954804437349, "Georgia": 0.9615902599452577, "Hawaii": 0.9309758607621919, "Idaho": 0.9450521810918527, "Illinois": 0.9328857321167213, "Indiana": 0.7912540009124872, "Iowa": 0.8337688649432188, "Kansas": 0.8917549712546736, "Kentucky": 0.8834529126465219, "Louisiana": 0.9224779977572988, "Maine": 0.9076349951659414, "Maryland": 0.9467294585218073, "Massachusetts": 0.8826210485566757, "Michigan": 0.8840305874141701, "Minnesota": 0.8891003867389348, "Mississippi": 0.8730892906270182, "Missouri": 0.9437094193264677, "Montana": 0.9326039153647492, "Nebraska": 0.891428045585596, "Nevada": 0.7774694576584228, "New Hampshire": 0.9007516642900212, "New Jersey": 0.954044858117361, "New Mexico": 0.9252054489033872, "New York": 0.9214714296267202, "North Carolina": 0.9415489121473223, "North Dakota": 0.7936885133353139, "Ohio": 0.8810393316529779, "Oklahoma": 0.8445287167042407, "Oregon": 0.9235032825708186, "Pennsylvania": 0.8913940354331195, "Rhode Island": 0.8954995116125699, "South Carolina": 0.9189043177341286, "South Dakota": 0.871788689989513, "Tennessee": 0.9258151837698014, "Texas": 0.9394102398375056, "Utah": 0.9357956441877228, "Vermont": 0.8627681295066478, "Virginia": 0.9157373019986003, "Washington": 0.918474177592704, "West Virginia": 0.8388516849050855, "Wisconsin": 0.8035245218117053, "Wyoming": 0.6651329707686988}