{"Alabama": 0.8484165838119028, "Alaska": 0.8201614567098521, "Arizona": 0.9845278617668517, "Arkansas": 0.7862883394894772, "California": 0.9493150544142438, "Colorado": 0.9533134173134051, "Connecticut": 0.8778359077060198, "Delaware": 0.9246538535756227, "Georgia": 0.9431842880805396, "Hawaii": 0.9294837091794185, "Idaho": 0.8911144986586422, "Illinois": 0.905298847598938, "Indiana": 0.7362422956440644, "Iowa": 0.7476123230182626, "Kansas": 0.823658306287151, "Kentucky": 0.8181898936293601, "Louisiana": 0.9136354114987674, "Maine": 0.8988477804846472, "Maryland": 0.9476275869308216, "Massachusetts": 0.8791764650297598, "Michigan": 0.857047340072211, "Minnesota": 0.8502293914110425, "Mississippi": 0.8264462250000362, "Missouri": 0.9121605012748866, "Montana": 0.8906262346386167, "Nebraska": 0.8354260248508569, "Nevada": 0.7773163708751872, "New Hampshire": 0.8904077011060503, "New Jersey": 0.9522211965073551, "New Mexico": 0.9126885217675149, "New York": 0.9209959642205012, "North Carolina": 0.9032688209386162, "North Dakota": 0.7164681731910176, "Ohio": 0.8442703081353722, "Oklahoma": 0.8033068142893164, "Oregon": 0.8875976167699688, "Pennsylvania": 0.8722691615676093, "Rhode Island": 0.8872781154159579, "South Carolina": 0.8789761167550484, "South Dakota": 0.7890684377822654, "Tennessee": 0.8896163850735694, "Texas": 0.9252489554992962, "Utah": 0.9104599863079937, "Vermont": 0.8395812806697995, "Virginia": 0.91183994297067, "Washington": 0.8935424346580267, "West Virginia": 0.826501259835802, "Wisconsin": 0.726030332167828, "Wyoming": 0.6316880642025722}