{"Alabama": 0.8949833692888123, "Alaska": 0.8128071068798453, "Arizona": 0.9845002966350985, "Arkansas": 0.8548366289558771, "California": 0.9643918913362135, "Colorado": 0.9530958644590233, "Connecticut": 0.8831807236625282, "Delaware": 0.9189839075375626, "Georgia": 0.9615937762222311, "Hawaii": 0.9316714696725072, "Idaho": 0.9423300203431948, "Illinois": 0.9306619386256604, "Indiana": 0.785641329837634, "Iowa": 0.8286337932028602, "Kansas": 0.8910605331044006, "Kentucky": 0.882025896143637, "Louisiana": 0.9219470958712381, "Maine": 0.9009038942604958, "Maryland": 0.947109255580831, "Massachusetts": 0.8798021534339022, "Michigan": 0.8769435000814974, "Minnesota": 0.8837500512343326, "Mississippi": 0.872357973694029, "Missouri": 0.9394203579147471, "Montana": 0.9259998570310558, "Nebraska": 0.8879950466869351, "Nevada": 0.7879616939409934, "New Hampshire": 0.90295524915907, "New Jersey": 0.9531847373135544, "New Mexico": 0.920564785695057, "New York": 0.9200486793038537, "North Carolina": 0.9425517487435868, "North Dakota": 0.7820964276072981, "Ohio": 0.8774437900584249, "Oklahoma": 0.8337342469086838, "Oregon": 0.920380343094584, "Pennsylvania": 0.8895080845068493, "Rhode Island": 0.8925800395534631, "South Carolina": 0.9198959174319172, "South Dakota": 0.8683316908753602, "Tennessee": 0.9242776062927102, "Texas": 0.9374538305911564, "Utah": 0.9376978923976188, "Vermont": 0.8623219905026769, "Virginia": 0.9215392241295784, "Washington": 0.9162391407972341, "West Virginia": 0.8396887249693863, "Wisconsin": 0.8009378003697094, "Wyoming": 0.6851677677090272}