{"Alabama": 0.843714724485803, "Alaska": 0.825012083976395, "Arizona": 0.9845273485187784, "Arkansas": 0.7898564021530107, "California": 0.9511870780173344, "Colorado": 0.9500635409070205, "Connecticut": 0.8779889165465297, "Delaware": 0.9233604803906929, "Georgia": 0.9439549865641762, "Hawaii": 0.9302643853717221, "Idaho": 0.8882308171771769, "Illinois": 0.904324945086982, "Indiana": 0.7300454593420458, "Iowa": 0.7391640000728921, "Kansas": 0.8246198914776008, "Kentucky": 0.8158597867276497, "Louisiana": 0.9131074711324015, "Maine": 0.8909457034394781, "Maryland": 0.9481082157091691, "Massachusetts": 0.876924098460317, "Michigan": 0.8483921140479798, "Minnesota": 0.8462064753043117, "Mississippi": 0.8272133640017126, "Missouri": 0.9070254437008126, "Montana": 0.8828008164389939, "Nebraska": 0.8305024014632646, "Nevada": 0.7880865880204535, "New Hampshire": 0.8920162000416771, "New Jersey": 0.9520020167076059, "New Mexico": 0.9067757879630183, "New York": 0.9198224128342914, "North Carolina": 0.9053982798805669, "North Dakota": 0.7064330476568109, "Ohio": 0.8408927920872756, "Oklahoma": 0.7922474947490564, "Oregon": 0.8832788870676155, "Pennsylvania": 0.8710521639839556, "Rhode Island": 0.8850921868794817, "South Carolina": 0.8798817704320391, "South Dakota": 0.7867370835280179, "Tennessee": 0.8878236829085461, "Texas": 0.9237916393422209, "Utah": 0.9133284168059885, "Vermont": 0.8374516416301294, "Virginia": 0.9176335763006441, "Washington": 0.8920474659689719, "West Virginia": 0.827169731122204, "Wisconsin": 0.7225999039820519, "Wyoming": 0.6531946858358613}