{"Alabama": 0.8467313551317164, "Alaska": 0.8199601746608233, "Arizona": 0.9847656094133268, "Arkansas": 0.7956853081111425, "California": 0.9512468378467003, "Colorado": 0.9484463164309129, "Connecticut": 0.8810807036989916, "Delaware": 0.9190645791900555, "Georgia": 0.9436560277814451, "Hawaii": 0.9315193931016165, "Idaho": 0.889879089187095, "Illinois": 0.9062588365622779, "Indiana": 0.7250500223639066, "Iowa": 0.7445260974696222, "Kansas": 0.8277949553189596, "Kentucky": 0.8142304129537759, "Louisiana": 0.9122852877504122, "Maine": 0.8925126926533673, "Maryland": 0.9479046318161778, "Massachusetts": 0.8740770648939381, "Michigan": 0.8418442917767051, "Minnesota": 0.8438395652764712, "Mississippi": 0.8257333139636079, "Missouri": 0.9088190353686434, "Montana": 0.8846689474310798, "Nebraska": 0.8332651097951898, "Nevada": 0.7906706712435619, "New Hampshire": 0.8962500717004945, "New Jersey": 0.9513981938425863, "New Mexico": 0.9067917968820491, "New York": 0.9177424361176185, "North Carolina": 0.908247504381128, "North Dakota": 0.6954154330515765, "Ohio": 0.839540818415868, "Oklahoma": 0.7875171586560588, "Oregon": 0.8839210550816323, "Pennsylvania": 0.8699888890454396, "Rhode Island": 0.8848702104697794, "South Carolina": 0.8824284817906773, "South Dakota": 0.7872800700513423, "Tennessee": 0.8903362119493858, "Texas": 0.9238922790600591, "Utah": 0.9130915611137549, "Vermont": 0.8409012073559319, "Virginia": 0.9234574949869332, "Washington": 0.8949904563702933, "West Virginia": 0.8337944336027974, "Wisconsin": 0.7210204149253825, "Wyoming": 0.6414784345119912}