{"Alabama": 0.8961218384822167, "Alaska": 0.8071671859509197, "Arizona": 0.9848422920161197, "Arkansas": 0.8590656211376034, "California": 0.9641210562319631, "Colorado": 0.9513970750780272, "Connecticut": 0.8857514199522069, "Delaware": 0.9139317074509387, "Georgia": 0.9611697083549703, "Hawaii": 0.9330310345966073, "Idaho": 0.9432607003660561, "Illinois": 0.9316846957357344, "Indiana": 0.781818823079924, "Iowa": 0.8291498571529472, "Kansas": 0.89423761944774, "Kentucky": 0.8811392032077605, "Louisiana": 0.9208906342806625, "Maine": 0.9024914775053199, "Maryland": 0.946800438762655, "Massachusetts": 0.8764992214622798, "Michigan": 0.8719308405459008, "Minnesota": 0.8806788943089455, "Mississippi": 0.8741935060364342, "Missouri": 0.940296249162318, "Montana": 0.9252007868278038, "Nebraska": 0.8889034699913752, "Nevada": 0.7904311101731009, "New Hampshire": 0.9082974888882984, "New Jersey": 0.9520078908219372, "New Mexico": 0.9191100932884254, "New York": 0.9178198378894299, "North Carolina": 0.9450998698376204, "North Dakota": 0.767134091780394, "Ohio": 0.8762936437946752, "Oklahoma": 0.8263229365775471, "Oregon": 0.9201587143230743, "Pennsylvania": 0.8880267662527903, "Rhode Island": 0.8929667457133976, "South Carolina": 0.9218480498426079, "South Dakota": 0.866823652703974, "Tennessee": 0.9263500312416708, "Texas": 0.936786844818529, "Utah": 0.937056714292637, "Vermont": 0.8653630799550924, "Virginia": 0.9274831979443128, "Washington": 0.9181647919961619, "West Virginia": 0.8461297619510384, "Wisconsin": 0.7991376613694725, "Wyoming": 0.6726196967397966}