{"Alabama": 0.8425183382629859, "Alaska": 0.5533496384981104, "Arizona": 0.8781916932409676, "Arkansas": 0.8301103233514074, "California": 0.9166507904609106, "Colorado": 0.8546703410909393, "Delaware": 0.8909430068394392, "Florida": 0.8233266812881643, "Georgia": 0.8189887262379981, "Hawaii": 0.6276363146234452, "Idaho": 0.8541143754443552, "Illinois": 0.9633846083673131, "Indiana": 0.8758666650940264, "Iowa": 0.9192601043644255, "Kansas": 0.9304979280207165, "Kentucky": 0.8824220611693769, "Louisiana": 0.8119869865232475, "Maine": 0.8652152623417735, "Maryland": 0.8696168291933626, "Massachusetts": 0.9655282768624986, "Michigan": 0.9237124388195664, "Minnesota": 0.9601618173085423, "Mississippi": 0.8292538296248427, "Missouri": 0.9310078669644187, "Montana": 0.7828895349558063, "Nebraska": 0.8891116083082159, "Nevada": 0.4221793707019934, "New Hampshire": 0.9409740474693578, "New Jersey": 0.8787638729965541, "New Mexico": 0.823007663899796, "New York": 0.9279447604258291, "North Carolina": 0.8029824557733893, "North Dakota": 0.8357711569530991, "Ohio": 0.9372244897927715, "Oklahoma": 0.8879648518064519, "Oregon": 0.9254529798731402, "Pennsylvania": 0.955773790541146, "Rhode Island": 0.9456389577506898, "South Carolina": 0.7508538309162843, "South Dakota": 0.8983985888598569, "Tennessee": 0.8762039516468879, "Texas": 0.8870296504857099, "Utah": 0.9085245420190925, "Vermont": 0.9012504641811087, "Virginia": 0.8618274480363443, "Washington": 0.9329433696445945, "West Virginia": 0.8440659158548706, "Wisconsin": 0.899027425753563, "Wyoming": 0.5858507896114602}