{"Alabama": 0.8457319831721867, "Alaska": 0.5973585343250866, "Arizona": 0.8733089646455031, "Arkansas": 0.8256643881045893, "California": 0.9171725945799954, "Colorado": 0.8510274282614322, "Delaware": 0.9037540907699219, "Florida": 0.8207530273722153, "Georgia": 0.8273607165741885, "Hawaii": 0.6462288486032771, "Idaho": 0.8634514143166129, "Illinois": 0.963631510818939, "Indiana": 0.8613192652492729, "Iowa": 0.9150775320089525, "Kansas": 0.9311289616302769, "Kentucky": 0.8808203888317206, "Louisiana": 0.8272463186214619, "Maine": 0.8774916182519712, "Maryland": 0.8797716609824684, "Massachusetts": 0.9671175585627636, "Michigan": 0.9141584414558238, "Minnesota": 0.9613887118486004, "Mississippi": 0.8148941871167931, "Missouri": 0.9296853549123538, "Montana": 0.8017612309785068, "Nebraska": 0.8966290008472748, "Nevada": 0.4218131481957531, "New Hampshire": 0.9352693590270041, "New Jersey": 0.890762210703257, "New Mexico": 0.8351078087320628, "New York": 0.9359893363641689, "North Carolina": 0.8177302185950052, "North Dakota": 0.8476058275870958, "Ohio": 0.9332965926106551, "Oklahoma": 0.8906712049367302, "Oregon": 0.9290221214077887, "Pennsylvania": 0.9577777644198437, "Rhode Island": 0.9489694191003042, "South Carolina": 0.7585832639598796, "South Dakota": 0.9066718861439506, "Tennessee": 0.8717190571260164, "Texas": 0.8875491823512323, "Utah": 0.9077561586703141, "Vermont": 0.9016199617146905, "Virginia": 0.8662274645877452, "Washington": 0.9313895960596642, "West Virginia": 0.8559626400407667, "Wisconsin": 0.8904703760769382, "Wyoming": 0.6008304393577989}