{"Alabama": 0.8505951884018476, "Alaska": 0.6150382527202881, "Arizona": 0.8703248155283883, "Arkansas": 0.8257389447158097, "California": 0.9179292253277775, "Colorado": 0.8464417755066164, "Delaware": 0.9090254019919712, "Florida": 0.8174047152732746, "Georgia": 0.834331790163218, "Hawaii": 0.6490963708188299, "Idaho": 0.8712084740768573, "Illinois": 0.9648685683769374, "Indiana": 0.8540531795674269, "Iowa": 0.9151041852441165, "Kansas": 0.9299519852434399, "Kentucky": 0.8791392385404083, "Louisiana": 0.8314690086715008, "Maine": 0.8846606745283453, "Maryland": 0.8858253492855174, "Massachusetts": 0.9668009512100668, "Michigan": 0.9102153179088422, "Minnesota": 0.9613409227954546, "Mississippi": 0.8155968981084003, "Missouri": 0.9285193915510277, "Montana": 0.8105657559509656, "Nebraska": 0.9005133846310581, "Nevada": 0.4376081895715733, "New Hampshire": 0.9318971467879862, "New Jersey": 0.8984677565169553, "New Mexico": 0.8399042378048661, "New York": 0.9407312214953442, "North Carolina": 0.8289040951971561, "North Dakota": 0.8588401678491768, "Ohio": 0.9284670748722801, "Oklahoma": 0.8923423949487872, "Oregon": 0.9281513952685235, "Pennsylvania": 0.9571032938776918, "Rhode Island": 0.9496551392247549, "South Carolina": 0.7697670262784617, "South Dakota": 0.9093273880550203, "Tennessee": 0.8692358243845614, "Texas": 0.889791492429768, "Utah": 0.9134574379290485, "Vermont": 0.8978899528049119, "Virginia": 0.864265193900561, "Washington": 0.9287760974978444, "West Virginia": 0.8609499687722804, "Wisconsin": 0.886231204699481, "Wyoming": 0.6033649404101169}