{"Alabama": 0.8124893940378308, "Alaska": 0.6756691688998893, "Arizona": 0.8717897721772, "Arkansas": 0.8212417241081663, "California": 0.9131273315348588, "Colorado": 0.8477520563564219, "Delaware": 0.9017539064962861, "Florida": 0.8358666308216843, "Georgia": 0.8366677681425779, "Hawaii": 0.6330594272800824, "Idaho": 0.878465455922665, "Illinois": 0.9613205697506984, "Indiana": 0.862051238909767, "Iowa": 0.9159595943403447, "Kansas": 0.9298809500436576, "Kentucky": 0.8815395944702583, "Louisiana": 0.8303536810635059, "Maine": 0.8927542178905313, "Maryland": 0.8853908325957577, "Massachusetts": 0.9630086919938479, "Michigan": 0.9178581665472751, "Minnesota": 0.959442082033641, "Mississippi": 0.8252080192332649, "Missouri": 0.9282648566725559, "Montana": 0.8196774927548728, "Nebraska": 0.8946675127362774, "Nevada": 0.46117946900365575, "New Hampshire": 0.9305373297133476, "New Jersey": 0.9016663833811923, "New Mexico": 0.8358970174275222, "New York": 0.9430609791190123, "North Carolina": 0.837400059476566, "North Dakota": 0.8714299857536908, "Ohio": 0.9345142513834866, "Oklahoma": 0.8812677212364332, "Oregon": 0.9310073817227771, "Pennsylvania": 0.9565258777904843, "Rhode Island": 0.9478855909828838, "South Carolina": 0.7840221754632595, "South Dakota": 0.9112844414921925, "Tennessee": 0.8720938918375651, "Texas": 0.8887305846405325, "Utah": 0.919528562740593, "Vermont": 0.9036308207999112, "Virginia": 0.8642772132466042, "Washington": 0.9319149591380297, "West Virginia": 0.8572826605649249, "Wisconsin": 0.8917553031697133, "Wyoming": 0.5890352696505514}