{"Alabama": 0.863676927068456, "Alaska": 0.6360520855625397, "Arizona": 0.873522125003723, "Arkansas": 0.8222875081433285, "California": 0.913096261964973, "Colorado": 0.8581365064120189, "Delaware": 0.9094355286219827, "Florida": 0.8432073963184223, "Georgia": 0.8435760628039476, "Hawaii": 0.6594263867317176, "Idaho": 0.884232648050737, "Illinois": 0.9607951850282487, "Indiana": 0.858798106682894, "Iowa": 0.9159108199033378, "Kansas": 0.9303528670891996, "Kentucky": 0.8866587015200094, "Louisiana": 0.8447116910787963, "Maine": 0.8969982484473144, "Maryland": 0.8911380087881885, "Massachusetts": 0.9632861980475772, "Michigan": 0.9208061336350883, "Minnesota": 0.962271438011831, "Mississippi": 0.8251551894329612, "Missouri": 0.9300795917814082, "Montana": 0.8314732921617422, "Nebraska": 0.8975715310621258, "Nevada": 0.48906596194691115, "New Hampshire": 0.9293576983033833, "New Jersey": 0.9094295914005864, "New Mexico": 0.8504939228951162, "New York": 0.9472379006522681, "North Carolina": 0.8543055208117687, "North Dakota": 0.8834061381113348, "Ohio": 0.9366267652425655, "Oklahoma": 0.8876635671937618, "Oregon": 0.9317787310940889, "Pennsylvania": 0.9581414880683677, "Rhode Island": 0.9033077037790053, "South Carolina": 0.7962897980784297, "South Dakota": 0.9128068431721182, "Tennessee": 0.873606985705727, "Texas": 0.8930666854747339, "Utah": 0.920929719427873, "Vermont": 0.8558664906202913, "Virginia": 0.8690824573222086, "Washington": 0.9323877117772831, "West Virginia": 0.8675945405310823, "Wisconsin": 0.89635474769606, "Wyoming": 0.5627814587010015}