{"Alabama": 0.8703429119927101, "Alaska": 0.7022972378630595, "Arizona": 0.8805172835008678, "Arkansas": 0.8292542574392789, "California": 0.9127329885207103, "Colorado": 0.8685800375382018, "Delaware": 0.9154981204147135, "Florida": 0.8412724857703984, "Georgia": 0.851493529137983, "Hawaii": 0.6765391966413068, "Idaho": 0.8869512756120318, "Illinois": 0.9611143098101083, "Indiana": 0.8572061986039621, "Iowa": 0.9166626220599775, "Kansas": 0.9285616982120567, "Kentucky": 0.8883508312604976, "Louisiana": 0.8534894160591924, "Maine": 0.9013451276857966, "Maryland": 0.8957270347859799, "Massachusetts": 0.9617094639528243, "Michigan": 0.924160341670013, "Minnesota": 0.9638764369585824, "Mississippi": 0.8300253228541215, "Missouri": 0.933017968181348, "Montana": 0.8354960029091179, "Nebraska": 0.8985823921900776, "Nevada": 0.5119995482025274, "New Hampshire": 0.9279508599600425, "New Jersey": 0.9164479538904683, "New Mexico": 0.8571662375191141, "New York": 0.9493527750377847, "North Carolina": 0.864544882304573, "North Dakota": 0.8888374907600699, "Ohio": 0.9375831524975727, "Oklahoma": 0.8833543723947054, "Oregon": 0.9386003756352655, "Pennsylvania": 0.9593107526351524, "Rhode Island": 0.9587577955218061, "South Carolina": 0.8040497471675926, "South Dakota": 0.9156592296288207, "Tennessee": 0.8806140868583503, "Texas": 0.8979026458222747, "Utah": 0.9285477075718827, "Vermont": 0.9094370207484691, "Virginia": 0.8681515966152356, "Washington": 0.93337689893695, "West Virginia": 0.8657528684212679, "Wisconsin": 0.8983379009685796, "Wyoming": 0.5831426217427713}