{"Alabama": 0.8768583872546303, "Alaska": 0.7124923741305906, "Arizona": 0.8820632161028014, "Arkansas": 0.8341105734890245, "California": 0.9126805029969458, "Colorado": 0.8751089452883853, "Delaware": 0.9165607281470082, "Florida": 0.8482525839032804, "Georgia": 0.8555779237283141, "Hawaii": 0.7019248702792675, "Idaho": 0.889748758533006, "Illinois": 0.9605938023422712, "Indiana": 0.8564354397497594, "Iowa": 0.9178292795616682, "Kansas": 0.9335560993687947, "Kentucky": 0.8904825377024953, "Louisiana": 0.8623271836261872, "Maine": 0.9009851525347793, "Maryland": 0.8979993790184944, "Massachusetts": 0.9601761694017448, "Michigan": 0.9288260774444488, "Minnesota": 0.9656488701173435, "Mississippi": 0.8353209536631149, "Missouri": 0.9362814211949321, "Montana": 0.8370226042404564, "Nebraska": 0.9015586524199476, "Nevada": 0.5240798403934525, "New Hampshire": 0.930746298800981, "New Jersey": 0.9181637943128388, "New Mexico": 0.8636898064227027, "New York": 0.9489159418850027, "North Carolina": 0.8797549953136007, "North Dakota": 0.8941283131402803, "Ohio": 0.9397951865923635, "Oklahoma": 0.8907771027108935, "Oregon": 0.9395083554550063, "Pennsylvania": 0.9610123154326665, "Rhode Island": 0.8526467961864233, "South Carolina": 0.8161079878402564, "South Dakota": 0.9172911326921466, "Tennessee": 0.8844020102670033, "Texas": 0.9054569662504807, "Utah": 0.9297318031718474, "Vermont": 0.910668044036296, "Virginia": 0.8667632876159228, "Washington": 0.9351680321356398, "West Virginia": 0.8643221168672889, "Wisconsin": 0.9002031132715903, "Wyoming": 0.5824628628663078}