{"Alabama": 0.892403060427916, "Alaska": 0.7512160753387053, "Arizona": 0.8810936078218585, "Arkansas": 0.8410648221100153, "California": 0.9289718348054932, "Colorado": 0.8788094610784049, "Delaware": 0.9520676922140014, "Florida": 0.8392378352363479, "Georgia": 0.9092386603298467, "Hawaii": 0.6889398907341236, "Idaho": 0.8607937904874133, "Illinois": 0.9714198331662259, "Indiana": 0.8617266699362319, "Iowa": 0.8880446720062416, "Kansas": 0.9161777291952037, "Kentucky": 0.8702149802804121, "Louisiana": 0.891484263235917, "Maine": 0.9221694164469788, "Maryland": 0.89971849574384, "Massachusetts": 0.9673462091069625, "Michigan": 0.9355941878919253, "Minnesota": 0.9616828220705946, "Mississippi": 0.8379156542054051, "Missouri": 0.933822926120704, "Montana": 0.7691386954552979, "Nebraska": 0.9025644632795763, "Nevada": 0.5183181769568723, "New Hampshire": 0.9396057755079296, "New Jersey": 0.9549150683487888, "New Mexico": 0.8407424689702547, "New York": 0.9563863021455833, "North Carolina": 0.9105697020219767, "North Dakota": 0.7907580521432003, "Ohio": 0.9411142789625594, "Oklahoma": 0.8617225322478113, "Oregon": 0.9296241770184303, "Pennsylvania": 0.9723249835008709, "Rhode Island": 0.9677225544203643, "South Carolina": 0.8626696833246639, "South Dakota": 0.8442946776180471, "Tennessee": 0.8906067257500472, "Texas": 0.9167246153793507, "Utah": 0.9404946291849546, "Vermont": 0.9139625903776549, "Virginia": 0.8893136146438338, "Washington": 0.9384819318912706, "West Virginia": 0.8684410280793402, "Wisconsin": 0.8913000720286842, "Wyoming": 0.5913814301450399}