{"Alabama": 0.8793970532406427, "Alaska": 0.7161136550005014, "Arizona": 0.8745728566906982, "Arkansas": 0.8388181294344922, "California": 0.9099434409828542, "Colorado": 0.875415718790719, "Delaware": 0.8562543957740507, "Florida": 0.8482976520723375, "Georgia": 0.8582749064629976, "Hawaii": 0.7085650882546345, "Idaho": 0.8833585860447893, "Illinois": 0.9611789745785372, "Indiana": 0.8555211240151491, "Iowa": 0.9156710600090702, "Kansas": 0.9350174636026976, "Kentucky": 0.8925021438571619, "Louisiana": 0.8631105849814957, "Maine": 0.8996953206895169, "Maryland": 0.896629148868228, "Massachusetts": 0.9585276958224466, "Michigan": 0.932854411847207, "Minnesota": 0.9663546865115846, "Mississippi": 0.8414590841755583, "Missouri": 0.9370210948902822, "Montana": 0.8371920425616284, "Nebraska": 0.9034284397689527, "Nevada": 0.5293972214507012, "New Hampshire": 0.933473237613181, "New Jersey": 0.9209730012346596, "New Mexico": 0.8629964279156969, "New York": 0.9489686465617692, "North Carolina": 0.8896784749972749, "North Dakota": 0.8997530364025815, "Ohio": 0.9394307287487097, "Oklahoma": 0.8887538436216618, "Oregon": 0.9387041127036478, "Pennsylvania": 0.9605479276896879, "Rhode Island": 0.9584526597274154, "South Carolina": 0.8239394203303791, "South Dakota": 0.9208603026115435, "Tennessee": 0.8879968312698745, "Texas": 0.9071432011305958, "Utah": 0.9266722249919647, "Vermont": 0.9097359724428185, "Virginia": 0.8662143271299988, "Washington": 0.934078252267228, "West Virginia": 0.8588629706837733, "Wisconsin": 0.9002259636075526, "Wyoming": 0.6051954496217471}