{"Alabama": 0.8911440085418457, "Alaska": 0.7551943033274975, "Arizona": 0.8724831415086493, "Arkansas": 0.8451628301333217, "California": 0.9260982747010136, "Colorado": 0.8785006416006237, "Delaware": 0.8940587948630371, "Florida": 0.8395076623581001, "Georgia": 0.9073837256286291, "Hawaii": 0.6956135596622304, "Idaho": 0.8583225968885041, "Illinois": 0.9713642936511143, "Indiana": 0.8590948945889899, "Iowa": 0.8830023130442963, "Kansas": 0.915182272270561, "Kentucky": 0.8749794760925469, "Louisiana": 0.8913920705355325, "Maine": 0.9199785915393937, "Maryland": 0.8980195784626276, "Massachusetts": 0.9656894520258755, "Michigan": 0.9382243471444808, "Minnesota": 0.9613834973467479, "Mississippi": 0.8415867512954734, "Missouri": 0.9344049983106535, "Montana": 0.774660431571933, "Nebraska": 0.9035902296810137, "Nevada": 0.5241226972428955, "New Hampshire": 0.9415922489019147, "New Jersey": 0.9560458103884724, "New Mexico": 0.8408545808896712, "New York": 0.9555895222414869, "North Carolina": 0.9166988753314902, "North Dakota": 0.7983034582022469, "Ohio": 0.940116997645042, "Oklahoma": 0.8611705233397491, "Oregon": 0.9292986892684887, "Pennsylvania": 0.9709901318449297, "Rhode Island": 0.9671914346737625, "South Carolina": 0.8648467722401985, "South Dakota": 0.8491671999925942, "Tennessee": 0.89361318685882, "Texas": 0.917389350385108, "Utah": 0.9372670136037051, "Vermont": 0.9129676577237367, "Virginia": 0.8861727514436384, "Washington": 0.9370943158914863, "West Virginia": 0.8624422624025962, "Wisconsin": 0.8887664265223029, "Wyoming": 0.5792032436367035}