{"Alabama": 0.8892045202058707, "Alaska": 0.7539984582500641, "Arizona": 0.8696428271552156, "Arkansas": 0.8464583191785306, "California": 0.9230691952119895, "Colorado": 0.8771733632987422, "Delaware": 0.9527617182235779, "Florida": 0.849068410735586, "Georgia": 0.9062428600874973, "Hawaii": 0.6996704309212299, "Idaho": 0.8555138289879981, "Illinois": 0.9707597139335473, "Indiana": 0.8575961094270461, "Iowa": 0.8844380166348345, "Kansas": 0.9143269629816444, "Kentucky": 0.8762471229209161, "Louisiana": 0.8850706568709897, "Maine": 0.9195800370453615, "Maryland": 0.8970719388032313, "Massachusetts": 0.9655323139609866, "Michigan": 0.9402900205461682, "Minnesota": 0.9631266860969446, "Mississippi": 0.8434210992968494, "Missouri": 0.9351556185495632, "Montana": 0.7821649011406807, "Nebraska": 0.9081360026931299, "Nevada": 0.5330401618991736, "New Hampshire": 0.9429580076248715, "New Jersey": 0.9561033010123866, "New Mexico": 0.8402729311657254, "New York": 0.9552307977148211, "North Carolina": 0.9221553883097185, "North Dakota": 0.8063915495579439, "Ohio": 0.9397448862987268, "Oklahoma": 0.8566723401736858, "Oregon": 0.9278347231338325, "Pennsylvania": 0.9692894497385743, "Rhode Island": 0.9675246927824074, "South Carolina": 0.8642783376804313, "South Dakota": 0.8578322982135593, "Tennessee": 0.896242621236712, "Texas": 0.915061991291396, "Utah": 0.9286704100857001, "Vermont": 0.9123365401689081, "Virginia": 0.8841231968886366, "Washington": 0.934364961417517, "West Virginia": 0.8554879052154759, "Wisconsin": 0.8865691827700414, "Wyoming": 0.5474499380631337}