{"Alabama": 0.8841024308471608, "Alaska": 0.746561221394557, "Arizona": 0.877487618464619, "Arkansas": 0.8479252964614603, "California": 0.9202103794139751, "Colorado": 0.876544884618744, "Delaware": 0.9603680110372742, "Florida": 0.8597197511569666, "Georgia": 0.9027965794322046, "Hawaii": 0.7047187354249977, "Idaho": 0.8595220921628473, "Illinois": 0.9683210281659477, "Indiana": 0.8557934099536617, "Iowa": 0.8796837481421637, "Kansas": 0.9103754042745253, "Kentucky": 0.8717846828372803, "Louisiana": 0.8800061138559124, "Maine": 0.9171969714903535, "Maryland": 0.8969883151726451, "Massachusetts": 0.9631057762718344, "Michigan": 0.9375169781828803, "Minnesota": 0.9612668130561263, "Mississippi": 0.8424357428232634, "Missouri": 0.9336959032063411, "Montana": 0.7813933675081615, "Nebraska": 0.9065466976668857, "Nevada": 0.5465238808360707, "New Hampshire": 0.9430051901221509, "New Jersey": 0.9521263809362799, "New Mexico": 0.836956192734643, "New York": 0.9569866972846198, "North Carolina": 0.9208724803582816, "North Dakota": 0.7992538739850481, "Ohio": 0.9378339911419082, "Oklahoma": 0.8474428545778542, "Oregon": 0.9237428699317186, "Pennsylvania": 0.9661839101956273, "Rhode Island": 0.9652290326226447, "South Carolina": 0.8601307821206022, "South Dakota": 0.8628657241842209, "Tennessee": 0.8956362174826383, "Texas": 0.9103082564352444, "Utah": 0.9236549715698195, "Vermont": 0.9106484719779807, "Virginia": 0.879530691048423, "Washington": 0.928066192492819, "West Virginia": 0.8472882286601007, "Wisconsin": 0.881851653070124, "Wyoming": 0.5349146795870013}