{"Alabama": 0.8782594536770509, "Alaska": 0.7018550583265346, "Arizona": 0.8805708683731948, "Arkansas": 0.8440868441369893, "California": 0.9039852607564017, "Colorado": 0.8739806991114325, "Delaware": 0.9295163917356108, "Florida": 0.8680957660913605, "Georgia": 0.8580653561729638, "Hawaii": 0.7166924307767216, "Idaho": 0.8751522957802434, "Illinois": 0.9591054959378975, "Indiana": 0.8565866170168217, "Iowa": 0.9133796157632449, "Kansas": 0.931784504754521, "Kentucky": 0.8884689649604486, "Louisiana": 0.856022499557305, "Maine": 0.8972245315635062, "Maryland": 0.8969914663701376, "Massachusetts": 0.9565339115003464, "Michigan": 0.9347630782914558, "Minnesota": 0.9655668794644225, "Mississippi": 0.8437094288154731, "Missouri": 0.933957330764022, "Montana": 0.8335737915798755, "Nebraska": 0.9061527068225901, "Nevada": 0.5496985408770325, "New Hampshire": 0.9362235315079671, "New Jersey": 0.9223806832907688, "New Mexico": 0.857561492199828, "New York": 0.9527875590155382, "North Carolina": 0.8971986328760312, "North Dakota": 0.8957160526434588, "Ohio": 0.9376545248618505, "Oklahoma": 0.8738333539433936, "Oregon": 0.9316359409614979, "Pennsylvania": 0.956416583762917, "Rhode Island": 0.9562049517541208, "South Carolina": 0.827281361682479, "South Dakota": 0.9238201278269633, "Tennessee": 0.8879390901350551, "Texas": 0.9008197003834079, "Utah": 0.9125857291314463, "Vermont": 0.9081968645299934, "Virginia": 0.8639244516788686, "Washington": 0.9244107794187928, "West Virginia": 0.8461294483493679, "Wisconsin": 0.8962659886250705, "Wyoming": 0.5598747135578364}