{"Alabama": 0.878659777656665, "Alaska": 0.7315347269854185, "Arizona": 0.8873149242316899, "Arkansas": 0.8419985251839102, "California": 0.9136940739300362, "Colorado": 0.8734853247526854, "Delaware": 0.9657201219566661, "Florida": 0.8712368402341311, "Georgia": 0.8981161219724966, "Hawaii": 0.7110881223469436, "Idaho": 0.8614763199396434, "Illinois": 0.966114386999678, "Indiana": 0.8552826019800914, "Iowa": 0.874620849070734, "Kansas": 0.9044156710052427, "Kentucky": 0.8691849788458675, "Louisiana": 0.8685896262585614, "Maine": 0.923796175097978, "Maryland": 0.8925098256923882, "Massachusetts": 0.9599546611003995, "Michigan": 0.9349105713897093, "Minnesota": 0.9589489770089829, "Mississippi": 0.8364759130201963, "Missouri": 0.9316697844295257, "Montana": 0.7792609699448451, "Nebraska": 0.9061815642432931, "Nevada": 0.5500007708691974, "New Hampshire": 0.9385582965217141, "New Jersey": 0.9500565782030348, "New Mexico": 0.8265332617540723, "New York": 0.9581623265818506, "North Carolina": 0.9195682803513962, "North Dakota": 0.7952290308721486, "Ohio": 0.9347951423814669, "Oklahoma": 0.8219861605696317, "Oregon": 0.9212344437859794, "Pennsylvania": 0.9634266822029751, "Rhode Island": 0.9603399976641601, "South Carolina": 0.8578647684880562, "South Dakota": 0.8644759864736828, "Tennessee": 0.894888342827039, "Texas": 0.8988701177895395, "Utah": 0.9324975587259418, "Vermont": 0.9044563536903081, "Virginia": 0.8686104387800938, "Washington": 0.92064674010124, "West Virginia": 0.8280609951629706, "Wisconsin": 0.8782392592350566, "Wyoming": 0.49709389198961057}