{"Alabama": 0.8725367104229054, "Alaska": 0.6864920055195252, "Arizona": 0.8898696997962156, "Arkansas": 0.8373680641414617, "California": 0.8966209498758524, "Colorado": 0.868970915718619, "Delaware": 0.9354532031838102, "Florida": 0.8784402899606659, "Georgia": 0.852905059516982, "Hawaii": 0.7208713654310106, "Idaho": 0.8774449541608038, "Illinois": 0.9561642696633106, "Indiana": 0.8581131850771184, "Iowa": 0.9100222835020196, "Kansas": 0.9258291511097138, "Kentucky": 0.8843461742192559, "Louisiana": 0.8425116654740866, "Maine": 0.9051850689987266, "Maryland": 0.890569786328273, "Massachusetts": 0.9530080370683046, "Michigan": 0.9324089065331297, "Minnesota": 0.9623632569740428, "Mississippi": 0.8363599179311318, "Missouri": 0.9299559468903134, "Montana": 0.8296291056110671, "Nebraska": 0.9040637107349019, "Nevada": 0.5525996688396448, "New Hampshire": 0.9318700632294641, "New Jersey": 0.9203912065185627, "New Mexico": 0.8446508893780938, "New York": 0.9542129766376026, "North Carolina": 0.8957941373256129, "North Dakota": 0.8884277617815305, "Ohio": 0.933931759735387, "Oklahoma": 0.8443643057531968, "Oregon": 0.9283230237715736, "Pennsylvania": 0.953198285227695, "Rhode Island": 0.9507307327688759, "South Carolina": 0.8275907749064869, "South Dakota": 0.9248235586090067, "Tennessee": 0.88508642213669, "Texas": 0.8876719787086305, "Utah": 0.9221412614024799, "Vermont": 0.9024361440578829, "Virginia": 0.8521547208370777, "Washington": 0.9183054909345534, "West Virginia": 0.8247183189543691, "Wisconsin": 0.894408274242037, "Wyoming": 0.5211656052893411}