{"Alabama": 0.866053918889654, "Alaska": 0.6936551717173087, "Arizona": 0.8988888265372367, "Arkansas": 0.8313055970203971, "California": 0.893078516817429, "Colorado": 0.8751060779578467, "Delaware": 0.9367819467108313, "Florida": 0.8785956451418497, "Georgia": 0.8522141312197966, "Hawaii": 0.7310425528091693, "Idaho": 0.8820469450431176, "Illinois": 0.953906145938258, "Indiana": 0.8692659691793495, "Iowa": 0.9082664292679501, "Kansas": 0.9222403275409102, "Kentucky": 0.8801697342133822, "Louisiana": 0.8338696309302366, "Maine": 0.8990289311689779, "Maryland": 0.8884874423802543, "Massachusetts": 0.9496707232423751, "Michigan": 0.930780967056567, "Minnesota": 0.9595978032139655, "Mississippi": 0.8339388135552591, "Missouri": 0.9242670579939016, "Montana": 0.8343243582470941, "Nebraska": 0.8993537516375719, "Nevada": 0.5676952125357726, "New Hampshire": 0.9243905221543773, "New Jersey": 0.9219942881948564, "New Mexico": 0.8450593371003571, "New York": 0.9560081597899608, "North Carolina": 0.8944463521171367, "North Dakota": 0.8749285990514437, "Ohio": 0.9341354376453741, "Oklahoma": 0.8469307301119922, "Oregon": 0.9254220897418726, "Pennsylvania": 0.9476275481822793, "Rhode Island": 0.9453999902960059, "South Carolina": 0.8262590793967427, "South Dakota": 0.9211507682507413, "Tennessee": 0.8828478672647861, "Texas": 0.8892683923055748, "Utah": 0.9311056784829624, "Vermont": 0.8944853329045821, "Virginia": 0.8390118315093137, "Washington": 0.9137964208223375, "West Virginia": 0.8168984203688724, "Wisconsin": 0.8981423095938059, "Wyoming": 0.5668887053853917}