{"Alabama": 0.8714337391259732, "Alaska": 0.7383170026144613, "Arizona": 0.897000346068693, "Arkansas": 0.838990928999477, "California": 0.9091912928625406, "Colorado": 0.8803924235415448, "Delaware": 0.9667457210780424, "Florida": 0.8729354137956529, "Georgia": 0.8936898964137735, "Hawaii": 0.72409570979193, "Idaho": 0.8655057439589173, "Illinois": 0.9658594458825034, "Indiana": 0.8634795408079922, "Iowa": 0.8774353477336246, "Kansas": 0.9034456867498935, "Kentucky": 0.8676400247513315, "Louisiana": 0.8586701386355363, "Maine": 0.9156653114943422, "Maryland": 0.8914474878926715, "Massachusetts": 0.9563015478536157, "Michigan": 0.9335031485369749, "Minnesota": 0.9558028488313254, "Mississippi": 0.8313982280628703, "Missouri": 0.9271938412442648, "Montana": 0.7849801505013629, "Nebraska": 0.8998770715295603, "Nevada": 0.5648506737862994, "New Hampshire": 0.9306785451566484, "New Jersey": 0.9483208575535772, "New Mexico": 0.8272225813591839, "New York": 0.9592735908111798, "North Carolina": 0.9181854684710974, "North Dakota": 0.7895666208621888, "Ohio": 0.9366083082908062, "Oklahoma": 0.8242950171828792, "Oregon": 0.9159193248882368, "Pennsylvania": 0.9587732270547143, "Rhode Island": 0.9545285406487011, "South Carolina": 0.8530784515481493, "South Dakota": 0.8636971746101223, "Tennessee": 0.8933908543335548, "Texas": 0.8994536417103729, "Utah": 0.9403903500043065, "Vermont": 0.8964265151748279, "Virginia": 0.8544140152478618, "Washington": 0.9153199410485637, "West Virginia": 0.818527660951618, "Wisconsin": 0.8830767987646233, "Wyoming": 0.5421190391843581}