{"Alabama": 0.8707642299662036, "Alaska": 0.741545374353192, "Arizona": 0.9050220686244848, "Arkansas": 0.8405748926029557, "California": 0.9060110449867022, "Colorado": 0.8837484546553875, "Delaware": 0.963363816980017, "Florida": 0.8735631586514742, "Georgia": 0.8930608745518472, "Hawaii": 0.7247707763007329, "Idaho": 0.8721390143968819, "Illinois": 0.9629112134204878, "Indiana": 0.8562866128450696, "Iowa": 0.8740604630959707, "Kansas": 0.9009078739680192, "Kentucky": 0.8665906876928136, "Louisiana": 0.8639204852039961, "Maine": 0.9089942818821766, "Maryland": 0.8945147215795175, "Massachusetts": 0.9591994959264869, "Michigan": 0.9307736789414138, "Minnesota": 0.9581306394973413, "Mississippi": 0.833807371855557, "Missouri": 0.9296560841612326, "Montana": 0.787870273660511, "Nebraska": 0.8964184749526738, "Nevada": 0.5598648351186942, "New Hampshire": 0.9322748994926829, "New Jersey": 0.9489012129784972, "New Mexico": 0.829847090876613, "New York": 0.9602427817447872, "North Carolina": 0.9176037663735458, "North Dakota": 0.7731706041968082, "Ohio": 0.9371937300380725, "Oklahoma": 0.8088927095536603, "Oregon": 0.9176530134202003, "Pennsylvania": 0.959753176379437, "Rhode Island": 0.9559671139745466, "South Carolina": 0.8507730636076817, "South Dakota": 0.8581634792177623, "Tennessee": 0.8940187236957244, "Texas": 0.8988411709657796, "Utah": 0.9414963094795737, "Vermont": 0.8983373971632723, "Virginia": 0.8527530683629385, "Washington": 0.9150834457712083, "West Virginia": 0.8162122203678774, "Wisconsin": 0.8798110948792546, "Wyoming": 0.5336296352273051}