{"Alabama": 0.8700427745242507, "Alaska": 0.7465241841078565, "Arizona": 0.9072471639819354, "Arkansas": 0.8429525811870585, "California": 0.9030386732217054, "Colorado": 0.8898435449531975, "Delaware": 0.9655782491757676, "Florida": 0.8759354293404971, "Georgia": 0.8910252919500896, "Hawaii": 0.7184803101239337, "Idaho": 0.8722589748834132, "Illinois": 0.9600194974557487, "Indiana": 0.8470463803678165, "Iowa": 0.8719988440974666, "Kansas": 0.9038280781403628, "Kentucky": 0.8635024404519372, "Louisiana": 0.8654100020558856, "Maine": 0.9074015165174844, "Maryland": 0.8931224686700033, "Massachusetts": 0.9575190379169819, "Michigan": 0.921435523047345, "Minnesota": 0.9580712028056632, "Mississippi": 0.8355371267428577, "Missouri": 0.9313200516204468, "Montana": 0.7878478089409252, "Nebraska": 0.8964844655070889, "Nevada": 0.5664281572131894, "New Hampshire": 0.9292563012198295, "New Jersey": 0.947377792442962, "New Mexico": 0.8265520602140793, "New York": 0.9605235563347585, "North Carolina": 0.9120131280209978, "North Dakota": 0.7500646783021075, "Ohio": 0.9331384315922352, "Oklahoma": 0.8185934982326188, "Oregon": 0.9147857434388561, "Pennsylvania": 0.9570968760350773, "Rhode Island": 0.9540717788148758, "South Carolina": 0.8483608412632169, "South Dakota": 0.8575784775946896, "Tennessee": 0.8891148107250556, "Texas": 0.9012704909184586, "Utah": 0.9435877614729425, "Vermont": 0.8944502290089436, "Virginia": 0.8548671761404059, "Washington": 0.9123423735902249, "West Virginia": 0.8091205561815235, "Wisconsin": 0.8720956380856657, "Wyoming": 0.5294863949095091}