{"Alabama": 0.8690876995595415, "Alaska": 0.7391915974185688, "Arizona": 0.9129233710410846, "Arkansas": 0.849990715184274, "California": 0.9192672444693509, "Colorado": 0.8899099962173392, "Delaware": 0.9673922474473597, "Florida": 0.8778359077060199, "Georgia": 0.8941977623349742, "Hawaii": 0.7204433844350266, "Idaho": 0.8738139982156917, "Illinois": 0.9587357988177198, "Indiana": 0.8421284099794619, "Iowa": 0.873539229898473, "Kansas": 0.9014777517546325, "Kentucky": 0.8657024250397642, "Louisiana": 0.8664427069517612, "Maine": 0.9212551756555434, "Maryland": 0.8930149351111548, "Massachusetts": 0.956260569502296, "Michigan": 0.9216075113224603, "Minnesota": 0.9592445237740381, "Mississippi": 0.8383874281581714, "Missouri": 0.9400655998298147, "Montana": 0.7874739192230836, "Nebraska": 0.9046958343532094, "Nevada": 0.5742338283453235, "New Hampshire": 0.9316109339087065, "New Jersey": 0.9470159982637779, "New Mexico": 0.8255851919693099, "New York": 0.9613842060205327, "North Carolina": 0.9133939086024618, "North Dakota": 0.704311184375384, "Ohio": 0.9317799460237303, "Oklahoma": 0.7865781452798976, "Oregon": 0.9190357139942323, "Pennsylvania": 0.9597760854011014, "Rhode Island": 0.9583075102365317, "South Carolina": 0.8467739553811175, "South Dakota": 0.8568694407470379, "Tennessee": 0.8902793329359712, "Texas": 0.8938904095013247, "Utah": 0.9395585344085088, "Vermont": 0.8989456298166688, "Virginia": 0.8599621714064308, "Washington": 0.9196110872122072, "West Virginia": 0.806480822306715, "Wisconsin": 0.8703348268570197, "Wyoming": 0.5063259695378077}