{"Alabama": 0.8653720352538731, "Alaska": 0.6915720019831919, "Arizona": 0.9142929250458307, "Arkansas": 0.8412635520253132, "California": 0.9057648108493593, "Colorado": 0.8836964400162578, "Delaware": 0.9437842548121478, "Florida": 0.8832102534143399, "Georgia": 0.8596507400612684, "Hawaii": 0.7254726461100676, "Idaho": 0.8951914387449007, "Illinois": 0.9495488560580376, "Indiana": 0.8520605673985411, "Iowa": 0.9099884022231244, "Kansas": 0.9209199392871922, "Kentucky": 0.881680280878943, "Louisiana": 0.8417908304339708, "Maine": 0.9065505117717035, "Maryland": 0.8913349911613284, "Massachusetts": 0.9504422034807379, "Michigan": 0.9218410889323918, "Minnesota": 0.9641927731820324, "Mississippi": 0.8408612472249269, "Missouri": 0.938309284935223, "Montana": 0.8355567184144232, "Nebraska": 0.9094918680156662, "Nevada": 0.5761725617847279, "New Hampshire": 0.9262941040428636, "New Jersey": 0.9255948062593564, "New Mexico": 0.8439578736671688, "New York": 0.9584642569906286, "North Carolina": 0.8933639954554017, "North Dakota": 0.7737224706972708, "Ohio": 0.9332224675676654, "Oklahoma": 0.8016681705469312, "Oregon": 0.926596117259193, "Pennsylvania": 0.9507197492419127, "Rhode Island": 0.9497830570653004, "South Carolina": 0.8246314855039575, "South Dakota": 0.9213432609060151, "Tennessee": 0.8825921737979172, "Texas": 0.8839621237724119, "Utah": 0.9320187504669908, "Vermont": 0.8970401645613846, "Virginia": 0.8476393475484706, "Washington": 0.9216659912794333, "West Virginia": 0.8031929591066241, "Wisconsin": 0.8914210246399814, "Wyoming": 0.5331549800387364}