{"Alabama": 0.8684963084312946, "Alaska": 0.7045519104213958, "Arizona": 0.9146329279068885, "Arkansas": 0.8490524088357482, "California": 0.9078968889743677, "Colorado": 0.8785417756468812, "Delaware": 0.945322597640613, "Florida": 0.8831807236625282, "Georgia": 0.8624634920094185, "Hawaii": 0.7288821062618736, "Idaho": 0.8967501079994161, "Illinois": 0.9485552840189202, "Indiana": 0.8514127362119905, "Iowa": 0.9101677522382625, "Kansas": 0.9219291263312224, "Kentucky": 0.8851922678602658, "Louisiana": 0.8464225158809439, "Maine": 0.9008332819361304, "Maryland": 0.8912141606953465, "Massachusetts": 0.9504644819267516, "Michigan": 0.9203407170630542, "Minnesota": 0.9660956509542523, "Mississippi": 0.8398155993044725, "Missouri": 0.9407639365118594, "Montana": 0.8391415369504285, "Nebraska": 0.9115010737287023, "Nevada": 0.5887475372659992, "New Hampshire": 0.929491072555773, "New Jersey": 0.9275160348429647, "New Mexico": 0.8419535191766297, "New York": 0.9597502466327921, "North Carolina": 0.8951205654948016, "North Dakota": 0.7653574576471018, "Ohio": 0.9338214514406085, "Oklahoma": 0.7933004291652948, "Oregon": 0.9274479078756851, "Pennsylvania": 0.9542992589199364, "Rhode Island": 0.9538546462362009, "South Carolina": 0.8279419578791497, "South Dakota": 0.9262750504938866, "Tennessee": 0.8829836959078949, "Texas": 0.8823611748986692, "Utah": 0.9324845948909388, "Vermont": 0.8996059883519296, "Virginia": 0.8557404906543167, "Washington": 0.9233570367338042, "West Virginia": 0.8119133741140453, "Wisconsin": 0.8913766365037558, "Wyoming": 0.553664845488878}