{"Alabama": 0.8695770377331405, "Alaska": 0.7526693112945606, "Arizona": 0.9132713917859184, "Arkansas": 0.8544261623835447, "California": 0.9207030747898926, "Colorado": 0.8850101559856522, "Delaware": 0.9669355475549978, "Florida": 0.8779889165465298, "Georgia": 0.8943735693453357, "Hawaii": 0.7242748363160353, "Idaho": 0.8772637071053363, "Illinois": 0.9577417861127878, "Indiana": 0.8403955493433088, "Iowa": 0.8701373591932184, "Kansas": 0.9034853641976587, "Kentucky": 0.8682900995072576, "Louisiana": 0.8702450345996157, "Maine": 0.9154673963538076, "Maryland": 0.8923521626466543, "Massachusetts": 0.956096287428915, "Michigan": 0.919036042392885, "Minnesota": 0.9613664247708625, "Mississippi": 0.8386485163756726, "Missouri": 0.9415297437401017, "Montana": 0.7923312346622438, "Nebraska": 0.9057772464590917, "Nevada": 0.587174901816353, "New Hampshire": 0.9344019348051236, "New Jersey": 0.9476819220080845, "New Mexico": 0.8233971815659679, "New York": 0.9624454614352015, "North Carolina": 0.9139381627357276, "North Dakota": 0.6984368333212775, "Ohio": 0.9318064002928653, "Oklahoma": 0.7783846185759751, "Oregon": 0.919866894581198, "Pennsylvania": 0.9626162729729713, "Rhode Island": 0.9617896615920403, "South Carolina": 0.8479743608542085, "South Dakota": 0.8640521292472014, "Tennessee": 0.8897639263433648, "Texas": 0.8920030106156632, "Utah": 0.9397003034900283, "Vermont": 0.9010420443760503, "Virginia": 0.867011878232416, "Washington": 0.9220585611627208, "West Virginia": 0.8144191893193525, "Wisconsin": 0.8684229778980109, "Wyoming": 0.5290264327391108}