{"Alabama": 0.8668781617192666, "Alaska": 0.7485628008384776, "Arizona": 0.9156718785322981, "Arkansas": 0.8519253338135825, "California": 0.922915577966523, "Colorado": 0.888655349702451, "Delaware": 0.9667795153176576, "Florida": 0.8810807036989917, "Georgia": 0.8928669570984036, "Hawaii": 0.7284260485666483, "Idaho": 0.8785485012426165, "Illinois": 0.9564523005299063, "Indiana": 0.8306232166984706, "Iowa": 0.869570765188468, "Kansas": 0.9004621531631962, "Kentucky": 0.8609342279485707, "Louisiana": 0.8712096841628818, "Maine": 0.9147440588567007, "Maryland": 0.8980305731607083, "Massachusetts": 0.959442114210225, "Michigan": 0.9142409535138523, "Minnesota": 0.9596746319828128, "Mississippi": 0.8308168790983826, "Missouri": 0.9425598708507459, "Montana": 0.8010067925070317, "Nebraska": 0.9052394891949591, "Nevada": 0.5893468706345896, "New Hampshire": 0.937420933169113, "New Jersey": 0.9499548855771229, "New Mexico": 0.8278890188851653, "New York": 0.9654013597452217, "North Carolina": 0.9126263255663137, "North Dakota": 0.6821312944989193, "Ohio": 0.9288332432379387, "Oklahoma": 0.7713175222241477, "Oregon": 0.920941466569734, "Pennsylvania": 0.9646840545673085, "Rhode Island": 0.9648126484071083, "South Carolina": 0.8449939598269771, "South Dakota": 0.8611130379846684, "Tennessee": 0.8867368828814501, "Texas": 0.8891547447332729, "Utah": 0.9381912361190538, "Vermont": 0.9033632285868972, "Virginia": 0.8780002957330232, "Washington": 0.9234209256627147, "West Virginia": 0.8202260169709225, "Wisconsin": 0.861193162570201, "Wyoming": 0.519031452637002}