{"Alabama": 0.8674090312730601, "Alaska": 0.7003044661603242, "Arizona": 0.9166580249862492, "Arkansas": 0.8486479291857401, "California": 0.9110740598797872, "Colorado": 0.8818307519798662, "Delaware": 0.9444482257081314, "Florida": 0.8857514199522069, "Georgia": 0.8626593446707005, "Hawaii": 0.7324810223788158, "Idaho": 0.9000405712204782, "Illinois": 0.9479042390600237, "Indiana": 0.8437161983214888, "Iowa": 0.9072278937344832, "Kansas": 0.9202611767462455, "Kentucky": 0.8807238406354901, "Louisiana": 0.8489537381834764, "Maine": 0.9016666467305312, "Maryland": 0.8970531026288835, "Massachusetts": 0.9539896551105509, "Michigan": 0.9172993390100935, "Minnesota": 0.9653736065842824, "Mississippi": 0.8376944442455756, "Missouri": 0.9429225046068476, "Montana": 0.8450117326680868, "Nebraska": 0.9121437263553949, "Nevada": 0.5901319528889075, "New Hampshire": 0.933182998656257, "New Jersey": 0.9298524595044481, "New Mexico": 0.8451273712216907, "New York": 0.9628985425135127, "North Carolina": 0.8958096872873428, "North Dakota": 0.7457996967006542, "Ohio": 0.932391653245655, "Oklahoma": 0.7845015257799358, "Oregon": 0.9286787612243407, "Pennsylvania": 0.9570873308155431, "Rhode Island": 0.9574037767095264, "South Carolina": 0.8267281868792835, "South Dakota": 0.9225331582391868, "Tennessee": 0.8816934578601635, "Texas": 0.8798063296187859, "Utah": 0.9316716543045755, "Vermont": 0.9016839723791787, "Virginia": 0.8677763142054981, "Washington": 0.9248694599153712, "West Virginia": 0.8187988732134646, "Wisconsin": 0.885977344186174, "Wyoming": 0.5425149782186419}