{"Alabama": 0.9318496534120507, "Alaska": 0.8175209453369598, "Arizona": 0.9306107159518745, "Arkansas": 0.8890809759106608, "California": 0.9206075250007963, "Colorado": 0.9160853788587665, "Connecticut": 0.8541143754443551, "Delaware": 0.8773301941700095, "Florida": 0.893175541371788, "Georgia": 0.9243845734397812, "Hawaii": 0.7956660248709146, "Illinois": 0.8960110236410015, "Indiana": 0.8576063071929796, "Iowa": 0.9325838749192302, "Kansas": 0.9493026922790254, "Kentucky": 0.9451296957468741, "Louisiana": 0.951152254010103, "Maine": 0.9458811522764431, "Maryland": 0.9006380104457925, "Massachusetts": 0.8405204570526092, "Michigan": 0.8720108389399285, "Minnesota": 0.928271921422645, "Mississippi": 0.9088937034331711, "Missouri": 0.9499187505246237, "Montana": 0.937224204011344, "Nebraska": 0.9407020024129488, "Nevada": 0.6323502475076714, "New Hampshire": 0.9402520105348628, "New Jersey": 0.8654820910912152, "New Mexico": 0.9428622574591604, "New York": 0.8013596992551462, "North Carolina": 0.8866236435871528, "North Dakota": 0.9011889720015175, "Ohio": 0.9048116574227514, "Oklahoma": 0.9387384351194611, "Oregon": 0.9690248294781264, "Pennsylvania": 0.9073236439208932, "Rhode Island": 0.8375513636333621, "South Carolina": 0.8967556791035232, "South Dakota": 0.9356468975831417, "Tennessee": 0.9308243340905576, "Texas": 0.9593764367863225, "Utah": 0.9621923620280376, "Vermont": 0.9432960382643721, "Virginia": 0.9414311623989783, "Washington": 0.9662652216412153, "West Virginia": 0.9219553043021173, "Wisconsin": 0.8764668710979537, "Wyoming": 0.8303808861129308}