{"Alabama": 0.9415668076322922, "Alaska": 0.8207745193661986, "Arizona": 0.9313905473147349, "Arkansas": 0.8940751889781863, "California": 0.923980621833417, "Colorado": 0.9137327169988425, "Connecticut": 0.8634514143166129, "Delaware": 0.8827968944692082, "Florida": 0.8790621445521535, "Georgia": 0.9315627623906696, "Hawaii": 0.789384074768937, "Illinois": 0.907323684346194, "Indiana": 0.8584195882427992, "Iowa": 0.9317910551757003, "Kansas": 0.952457167898593, "Kentucky": 0.9457506238528633, "Louisiana": 0.9556640581462732, "Maine": 0.9436602401330227, "Maryland": 0.90025746260033, "Massachusetts": 0.8498342134833027, "Michigan": 0.8780039901280613, "Minnesota": 0.9341433338787145, "Mississippi": 0.911782788639579, "Missouri": 0.9561827461213643, "Montana": 0.9335848230698073, "Nebraska": 0.9388100814563096, "Nevada": 0.6183879676557091, "New Hampshire": 0.948088997517173, "New Jersey": 0.8692258204329466, "New Mexico": 0.9389710701033972, "New York": 0.8072244735983608, "North Carolina": 0.9077410826831729, "North Dakota": 0.8985483636402969, "Ohio": 0.9116329414870467, "Oklahoma": 0.9416492195561197, "Oregon": 0.9715172632832082, "Pennsylvania": 0.9135663697906947, "Rhode Island": 0.851815474042875, "South Carolina": 0.9073097452679209, "South Dakota": 0.9276319308015507, "Tennessee": 0.9326062475135702, "Texas": 0.9623292339226326, "Utah": 0.9640650514109513, "Vermont": 0.9413077165937256, "Virginia": 0.9391505001751724, "Washington": 0.9727664136438205, "West Virginia": 0.9219044268315005, "Wisconsin": 0.8845896798255014, "Wyoming": 0.8279564978910245}