{"Alabama": 0.9458240969680465, "Alaska": 0.816647663041727, "Arizona": 0.9348576569191765, "Arkansas": 0.8958395887990608, "California": 0.9315428387254441, "Colorado": 0.9137536621659502, "Connecticut": 0.8712084740768573, "Delaware": 0.8812793908534371, "Florida": 0.8808792366363245, "Georgia": 0.9388239456196584, "Hawaii": 0.7957665815397158, "Illinois": 0.9157425461321368, "Indiana": 0.8595807537570629, "Iowa": 0.928776094821749, "Kansas": 0.9531253190743308, "Kentucky": 0.9446551292311989, "Louisiana": 0.9561303486020722, "Maine": 0.9464861218396043, "Maryland": 0.9070972732997599, "Massachusetts": 0.8542736661565966, "Michigan": 0.8868693264162704, "Minnesota": 0.936750830129712, "Mississippi": 0.9184743642095384, "Missouri": 0.9607950442977929, "Montana": 0.9332576028508196, "Nebraska": 0.9408726001525968, "Nevada": 0.6233736895951805, "New Hampshire": 0.9487183250262567, "New Jersey": 0.8784906459062576, "New Mexico": 0.9390775882496916, "New York": 0.8150165677335781, "North Carolina": 0.9210893942910818, "North Dakota": 0.8986181317061531, "Ohio": 0.9181414717210005, "Oklahoma": 0.950135246174596, "Oregon": 0.9719343337034398, "Pennsylvania": 0.9179491608812063, "Rhode Island": 0.8658358344806254, "South Carolina": 0.9168122419689823, "South Dakota": 0.9264272298344821, "Tennessee": 0.937005181800857, "Texas": 0.9665403783244987, "Utah": 0.9636298533293286, "Vermont": 0.9388203110954079, "Virginia": 0.9389505592604207, "Washington": 0.9752962378922623, "West Virginia": 0.9248946447972103, "Wisconsin": 0.8872790535186329, "Wyoming": 0.8211946937219541}