{"Alabama": 0.8415729905398498, "Alaska": 0.7937464897238036, "Arizona": 0.9438385993775595, "Arkansas": 0.8995497023538142, "California": 0.9408232626564208, "Colorado": 0.9211851197791296, "Connecticut": 0.878465455922665, "Delaware": 0.8580421609295606, "Florida": 0.9130071162694727, "Georgia": 0.9471848661945149, "Hawaii": 0.7756971517729657, "Illinois": 0.9282046512691854, "Indiana": 0.8724220273947509, "Iowa": 0.9264958539095943, "Kansas": 0.9490922791781634, "Kentucky": 0.9456265594601739, "Louisiana": 0.9571989807442871, "Maine": 0.9514980109120906, "Maryland": 0.9199124638153219, "Massachusetts": 0.8669581261287472, "Michigan": 0.9015689413942589, "Minnesota": 0.9433983158839332, "Mississippi": 0.9257182324572024, "Missouri": 0.964202665262128, "Montana": 0.9378385294868904, "Nebraska": 0.9387388077974828, "Nevada": 0.6450893403462885, "New Hampshire": 0.9523254339873475, "New Jersey": 0.8920260079449415, "New Mexico": 0.9437065137815914, "New York": 0.827525137080781, "North Carolina": 0.9359331789542606, "North Dakota": 0.9044000864597274, "Ohio": 0.9258833494656118, "Oklahoma": 0.9487332488614182, "Oregon": 0.9666066554824018, "Pennsylvania": 0.9245584830669952, "Rhode Island": 0.8656679361202368, "South Carolina": 0.9302031180654442, "South Dakota": 0.9251426735571452, "Tennessee": 0.9439366432386374, "Texas": 0.9713940802560843, "Utah": 0.9634841444660768, "Vermont": 0.9344292415938514, "Virginia": 0.9428776321497168, "Washington": 0.973218967293893, "West Virginia": 0.9184741621525442, "Wisconsin": 0.8950927862713058, "Wyoming": 0.76655928309809}