{"Alabama": 0.9558234460342163, "Alaska": 0.8012088366254023, "Arizona": 0.9512788837971923, "Arkansas": 0.9032995907254732, "California": 0.9480947894908222, "Colorado": 0.9287643153882892, "Connecticut": 0.884232648050737, "Delaware": 0.8689741120779004, "Florida": 0.9256174658998599, "Georgia": 0.9515906963690398, "Hawaii": 0.7940486840517458, "Illinois": 0.93605621801365, "Indiana": 0.8738319984388719, "Iowa": 0.9288602894024305, "Kansas": 0.9526522737910565, "Kentucky": 0.9467143050130878, "Louisiana": 0.9600069107207719, "Maine": 0.9525785958108488, "Maryland": 0.9248749319284612, "Massachusetts": 0.8764630209979957, "Michigan": 0.9105993416141749, "Minnesota": 0.945050801450494, "Mississippi": 0.9282267343740455, "Missouri": 0.9668217740961239, "Montana": 0.9404126353135219, "Nebraska": 0.9384256290537564, "Nevada": 0.662246151418919, "New Hampshire": 0.9612321805861388, "New Jersey": 0.9043122724163054, "New Mexico": 0.947924986633167, "New York": 0.8388035249666375, "North Carolina": 0.946948083532686, "North Dakota": 0.9121270517550882, "Ohio": 0.9330468819240597, "Oklahoma": 0.9549214879231781, "Oregon": 0.9700973601714077, "Pennsylvania": 0.9279138293303616, "Rhode Island": 0.7699120512528743, "South Carolina": 0.9381739220246659, "South Dakota": 0.9245173836052268, "Tennessee": 0.9456632148604868, "Texas": 0.974153171399019, "Utah": 0.9640978938269144, "Vermont": 0.8786433408130038, "Virginia": 0.9465731333099008, "Washington": 0.9748309379338517, "West Virginia": 0.9188594192957408, "Wisconsin": 0.9015235722307973, "Wyoming": 0.6300558314415249}