{"Alabama": 0.9593526558094634, "Alaska": 0.8658170199962928, "Arizona": 0.9548104891143766, "Arkansas": 0.9026177389526726, "California": 0.9503435352396851, "Colorado": 0.9335386023510056, "Connecticut": 0.8869512756120318, "Delaware": 0.8866314595480652, "Florida": 0.9245225604754088, "Georgia": 0.9560408227374595, "Hawaii": 0.8090405903091924, "Illinois": 0.9392587405192764, "Indiana": 0.870774078086048, "Iowa": 0.928178573019496, "Kansas": 0.9532450826835757, "Kentucky": 0.9470745571177388, "Louisiana": 0.9609472061490472, "Maine": 0.9576468725762529, "Maryland": 0.9290383782248999, "Massachusetts": 0.8825183884149833, "Michigan": 0.912991191708802, "Minnesota": 0.9448804275200717, "Mississippi": 0.9272226920968338, "Missouri": 0.9687345880915195, "Montana": 0.9469171379830204, "Nebraska": 0.9364423966003762, "Nevada": 0.6806103148956058, "New Hampshire": 0.9656123476067924, "New Jersey": 0.9134287641999668, "New Mexico": 0.949947634771774, "New York": 0.8461991672353544, "North Carolina": 0.9527859554773097, "North Dakota": 0.915648462349565, "Ohio": 0.9327268540368003, "Oklahoma": 0.9505843005152033, "Oregon": 0.9636334197139279, "Pennsylvania": 0.9301404011955996, "Rhode Island": 0.8971918026918552, "South Carolina": 0.9407438852862372, "South Dakota": 0.9263365803047797, "Tennessee": 0.9489610831577604, "Texas": 0.972331944882519, "Utah": 0.9663527260676272, "Vermont": 0.9366601872548903, "Virginia": 0.946832794465441, "Washington": 0.9767558552322381, "West Virginia": 0.9200203474002353, "Wisconsin": 0.9026075204875651, "Wyoming": 0.771860876186553}