{"Alabama": 0.9591279892870564, "Alaska": 0.8632186902687788, "Arizona": 0.9590744088039959, "Arkansas": 0.9027129870205484, "California": 0.9504712908841295, "Colorado": 0.9345625803534104, "Connecticut": 0.889748758533006, "Delaware": 0.8914122305540413, "Florida": 0.9316234890114969, "Georgia": 0.9538657834974253, "Hawaii": 0.832433109654742, "Illinois": 0.9337441053686996, "Indiana": 0.8666502625867598, "Iowa": 0.9196403512259896, "Kansas": 0.9485836808473075, "Kentucky": 0.9431919358421365, "Louisiana": 0.958608313621153, "Maine": 0.9505380974059752, "Maryland": 0.9277297423713394, "Massachusetts": 0.8796743753528368, "Michigan": 0.9155885494042302, "Minnesota": 0.9396629513365491, "Mississippi": 0.9221411435197655, "Missouri": 0.9668237379890084, "Montana": 0.9454791375019175, "Nebraska": 0.9294489989923005, "Nevada": 0.6964939241701622, "New Hampshire": 0.9628895325716044, "New Jersey": 0.909187970698624, "New Mexico": 0.9493393522930844, "New York": 0.8406063238071768, "North Carolina": 0.9600222099061093, "North Dakota": 0.9142297693180226, "Ohio": 0.9291396074989883, "Oklahoma": 0.9492951332588662, "Oregon": 0.9617107946901077, "Pennsylvania": 0.9246657223233108, "Rhode Island": 0.8237174696107323, "South Carolina": 0.9469862434038986, "South Dakota": 0.9223330671597828, "Tennessee": 0.9461542684086923, "Texas": 0.9705921871066762, "Utah": 0.9676934735751508, "Vermont": 0.9376455305926497, "Virginia": 0.9414103637303146, "Washington": 0.9764067186044976, "West Virginia": 0.9154170340391856, "Wisconsin": 0.8970919880924313, "Wyoming": 0.7590470906141463}