{"Alabama": 0.9356766344790781, "Alaska": 0.8134873193803932, "Arizona": 0.9146128008694621, "Arkansas": 0.8936684972838552, "California": 0.9193832316472434, "Colorado": 0.8969189762777859, "Connecticut": 0.8607937904874133, "Delaware": 0.8662724410608696, "Florida": 0.8741375733711385, "Georgia": 0.9315947393479668, "Hawaii": 0.7782410491211773, "Illinois": 0.9007860589841865, "Indiana": 0.8610189552686365, "Iowa": 0.9202237483586033, "Kansas": 0.9459811574246864, "Kentucky": 0.9391745576658631, "Louisiana": 0.9310595989378282, "Maine": 0.9316213608319233, "Maryland": 0.8743326927586751, "Massachusetts": 0.8381201603265476, "Michigan": 0.9104178608608379, "Minnesota": 0.9286624009437816, "Mississippi": 0.9158657356435853, "Missouri": 0.9598044898888499, "Montana": 0.9209861822249138, "Nebraska": 0.9445396006898058, "Nevada": 0.639363534723944, "New Hampshire": 0.9345731531142368, "New Jersey": 0.8742585679300154, "New Mexico": 0.9139838506838708, "New York": 0.7997850337268774, "North Carolina": 0.9287841100455662, "North Dakota": 0.8972330176691814, "Ohio": 0.9056705867599062, "Oklahoma": 0.9527140624826063, "Oregon": 0.9618018499667578, "Pennsylvania": 0.8996836934141998, "Rhode Island": 0.858928466133672, "South Carolina": 0.9249460265933247, "South Dakota": 0.9216584380499292, "Tennessee": 0.929817271654192, "Texas": 0.9501915840333639, "Utah": 0.9363025287505086, "Vermont": 0.9296650082567947, "Virginia": 0.9131806981587106, "Washington": 0.959169576232953, "West Virginia": 0.9073242480532232, "Wisconsin": 0.8821073799629677, "Wyoming": 0.768915951464211}