{"Alabama": 0.9519761605536806, "Alaska": 0.8550048333948329, "Arizona": 0.9626140048906261, "Arkansas": 0.8993219073317005, "California": 0.9475524069192914, "Colorado": 0.9367188582149952, "Connecticut": 0.8833585860447893, "Delaware": 0.7069929948820758, "Florida": 0.9362728563253655, "Georgia": 0.9517643238270849, "Hawaii": 0.8336733848187303, "Illinois": 0.9221893035737123, "Indiana": 0.8570692072500645, "Iowa": 0.904155405394057, "Kansas": 0.9350063755506521, "Kentucky": 0.9322250134186502, "Louisiana": 0.9547962413450445, "Maine": 0.9421737644740159, "Maryland": 0.9240899745163622, "Massachusetts": 0.8658986506991242, "Michigan": 0.909404630224791, "Minnesota": 0.9262523949798186, "Mississippi": 0.9191197978423571, "Missouri": 0.9600508779436429, "Montana": 0.9439195044976333, "Nebraska": 0.9121432617819847, "Nevada": 0.7041490674941058, "New Hampshire": 0.9586352252250019, "New Jersey": 0.8983396043366632, "New Mexico": 0.9462251865700866, "New York": 0.8257607701752246, "North Carolina": 0.9612861340103689, "North Dakota": 0.9065624735465752, "Ohio": 0.9142731797371704, "Oklahoma": 0.941668229504984, "Oregon": 0.9560104493965663, "Pennsylvania": 0.907322534597067, "Rhode Island": 0.8781226754963349, "South Carolina": 0.9488010718858348, "South Dakota": 0.9130380523243907, "Tennessee": 0.9405211354743077, "Texas": 0.9663286974473269, "Utah": 0.9682396583697543, "Vermont": 0.9312829478078434, "Virginia": 0.935591994122691, "Washington": 0.9735234315273954, "West Virginia": 0.9010751215153332, "Wisconsin": 0.882443288273493, "Wyoming": 0.7818146963431378}