{"Alabama": 0.9288280324139957, "Alaska": 0.8168973815407682, "Arizona": 0.923539739713336, "Arkansas": 0.8896948242953108, "California": 0.9182726074544338, "Colorado": 0.9041137706746576, "Connecticut": 0.8583225968885041, "Delaware": 0.706299901931464, "Florida": 0.8848900939821824, "Georgia": 0.9350068965119005, "Hawaii": 0.7864981352013269, "Illinois": 0.8948224073901673, "Indiana": 0.8502711654996069, "Iowa": 0.9025021914260904, "Kansas": 0.9312281013319098, "Kentucky": 0.9272511382545116, "Louisiana": 0.9342258126286509, "Maine": 0.9286802863529997, "Maryland": 0.878457868913585, "Massachusetts": 0.831168182661627, "Michigan": 0.9032407867645016, "Minnesota": 0.9174496629142332, "Mississippi": 0.9118045033545714, "Missouri": 0.9549315350329579, "Montana": 0.9222624661427149, "Nebraska": 0.9273728339874823, "Nevada": 0.6541347420758514, "New Hampshire": 0.9348671803045835, "New Jersey": 0.8715193255429428, "New Mexico": 0.9174135976131554, "New York": 0.7916664850015603, "North Carolina": 0.932191575987975, "North Dakota": 0.8891911297967736, "Ohio": 0.8935291322322835, "Oklahoma": 0.944911176299106, "Oregon": 0.9562902599032328, "Pennsylvania": 0.8877643506310852, "Rhode Island": 0.8503906800358584, "South Carolina": 0.9283506111900706, "South Dakota": 0.9109655703581022, "Tennessee": 0.9253188610076328, "Texas": 0.9500293449176185, "Utah": 0.9397573416155052, "Vermont": 0.9254225313762395, "Virginia": 0.9115858198093489, "Washington": 0.9595658447017615, "West Virginia": 0.8959436905927087, "Wisconsin": 0.868008718509971, "Wyoming": 0.7561848103127838}