{"Alabama": 0.949334920478884, "Alaska": 0.8358801101608846, "Arizona": 0.9642029481725681, "Arkansas": 0.8973815182824081, "California": 0.941561930452044, "Colorado": 0.936388597794011, "Connecticut": 0.8757259494494244, "Delaware": 0.8921652040334951, "Florida": 0.9421732010449948, "Georgia": 0.949177402327532, "Hawaii": 0.8297753519652756, "Illinois": 0.9129125170306749, "Indiana": 0.8525993891282874, "Iowa": 0.8938976966038887, "Kansas": 0.9236074246566356, "Kentucky": 0.9217823791896318, "Louisiana": 0.9606597080433871, "Maine": 0.9314302148741049, "Maryland": 0.9193248949053985, "Massachusetts": 0.8520967791728855, "Michigan": 0.8977592477866034, "Minnesota": 0.9100282275312254, "Mississippi": 0.9250429067832298, "Missouri": 0.9527544951527517, "Montana": 0.94356358439, "Nebraska": 0.901593945693976, "Nevada": 0.7118073244623663, "New Hampshire": 0.9527979607183055, "New Jersey": 0.8883877530533824, "New Mexico": 0.939380318899157, "New York": 0.8114821264080614, "North Carolina": 0.9628655322366442, "North Dakota": 0.8943357080639753, "Ohio": 0.8992638710668978, "Oklahoma": 0.9273203141997166, "Oregon": 0.9529305387176916, "Pennsylvania": 0.890586091131118, "Rhode Island": 0.8633863737710569, "South Carolina": 0.9528963728062969, "South Dakota": 0.9016574982148259, "Tennessee": 0.9395031872091472, "Texas": 0.9604990383416409, "Utah": 0.9717058040238726, "Vermont": 0.9229571413719165, "Virginia": 0.930803052975952, "Washington": 0.9716690828379584, "West Virginia": 0.8889286556442655, "Wisconsin": 0.8701594987165457, "Wyoming": 0.7542278067470958}