{"Alabama": 0.9283481413636421, "Alaska": 0.8080591703775062, "Arizona": 0.9288049987497964, "Arkansas": 0.8893347218838002, "California": 0.9157643084244484, "Colorado": 0.9070118243389875, "Connecticut": 0.8555138289879982, "Delaware": 0.8768027360793936, "Florida": 0.895623132816158, "Georgia": 0.9355365364178482, "Hawaii": 0.785885136638412, "Illinois": 0.8908183986839617, "Indiana": 0.8478630713516183, "Iowa": 0.8923880654199999, "Kansas": 0.9202911001992792, "Kentucky": 0.9179428776940683, "Louisiana": 0.9431940262342757, "Maine": 0.9214939678560848, "Maryland": 0.8779771795777079, "Massachusetts": 0.823472678124509, "Michigan": 0.8944344092441903, "Minnesota": 0.9043862387670106, "Mississippi": 0.9198350229710088, "Missouri": 0.9494825671200069, "Montana": 0.9230335500055762, "Nebraska": 0.9163840277395018, "Nevada": 0.6662630558074814, "New Hampshire": 0.9332788418365789, "New Jersey": 0.8664836432871026, "New Mexico": 0.9130551476131623, "New York": 0.7816217348631402, "North Carolina": 0.9388004151542283, "North Dakota": 0.8775938061091401, "Ohio": 0.8840389763561932, "Oklahoma": 0.9312496307510556, "Oregon": 0.954094655175411, "Pennsylvania": 0.8766166627829072, "Rhode Island": 0.8411776495942866, "South Carolina": 0.9355970389990936, "South Dakota": 0.9005837432729001, "Tennessee": 0.927908668866986, "Texas": 0.9459242154113298, "Utah": 0.9462631393356427, "Vermont": 0.9193935721376392, "Virginia": 0.9097212966569953, "Washington": 0.9607296514153548, "West Virginia": 0.8858070795222667, "Wisconsin": 0.8583581956771684, "Wyoming": 0.7292650168038157}