{"Alabama": 0.9550707738940201, "Alaska": 0.834539421191399, "Arizona": 0.9622215020693825, "Arkansas": 0.9055279291178265, "California": 0.9370752494417043, "Colorado": 0.9336713035862809, "Connecticut": 0.8751522957802433, "Delaware": 0.8943950491581942, "Florida": 0.9374913799789911, "Georgia": 0.9505140244864515, "Hawaii": 0.840541726284418, "Illinois": 0.9119428201405531, "Indiana": 0.8595363644360973, "Iowa": 0.894381271606087, "Kansas": 0.9243163378297401, "Kentucky": 0.9274222987660979, "Louisiana": 0.9612203004739043, "Maine": 0.937134393834701, "Maryland": 0.9206066140003147, "Massachusetts": 0.8471995555337072, "Michigan": 0.8976465304497129, "Minnesota": 0.9069316883428806, "Mississippi": 0.9314868956839577, "Missouri": 0.9558781298369858, "Montana": 0.95245775552638, "Nebraska": 0.9066611491249945, "Nevada": 0.7156662373513634, "New Hampshire": 0.9527816968298247, "New Jersey": 0.8895696229177098, "New Mexico": 0.9399939032648983, "New York": 0.8205899700347048, "North Carolina": 0.9680515116779623, "North Dakota": 0.9006817642954518, "Ohio": 0.9023993178065155, "Oklahoma": 0.9226383753744578, "Oregon": 0.9580260234615816, "Pennsylvania": 0.8943673499919075, "Rhode Island": 0.8614829580446772, "South Carolina": 0.9558951736944222, "South Dakota": 0.9056547996209472, "Tennessee": 0.9466841192770995, "Texas": 0.9612253566424015, "Utah": 0.9692068482600881, "Vermont": 0.922947950776413, "Virginia": 0.9254757709710495, "Washington": 0.9731870650721244, "West Virginia": 0.8928468777394003, "Wisconsin": 0.8730382545713025, "Wyoming": 0.7600583910900128}