{"Alabama": 0.938348439827053, "Alaska": 0.8084622978594166, "Arizona": 0.9324607551143926, "Arkansas": 0.8988361600673134, "California": 0.9161740901211783, "Colorado": 0.9076098921273114, "Connecticut": 0.8595220921628473, "Delaware": 0.8822236297304283, "Florida": 0.8950824418705635, "Georgia": 0.9385431730310436, "Hawaii": 0.7995650946153763, "Illinois": 0.893911963779077, "Indiana": 0.8555488203458723, "Iowa": 0.8915029524237845, "Kansas": 0.9199372233561597, "Kentucky": 0.9233843666431809, "Louisiana": 0.9462903567171218, "Maine": 0.929697549080148, "Maryland": 0.8816663377069917, "Massachusetts": 0.823291135788377, "Michigan": 0.8985126405274336, "Minnesota": 0.9037464295406994, "Mississippi": 0.927691868365903, "Missouri": 0.9538019874711494, "Montana": 0.9317593624682173, "Nebraska": 0.9188168669376638, "Nevada": 0.6729148032056174, "New Hampshire": 0.9386507170080056, "New Jersey": 0.8686772699754455, "New Mexico": 0.917000415886266, "New York": 0.7923040256620455, "North Carolina": 0.9480071907700636, "North Dakota": 0.8780080899048409, "Ohio": 0.8902963803697433, "Oklahoma": 0.926464927528976, "Oregon": 0.9597196970747643, "Pennsylvania": 0.8829602601680597, "Rhode Island": 0.8436369551502239, "South Carolina": 0.9398624263228041, "South Dakota": 0.9031812366894256, "Tennessee": 0.9370656363215011, "Texas": 0.9498746729827757, "Utah": 0.9478935905980913, "Vermont": 0.9226099276650438, "Virginia": 0.9063287445052397, "Washington": 0.9649180263883936, "West Virginia": 0.8914272847120699, "Wisconsin": 0.8617926233200423, "Wyoming": 0.7350783959204913}