{"Alabama": 0.9403679527264744, "Alaska": 0.8096674697222827, "Arizona": 0.931157595929729, "Arkansas": 0.9057053067445575, "California": 0.9142310139874765, "Colorado": 0.9037536989553637, "Connecticut": 0.8614763199396435, "Delaware": 0.8783360456144709, "Florida": 0.9010049556221763, "Georgia": 0.9374221427670754, "Hawaii": 0.8167706057024946, "Illinois": 0.8991532621770714, "Indiana": 0.8628318947337742, "Iowa": 0.8984664790332605, "Kansas": 0.9241703269151399, "Kentucky": 0.9330013400210998, "Louisiana": 0.9409503823424461, "Maine": 0.9411398933872569, "Maryland": 0.8826688275820318, "Massachusetts": 0.8314297353874165, "Michigan": 0.9092618770288234, "Minnesota": 0.9054784614354259, "Mississippi": 0.9345955931229355, "Missouri": 0.9600408899961287, "Montana": 0.9351192658647139, "Nebraska": 0.930420288896023, "Nevada": 0.6675904625577197, "New Hampshire": 0.941606737985132, "New Jersey": 0.877696235496482, "New Mexico": 0.9182122789071838, "New York": 0.8123492099817247, "North Carolina": 0.9473391250442749, "North Dakota": 0.898395305882903, "Ohio": 0.8973813400856039, "Oklahoma": 0.9184749320334744, "Oregon": 0.9613657598167933, "Pennsylvania": 0.8910974030311873, "Rhode Island": 0.8494989304099271, "South Carolina": 0.9371035708477545, "South Dakota": 0.9151879986754476, "Tennessee": 0.9437145397768394, "Texas": 0.9466167951816848, "Utah": 0.93802522334487, "Vermont": 0.9279249544648601, "Virginia": 0.8983095546243304, "Washington": 0.9663049896598584, "West Virginia": 0.8899815099935985, "Wisconsin": 0.8646724525537697, "Wyoming": 0.6977255248848241}