{"Alabama": 0.9462011802744303, "Alaska": 0.8289794094271057, "Arizona": 0.9271631631825272, "Arkansas": 0.9214162317758412, "California": 0.9157970505583795, "Colorado": 0.8989968562352518, "Connecticut": 0.8655057439589172, "Delaware": 0.8775806904883866, "Florida": 0.9021427331350161, "Georgia": 0.9372654324940799, "Hawaii": 0.8297478016825564, "Illinois": 0.9091179899801146, "Indiana": 0.8871203056523125, "Iowa": 0.9144595003994722, "Kansas": 0.9411752117877551, "Kentucky": 0.9485483537694769, "Louisiana": 0.9399727201637801, "Maine": 0.9494368661173441, "Maryland": 0.8884532150258062, "Massachusetts": 0.8444629255309635, "Michigan": 0.9329168354037645, "Minnesota": 0.9177418678534348, "Mississippi": 0.9383096684695817, "Missouri": 0.9669310049437079, "Montana": 0.9404893275199263, "Nebraska": 0.9437002806047815, "Nevada": 0.6520197302555282, "New Hampshire": 0.9461977728135109, "New Jersey": 0.8903868350308768, "New Mexico": 0.9242713744891728, "New York": 0.8369903633664111, "North Carolina": 0.9509122890394015, "North Dakota": 0.9145397484509374, "Ohio": 0.9173475462973786, "Oklahoma": 0.9334369741978876, "Oregon": 0.9677394232738656, "Pennsylvania": 0.9054059401361005, "Rhode Island": 0.8625597424658175, "South Carolina": 0.9345969540741624, "South Dakota": 0.9259161789507903, "Tennessee": 0.951517578744088, "Texas": 0.947791049033765, "Utah": 0.9272354390604749, "Vermont": 0.9336555413941963, "Virginia": 0.891943269879318, "Washington": 0.9648668925468982, "West Virginia": 0.8975147721585385, "Wisconsin": 0.8824180080117384, "Wyoming": 0.7226521313642037}