{"Alabama": 0.9636652742767399, "Alaska": 0.868892696876953, "Arizona": 0.9577983981087864, "Arkansas": 0.9306935428623432, "California": 0.943053388563117, "Colorado": 0.9295612913934065, "Connecticut": 0.8820469450431176, "Delaware": 0.9016708554096646, "Florida": 0.9496075661912204, "Georgia": 0.9618059576804817, "Hawaii": 0.875747242202878, "Illinois": 0.9347933310133278, "Indiana": 0.897950112926597, "Iowa": 0.9201034656558211, "Kansas": 0.9483702476758715, "Kentucky": 0.9537212141199723, "Louisiana": 0.9622664707373252, "Maine": 0.9627656252459428, "Maryland": 0.9337261073325039, "Massachusetts": 0.8765273164957077, "Michigan": 0.9394878892723785, "Minnesota": 0.9230376433484665, "Mississippi": 0.9421967357519982, "Missouri": 0.9716419395120833, "Montana": 0.9596448279382194, "Nebraska": 0.938310764047475, "Nevada": 0.6990241622348121, "New Hampshire": 0.9615839880914919, "New Jersey": 0.9272425592459596, "New Mexico": 0.9492799960547792, "New York": 0.8766607985077655, "North Carolina": 0.9779076361871986, "North Dakota": 0.9319156790872448, "Ohio": 0.9339269828486921, "Oklahoma": 0.9293790340408875, "Oregon": 0.9660543710343283, "Pennsylvania": 0.9252217929219279, "Rhode Island": 0.8892678007030265, "South Carolina": 0.9568111430524939, "South Dakota": 0.927078776707186, "Tennessee": 0.964498663756204, "Texas": 0.9634660465097499, "Utah": 0.951789443898497, "Vermont": 0.9355743668177365, "Virginia": 0.9178247338536806, "Washington": 0.9705504920098503, "West Virginia": 0.9039054660807305, "Wisconsin": 0.8999146142367651, "Wyoming": 0.7497016700301666}