{"Alabama": 0.944687408127749, "Alaska": 0.8269954975589847, "Arizona": 0.9265515569312821, "Arkansas": 0.9244182930969863, "California": 0.9166301955936472, "Colorado": 0.8971221164975786, "Connecticut": 0.8721390143968819, "Delaware": 0.8824916163520964, "Florida": 0.9010963037022959, "Georgia": 0.9315042565596389, "Hawaii": 0.8280769077239801, "Illinois": 0.9121327535386919, "Indiana": 0.883404626864875, "Iowa": 0.9147370088677877, "Kansas": 0.9456681603653752, "Kentucky": 0.9509919927284475, "Louisiana": 0.93530783532077, "Maine": 0.9499298200855594, "Maryland": 0.891523692275626, "Massachusetts": 0.8569657513593348, "Michigan": 0.9346828116407128, "Minnesota": 0.9243865750498181, "Mississippi": 0.9399800548179819, "Missouri": 0.9679889644755113, "Montana": 0.9401411329570291, "Nebraska": 0.9443287119932547, "Nevada": 0.638512802180434, "New Hampshire": 0.9481190166430226, "New Jersey": 0.8982151277623059, "New Mexico": 0.9232902646001103, "New York": 0.8481369714172133, "North Carolina": 0.94973184244719, "North Dakota": 0.9042195264289348, "Ohio": 0.9207291070528469, "Oklahoma": 0.9172900936521883, "Oregon": 0.9710002197049471, "Pennsylvania": 0.9130039374322306, "Rhode Island": 0.869996613618373, "South Carolina": 0.9286607700395051, "South Dakota": 0.9291062924614226, "Tennessee": 0.9516844642826622, "Texas": 0.9422488501654175, "Utah": 0.9284354806097305, "Vermont": 0.9375233291406136, "Virginia": 0.8895340665112995, "Washington": 0.9642564907463766, "West Virginia": 0.8958697447561266, "Wisconsin": 0.8837931368189923, "Wyoming": 0.7029454235186965}