{"Alabama": 0.962539299382483, "Alaska": 0.8689969034420428, "Arizona": 0.9583034437463751, "Arkansas": 0.9340910992263016, "California": 0.944795609941584, "Colorado": 0.9288255929121693, "Connecticut": 0.8908901258819233, "Delaware": 0.9102140153790048, "Florida": 0.9500565747409636, "Georgia": 0.9587461728072187, "Hawaii": 0.8752964771471747, "Illinois": 0.9387689193132303, "Indiana": 0.8942993582010422, "Iowa": 0.9213525433457187, "Kansas": 0.9534114023305437, "Kentucky": 0.9563965284090405, "Louisiana": 0.9597309943832832, "Maine": 0.9668933602225263, "Maryland": 0.9380637424080156, "Massachusetts": 0.8913856991230827, "Michigan": 0.942525378960859, "Minnesota": 0.9310469967752892, "Mississippi": 0.9437930472313365, "Missouri": 0.9728023216999406, "Montana": 0.9599617066400824, "Nebraska": 0.9393519185188354, "Nevada": 0.6859228676949968, "New Hampshire": 0.9649742743823003, "New Jersey": 0.9375168471767149, "New Mexico": 0.9486306203523085, "New York": 0.8906411551947888, "North Carolina": 0.9776964734954547, "North Dakota": 0.921727118311493, "Ohio": 0.9384567002979998, "Oklahoma": 0.9138826405292244, "Oregon": 0.9697238502085473, "Pennsylvania": 0.9348639252846996, "Rhode Island": 0.8981573095690536, "South Carolina": 0.9517016922540326, "South Dakota": 0.9311630522007494, "Tennessee": 0.9651892633369278, "Texas": 0.9598678813854687, "Utah": 0.9546738070106453, "Vermont": 0.940205055043476, "Virginia": 0.9161234166288021, "Washington": 0.9704348092306634, "West Virginia": 0.9039230919205719, "Wisconsin": 0.9036788983412753, "Wyoming": 0.7306644302463181}