{"Alabama": 0.9430304082227671, "Alaska": 0.8245161290675144, "Arizona": 0.9229705838171841, "Arkansas": 0.930289460674386, "California": 0.9126671226415988, "Colorado": 0.8929019160425558, "Connecticut": 0.8722589748834133, "Delaware": 0.8811505082686162, "Florida": 0.8968505643584027, "Georgia": 0.9264042266030789, "Hawaii": 0.823570417130607, "Illinois": 0.9113555830211006, "Indiana": 0.8821444255720507, "Iowa": 0.91794230474512, "Kansas": 0.9528155114555557, "Kentucky": 0.9537677228635668, "Louisiana": 0.9303986663947543, "Maine": 0.9500800810740215, "Maryland": 0.8856183244733425, "Massachusetts": 0.8569616322708227, "Michigan": 0.9328030732873209, "Minnesota": 0.927539304481438, "Mississippi": 0.941456794112487, "Missouri": 0.9692154917275628, "Montana": 0.9403834304801428, "Nebraska": 0.9482909949045002, "Nevada": 0.6390853367941438, "New Hampshire": 0.9470590144191459, "New Jersey": 0.8950513503463104, "New Mexico": 0.9210925538440501, "New York": 0.8475574232060925, "North Carolina": 0.9474700622548862, "North Dakota": 0.8907608531977435, "Ohio": 0.9230215412446791, "Oklahoma": 0.9245190978917975, "Oregon": 0.9723289221598691, "Pennsylvania": 0.9145317062457552, "Rhode Island": 0.8710299394565553, "South Carolina": 0.9256660345326059, "South Dakota": 0.9367531576386025, "Tennessee": 0.9491188892768062, "Texas": 0.9368760487108233, "Utah": 0.9233681471851364, "Vermont": 0.9385883201253286, "Virginia": 0.8845332449190321, "Washington": 0.9610536806228618, "West Virginia": 0.8942836036623035, "Wisconsin": 0.8838169531302383, "Wyoming": 0.6883935543317199}