{"Alabama": 0.9593628031178155, "Alaska": 0.8507921201911026, "Arizona": 0.9563349910569692, "Arkansas": 0.941934705146957, "California": 0.9455102391851326, "Colorado": 0.9218112656230076, "Connecticut": 0.8951914387449007, "Delaware": 0.9050095904642015, "Florida": 0.9450521810918527, "Georgia": 0.9519778930355125, "Hawaii": 0.8669564916714516, "Illinois": 0.9358664593035634, "Indiana": 0.892537713461945, "Iowa": 0.9278687856265633, "Kansas": 0.9582524170180156, "Kentucky": 0.957353841777874, "Louisiana": 0.9562014163008641, "Maine": 0.9701534870488435, "Maryland": 0.9295457719812819, "Massachusetts": 0.8866219203737415, "Michigan": 0.9370536129134673, "Minnesota": 0.9382062354067643, "Mississippi": 0.9476363956118673, "Missouri": 0.9742368351556943, "Montana": 0.9549556800899713, "Nebraska": 0.9450792690781866, "Nevada": 0.6932863116805589, "New Hampshire": 0.9709887322995338, "New Jersey": 0.9344774498867379, "New Mexico": 0.9400068553919334, "New York": 0.8913302096407687, "North Carolina": 0.9764210891312921, "North Dakota": 0.8683760218735945, "Ohio": 0.9422652963145627, "Oklahoma": 0.8867081924230656, "Oregon": 0.9735161232033552, "Pennsylvania": 0.9401536959873354, "Rhode Island": 0.9068403590528448, "South Carolina": 0.9470020674726528, "South Dakota": 0.9381412406204528, "Tennessee": 0.9618905941754511, "Texas": 0.9473616442989548, "Utah": 0.9521213009425793, "Vermont": 0.9427942689695289, "Virginia": 0.9104570372577144, "Washington": 0.9662725846957271, "West Virginia": 0.9022400969668409, "Wisconsin": 0.905911796803012, "Wyoming": 0.6919377454738812}