{"Alabama": 0.9599005016167261, "Alaska": 0.8505531325082866, "Arizona": 0.9528448614409896, "Arkansas": 0.9468082064877248, "California": 0.9437296334508204, "Colorado": 0.9132477731373679, "Connecticut": 0.896750107999416, "Delaware": 0.9001729960319219, "Florida": 0.9423300203431948, "Georgia": 0.9506924915973288, "Hawaii": 0.8636216367204081, "Illinois": 0.9334647991262311, "Indiana": 0.8941575378285672, "Iowa": 0.9302529679219228, "Kansas": 0.9578728640060756, "Kentucky": 0.9579665134419789, "Louisiana": 0.9553902262017926, "Maine": 0.971499714854891, "Maryland": 0.9255316284193742, "Massachusetts": 0.8821279794684193, "Michigan": 0.9352354722917028, "Minnesota": 0.937453717829031, "Mississippi": 0.9492287643367665, "Missouri": 0.9727925008357724, "Montana": 0.9494640889014185, "Nebraska": 0.9446931240024803, "Nevada": 0.696259099197337, "New Hampshire": 0.970633258650456, "New Jersey": 0.9308411639740106, "New Mexico": 0.9317576451830699, "New York": 0.8883778355814822, "North Carolina": 0.9780132735737322, "North Dakota": 0.858584278118808, "Ohio": 0.943048081237443, "Oklahoma": 0.876253081145496, "Oregon": 0.9723924194824659, "Pennsylvania": 0.9388265214125522, "Rhode Island": 0.9032151368725072, "South Carolina": 0.9493437755586623, "South Dakota": 0.9370034101644765, "Tennessee": 0.9615579579052238, "Texas": 0.9423290308264163, "Utah": 0.9501357857018924, "Vermont": 0.9437286785161403, "Virginia": 0.9089306907686756, "Washington": 0.9664504868540121, "West Virginia": 0.9019917968816122, "Wisconsin": 0.9103245690356777, "Wyoming": 0.7010399521625161}