{"Alabama": 0.9444762050414203, "Alaska": 0.8126578354333016, "Arizona": 0.9183052513936556, "Arkansas": 0.942849792967687, "California": 0.9142196266924848, "Colorado": 0.8781113188669973, "Connecticut": 0.8772637071053364, "Delaware": 0.8709595984838305, "Florida": 0.888230817177177, "Georgia": 0.9235892041648156, "Hawaii": 0.8133352796868544, "Illinois": 0.9077468785762407, "Indiana": 0.8883211145055092, "Iowa": 0.9260199213169417, "Kansas": 0.952951041513483, "Kentucky": 0.9544378014348539, "Louisiana": 0.9273404974023196, "Maine": 0.9549635740518252, "Maryland": 0.8730248274023332, "Massachusetts": 0.8462811190915459, "Michigan": 0.9317606644698301, "Minnesota": 0.9304670682231153, "Mississippi": 0.9467671864019634, "Missouri": 0.9677514802754235, "Montana": 0.9282079871798103, "Nebraska": 0.9510542134320089, "Nevada": 0.6463692061854738, "New Hampshire": 0.9519194980998975, "New Jersey": 0.8880786630948084, "New Mexico": 0.9044016985067455, "New York": 0.8415362259269135, "North Carolina": 0.9530018065345365, "North Dakota": 0.8443152198205532, "Ohio": 0.9274870557136088, "Oklahoma": 0.8825067597615894, "Oregon": 0.9712601851770989, "Pennsylvania": 0.9174836123475202, "Rhode Island": 0.8734377825188832, "South Carolina": 0.9282393334926544, "South Dakota": 0.9354026573472145, "Tennessee": 0.9490274973059354, "Texas": 0.9229402815253405, "Utah": 0.9248662632761883, "Vermont": 0.9403388861702706, "Virginia": 0.8793200821979392, "Washington": 0.9622668649641222, "West Virginia": 0.890621521035809, "Wisconsin": 0.8929442872445138, "Wyoming": 0.6731464742365101}