{"Alabama": 0.9402352993638686, "Alaska": 0.8114005737325992, "Arizona": 0.9164558033927785, "Arkansas": 0.9430751601277889, "California": 0.914546832266126, "Colorado": 0.8793044434478337, "Connecticut": 0.8785485012426164, "Delaware": 0.8696689529342179, "Florida": 0.8898790891870949, "Georgia": 0.9198591677328883, "Hawaii": 0.8158363107946587, "Illinois": 0.9066896245866883, "Indiana": 0.88060552421165, "Iowa": 0.926129888232949, "Kansas": 0.9529603181816576, "Kentucky": 0.9509795517688572, "Louisiana": 0.9266850127458591, "Maine": 0.9560483156146333, "Maryland": 0.8727339143460201, "Massachusetts": 0.8461423319230703, "Michigan": 0.9276624456919754, "Minnesota": 0.9299083803554274, "Mississippi": 0.946397324989758, "Missouri": 0.9675043952532345, "Montana": 0.9334932635844688, "Nebraska": 0.9518236704833571, "Nevada": 0.6508372917660362, "New Hampshire": 0.9522747375120054, "New Jersey": 0.8896870463778389, "New Mexico": 0.9008205244068184, "New York": 0.8418478559666727, "North Carolina": 0.951175346211245, "North Dakota": 0.8314914099001743, "Ohio": 0.9250896563769967, "Oklahoma": 0.8734894771471257, "Oregon": 0.9706685306757094, "Pennsylvania": 0.9166276740664425, "Rhode Island": 0.8750130412557574, "South Carolina": 0.9240987672600427, "South Dakota": 0.9374399179522603, "Tennessee": 0.9458155070831259, "Texas": 0.9196651106128729, "Utah": 0.922072187559317, "Vermont": 0.9416994100427752, "Virginia": 0.8852121293449632, "Washington": 0.9632883873425563, "West Virginia": 0.8946572653079643, "Wisconsin": 0.8902834870733585, "Wyoming": 0.6651835316898428}