{"Alabama": 0.9833096133013207, "Alaska": 0.743949036074224, "Arizona": 0.8979704466793526, "Arkansas": 0.9308744287337033, "California": 0.9212298855558275, "Colorado": 0.8551884689450083, "Connecticut": 0.8626696833246639, "Delaware": 0.8426897127990844, "Florida": 0.8341701340144803, "Georgia": 0.9676483277324465, "Hawaii": 0.7490529013139491, "Idaho": 0.9249460265933246, "Illinois": 0.9266243373903829, "Indiana": 0.9505332091714803, "Iowa": 0.92017259279908, "Kansas": 0.9340148693115288, "Kentucky": 0.9458277465381735, "Louisiana": 0.9055606496861186, "Maine": 0.8801484055129771, "Maryland": 0.7975852067136393, "Massachusetts": 0.8135860855519857, "Michigan": 0.9569520839914015, "Minnesota": 0.92264524079174, "Mississippi": 0.9678864550569493, "Missouri": 0.9433940519074704, "Montana": 0.7811793815916211, "Nebraska": 0.897329162784481, "Nevada": 0.6727163188745626, "New Hampshire": 0.9397085756029143, "New Jersey": 0.8537797138843977, "New Mexico": 0.8214283163111435, "New York": 0.7456874277901198, "North Carolina": 0.9831530597652004, "North Dakota": 0.7556004643748827, "Ohio": 0.9523472906974315, "Oklahoma": 0.9022595325768635, "Oregon": 0.9442129723709787, "Pennsylvania": 0.8969999682296373, "Rhode Island": 0.8697980125899406, "South Dakota": 0.8345292206285874, "Tennessee": 0.9742001620880196, "Texas": 0.9317246410797481, "Utah": 0.952105783531429, "Vermont": 0.9004253280528077, "Virginia": 0.8798776183109323, "Washington": 0.9258369917013034, "West Virginia": 0.8567996123487173, "Wisconsin": 0.9391839057541637, "Wyoming": 0.6865367990934472}