{"Alabama": 0.9817534610540932, "Alaska": 0.7560165938778578, "Arizona": 0.9028830095668887, "Arkansas": 0.9291247915958707, "California": 0.9238911500765455, "Colorado": 0.8617122558923709, "Connecticut": 0.8648467722401985, "Delaware": 0.7318050102864988, "Florida": 0.8476396573756797, "Georgia": 0.969997052548731, "Hawaii": 0.766493733429865, "Idaho": 0.9283506111900705, "Illinois": 0.9258248092204096, "Indiana": 0.9434067983713382, "Iowa": 0.9147155440192614, "Kansas": 0.9346906013776427, "Kentucky": 0.9453994784403699, "Louisiana": 0.9141806906797691, "Maine": 0.8796196020380399, "Maryland": 0.8046072996870121, "Massachusetts": 0.8109584334060139, "Michigan": 0.9526364778928761, "Minnesota": 0.9214598842797165, "Mississippi": 0.9663890456119961, "Missouri": 0.9446597948859492, "Montana": 0.7938701517026556, "Nebraska": 0.895391850046086, "Nevada": 0.687575824045711, "New Hampshire": 0.9400964690971858, "New Jersey": 0.8561566353384288, "New Mexico": 0.8322489366907, "New York": 0.7476237022149829, "North Carolina": 0.981737237236553, "North Dakota": 0.7688177086646439, "Ohio": 0.9460234829777904, "Oklahoma": 0.9053431727044468, "Oregon": 0.9493847709558912, "Pennsylvania": 0.8902668742057324, "Rhode Island": 0.8649151387231884, "South Dakota": 0.8381820003747295, "Tennessee": 0.9737917000438789, "Texas": 0.9359911119582468, "Utah": 0.9524157970582136, "Vermont": 0.8993101393397065, "Virginia": 0.8762165291030298, "Washington": 0.933773081827894, "West Virginia": 0.8556233377983867, "Wisconsin": 0.9325322477640338, "Wyoming": 0.6798264524310074}