{"Alabama": 0.9790810366255521, "Alaska": 0.7621439961229972, "Arizona": 0.9108761538306662, "Arkansas": 0.9263429217598977, "California": 0.9245491885423919, "Colorado": 0.8702931994471979, "Connecticut": 0.8642783376804313, "Delaware": 0.8564138047574026, "Florida": 0.8629392915996419, "Georgia": 0.9710494502471654, "Hawaii": 0.7827041300883972, "Idaho": 0.9355970389990936, "Illinois": 0.9241362851444737, "Indiana": 0.935401051614309, "Iowa": 0.911172544365333, "Kansas": 0.9329526458815702, "Kentucky": 0.9426746324742094, "Louisiana": 0.9226283476633959, "Maine": 0.8805142663678133, "Maryland": 0.8111014959147419, "Massachusetts": 0.8079579613777224, "Michigan": 0.9429462320429165, "Minnesota": 0.9138266239343323, "Mississippi": 0.9657416403706051, "Missouri": 0.9469564102479742, "Montana": 0.8131266920165221, "Nebraska": 0.8954359944151365, "Nevada": 0.7077748087669151, "New Hampshire": 0.9384402185756856, "New Jersey": 0.8559008680383935, "New Mexico": 0.8404075251677401, "New York": 0.7458025804520241, "North Carolina": 0.9802300952815911, "North Dakota": 0.7779825359405466, "Ohio": 0.9368874059431651, "Oklahoma": 0.9072587304192685, "Oregon": 0.9528853536001943, "Pennsylvania": 0.8819992860626794, "Rhode Island": 0.8551828160929783, "South Dakota": 0.8483968189961161, "Tennessee": 0.9721329279031405, "Texas": 0.9409727145239306, "Utah": 0.9531987491609961, "Vermont": 0.8967075021917978, "Virginia": 0.8750580240706991, "Washington": 0.9422904770015559, "West Virginia": 0.8546729698765169, "Wisconsin": 0.9234856631957691, "Wyoming": 0.6623669435901414}