{"Alabama": 0.978461029129349, "Alaska": 0.7629634630305692, "Arizona": 0.9177874034933149, "Arkansas": 0.922644365546795, "California": 0.921815813487976, "Colorado": 0.8708724512819193, "Connecticut": 0.8601307821206021, "Delaware": 0.8610931604833795, "Florida": 0.872062729092386, "Georgia": 0.9703014171583525, "Hawaii": 0.8008772056891224, "Idaho": 0.9398624263228041, "Illinois": 0.9229316111932861, "Indiana": 0.9312442487209959, "Iowa": 0.9023640065654217, "Kansas": 0.9293210143051879, "Kentucky": 0.9401946634446552, "Louisiana": 0.9271587240779757, "Maine": 0.884542433311938, "Maryland": 0.8178875500665527, "Massachusetts": 0.8024464899387572, "Michigan": 0.9371464386655136, "Minnesota": 0.9044247694812567, "Mississippi": 0.9644093902218032, "Missouri": 0.9463787252690202, "Montana": 0.8247019820924684, "Nebraska": 0.8928230289311749, "Nevada": 0.7212624402657475, "New Hampshire": 0.9373198698928399, "New Jersey": 0.8517025031742622, "New Mexico": 0.841594640242272, "New York": 0.7516728146446675, "North Carolina": 0.9784147091859854, "North Dakota": 0.7747927472515991, "Ohio": 0.9324084057944297, "Oklahoma": 0.9007601438164706, "Oregon": 0.9514452895814376, "Pennsylvania": 0.8792201399998748, "Rhode Island": 0.8487522214022183, "South Dakota": 0.8477084486101911, "Tennessee": 0.97250032448282, "Texas": 0.9418497963012333, "Utah": 0.9502765579365866, "Vermont": 0.8916664625712729, "Virginia": 0.8713682188925398, "Washington": 0.9427537967011392, "West Virginia": 0.8519435766130774, "Wisconsin": 0.915839354353208, "Wyoming": 0.6599443957631342}