{"Alabama": 0.980828016616986, "Alaska": 0.7579876243704441, "Arizona": 0.9150252152775081, "Arkansas": 0.9224721906917385, "California": 0.9213845750136637, "Colorado": 0.8672289316981392, "Connecticut": 0.857864768488056, "Delaware": 0.8519294751466114, "Florida": 0.87223151435026, "Georgia": 0.9670674623136564, "Hawaii": 0.8117781873687021, "Idaho": 0.9371035708477545, "Illinois": 0.9241986782646339, "Indiana": 0.9365637735771046, "Iowa": 0.9032962762557819, "Kansas": 0.9309895463901997, "Kentucky": 0.9417554037776626, "Louisiana": 0.9177736070889728, "Maine": 0.8990911187039309, "Maryland": 0.8182324584942785, "Massachusetts": 0.8058591929876951, "Michigan": 0.9412878555557207, "Minnesota": 0.9024290292696924, "Mississippi": 0.9678212402522537, "Missouri": 0.9478561663645585, "Montana": 0.8236667160158254, "Nebraska": 0.8966761625967299, "Nevada": 0.7201382234726009, "New Hampshire": 0.9400554922124807, "New Jersey": 0.8549719190259931, "New Mexico": 0.8384256472155083, "New York": 0.7633453748294796, "North Carolina": 0.9789505373816935, "North Dakota": 0.7817088941667409, "Ohio": 0.9337444076901437, "Oklahoma": 0.8862526579558608, "Oregon": 0.9489375685808614, "Pennsylvania": 0.8822461557719294, "Rhode Island": 0.8484839530164857, "South Dakota": 0.8521305579094125, "Tennessee": 0.9733136529923954, "Texas": 0.9344402117609643, "Utah": 0.9454508794593989, "Vermont": 0.8938109076443891, "Virginia": 0.8641773108143027, "Washington": 0.9406415103842583, "West Virginia": 0.8424214142410302, "Wisconsin": 0.9184933570770392, "Wyoming": 0.6207216960625286}