{"Alabama": 0.9825734318442713, "Alaska": 0.7820769970642949, "Arizona": 0.916679900978885, "Arkansas": 0.9244423301377491, "California": 0.9226709305391425, "Colorado": 0.87127253462539, "Connecticut": 0.8530784515481494, "Delaware": 0.8512278964621525, "Florida": 0.8790646888728451, "Georgia": 0.9647602907573357, "Hawaii": 0.8375480250559793, "Idaho": 0.9345969540741622, "Illinois": 0.9211656619872997, "Indiana": 0.9432442067955003, "Iowa": 0.9072260083031539, "Kansas": 0.9351833266367969, "Kentucky": 0.9430422144435853, "Louisiana": 0.9208819995114038, "Maine": 0.9056229945521389, "Maryland": 0.8265579441428188, "Massachusetts": 0.8097554465529685, "Michigan": 0.9442374886163986, "Minnesota": 0.8976740967476183, "Mississippi": 0.9673540616367585, "Missouri": 0.9476752616326652, "Montana": 0.8367523220784394, "Nebraska": 0.8986084835593703, "Nevada": 0.7293135277774738, "New Hampshire": 0.9423306331325693, "New Jersey": 0.862029730245798, "New Mexico": 0.847080013462364, "New York": 0.7798143681313506, "North Carolina": 0.9769655263207672, "North Dakota": 0.7948572361439216, "Ohio": 0.9335855838345343, "Oklahoma": 0.8951448237892843, "Oregon": 0.9406774857701486, "Pennsylvania": 0.8838530545429651, "Rhode Island": 0.8494939299360401, "South Dakota": 0.8562746052092524, "Tennessee": 0.9715750681107869, "Texas": 0.9360749002162004, "Utah": 0.9395395392256431, "Vermont": 0.8950223139053147, "Virginia": 0.8601290066612032, "Washington": 0.9380410383425871, "West Virginia": 0.8470625939771073, "Wisconsin": 0.9220158277783951, "Wyoming": 0.6630933182317182}