{"Alabama": 0.9812903693433616, "Alaska": 0.7713972866064371, "Arizona": 0.9186187608720153, "Arkansas": 0.9191552302211847, "California": 0.9214738826056241, "Colorado": 0.8710295937694937, "Connecticut": 0.8507730636076818, "Delaware": 0.8516111122484014, "Florida": 0.8843358770275588, "Georgia": 0.9653348301987376, "Hawaii": 0.8413403360540412, "Idaho": 0.9286607700395051, "Illinois": 0.9225256080852026, "Indiana": 0.9352239642962668, "Iowa": 0.8960922736558442, "Kansas": 0.9295030093107474, "Kentucky": 0.9416161645683337, "Louisiana": 0.9155054999099431, "Maine": 0.8951050140384549, "Maryland": 0.8297397110995024, "Massachusetts": 0.8158896551804372, "Michigan": 0.947537178955018, "Minnesota": 0.8946839730724295, "Mississippi": 0.9637903535501764, "Missouri": 0.9433049362736431, "Montana": 0.8264112240837955, "Nebraska": 0.8886246763256433, "Nevada": 0.7241453688677087, "New Hampshire": 0.9402250917297347, "New Jersey": 0.867360224253022, "New Mexico": 0.8422931009629872, "New York": 0.7844183988590439, "North Carolina": 0.9787792259141223, "North Dakota": 0.76536304066031, "Ohio": 0.9311308877935739, "Oklahoma": 0.8752988119613713, "Oregon": 0.9354079865118157, "Pennsylvania": 0.8828850877216308, "Rhode Island": 0.8501562879413509, "South Dakota": 0.8440258948101348, "Tennessee": 0.9711157425154592, "Texas": 0.9303514098283272, "Utah": 0.9423574707820933, "Vermont": 0.8905877500559153, "Virginia": 0.8568940164922502, "Washington": 0.9318930167715096, "West Virginia": 0.8364658515423277, "Wisconsin": 0.9168370835507982, "Wyoming": 0.6373849246196828}