{"Alabama": 0.9822780398441273, "Alaska": 0.7713776381862378, "Arizona": 0.9149989476949855, "Arkansas": 0.924384199970005, "California": 0.9213534453294229, "Colorado": 0.8720830573960624, "Connecticut": 0.8483608412632169, "Delaware": 0.844219729641783, "Florida": 0.8817453506768477, "Georgia": 0.9646394743353183, "Hawaii": 0.8371656351466559, "Idaho": 0.925666034532606, "Illinois": 0.9232324563034974, "Indiana": 0.937164633377187, "Iowa": 0.8953733228057084, "Kansas": 0.9319124342639993, "Kentucky": 0.9430244955847144, "Louisiana": 0.9149288273897742, "Maine": 0.8950570943233034, "Maryland": 0.8273934060240995, "Massachusetts": 0.8154797617332359, "Michigan": 0.951063681729074, "Minnesota": 0.8984812294885239, "Mississippi": 0.9639103227647963, "Missouri": 0.9418367250055282, "Montana": 0.8251024159381561, "Nebraska": 0.8875291823480629, "Nevada": 0.7207705256536164, "New Hampshire": 0.9402095808442461, "New Jersey": 0.8642546211165809, "New Mexico": 0.8382363153484061, "New York": 0.7856472361306913, "North Carolina": 0.9809808100046651, "North Dakota": 0.7444449157965212, "Ohio": 0.9330667568679588, "Oklahoma": 0.8864642578685296, "Oregon": 0.9366692622537889, "Pennsylvania": 0.8833738474663972, "Rhode Island": 0.8503553483991719, "South Dakota": 0.8450196689551714, "Tennessee": 0.9706685751710072, "Texas": 0.9304782161395875, "Utah": 0.940269989106511, "Vermont": 0.8907760928969244, "Virginia": 0.8587003603786724, "Washington": 0.9344656156021062, "West Virginia": 0.832842984988138, "Wisconsin": 0.916248304210653, "Wyoming": 0.6231175111834072}