{"Alabama": 0.983300901635809, "Alaska": 0.7465098180928906, "Arizona": 0.9151069646902635, "Arkansas": 0.9203744306129049, "California": 0.9073776344549244, "Colorado": 0.8660010755731147, "Connecticut": 0.8467739553811175, "Delaware": 0.8329363596942123, "Florida": 0.8789761167550484, "Georgia": 0.9630792160672115, "Hawaii": 0.8344948443822519, "Idaho": 0.923508678164364, "Illinois": 0.9220511580906957, "Indiana": 0.9340539363278245, "Iowa": 0.8946538909960392, "Kansas": 0.9265592316777526, "Kentucky": 0.940949178512468, "Louisiana": 0.9066903621005171, "Maine": 0.8946833362961074, "Maryland": 0.8195968090627036, "Massachusetts": 0.7977246816062972, "Michigan": 0.9497517100446731, "Minnesota": 0.8935505605858707, "Mississippi": 0.9639128020964681, "Missouri": 0.9303594450825838, "Montana": 0.811248987751899, "Nebraska": 0.8831595917550495, "Nevada": 0.7240668914897955, "New Hampshire": 0.9332729857950116, "New Jersey": 0.8579870232047724, "New Mexico": 0.8219944575512423, "New York": 0.7824121828777428, "North Carolina": 0.9811368958067566, "North Dakota": 0.7007747070856177, "Ohio": 0.9312582352525529, "Oklahoma": 0.8514425444226073, "Oregon": 0.9362808007647663, "Pennsylvania": 0.877808188023409, "Rhode Island": 0.8490230268653446, "South Dakota": 0.8349886742777434, "Tennessee": 0.9709043081795207, "Texas": 0.9192299682682782, "Utah": 0.9367655412042739, "Vermont": 0.8841946656463462, "Virginia": 0.8540486266077463, "Washington": 0.9178521198259032, "West Virginia": 0.8165618354861629, "Wisconsin": 0.9115286434777794, "Wyoming": 0.5882404820628485}