{"Alabama": 0.9832783234248639, "Alaska": 0.754316647823201, "Arizona": 0.9140654046019477, "Arkansas": 0.9229249906056176, "California": 0.9044511803887599, "Colorado": 0.861972500759151, "Connecticut": 0.8479743608542085, "Delaware": 0.8294831378720834, "Florida": 0.8798817704320391, "Georgia": 0.9626660834003113, "Hawaii": 0.8361889566959713, "Idaho": 0.9282393334926544, "Illinois": 0.9207165220214532, "Indiana": 0.9321430412988749, "Iowa": 0.8924563926893101, "Kansas": 0.9275614649196103, "Kentucky": 0.9458702823083244, "Louisiana": 0.9062429355306625, "Maine": 0.888591347028495, "Maryland": 0.8200143618585458, "Massachusetts": 0.7946668208691575, "Michigan": 0.9506452742808394, "Minnesota": 0.8904007666415613, "Mississippi": 0.965328592148609, "Missouri": 0.9306287179691325, "Montana": 0.8086252565934453, "Nebraska": 0.8856449909807647, "Nevada": 0.7334902384647224, "New Hampshire": 0.934677798437972, "New Jersey": 0.8568663323610866, "New Mexico": 0.8191382137634354, "New York": 0.7835520713796051, "North Carolina": 0.9819970601716944, "North Dakota": 0.6921587148533599, "Ohio": 0.9313499001320186, "Oklahoma": 0.8429845401494763, "Oregon": 0.9377592785592097, "Pennsylvania": 0.8780606052490877, "Rhode Island": 0.8477612198508127, "South Dakota": 0.8348759560560175, "Tennessee": 0.972291354937911, "Texas": 0.9156416383171455, "Utah": 0.9361987189043609, "Vermont": 0.884387666907423, "Virginia": 0.8581604464500538, "Washington": 0.9201149480061726, "West Virginia": 0.8172429549328181, "Wisconsin": 0.9114999810368831, "Wyoming": 0.6073547377676444}