{"Alabama": 0.984064849028552, "Alaska": 0.751524364175565, "Arizona": 0.9146819473792377, "Arkansas": 0.9259569579531326, "California": 0.9056398238167533, "Colorado": 0.8597814979887136, "Connecticut": 0.8449939598269771, "Delaware": 0.8233402530837353, "Florida": 0.8824284817906775, "Georgia": 0.963901920315108, "Hawaii": 0.837303295795013, "Idaho": 0.9240987672600428, "Illinois": 0.9218422087872882, "Indiana": 0.9309029751206839, "Iowa": 0.8937318685918684, "Kansas": 0.9252540239586889, "Kentucky": 0.9481012330030286, "Louisiana": 0.9032453987723372, "Maine": 0.8886361749691193, "Maryland": 0.8171080211667772, "Massachusetts": 0.7897394985298976, "Michigan": 0.9510607849315106, "Minnesota": 0.8879156947543058, "Mississippi": 0.9630079608220113, "Missouri": 0.9317893861014438, "Montana": 0.807475099415725, "Nebraska": 0.8860512557373753, "Nevada": 0.73328410094661, "New Hampshire": 0.9366204748447721, "New Jersey": 0.8576836186604686, "New Mexico": 0.8121283352620329, "New York": 0.7807715210884871, "North Carolina": 0.9829798039726524, "North Dakota": 0.6758466202640449, "Ohio": 0.9317859419532082, "Oklahoma": 0.8380953884547869, "Oregon": 0.9372297008924118, "Pennsylvania": 0.8753042244832769, "Rhode Island": 0.8504198863077774, "South Dakota": 0.8330072350205597, "Tennessee": 0.9748872724778684, "Texas": 0.9132548640327304, "Utah": 0.9339183407930632, "Vermont": 0.8809384363574714, "Virginia": 0.8629851389768664, "Washington": 0.9188203003173172, "West Virginia": 0.8184561681708145, "Wisconsin": 0.909254829904547, "Wyoming": 0.5924952729769017}