{"Alabama": 0.8155737812997169, "Alaska": 0.9282489042437243, "Arizona": 0.9259572523269052, "Arkansas": 0.7334078812119752, "California": 0.8976521035349109, "Colorado": 0.9380460107954481, "Connecticut": 0.8407424689702546, "Delaware": 0.8740353021151801, "Florida": 0.9321804429597683, "Georgia": 0.8732002064782951, "Hawaii": 0.9033802799789933, "Idaho": 0.9139838506838707, "Illinois": 0.8560673270406137, "Indiana": 0.7094608380569225, "Iowa": 0.7825693039533165, "Kansas": 0.8534324942324742, "Kentucky": 0.8155250179547828, "Louisiana": 0.9631873508976704, "Maine": 0.9252201028427176, "Maryland": 0.9476988419011251, "Massachusetts": 0.8750321668922015, "Michigan": 0.8200397247947255, "Minnesota": 0.8592409049613839, "Mississippi": 0.7911781268867574, "Missouri": 0.8962784070060824, "Montana": 0.9617750389636965, "Nebraska": 0.8603515791667741, "Nevada": 0.7493832706092463, "New Hampshire": 0.8905690159729898, "New Jersey": 0.8949379747434244, "New York": 0.8735106611085357, "North Carolina": 0.8195190271862267, "North Dakota": 0.8719111161308019, "Ohio": 0.8216793287810992, "Oklahoma": 0.919150249521003, "Oregon": 0.8882920674268866, "Pennsylvania": 0.8740985679422582, "Rhode Island": 0.8666220771744835, "South Carolina": 0.8214283163111434, "South Dakota": 0.8562421457793955, "Tennessee": 0.8158636169090642, "Texas": 0.9400533455483677, "Utah": 0.8893240530947557, "Vermont": 0.9058490697190309, "Virginia": 0.9210007553692238, "Washington": 0.9316805459951212, "West Virginia": 0.9350396749191924, "Wisconsin": 0.7408061097337352, "Wyoming": 0.8704980075109099}