{"Alabama": 0.8148137878104829, "Alaska": 0.9277219376676945, "Arizona": 0.9221424974304709, "Arkansas": 0.7468439119821206, "California": 0.8971797527037776, "Colorado": 0.9386393392807402, "Connecticut": 0.8408545808896711, "Delaware": 0.7497209032741006, "Florida": 0.9276957083355967, "Georgia": 0.8769876936121358, "Hawaii": 0.9032807794730628, "Idaho": 0.9174135976131553, "Illinois": 0.8557490984383903, "Indiana": 0.7103751578192399, "Iowa": 0.77314913247224, "Kansas": 0.8459126264816946, "Kentucky": 0.8215935470842878, "Louisiana": 0.9626509981885899, "Maine": 0.9283629551926832, "Maryland": 0.9465351539345321, "Massachusetts": 0.8723460984615726, "Michigan": 0.8276092851704973, "Minnesota": 0.8565428286353927, "Mississippi": 0.7974825718842051, "Missouri": 0.8997163116003517, "Montana": 0.9655870186397717, "Nebraska": 0.8547312656632958, "Nevada": 0.7491590998821769, "New Hampshire": 0.893241048811413, "New Jersey": 0.8942475033007065, "New York": 0.8673899455718909, "North Carolina": 0.8347259330978848, "North Dakota": 0.8722233723718449, "Ohio": 0.8205069169194165, "Oklahoma": 0.9216553476086223, "Oregon": 0.8880846436847061, "Pennsylvania": 0.8733875732434597, "Rhode Island": 0.8670460725394672, "South Carolina": 0.8322489366907, "South Dakota": 0.8541080818302862, "Tennessee": 0.8234276968880297, "Texas": 0.940581877267062, "Utah": 0.8882766630898, "Vermont": 0.9073877324017061, "Virginia": 0.9228779386943919, "Washington": 0.930001956661657, "West Virginia": 0.9369322381587917, "Wisconsin": 0.7388980023938704, "Wyoming": 0.8602961725040118}