{"Alabama": 0.8153695098097926, "Alaska": 0.9209762982067102, "Arizona": 0.9213955040274744, "Arkansas": 0.7517709356275771, "California": 0.9016950071816753, "Colorado": 0.9459172713865696, "Connecticut": 0.8402729311657254, "Delaware": 0.8779121487614442, "Florida": 0.9329669935133084, "Georgia": 0.8824835586556731, "Hawaii": 0.8979221972148684, "Idaho": 0.9130551476131623, "Illinois": 0.8582147485982429, "Indiana": 0.710698458789349, "Iowa": 0.7624060932911644, "Kansas": 0.8387420725062618, "Kentucky": 0.8172702810034017, "Louisiana": 0.9588500169363962, "Maine": 0.9213173342045582, "Maryland": 0.9511624293162958, "Massachusetts": 0.8743745361089615, "Michigan": 0.8325115716771593, "Minnesota": 0.8497809850304545, "Mississippi": 0.8043410318786167, "Missouri": 0.8968278192591563, "Montana": 0.9630826254586271, "Nebraska": 0.8459875820401446, "Nevada": 0.7551913441968087, "New Hampshire": 0.8944452815942048, "New Jersey": 0.8969602815501014, "New York": 0.8624973397150849, "North Carolina": 0.8515742323804636, "North Dakota": 0.8664972051112438, "Ohio": 0.8180714960024287, "Oklahoma": 0.913448795249973, "Oregon": 0.8862145984857976, "Pennsylvania": 0.8676731664617121, "Rhode Island": 0.8643782332079245, "South Carolina": 0.8404075251677402, "South Dakota": 0.8391454991813857, "Tennessee": 0.8345231078136696, "Texas": 0.9386694452294818, "Utah": 0.8877883211273142, "Vermont": 0.9058868803797095, "Virginia": 0.9327031273364365, "Washington": 0.925949918252845, "West Virginia": 0.9302214097634366, "Wisconsin": 0.7325208517468124, "Wyoming": 0.831822152650773}