{"Alabama": 0.8230914627092738, "Alaska": 0.9136265679580603, "Arizona": 0.9217103873436008, "Arkansas": 0.7662659463857009, "California": 0.906258536463073, "Colorado": 0.9464304896178981, "Connecticut": 0.836956192734643, "Delaware": 0.8743495647408293, "Florida": 0.9312539040286661, "Georgia": 0.8866277218299432, "Hawaii": 0.893429894922028, "Idaho": 0.917000415886266, "Illinois": 0.8570407376182358, "Indiana": 0.7155100039992225, "Iowa": 0.7560867649206162, "Kansas": 0.8313856156664113, "Kentucky": 0.8209694454275641, "Louisiana": 0.9515641031053963, "Maine": 0.9162081607276175, "Maryland": 0.9531318735070478, "Massachusetts": 0.8713095106042332, "Michigan": 0.8380841241663887, "Minnesota": 0.8479780509198582, "Mississippi": 0.8140958363593029, "Missouri": 0.8966176171652402, "Montana": 0.9607201031864517, "Nebraska": 0.8424670933188282, "Nevada": 0.7478292502307904, "New Hampshire": 0.8906032876296985, "New Jersey": 0.8966719291395125, "New York": 0.8641873605446738, "North Carolina": 0.8615466446484508, "North Dakota": 0.8606336106403846, "Ohio": 0.8206284837635097, "Oklahoma": 0.9075926404270864, "Oregon": 0.8905469165840298, "Pennsylvania": 0.8680428692099403, "Rhode Island": 0.8598761342410073, "South Carolina": 0.841594640242272, "South Dakota": 0.8314080208475462, "Tennessee": 0.8452902646583894, "Texas": 0.936869626837495, "Utah": 0.8765936010149648, "Vermont": 0.89923828125688, "Virginia": 0.9366002773973106, "Washington": 0.922950513443911, "West Virginia": 0.9253839034944669, "Wisconsin": 0.7286705925309609, "Wyoming": 0.8194168685328974}