{"Alabama": 0.8258251861512031, "Alaska": 0.914515100104208, "Arizona": 0.9230540199347881, "Arkansas": 0.7715149969866026, "California": 0.8996540319292275, "Colorado": 0.9431845591626254, "Connecticut": 0.8265332617540723, "Delaware": 0.8689732830100635, "Florida": 0.9368518009660302, "Georgia": 0.8858042161738613, "Hawaii": 0.8939924548569932, "Idaho": 0.9182122789071838, "Illinois": 0.8520674788867397, "Indiana": 0.7228572279937322, "Iowa": 0.7453790392922854, "Kansas": 0.8258184680510329, "Kentucky": 0.8259962840040198, "Louisiana": 0.954632148994466, "Maine": 0.9221492259383832, "Maryland": 0.9496179805598363, "Massachusetts": 0.8688886038811232, "Michigan": 0.8461297645594504, "Minnesota": 0.8384412194863741, "Mississippi": 0.8223838757807248, "Missouri": 0.8942351775612875, "Montana": 0.9583679341936817, "Nebraska": 0.8361836085910586, "Nevada": 0.7386448294507528, "New Hampshire": 0.8872903687862156, "New Jersey": 0.891863319115292, "New York": 0.8660153403426044, "North Carolina": 0.8622207614110828, "North Dakota": 0.863982730767291, "Ohio": 0.822422420066646, "Oklahoma": 0.9018240185278824, "Oregon": 0.887257580442816, "Pennsylvania": 0.8657884533781465, "Rhode Island": 0.8575803564082385, "South Carolina": 0.8384256472155083, "South Dakota": 0.8225467392832942, "Tennessee": 0.8498031617950745, "Texas": 0.9361283492050126, "Utah": 0.8698357094917011, "Vermont": 0.8990070366563485, "Virginia": 0.9307568651430208, "Washington": 0.917681492785543, "West Virginia": 0.9269102749827319, "Wisconsin": 0.7207973497997718, "Wyoming": 0.7983874720838885}