{"Alabama": 0.8430880157617262, "Alaska": 0.9188331747106819, "Arizona": 0.9169714465206816, "Arkansas": 0.7996683802010016, "California": 0.9004873105573407, "Colorado": 0.9355332426784754, "Connecticut": 0.8272225813591838, "Delaware": 0.8672721026547873, "Florida": 0.9331166104446359, "Georgia": 0.8922667849236886, "Hawaii": 0.900168957015133, "Idaho": 0.9242713744891728, "Illinois": 0.865140652696279, "Indiana": 0.7660375563074746, "Iowa": 0.7698076446662029, "Kansas": 0.8484694288751531, "Kentucky": 0.8540350364323883, "Louisiana": 0.9499945242230421, "Maine": 0.9317585022176427, "Maryland": 0.9499933354964882, "Massachusetts": 0.8791670917969958, "Michigan": 0.8853485816680807, "Minnesota": 0.8538153726754332, "Mississippi": 0.8366643336431699, "Missouri": 0.9072924810433761, "Montana": 0.9602541877907557, "Nebraska": 0.8459887553771694, "Nevada": 0.731516365679429, "New Hampshire": 0.8971257224365, "New Jersey": 0.8973876782132006, "New York": 0.8801760494753289, "North Carolina": 0.879687653691711, "North Dakota": 0.8771883887501244, "Ohio": 0.8549098121803693, "Oklahoma": 0.9135472516117813, "Oregon": 0.903003407763033, "Pennsylvania": 0.8811730695093016, "Rhode Island": 0.8738076254805045, "South Carolina": 0.847080013462364, "South Dakota": 0.8389483980482514, "Tennessee": 0.8694379853615587, "Texas": 0.9341052666338058, "Utah": 0.8632001624678146, "Vermont": 0.91128134735188, "Virginia": 0.9281496527390443, "Washington": 0.920695117585203, "West Virginia": 0.9310615241623562, "Wisconsin": 0.7511743325259131, "Wyoming": 0.8114217334616881}