{"Alabama": 0.8423767227000596, "Alaska": 0.9205577366386386, "Arizona": 0.9136574091995936, "Arkansas": 0.8032287598984267, "California": 0.8962810537004652, "Colorado": 0.9347832026509522, "Connecticut": 0.8298470908766129, "Delaware": 0.8724490608259163, "Florida": 0.9278073563665938, "Georgia": 0.8851419853346165, "Hawaii": 0.8940997848251505, "Idaho": 0.9232902646001102, "Illinois": 0.8639601705562284, "Indiana": 0.7536308390491879, "Iowa": 0.7641616814291255, "Kansas": 0.8551488842671386, "Kentucky": 0.8541448559817978, "Louisiana": 0.9517139767129706, "Maine": 0.9253205894424529, "Maryland": 0.9450635494453538, "Massachusetts": 0.8835315868893354, "Michigan": 0.8764632525303859, "Minnesota": 0.8553339905596228, "Mississippi": 0.841811670388098, "Missouri": 0.9070675685453683, "Montana": 0.9629824352533591, "Nebraska": 0.842506051055313, "Nevada": 0.7236735971370227, "New Hampshire": 0.8964691469916267, "New Jersey": 0.8987525877428971, "New York": 0.8849793568803659, "North Carolina": 0.8759472796179626, "North Dakota": 0.8782157731792963, "Ohio": 0.8542261788310619, "Oklahoma": 0.9126599544252797, "Oregon": 0.9030726783715542, "Pennsylvania": 0.8852848304157838, "Rhode Island": 0.8763442830825233, "South Carolina": 0.842293100962987, "South Dakota": 0.8412843423149989, "Tennessee": 0.869090943174035, "Texas": 0.9347855954496901, "Utah": 0.8635727686663344, "Vermont": 0.9107656622664018, "Virginia": 0.9208208138691493, "Washington": 0.9173344213446286, "West Virginia": 0.9352827750545355, "Wisconsin": 0.7481819777245832, "Wyoming": 0.807992548948157}