{"Alabama": 0.8435183616606713, "Alaska": 0.9236686357023269, "Arizona": 0.9097799901955742, "Arkansas": 0.8154381346125157, "California": 0.8909086266018238, "Colorado": 0.9272918810865091, "Connecticut": 0.8265520602140793, "Delaware": 0.872255931493904, "Florida": 0.9232116054724405, "Georgia": 0.8809154346841259, "Hawaii": 0.8874781298003042, "Idaho": 0.9210925538440502, "Illinois": 0.859840888860524, "Indiana": 0.7506367237095177, "Iowa": 0.7636621734780717, "Kansas": 0.8572874724764756, "Kentucky": 0.8569502347181005, "Louisiana": 0.9503359147005442, "Maine": 0.9265891076773879, "Maryland": 0.9407732827870793, "Massachusetts": 0.8817451565729443, "Michigan": 0.8655438412879575, "Minnesota": 0.8543923570310743, "Mississippi": 0.8505119975601605, "Missouri": 0.9072017889024713, "Montana": 0.9638113715757054, "Nebraska": 0.8424353383760754, "Nevada": 0.7216896798817377, "New Hampshire": 0.8929300513953694, "New Jersey": 0.8936782198101453, "New York": 0.8822123511223056, "North Carolina": 0.8741187282330208, "North Dakota": 0.8750385232426531, "Ohio": 0.8536486937814248, "Oklahoma": 0.9167431986701569, "Oregon": 0.9022464748832901, "Pennsylvania": 0.8873005649061916, "Rhode Island": 0.8765185153656616, "South Carolina": 0.8382363153484061, "South Dakota": 0.8398927469129082, "Tennessee": 0.8698686888033177, "Texas": 0.9287897283030276, "Utah": 0.8565044321891272, "Vermont": 0.9106642608215387, "Virginia": 0.916481224957338, "Washington": 0.9098617275260505, "West Virginia": 0.9418173789854754, "Wisconsin": 0.7432099561782151, "Wyoming": 0.8022309431893266}