{"Alabama": 0.8277686260597735, "Alaska": 0.9230150280067378, "Arizona": 0.9023852135014673, "Arkansas": 0.8193653431037325, "California": 0.8965765614630291, "Colorado": 0.9225485928520677, "Connecticut": 0.8255851919693099, "Delaware": 0.8659172587236469, "Florida": 0.912688521767515, "Georgia": 0.8682733757850298, "Hawaii": 0.8753127531629074, "Idaho": 0.9132105574445488, "Illinois": 0.8479435394423918, "Indiana": 0.7366262027654216, "Iowa": 0.7593168366058468, "Kansas": 0.860162179442331, "Kentucky": 0.8440595233769147, "Louisiana": 0.9498188140210105, "Maine": 0.9273579537796806, "Maryland": 0.930721816550772, "Massachusetts": 0.8748750056610864, "Michigan": 0.8497667040214434, "Minnesota": 0.8494806084546386, "Mississippi": 0.8458685489628702, "Missouri": 0.9042084063385514, "Montana": 0.9672264209835484, "Nebraska": 0.8465900635680657, "Nevada": 0.7251476386601788, "New Hampshire": 0.8871265650619184, "New Jersey": 0.8863697968621481, "New York": 0.877373715142236, "North Carolina": 0.864300272357475, "North Dakota": 0.8669625578553544, "Ohio": 0.8422895941021217, "Oklahoma": 0.9031618034859391, "Oregon": 0.894817213744305, "Pennsylvania": 0.885271900850563, "Rhode Island": 0.8751396633994524, "South Carolina": 0.8219944575512422, "South Dakota": 0.8350477888236433, "Tennessee": 0.856521468731206, "Texas": 0.9242615028066955, "Utah": 0.8521642148695217, "Vermont": 0.9015038841890264, "Virginia": 0.9046635716770245, "Washington": 0.9050273587969928, "West Virginia": 0.947736455842516, "Wisconsin": 0.7320330846823708, "Wyoming": 0.7983624548740522}