{"Alabama": 0.8194728750817496, "Alaska": 0.9265501406928404, "Arizona": 0.8964774192680826, "Arkansas": 0.821342494327249, "California": 0.8953640484448842, "Colorado": 0.9157859680611471, "Connecticut": 0.8233971815659679, "Delaware": 0.8602140595205687, "Florida": 0.9067757879630183, "Georgia": 0.8631805285083071, "Hawaii": 0.8748053567157483, "Idaho": 0.9044016985067456, "Illinois": 0.8422568022832202, "Indiana": 0.7279786076161961, "Iowa": 0.7534681344791437, "Kansas": 0.861726044044211, "Kentucky": 0.8350059556025093, "Louisiana": 0.9481971075580923, "Maine": 0.9189167645936431, "Maryland": 0.9239780877051975, "Massachusetts": 0.8675813585896212, "Michigan": 0.8372530630727393, "Minnesota": 0.8444264403871019, "Mississippi": 0.8441285039243014, "Missouri": 0.897910261900685, "Montana": 0.964835861957558, "Nebraska": 0.8385751490798002, "Nevada": 0.7336585229990644, "New Hampshire": 0.8834165851776906, "New Jersey": 0.8800567009746381, "New York": 0.871812506665379, "North Carolina": 0.8615420332702157, "North Dakota": 0.8667442351566951, "Ohio": 0.8362695284692947, "Oklahoma": 0.9031793084520168, "Oregon": 0.8886607254300525, "Pennsylvania": 0.880451319801167, "Rhode Island": 0.8671897538508905, "South Carolina": 0.8191382137634355, "South Dakota": 0.8327961750853906, "Tennessee": 0.8493637749281776, "Texas": 0.9230324466848671, "Utah": 0.8501722358015981, "Vermont": 0.8977020428771059, "Virginia": 0.9011701265229631, "Washington": 0.8990961929197959, "West Virginia": 0.9516481240732475, "Wisconsin": 0.7287916247674119, "Wyoming": 0.8183492480612664}