{"Alabama": 0.8110006581842427, "Alaska": 0.926700994743506, "Arizona": 0.8948201768568558, "Arkansas": 0.8165893368721594, "California": 0.8937484386028065, "Colorado": 0.9171215132664491, "Connecticut": 0.8278890188851653, "Delaware": 0.8567589900707646, "Florida": 0.9067917968820491, "Georgia": 0.8561979944273219, "Hawaii": 0.8730201083930511, "Idaho": 0.9008205244068184, "Illinois": 0.8402418856625161, "Indiana": 0.7118162896913363, "Iowa": 0.7487860396626409, "Kansas": 0.859845238746281, "Kentucky": 0.8214109481430169, "Louisiana": 0.9460112134619423, "Maine": 0.9148094033237771, "Maryland": 0.9206787884931878, "Massachusetts": 0.8658008092346987, "Michigan": 0.8241539719324655, "Minnesota": 0.8400609775192457, "Mississippi": 0.8359636791169648, "Missouri": 0.8922322404386074, "Montana": 0.962438514052504, "Nebraska": 0.8318208578506368, "Nevada": 0.7383935640472279, "New Hampshire": 0.8790624793870983, "New Jersey": 0.879833490628866, "New York": 0.8720773291220674, "North Carolina": 0.8553128136010713, "North Dakota": 0.8595943924459115, "Ohio": 0.828550260009778, "Oklahoma": 0.898238594783881, "Oregon": 0.8838214841683707, "Pennsylvania": 0.8766589343185691, "Rhode Island": 0.8639839631165159, "South Carolina": 0.8121283352620328, "South Dakota": 0.8256575625908601, "Tennessee": 0.841538777992218, "Texas": 0.9225361504498412, "Utah": 0.8467783295489316, "Vermont": 0.8939850331704277, "Virginia": 0.8998759685336291, "Washington": 0.8966170214023718, "West Virginia": 0.9538284922956226, "Wisconsin": 0.7202674548495652, "Wyoming": 0.8130071193007558}