{"Alabama": 0.9585489387236029, "Alaska": 0.6824450603332393, "Arizona": 0.8740873731539701, "Arkansas": 0.9547001151832889, "California": 0.8897163749348089, "Colorado": 0.8334594020281936, "Connecticut": 0.9192601043644255, "Delaware": 0.867519187666682, "Florida": 0.831245730296278, "Georgia": 0.9150033596807058, "Hawaii": 0.7011930241077594, "Idaho": 0.9325838749192302, "Illinois": 0.9482293029089133, "Indiana": 0.9323626897035432, "Kansas": 0.9878864758017367, "Kentucky": 0.9810579216327054, "Louisiana": 0.8966044341210472, "Maine": 0.9471954829536585, "Maryland": 0.8350182209984583, "Massachusetts": 0.88367390380647, "Michigan": 0.9147655146267087, "Minnesota": 0.9785286195746064, "Mississippi": 0.9555565696829075, "Missouri": 0.976432893630193, "Montana": 0.8597508546893489, "Nebraska": 0.964843934272385, "Nevada": 0.5131036479480175, "New Hampshire": 0.9635609177750869, "New Jersey": 0.8679185094413632, "New Mexico": 0.8520715515042286, "New York": 0.8498796931040947, "North Carolina": 0.925814701973318, "North Dakota": 0.8988911498951879, "Ohio": 0.9641731185347087, "Oklahoma": 0.9313655521822612, "Oregon": 0.9560565583220371, "Pennsylvania": 0.972012834527728, "Rhode Island": 0.9209680493606988, "South Carolina": 0.9027678830359573, "South Dakota": 0.9632374118158841, "Tennessee": 0.9679524277628101, "Texas": 0.9310199349508955, "Utah": 0.9331963541909724, "Vermont": 0.9446702976343401, "Virginia": 0.8723905184627975, "Washington": 0.9501981456591067, "West Virginia": 0.9266494838857834, "Wisconsin": 0.9683560866061088, "Wyoming": 0.7056892283942583}