{"Alabama": 0.9597383196183097, "Alaska": 0.6965511136459457, "Arizona": 0.8627440760883013, "Arkansas": 0.9574767078261377, "California": 0.8771776129688206, "Colorado": 0.8162298801870299, "Connecticut": 0.9150775320089525, "Delaware": 0.8655210175631203, "Florida": 0.8084190464243693, "Georgia": 0.9102557170166303, "Hawaii": 0.6992432383482287, "Idaho": 0.9317910551757003, "Illinois": 0.9451155773460147, "Indiana": 0.9310533730505497, "Kansas": 0.9867077867132505, "Kentucky": 0.9806813000344702, "Louisiana": 0.8981270469073489, "Maine": 0.9450391238214292, "Maryland": 0.8237173769313075, "Massachusetts": 0.8749389810831607, "Michigan": 0.9129408533991048, "Minnesota": 0.9765779745574483, "Mississippi": 0.953388678493069, "Missouri": 0.9741388934990678, "Montana": 0.8587390485286723, "Nebraska": 0.963301933247228, "Nevada": 0.5026233215818945, "New Hampshire": 0.9620780287531739, "New Jersey": 0.86131162973494, "New Mexico": 0.8468992212099784, "New York": 0.8413322511554727, "North Carolina": 0.9370152594001586, "North Dakota": 0.89566166504482, "Ohio": 0.9646092430156852, "Oklahoma": 0.9277602335463634, "Oregon": 0.9567338542059605, "Pennsylvania": 0.9692734683833848, "Rhode Island": 0.9219194687232036, "South Carolina": 0.9063606090716885, "South Dakota": 0.9599506495264042, "Tennessee": 0.9638818685102948, "Texas": 0.9228837366560683, "Utah": 0.9278498289863039, "Vermont": 0.9392912257235814, "Virginia": 0.8557568383947338, "Washington": 0.9458041622288871, "West Virginia": 0.9286069160105072, "Wisconsin": 0.9720057222013866, "Wyoming": 0.7043724745398637}