{"Alabama": 0.9568073069967872, "Alaska": 0.7001651856478768, "Arizona": 0.8535779375622539, "Arkansas": 0.9569226405264093, "California": 0.874482423977568, "Colorado": 0.800493672663247, "Connecticut": 0.9151041852441165, "Delaware": 0.854306878114778, "Florida": 0.7933866710783491, "Georgia": 0.9027642074677223, "Hawaii": 0.6957487595737517, "Idaho": 0.928776094821749, "Illinois": 0.9425639081586694, "Indiana": 0.9346354672451552, "Kansas": 0.98646821755101, "Kentucky": 0.9798476367022176, "Louisiana": 0.8920712179764503, "Maine": 0.9421067087617606, "Maryland": 0.8172656626534163, "Massachusetts": 0.8664976501549512, "Michigan": 0.9151577792965558, "Minnesota": 0.975772140305923, "Mississippi": 0.9564487595358975, "Missouri": 0.970653326619585, "Montana": 0.8565207969037306, "Nebraska": 0.9618787424154189, "Nevada": 0.504740711553253, "New Hampshire": 0.9619775181639898, "New Jersey": 0.8595245748022192, "New Mexico": 0.8418095596258581, "New York": 0.8378914435396853, "North Carolina": 0.938897798164769, "North Dakota": 0.9026101347340539, "Ohio": 0.9677762429769813, "Oklahoma": 0.931576852931847, "Oregon": 0.9563257751535592, "Pennsylvania": 0.9695496377827232, "Rhode Island": 0.9273343127085237, "South Carolina": 0.9071092519658507, "South Dakota": 0.9612405134390085, "Tennessee": 0.9598730013601505, "Texas": 0.9164273986775199, "Utah": 0.9226054728925321, "Vermont": 0.9370695024928618, "Virginia": 0.8384696444352576, "Washington": 0.9384657979592779, "West Virginia": 0.9313388171900774, "Wisconsin": 0.974218210118799, "Wyoming": 0.6969155240119249}