{"Alabama": 0.8715791284964692, "Alaska": 0.6845864443722626, "Arizona": 0.8524817598017341, "Arkansas": 0.9550531074850267, "California": 0.8701693479281628, "Colorado": 0.7984492454709131, "Connecticut": 0.9159595943403447, "Delaware": 0.8411659682689646, "Florida": 0.8175554611610455, "Georgia": 0.9042911473707674, "Hawaii": 0.6563885024640137, "Idaho": 0.9264958539095943, "Illinois": 0.941216100217438, "Indiana": 0.9403339913414859, "Kansas": 0.9822840760771929, "Kentucky": 0.9789815633864289, "Louisiana": 0.8990428494672652, "Maine": 0.9449663429330323, "Maryland": 0.8182251778429916, "Massachusetts": 0.8613716023549598, "Michigan": 0.9199683258392661, "Minnesota": 0.9753882995451801, "Mississippi": 0.9594403646309524, "Missouri": 0.9669058406666091, "Montana": 0.8582236899279337, "Nebraska": 0.9617675294248014, "Nevada": 0.5237580976378787, "New Hampshire": 0.9569349745637505, "New Jersey": 0.8623610327741128, "New Mexico": 0.837877363160076, "New York": 0.8445738998499058, "North Carolina": 0.9336784437442682, "North Dakota": 0.9173465596480925, "Ohio": 0.9681288876116079, "Oklahoma": 0.9258591346771152, "Oregon": 0.952171666159644, "Pennsylvania": 0.967508428443733, "Rhode Island": 0.912331169329379, "South Carolina": 0.9155204843845905, "South Dakota": 0.9639880705688916, "Tennessee": 0.9601071295375647, "Texas": 0.9137863596529966, "Utah": 0.9228215287027179, "Vermont": 0.9378259197686715, "Virginia": 0.8327252377399758, "Washington": 0.9326407003621371, "West Virginia": 0.9231171200131083, "Wisconsin": 0.9770618730191966, "Wyoming": 0.6360776164611156}