{"Alabama": 0.9584919582732183, "Alaska": 0.6726134503961323, "Arizona": 0.8566402768617581, "Arkansas": 0.9567578051306729, "California": 0.8726273196693344, "Colorado": 0.8125881605522809, "Connecticut": 0.9159108199033378, "Delaware": 0.8586848802633852, "Florida": 0.8235502885532434, "Georgia": 0.9080875090510533, "Hawaii": 0.6719635818976566, "Idaho": 0.9288602894024305, "Illinois": 0.9437612379009992, "Indiana": 0.9380715780778218, "Kansas": 0.9829450072085674, "Kentucky": 0.9807069081778994, "Louisiana": 0.9059941792223218, "Maine": 0.942377781867446, "Maryland": 0.8218458987754552, "Massachusetts": 0.8638664369096599, "Michigan": 0.9211796079540353, "Minnesota": 0.9747880784329848, "Mississippi": 0.9568239566565003, "Missouri": 0.9687537219812594, "Montana": 0.8649569548456114, "Nebraska": 0.9649873963788651, "Nevada": 0.5482449811930472, "New Hampshire": 0.9548573613396154, "New Jersey": 0.8687002576162735, "New Mexico": 0.8493291175352596, "New York": 0.8486360551343711, "North Carolina": 0.9500307249031513, "North Dakota": 0.9280508779821723, "Ohio": 0.9694235195538178, "Oklahoma": 0.9270561968941363, "Oregon": 0.9525449880275901, "Pennsylvania": 0.9636903870494551, "Rhode Island": 0.8515626306453502, "South Carolina": 0.9226839050230211, "South Dakota": 0.9642069134541783, "Tennessee": 0.9593366693264366, "Texas": 0.9177383492992155, "Utah": 0.9256184070000346, "Vermont": 0.8685458210442738, "Virginia": 0.8385290187281216, "Washington": 0.9302656076916331, "West Virginia": 0.9242078008239838, "Wisconsin": 0.9788570025462162, "Wyoming": 0.5615847538647826}