{"Alabama": 0.9591942815879192, "Alaska": 0.7677488492327033, "Arizona": 0.8599455325292568, "Arkansas": 0.9590692494630705, "California": 0.8695682859298789, "Colorado": 0.8175812537316057, "Connecticut": 0.9166626220599775, "Delaware": 0.8710561011972153, "Florida": 0.8159285700396405, "Georgia": 0.908149775759605, "Hawaii": 0.6839532623046023, "Idaho": 0.928178573019496, "Illinois": 0.9453580234761794, "Indiana": 0.9389046250535905, "Kansas": 0.9823410097367027, "Kentucky": 0.9809453832292971, "Louisiana": 0.9084524207108869, "Maine": 0.9431089930002333, "Maryland": 0.8204935050616388, "Massachusetts": 0.8632818305262954, "Michigan": 0.9256818348610428, "Minnesota": 0.9748786401254814, "Mississippi": 0.9579893267835927, "Missouri": 0.9694488076497192, "Montana": 0.8662761046697961, "Nebraska": 0.9647226475423838, "Nevada": 0.5649351651755651, "New Hampshire": 0.9529235352217594, "New Jersey": 0.8758653176908167, "New Mexico": 0.8506898800962166, "New York": 0.8495926452057455, "North Carolina": 0.9527472437395286, "North Dakota": 0.9318962667879096, "Ohio": 0.9702621370913928, "Oklahoma": 0.9200842999083828, "Oregon": 0.9542054457392904, "Pennsylvania": 0.9611979107506162, "Rhode Island": 0.9298784056802091, "South Carolina": 0.9236994124356117, "South Dakota": 0.9674131078377278, "Tennessee": 0.9647105999325019, "Texas": 0.915900687993925, "Utah": 0.9310315718996288, "Vermont": 0.9308760366356332, "Virginia": 0.8336272849918466, "Washington": 0.928684372965045, "West Virginia": 0.9214731610375448, "Wisconsin": 0.9811801883756774, "Wyoming": 0.6411161488177816}