{"Alabama": 0.9521437162071266, "Alaska": 0.7001872207682203, "Arizona": 0.7969783424403626, "Arkansas": 0.9676698045918458, "California": 0.8472302835113273, "Colorado": 0.7658863469567727, "Connecticut": 0.8880446720062416, "Delaware": 0.8334852149771479, "Florida": 0.7320170348713237, "Georgia": 0.8955878817633095, "Hawaii": 0.6370932802965671, "Idaho": 0.9202237483586033, "Illinois": 0.9150140954759447, "Indiana": 0.9516635032927777, "Kansas": 0.9826400504957223, "Kentucky": 0.984773175533081, "Louisiana": 0.8722051028223144, "Maine": 0.9054345202813658, "Maryland": 0.7403990078341939, "Massachusetts": 0.8160981679029635, "Michigan": 0.9403652225522547, "Minnesota": 0.9646955701984524, "Mississippi": 0.964023013018161, "Missouri": 0.9627589088748022, "Montana": 0.8021060337223305, "Nebraska": 0.9711057287311478, "Nevada": 0.494262936705742, "New Hampshire": 0.9209260224553775, "New Jersey": 0.8311234799550449, "New Mexico": 0.7825693039533166, "New York": 0.7886806604429544, "North Carolina": 0.9448717600129605, "North Dakota": 0.8871650687085869, "Ohio": 0.9561953526110365, "Oklahoma": 0.9166588039842124, "Oregon": 0.9587494869416612, "Pennsylvania": 0.9311525411832241, "Rhode Island": 0.8870672454678411, "South Carolina": 0.9201725927990801, "South Dakota": 0.9467217113031813, "Tennessee": 0.9589801616459598, "Texas": 0.889932317878723, "Utah": 0.9022638363488062, "Vermont": 0.9175413318573736, "Virginia": 0.7951621854253536, "Washington": 0.9062533334272148, "West Virginia": 0.8922429144741524, "Wisconsin": 0.9768452843016984, "Wyoming": 0.6387033505653246}