{"Alabama": 0.955543608671482, "Alaska": 0.7614298906045273, "Arizona": 0.8345277646467358, "Arkansas": 0.9615535617679911, "California": 0.8524106759299398, "Colorado": 0.7998763502031817, "Connecticut": 0.9156710600090702, "Delaware": 0.7810317572244003, "Florida": 0.796350801361452, "Georgia": 0.8892821681131916, "Hawaii": 0.7203642232127867, "Idaho": 0.904155405394057, "Illinois": 0.933412245532998, "Indiana": 0.9453469164232635, "Kansas": 0.9784589740241175, "Kentucky": 0.9790666229548499, "Louisiana": 0.8995769803445012, "Maine": 0.9265360576077025, "Maryland": 0.7974510881107022, "Massachusetts": 0.8464655255234674, "Michigan": 0.9334815956282393, "Minnesota": 0.9705180499769841, "Mississippi": 0.9606570994866264, "Missouri": 0.9629195262525515, "Montana": 0.8502000332001344, "Nebraska": 0.9578552280306728, "Nevada": 0.5639526304927975, "New Hampshire": 0.9445425689185928, "New Jersey": 0.857880625766304, "New Mexico": 0.8365560974109585, "New York": 0.8338283962362684, "North Carolina": 0.9515369584916074, "North Dakota": 0.933341905453617, "Ohio": 0.968340287201384, "Oklahoma": 0.9100790177296614, "Oregon": 0.9516704651190737, "Pennsylvania": 0.9493536622009271, "Rhode Island": 0.914813483765296, "South Carolina": 0.9170193813491858, "South Dakota": 0.9674373316073284, "Tennessee": 0.9616961774976968, "Texas": 0.9032419576616729, "Utah": 0.913153347115102, "Vermont": 0.9251251389077362, "Virginia": 0.8052520056693673, "Washington": 0.916685039663533, "West Virginia": 0.9049266279471988, "Wisconsin": 0.9836705992935681, "Wyoming": 0.6639313182731402}