{"Alabama": 0.9502051363793356, "Alaska": 0.6959997040192057, "Arizona": 0.7765340341331699, "Arkansas": 0.9697163978625287, "California": 0.8323007088086847, "Colorado": 0.7528620808720914, "Connecticut": 0.8830023130442963, "Delaware": 0.7609258663248903, "Florida": 0.7158670424079856, "Georgia": 0.8859763698370395, "Hawaii": 0.6339877025551355, "Idaho": 0.9025021914260903, "Illinois": 0.9096038536204761, "Indiana": 0.953844156365161, "Kansas": 0.9810055299774874, "Kentucky": 0.9825164795393592, "Louisiana": 0.8667227058500279, "Maine": 0.8938230226852658, "Maryland": 0.7257903358878453, "Massachusetts": 0.803880917480934, "Michigan": 0.9374093525399432, "Minnesota": 0.9626735272638771, "Mississippi": 0.9657366556576656, "Missouri": 0.9568271403365822, "Montana": 0.7909675662735105, "Nebraska": 0.967609032644833, "Nevada": 0.4905820901068946, "New Hampshire": 0.9141979969661274, "New Jersey": 0.821205510202567, "New Mexico": 0.77314913247224, "New York": 0.7766915120581748, "North Carolina": 0.9414869554578101, "North Dakota": 0.8891756324215363, "Ohio": 0.9531546351536007, "Oklahoma": 0.9095430716697612, "Oregon": 0.9559248449831225, "Pennsylvania": 0.9224564181623512, "Rhode Island": 0.8776931827819844, "South Carolina": 0.9147155440192613, "South Dakota": 0.9461999339428, "Tennessee": 0.9575960640613574, "Texas": 0.8814473052899412, "Utah": 0.8880490384103875, "Vermont": 0.911441241799587, "Virginia": 0.7779524796798188, "Washington": 0.9001985066940191, "West Virginia": 0.8795388298910441, "Wisconsin": 0.977811260910719, "Wyoming": 0.6127533910790227}