{"Alabama": 0.9524277749474679, "Alaska": 0.753089233052316, "Arizona": 0.8289538039305914, "Arkansas": 0.9619824999631637, "California": 0.844054851556318, "Colorado": 0.7942677231966372, "Connecticut": 0.9152572602102482, "Delaware": 0.8681800484287707, "Florida": 0.802113057044133, "Georgia": 0.8829251544254153, "Hawaii": 0.7187080959697194, "Idaho": 0.8938976966038887, "Illinois": 0.9298013056737486, "Indiana": 0.9482291613458663, "Kansas": 0.976549732924027, "Kentucky": 0.9775953397994621, "Louisiana": 0.8901047284347052, "Maine": 0.9240413093274138, "Maryland": 0.7929165460441472, "Massachusetts": 0.8432111706710973, "Michigan": 0.9355036480826211, "Minnesota": 0.9664684821084613, "Mississippi": 0.9613202527266419, "Missouri": 0.9600090894763713, "Montana": 0.8475354710651946, "Nebraska": 0.957542460799503, "Nevada": 0.5686923299457294, "New Hampshire": 0.9451286998437669, "New Jersey": 0.8539611647826989, "New Mexico": 0.823278734838323, "New York": 0.8307300853871433, "North Carolina": 0.9465037198689207, "North Dakota": 0.9310739420467539, "Ohio": 0.9666260701067405, "Oklahoma": 0.9007273061914048, "Oregon": 0.9505148197612334, "Pennsylvania": 0.9452033497613231, "Rhode Island": 0.9089578653319698, "South Carolina": 0.9118551207885168, "South Dakota": 0.9696280315370575, "Tennessee": 0.9595176764319173, "Texas": 0.8970965620042322, "Utah": 0.900368375421319, "Vermont": 0.9225623346460491, "Virginia": 0.7970969326466043, "Washington": 0.9149805467300779, "West Virginia": 0.8977443949288206, "Wisconsin": 0.9831586898414951, "Wyoming": 0.6237760636910604}