{"Alabama": 0.9494238819810514, "Alaska": 0.698429473073317, "Arizona": 0.7721711849479679, "Arkansas": 0.9712798631150624, "California": 0.8250951731796878, "Colorado": 0.7481779076282931, "Connecticut": 0.8844380166348343, "Delaware": 0.8321858064587982, "Florida": 0.7236165925048476, "Georgia": 0.8805194309406553, "Hawaii": 0.6337853806250295, "Idaho": 0.89238806542, "Illinois": 0.9088014725037191, "Indiana": 0.9572914812082816, "Kansas": 0.979750626344703, "Kentucky": 0.981440040378283, "Louisiana": 0.8605141159431695, "Maine": 0.89330457844509, "Maryland": 0.7224978032775752, "Massachusetts": 0.8029794098033183, "Michigan": 0.9379730972339122, "Minnesota": 0.9597915667439305, "Mississippi": 0.967337671540898, "Missouri": 0.954452152173397, "Montana": 0.7889680030809019, "Nebraska": 0.966737342470082, "Nevada": 0.4980624099445541, "New Hampshire": 0.9155749572716054, "New Jersey": 0.8191548568930489, "New Mexico": 0.7624060932911644, "New York": 0.7743228330415456, "North Carolina": 0.9385173344126303, "North Dakota": 0.8867581871266785, "Ohio": 0.9540550622723959, "Oklahoma": 0.9021265336765164, "Oregon": 0.9545940744140836, "Pennsylvania": 0.9213589170649691, "Rhode Island": 0.8734773124685739, "South Carolina": 0.911172544365333, "South Dakota": 0.9501888845108795, "Tennessee": 0.9559583586742245, "Texas": 0.8763443010065002, "Utah": 0.8780796901033144, "Vermont": 0.9087543094331496, "Virginia": 0.7692450656262764, "Washington": 0.9019070012636183, "West Virginia": 0.8730289143063051, "Wisconsin": 0.9785175385987012, "Wyoming": 0.5754062107664487}