{"Alabama": 0.9454602334053579, "Alaska": 0.6913943706846252, "Arizona": 0.7756099411447597, "Arkansas": 0.9713881687787541, "California": 0.8179598354845913, "Colorado": 0.739162899902024, "Connecticut": 0.8796837481421635, "Delaware": 0.8365299278708876, "Florida": 0.7296077485663109, "Georgia": 0.870971587387167, "Hawaii": 0.6361116528652315, "Idaho": 0.8915029524237845, "Illinois": 0.9075443816558846, "Indiana": 0.9567928783771049, "Kansas": 0.9790721388165684, "Kentucky": 0.9794846708366881, "Louisiana": 0.8598548301711777, "Maine": 0.8934163507688045, "Maryland": 0.7188820195072958, "Massachusetts": 0.7968815775061685, "Michigan": 0.9365005882085217, "Minnesota": 0.9552920505393206, "Mississippi": 0.963304239953141, "Missouri": 0.9506228490687479, "Montana": 0.7871319798531446, "Nebraska": 0.9665017376788244, "Nevada": 0.5064388100922036, "New Hampshire": 0.9132315790306933, "New Jersey": 0.807938483805819, "New Mexico": 0.7560867649206163, "New York": 0.7722552695795413, "North Carolina": 0.9306386187069005, "North Dakota": 0.8868281535744231, "Ohio": 0.9522508676662762, "Oklahoma": 0.8964641126881049, "Oregon": 0.949639447668644, "Pennsylvania": 0.9165770058194567, "Rhode Island": 0.8678875046296325, "South Carolina": 0.9023640065654216, "South Dakota": 0.9532807751619679, "Tennessee": 0.9501966449915918, "Texas": 0.8711052500825366, "Utah": 0.8674567263639078, "Vermont": 0.9075225389877839, "Virginia": 0.7564565048638506, "Washington": 0.8928137006502698, "West Virginia": 0.8689748018788429, "Wisconsin": 0.9784581614082085, "Wyoming": 0.5621369733272226}