{"Alabama": 0.9480863233093725, "Alaska": 0.7482783156615291, "Arizona": 0.8347979194039516, "Arkansas": 0.961457754820387, "California": 0.8396681789382335, "Colorado": 0.7882324844057557, "Connecticut": 0.9133796157632449, "Delaware": 0.8748185355698952, "Florida": 0.8112781202243952, "Georgia": 0.879181356484788, "Hawaii": 0.7214071868063394, "Idaho": 0.8943812716060873, "Illinois": 0.9310364052691998, "Indiana": 0.9508554347640789, "Kansas": 0.9760096656883316, "Kentucky": 0.976119182026142, "Louisiana": 0.8906389541799515, "Maine": 0.9246760143261138, "Maryland": 0.7933491890752472, "Massachusetts": 0.8401383098791658, "Michigan": 0.9368779541231871, "Minnesota": 0.9632257637854359, "Mississippi": 0.9590247535578089, "Missouri": 0.9576393732300401, "Montana": 0.8450728276102734, "Nebraska": 0.9589857379411754, "Nevada": 0.579741630671109, "New Hampshire": 0.9427037411364169, "New Jersey": 0.8494676017692374, "New Mexico": 0.8164933960051303, "New York": 0.8341708519667257, "North Carolina": 0.9404845178694208, "North Dakota": 0.9317725593628389, "Ohio": 0.9672547689492067, "Oklahoma": 0.8940010478784194, "Oregon": 0.948443059936255, "Pennsylvania": 0.9425087380693917, "Rhode Island": 0.9063959142333631, "South Carolina": 0.9073822830959891, "South Dakota": 0.9710894237599077, "Tennessee": 0.9565004970997704, "Texas": 0.8932829125666092, "Utah": 0.8906930716757544, "Vermont": 0.9207527599153478, "Virginia": 0.7892395979739228, "Washington": 0.9057845485623713, "West Virginia": 0.8944949710286003, "Wisconsin": 0.9837078492854937, "Wyoming": 0.6113848299228}