{"Alabama": 0.9420749006468688, "Alaska": 0.6745691947376711, "Arizona": 0.7811010528891217, "Arkansas": 0.9701326035393394, "California": 0.8105027279519973, "Colorado": 0.7327341733504125, "Connecticut": 0.8746208490707338, "Delaware": 0.8310523520566966, "Florida": 0.739570018682007, "Georgia": 0.8651783957361199, "Hawaii": 0.6355042146411469, "Idaho": 0.8984664790332605, "Illinois": 0.9042234878357236, "Indiana": 0.956905824752373, "Kansas": 0.9751963509962136, "Kentucky": 0.9765747177892657, "Louisiana": 0.8460563445840569, "Maine": 0.8991930084925389, "Maryland": 0.7132674663702825, "Massachusetts": 0.7889225593983068, "Michigan": 0.9292040174999212, "Minnesota": 0.9495103354182517, "Mississippi": 0.9571235447612385, "Missouri": 0.9458598112332341, "Montana": 0.7869323918263615, "Nebraska": 0.966406538188569, "Nevada": 0.5071618316032394, "New Hampshire": 0.9091496396568981, "New Jersey": 0.8007889882576334, "New Mexico": 0.7453790392922854, "New York": 0.7667028415353913, "North Carolina": 0.9280423496934967, "North Dakota": 0.8844540223585793, "Ohio": 0.9452911675192458, "Oklahoma": 0.8746857914303473, "Oregon": 0.9415664033238087, "Pennsylvania": 0.9102082695005964, "Rhode Island": 0.8561892951771537, "South Carolina": 0.903296276255782, "South Dakota": 0.9548814980202331, "Tennessee": 0.9461328794941786, "Texas": 0.8572983582168315, "Utah": 0.8733457420084204, "Vermont": 0.9027516667205213, "Virginia": 0.7411783923670107, "Washington": 0.8918273749671912, "West Virginia": 0.8477992972703204, "Wisconsin": 0.9762687261499019, "Wyoming": 0.5259775508408585}