{"Alabama": 0.9462553894261153, "Alaska": 0.7355376760282228, "Arizona": 0.8443960242780303, "Arkansas": 0.9592408294563994, "California": 0.8348853149062901, "Colorado": 0.7845668212017782, "Connecticut": 0.9100222835020196, "Delaware": 0.8761467513433238, "Florida": 0.8264367071773855, "Georgia": 0.8777704456805636, "Hawaii": 0.7251323787895193, "Idaho": 0.9035420596484889, "Illinois": 0.9304114017450745, "Indiana": 0.9536734518375349, "Kansas": 0.9716110425549966, "Kentucky": 0.9736081546387509, "Louisiana": 0.8806189905995426, "Maine": 0.9327922996246486, "Maryland": 0.7909850192289597, "Massachusetts": 0.8359608223215615, "Michigan": 0.9346740819165986, "Minnesota": 0.9586017860684568, "Mississippi": 0.9540018232606926, "Missouri": 0.9540092195048672, "Montana": 0.8460634272961076, "Nebraska": 0.9596638960259928, "Nevada": 0.5832782273402625, "New Hampshire": 0.9398291700472942, "New Jersey": 0.8481054992586844, "New Mexico": 0.8104363175911331, "New York": 0.8345281112090808, "North Carolina": 0.9415378253019464, "North Dakota": 0.9271797240388614, "Ohio": 0.9619814389990706, "Oklahoma": 0.8696954016550559, "Oregon": 0.9422427573160534, "Pennsylvania": 0.9387172099815199, "Rhode Island": 0.8980102224560174, "South Carolina": 0.9117044321755141, "South Dakota": 0.9715645608817463, "Tennessee": 0.9550706427108638, "Texas": 0.8820152545767623, "Utah": 0.9001144208246302, "Vermont": 0.9173769478552409, "Virginia": 0.7778207339650038, "Washington": 0.9032762141707789, "West Virginia": 0.8756973771003579, "Wisconsin": 0.9815144693146474, "Wyoming": 0.5768797482486034}