{"Alabama": 0.9400227637040376, "Alaska": 0.7082578595769661, "Arizona": 0.8034802375293572, "Arkansas": 0.9664504092533917, "California": 0.8168344109663275, "Colorado": 0.7521948000186527, "Connecticut": 0.8774353477336247, "Delaware": 0.8411329075109818, "Florida": 0.760002292264911, "Georgia": 0.8682316120635529, "Hawaii": 0.6724844465956958, "Idaho": 0.9144595003994723, "Illinois": 0.9061202968866141, "Indiana": 0.9579197384189667, "Kansas": 0.9745783798890816, "Kentucky": 0.9742341970153041, "Louisiana": 0.8578413385415945, "Maine": 0.905949382699741, "Maryland": 0.7335037065932093, "Massachusetts": 0.7945204853318486, "Michigan": 0.9237364485490135, "Minnesota": 0.9488746028808298, "Mississippi": 0.9587104456880757, "Missouri": 0.9492020769475342, "Montana": 0.8151611083822333, "Nebraska": 0.9722873331183999, "Nevada": 0.5301564992093007, "New Hampshire": 0.9124867114752427, "New Jersey": 0.8123903149076811, "New Mexico": 0.769807644666203, "New York": 0.7848598736252257, "North Carolina": 0.9273534152103936, "North Dakota": 0.8928286800241476, "Ohio": 0.9420644904284057, "Oklahoma": 0.8876214852841724, "Oregon": 0.9407124454282247, "Pennsylvania": 0.9114811108168641, "Rhode Island": 0.8534285611161727, "South Carolina": 0.9072260083031539, "South Dakota": 0.9566941645461948, "Tennessee": 0.9455844735936108, "Texas": 0.8711327850596635, "Utah": 0.8846249763985884, "Vermont": 0.9038209047815811, "Virginia": 0.7414402932008127, "Washington": 0.9003395017332929, "West Virginia": 0.8539822170469733, "Wisconsin": 0.9752014383203108, "Wyoming": 0.5915602132189897}