{"Alabama": 0.9436367974809049, "Alaska": 0.7691125697687713, "Arizona": 0.8604421986573961, "Arkansas": 0.9568680174890765, "California": 0.84127469552909, "Colorado": 0.8020907217588611, "Connecticut": 0.9082664292679501, "Delaware": 0.8895534999372761, "Florida": 0.8431166651398477, "Georgia": 0.8895236147683665, "Hawaii": 0.7572693809161853, "Idaho": 0.9201034656558211, "Illinois": 0.9345867578628909, "Indiana": 0.9566615420884509, "Kansas": 0.9714640863917408, "Kentucky": 0.9718135856558614, "Louisiana": 0.893069610975425, "Maine": 0.9403091025641307, "Maryland": 0.8082670132141974, "Massachusetts": 0.8417194802897495, "Michigan": 0.9331535643889669, "Minnesota": 0.9555888557396093, "Mississippi": 0.9551229617957417, "Missouri": 0.9590440247790857, "Montana": 0.8702412394608359, "Nebraska": 0.9677992431180318, "Nevada": 0.6046691326815906, "New Hampshire": 0.9393253676593022, "New Jersey": 0.8655187509545397, "New Mexico": 0.8302604833027619, "New York": 0.8534271199891942, "North Carolina": 0.9450200984616058, "North Dakota": 0.9331224793294286, "Ohio": 0.9586423106509775, "Oklahoma": 0.8872292693098638, "Oregon": 0.9398629748055553, "Pennsylvania": 0.9406342794725703, "Rhode Island": 0.8958968202136082, "South Carolina": 0.9183929924731826, "South Dakota": 0.9738779141354744, "Tennessee": 0.9562675911228901, "Texas": 0.8964979224037932, "Utah": 0.9112588768281746, "Vermont": 0.9162304435120631, "Virginia": 0.7787973306607004, "Washington": 0.9080196602536189, "West Virginia": 0.8815895056130454, "Wisconsin": 0.9808495672615564, "Wyoming": 0.6414285453796621}