{"Alabama": 0.9345939356925366, "Alaska": 0.6947925092496567, "Arizona": 0.8014556357491338, "Arkansas": 0.9643629477254902, "California": 0.8056995199558961, "Colorado": 0.7466138785421172, "Connecticut": 0.8740604630959707, "Delaware": 0.8367886606990508, "Florida": 0.7520059696584949, "Georgia": 0.8586612987115809, "Hawaii": 0.6614122844022461, "Idaho": 0.9147370088677879, "Illinois": 0.9007776382955511, "Indiana": 0.9541708284539997, "Kansas": 0.9706734329468977, "Kentucky": 0.9703606064659891, "Louisiana": 0.8494107766675932, "Maine": 0.894115304289337, "Maryland": 0.7294587782881288, "Massachusetts": 0.7944103488612531, "Michigan": 0.9206493780388988, "Minnesota": 0.9459999218670232, "Mississippi": 0.9541293948099353, "Missouri": 0.9433395051735693, "Montana": 0.8045381087617876, "Nebraska": 0.971908590707958, "Nevada": 0.5154996285135789, "New Hampshire": 0.9065205285852626, "New Jersey": 0.8085690914382857, "New Mexico": 0.7641616814291255, "New York": 0.7812854990912672, "North Carolina": 0.9202364126848274, "North Dakota": 0.8733179248008616, "Ohio": 0.9383528677166196, "Oklahoma": 0.8631363922559335, "Oregon": 0.9345051549610628, "Pennsylvania": 0.9064168261054579, "Rhode Island": 0.8483198278881439, "South Carolina": 0.8960922736558442, "South Dakota": 0.9535848717845762, "Tennessee": 0.9393344693628585, "Texas": 0.8615213703347815, "Utah": 0.8820798624109379, "Vermont": 0.8984950930939368, "Virginia": 0.7322853701216384, "Washington": 0.8930712506075683, "West Virginia": 0.839927514237557, "Wisconsin": 0.9728819531547431, "Wyoming": 0.570421970852022}