{"Alabama": 0.9411084149139878, "Alaska": 0.7586543845334104, "Arizona": 0.8629724718837364, "Arkansas": 0.9545782988458866, "California": 0.8336839262433207, "Colorado": 0.800344989637433, "Connecticut": 0.9101737436155297, "Delaware": 0.8923134137466284, "Florida": 0.8399182234374863, "Georgia": 0.885551799491927, "Hawaii": 0.7491154549385298, "Idaho": 0.9213525433457187, "Illinois": 0.932047175689877, "Indiana": 0.9523732785006827, "Kansas": 0.9678920628547338, "Kentucky": 0.9684866870545495, "Louisiana": 0.8885018217366708, "Maine": 0.9318758420925226, "Maryland": 0.8081167344908042, "Massachusetts": 0.8468677128835188, "Michigan": 0.9309549672708263, "Minnesota": 0.9550141587239778, "Mississippi": 0.9524641232884651, "Missouri": 0.9560648707542513, "Montana": 0.8616893306208403, "Nebraska": 0.9672711498682436, "Nevada": 0.5919136837803276, "New Hampshire": 0.9377068001124476, "New Jersey": 0.8669966939375122, "New Mexico": 0.8271173752244334, "New York": 0.8560481310882225, "North Carolina": 0.9402330716976544, "North Dakota": 0.9138273700450404, "Ohio": 0.9572425454362242, "Oklahoma": 0.864872070748099, "Oregon": 0.9357553581152116, "Pennsylvania": 0.9392267139724761, "Rhode Island": 0.895370527325025, "South Carolina": 0.9101836189754745, "South Dakota": 0.971610459096959, "Tennessee": 0.9531826598026697, "Texas": 0.8915614253363963, "Utah": 0.9107875211778627, "Vermont": 0.912335322232757, "Virginia": 0.7732478882524556, "Washington": 0.9031991810313127, "West Virginia": 0.8705379788592906, "Wisconsin": 0.979820995680488, "Wyoming": 0.6201791584082907}