{"Alabama": 0.9348349548046306, "Alaska": 0.6999049351628622, "Arizona": 0.799191626265675, "Arkansas": 0.9635717190119801, "California": 0.8003175843253356, "Colorado": 0.7490946740581788, "Connecticut": 0.8719988440974666, "Delaware": 0.8282138165464472, "Florida": 0.7495858374105192, "Georgia": 0.8556852714769984, "Hawaii": 0.6547174702887126, "Idaho": 0.9179423047451198, "Illinois": 0.8989049133948883, "Indiana": 0.9516863498085477, "Kansas": 0.9726155061192628, "Kentucky": 0.9678994189019414, "Louisiana": 0.8506066731083692, "Maine": 0.8934773864492299, "Maryland": 0.7252450727218758, "Massachusetts": 0.7904987595880602, "Michigan": 0.9213341365123329, "Minnesota": 0.9459741039205579, "Mississippi": 0.9509682747959425, "Missouri": 0.9403505810416063, "Montana": 0.8016185455379313, "Nebraska": 0.971780591688365, "Nevada": 0.5145071956304645, "New Hampshire": 0.9074630104645555, "New Jersey": 0.8015631841580586, "New Mexico": 0.7636621734780717, "New York": 0.7758861095143474, "North Carolina": 0.9162184476439961, "North Dakota": 0.8518738540564099, "Ohio": 0.9385547141986978, "Oklahoma": 0.8708568663179981, "Oregon": 0.9338874050972511, "Pennsylvania": 0.9042515438985734, "Rhode Island": 0.8454456722933819, "South Carolina": 0.8953733228057085, "South Dakota": 0.9566225630388723, "Tennessee": 0.933577958744305, "Texas": 0.8598380253791441, "Utah": 0.8814069330845377, "Vermont": 0.8987657003592524, "Virginia": 0.7316723755634268, "Washington": 0.89493709972503, "West Virginia": 0.831405007448006, "Wisconsin": 0.9715152326353017, "Wyoming": 0.5644557062514972}