{"Alabama": 0.935304539334118, "Alaska": 0.6851050489934593, "Arizona": 0.8058472060376494, "Arkansas": 0.9618902384737852, "California": 0.8064203981397867, "Colorado": 0.7465695671301934, "Connecticut": 0.8735392298984731, "Delaware": 0.8270539342639729, "Florida": 0.7476123230182626, "Georgia": 0.8562299964341864, "Hawaii": 0.6518453506882478, "Idaho": 0.9229840566939248, "Illinois": 0.8973943267455844, "Indiana": 0.9536860650775939, "Kansas": 0.9676053432367533, "Kentucky": 0.9707095568064265, "Louisiana": 0.8439672411890011, "Maine": 0.9001968972390272, "Maryland": 0.7211071836548467, "Massachusetts": 0.7842844767265851, "Michigan": 0.9232790079803197, "Minnesota": 0.9459699615725535, "Mississippi": 0.9506583553647654, "Missouri": 0.9395622865857556, "Montana": 0.7955889865308069, "Nebraska": 0.9685630511942537, "Nevada": 0.5208576310744406, "New Hampshire": 0.908778952535837, "New Jersey": 0.7986511334233124, "New Mexico": 0.7593168366058468, "New York": 0.7726406995829953, "North Carolina": 0.9163304192459124, "North Dakota": 0.8057537971193397, "Ohio": 0.9429495401763558, "Oklahoma": 0.8381696247498154, "Oregon": 0.9324457226110803, "Pennsylvania": 0.9044268367566792, "Rhode Island": 0.8451421635879955, "South Carolina": 0.8946538909960392, "South Dakota": 0.9554307661294039, "Tennessee": 0.9342396023980192, "Texas": 0.8506866592754384, "Utah": 0.8817530936211124, "Vermont": 0.9014913828330036, "Virginia": 0.7339506238043215, "Washington": 0.9022748733992625, "West Virginia": 0.8202605980168989, "Wisconsin": 0.9711997911825492, "Wyoming": 0.5387185499158188}