{"Alabama": 0.943541228288309, "Alaska": 0.7400213889320124, "Arizona": 0.8611473989910075, "Arkansas": 0.9520157021159563, "California": 0.8362484994709313, "Colorado": 0.7904402186742833, "Connecticut": 0.9101677522382625, "Delaware": 0.8752990693254907, "Florida": 0.8286337932028602, "Georgia": 0.8757332446077685, "Hawaii": 0.7339189872078271, "Idaho": 0.9302529679219228, "Illinois": 0.9182495699854337, "Indiana": 0.9480044002795298, "Kansas": 0.9579533453244756, "Kentucky": 0.9677118126088143, "Louisiana": 0.8802959883658603, "Maine": 0.926265334543318, "Maryland": 0.7963770932848572, "Massachusetts": 0.8297950738751387, "Michigan": 0.9243460276598255, "Minnesota": 0.9523069931581827, "Mississippi": 0.9476539845175421, "Missouri": 0.9518560554445038, "Montana": 0.8523736627877209, "Nebraska": 0.9631531973929716, "Nevada": 0.605168980432401, "New Hampshire": 0.9391282499502307, "New Jersey": 0.8523751596703653, "New Mexico": 0.8146889315254509, "New York": 0.8421387546831277, "North Carolina": 0.9308871659684724, "North Dakota": 0.8291815581460689, "Ohio": 0.9558750839564952, "Oklahoma": 0.8256780181914904, "Oregon": 0.9333511855618626, "Pennsylvania": 0.9313282006583111, "Rhode Island": 0.8860587298320887, "South Carolina": 0.9042058348027963, "South Dakota": 0.9734010222326592, "Tennessee": 0.941491517989823, "Texas": 0.8736040578660148, "Utah": 0.9037945690226226, "Vermont": 0.9119210042946634, "Virginia": 0.7818406665392008, "Washington": 0.9112415164376918, "West Virginia": 0.8531231464688875, "Wisconsin": 0.977512969484637, "Wyoming": 0.601354565671864}