{"Alabama": 0.9368189586292966, "Alaska": 0.689134879506577, "Arizona": 0.7981605734477644, "Arkansas": 0.9621832628848069, "California": 0.800370049475388, "Colorado": 0.7363795463825289, "Connecticut": 0.8701373591932184, "Delaware": 0.8187174943349443, "Florida": 0.739164000072892, "Georgia": 0.8484409946303988, "Hawaii": 0.6488422914314115, "Idaho": 0.9260199213169416, "Illinois": 0.8879215403882009, "Indiana": 0.9512263575148531, "Kansas": 0.9611056141054651, "Kentucky": 0.9698094087431418, "Louisiana": 0.8399614373350968, "Maine": 0.8910454108700762, "Maryland": 0.7131836085664872, "Massachusetts": 0.7746206072390401, "Michigan": 0.921209789193481, "Minnesota": 0.9414689732582894, "Mississippi": 0.945801299719102, "Missouri": 0.9376276194627854, "Montana": 0.7982069836904421, "Nebraska": 0.9688122868516866, "Nevada": 0.528754296189036, "New Hampshire": 0.9051107378777575, "New Jersey": 0.7903762824109954, "New Mexico": 0.7534681344791437, "New York": 0.7653814894073471, "North Carolina": 0.912327415133852, "North Dakota": 0.7957948195252048, "Ohio": 0.938822540567882, "Oklahoma": 0.8291647183003398, "Oregon": 0.9297185041720591, "Pennsylvania": 0.8986951495221465, "Rhode Island": 0.8380963756967729, "South Carolina": 0.89245639268931, "South Dakota": 0.9565043336618445, "Tennessee": 0.9277854515075907, "Texas": 0.8425988281093656, "Utah": 0.8751579896790546, "Vermont": 0.9001490181338415, "Virginia": 0.7370269287479795, "Washington": 0.9005925231290333, "West Virginia": 0.8196026704045833, "Wisconsin": 0.9714402945722546, "Wyoming": 0.5565085482359173}