{"Alabama": 0.9434255365772313, "Alaska": 0.7330601773967816, "Arizona": 0.8625724410527115, "Arkansas": 0.9518487196898155, "California": 0.8353247431205548, "Colorado": 0.7926611933948392, "Connecticut": 0.9072278937344832, "Delaware": 0.872423013506154, "Florida": 0.8291498571529472, "Georgia": 0.872330410360933, "Hawaii": 0.7311662447738755, "Idaho": 0.9310971640669483, "Illinois": 0.9137589489044762, "Indiana": 0.9447798661028068, "Kansas": 0.9558221003546231, "Kentucky": 0.9654993793442064, "Louisiana": 0.8817734112051978, "Maine": 0.9246192118857751, "Maryland": 0.7954976602137325, "Massachusetts": 0.8261726513255204, "Michigan": 0.9235092707157134, "Minnesota": 0.9509048660582063, "Mississippi": 0.9468795998311078, "Missouri": 0.9516836556435058, "Montana": 0.8565014905218261, "Nebraska": 0.9637268263841666, "Nevada": 0.6044328553967302, "New Hampshire": 0.9400604428510518, "New Jersey": 0.8500185065938767, "New Mexico": 0.8106590620745107, "New York": 0.8397798870069982, "North Carolina": 0.9297813162250761, "North Dakota": 0.8115008583620662, "Ohio": 0.9547449838417918, "Oklahoma": 0.8193321918009713, "Oregon": 0.9325615876670985, "Pennsylvania": 0.9295674285781002, "Rhode Island": 0.8853900943502959, "South Carolina": 0.9024158368724547, "South Dakota": 0.9741405271288569, "Tennessee": 0.9376821797814211, "Texas": 0.8707925629405856, "Utah": 0.9029539687479105, "Vermont": 0.9120176914328363, "Virginia": 0.7900777402378887, "Washington": 0.9118764414570507, "West Virginia": 0.8531773760723863, "Wisconsin": 0.9760165139167327, "Wyoming": 0.5924392121694863}