{"Alabama": 0.939087401628609, "Alaska": 0.6894747233274567, "Arizona": 0.802191594009838, "Arkansas": 0.9630791009774172, "California": 0.8043735616437596, "Colorado": 0.7419648586216365, "Connecticut": 0.869570765188468, "Delaware": 0.8211581245249209, "Florida": 0.7445260974696223, "Georgia": 0.8501630383319524, "Hawaii": 0.6522530703063278, "Idaho": 0.9261298882329488, "Illinois": 0.8876723378436042, "Indiana": 0.9514467187333734, "Kansas": 0.960712724986007, "Kentucky": 0.9695382599892781, "Louisiana": 0.8451162410808567, "Maine": 0.8923307459459555, "Maryland": 0.7155145428229623, "Massachusetts": 0.7753301160685174, "Michigan": 0.9255873352324543, "Minnesota": 0.942523748922918, "Mississippi": 0.9497285978488644, "Missouri": 0.9389415300350458, "Montana": 0.8026658044507182, "Nebraska": 0.9692261641853412, "Nevada": 0.5320801165863452, "New Hampshire": 0.9099769299910657, "New Jersey": 0.7937198216644515, "New Mexico": 0.7487860396626409, "New York": 0.7667358004881422, "North Carolina": 0.9155607509359831, "North Dakota": 0.7774073832277979, "Ohio": 0.9412101091248946, "Oklahoma": 0.8242236626141963, "Oregon": 0.9302287684860658, "Pennsylvania": 0.9010588846666068, "Rhode Island": 0.8429981030211615, "South Carolina": 0.8937318685918683, "South Dakota": 0.956659979913314, "Tennessee": 0.9274700757899145, "Texas": 0.8423890794880013, "Utah": 0.8779257772568753, "Vermont": 0.901673910750583, "Virginia": 0.7489508801878866, "Washington": 0.9018790363802899, "West Virginia": 0.8212315130055139, "Wisconsin": 0.9720154120029935, "Wyoming": 0.5500448618424514}