{"Alabama": 0.7782677199823284, "Alaska": 0.7973225489226742, "Arizona": 0.8515055317056256, "Arkansas": 0.7224594369429248, "California": 0.8898844607520108, "Colorado": 0.871334152330044, "Connecticut": 0.9563863021455832, "Delaware": 0.9132769471354795, "Florida": 0.8566271651803062, "Georgia": 0.841327366066193, "Hawaii": 0.747030016172176, "Idaho": 0.7997850337268775, "Illinois": 0.9156537765814197, "Indiana": 0.7277383206837087, "Iowa": 0.7886806604429544, "Kansas": 0.842002319443908, "Kentucky": 0.7745222636158131, "Louisiana": 0.8796397705166634, "Maine": 0.9006306382786132, "Maryland": 0.9312924490075658, "Massachusetts": 0.9710777934671274, "Michigan": 0.8425641188143852, "Minnesota": 0.9005915122872216, "Mississippi": 0.721911489683397, "Missouri": 0.8792978373008452, "Montana": 0.7962920961141653, "Nebraska": 0.8493036458270232, "Nevada": 0.5221601517720201, "New Hampshire": 0.8745880524749757, "New Jersey": 0.9511758748683409, "New Mexico": 0.8735106611085357, "North Carolina": 0.8040679818283049, "North Dakota": 0.8005859422281765, "Ohio": 0.8556534238285347, "Oklahoma": 0.818828969532842, "Oregon": 0.8729483361909879, "Pennsylvania": 0.9361731666810905, "Rhode Island": 0.9458668892417248, "South Carolina": 0.7456874277901198, "South Dakota": 0.8081735734421902, "Tennessee": 0.7948649409554671, "Texas": 0.8774005418995361, "Utah": 0.8696185761277959, "Vermont": 0.8784476214210893, "Virginia": 0.864874595026436, "Washington": 0.9069058209586947, "West Virginia": 0.8598662803343328, "Wisconsin": 0.7707363481231868, "Wyoming": 0.5960340906523903}