{"Alabama": 0.7721363002405425, "Alaska": 0.7954466813807921, "Arizona": 0.8366603321888294, "Arkansas": 0.7253851426304384, "California": 0.8851404504411292, "Colorado": 0.867544701770996, "Connecticut": 0.9555895222414869, "Delaware": 0.8895725849917918, "Florida": 0.8486389156167309, "Georgia": 0.8375094082037563, "Hawaii": 0.7471795815273731, "Idaho": 0.7916664850015603, "Illinois": 0.9155584182981188, "Indiana": 0.722427255602532, "Iowa": 0.7766915120581747, "Kansas": 0.8337621102287369, "Kentucky": 0.7775109828428947, "Louisiana": 0.871018231256591, "Maine": 0.8979687673086001, "Maryland": 0.9287344591621163, "Massachusetts": 0.9708567104745467, "Michigan": 0.8482686803823842, "Minnesota": 0.8975061469807594, "Mississippi": 0.7205652163012589, "Missouri": 0.8774403408785038, "Montana": 0.7957797239522753, "Nebraska": 0.8481139147486962, "Nevada": 0.5186374777733583, "New Hampshire": 0.8740718353397421, "New Jersey": 0.9536075402431572, "New Mexico": 0.867389945571891, "North Carolina": 0.8113980448053678, "North Dakota": 0.7994558937462828, "Ohio": 0.8544058755004553, "Oklahoma": 0.8133467030257152, "Oregon": 0.8664664252588945, "Pennsylvania": 0.9370441481796529, "Rhode Island": 0.9469487434117677, "South Carolina": 0.7476237022149828, "South Dakota": 0.8057819191202663, "Tennessee": 0.7968446951599665, "Texas": 0.873902907383309, "Utah": 0.8621731139674372, "Vermont": 0.8744273038627176, "Virginia": 0.8646359908936827, "Washington": 0.8991636016052782, "West Virginia": 0.8513842029898766, "Wisconsin": 0.7645155490712732, "Wyoming": 0.5758347670199326}