{"Alabama": 0.7663771937947101, "Alaska": 0.7916346063340578, "Arizona": 0.8296328417467759, "Arkansas": 0.7261499567057124, "California": 0.8803726758251936, "Colorado": 0.8635200599385592, "Connecticut": 0.9552307977148211, "Delaware": 0.9147214425099038, "Florida": 0.8529232327101022, "Georgia": 0.8344046689436638, "Hawaii": 0.7438903079134036, "Idaho": 0.7816217348631402, "Illinois": 0.9138770268682319, "Indiana": 0.7194196993081848, "Iowa": 0.7743228330415456, "Kansas": 0.8272711330989713, "Kentucky": 0.7763082047192343, "Louisiana": 0.8526891873883491, "Maine": 0.8991959554541766, "Maryland": 0.927866483357852, "Massachusetts": 0.9719383840768434, "Michigan": 0.8545745792949764, "Minnesota": 0.9001207440491951, "Mississippi": 0.7198823065479707, "Missouri": 0.87595297545665, "Montana": 0.798351389357859, "Nebraska": 0.8502476794600289, "Nevada": 0.520124242673658, "New Hampshire": 0.8777357091763919, "New Jersey": 0.9542754229158293, "New Mexico": 0.8624973397150849, "North Carolina": 0.8211991122882409, "North Dakota": 0.8056588827044605, "Ohio": 0.8544494140494224, "Oklahoma": 0.801343565043728, "Oregon": 0.8592866417002443, "Pennsylvania": 0.9363862099384339, "Rhode Island": 0.9497503836786144, "South Carolina": 0.7458025804520241, "South Dakota": 0.8075541952020142, "Tennessee": 0.8012986986612959, "Texas": 0.86546146004272, "Utah": 0.8478507433589169, "Vermont": 0.8745192755337486, "Virginia": 0.8638969993453486, "Washington": 0.8874821968026565, "West Virginia": 0.8415855105602513, "Wisconsin": 0.7603796194097152, "Wyoming": 0.5368727917566732}