{"Alabama": 0.7692163511877528, "Alaska": 0.7868695285502609, "Arizona": 0.84569123373782, "Arkansas": 0.7377279965224595, "California": 0.8881228200758737, "Colorado": 0.8697791690319469, "Connecticut": 0.9569866972846198, "Delaware": 0.9268604636680973, "Florida": 0.8714532105867493, "Georgia": 0.841928248287636, "Hawaii": 0.7496794318189702, "Idaho": 0.7923040256620455, "Illinois": 0.9159140424002862, "Indiana": 0.7246085119128944, "Iowa": 0.7722552695795413, "Kansas": 0.8223299273685797, "Kentucky": 0.7779201043445882, "Louisiana": 0.8506223170044973, "Maine": 0.8971263773933965, "Maryland": 0.9319506904842799, "Massachusetts": 0.9732397477673648, "Michigan": 0.8605028097069496, "Minnesota": 0.9043797640291907, "Mississippi": 0.7300268368024067, "Missouri": 0.8796949387724032, "Montana": 0.7961109495558207, "Nebraska": 0.8509341723252919, "Nevada": 0.5400970421514885, "New Hampshire": 0.8826353120269285, "New Jersey": 0.9571858155548945, "New Mexico": 0.8641873605446737, "North Carolina": 0.8306381304761183, "North Dakota": 0.7970281084472604, "Ohio": 0.8586512561437023, "Oklahoma": 0.7934735234447771, "Oregon": 0.8602080485029074, "Pennsylvania": 0.9365769082562153, "Rhode Island": 0.951404005242956, "South Carolina": 0.7516728146446676, "South Dakota": 0.8107408646273015, "Tennessee": 0.8108099206127888, "Texas": 0.8640601340670007, "Utah": 0.8426376875144039, "Vermont": 0.8752846972152697, "Virginia": 0.8706875801977834, "Washington": 0.8824723921625931, "West Virginia": 0.8365704142015052, "Wisconsin": 0.7584984726017581, "Wyoming": 0.5260303590007148}