{"Alabama": 0.7763457298347427, "Alaska": 0.7797108990628693, "Arizona": 0.8734159117020102, "Arkansas": 0.7400403244299464, "California": 0.8945750596922684, "Colorado": 0.8796166028169161, "Connecticut": 0.9581623265818506, "Delaware": 0.9434680456354743, "Florida": 0.899707391552426, "Georgia": 0.8533516821776479, "Hawaii": 0.7638505902028262, "Idaho": 0.8123492099817247, "Illinois": 0.9192891725779322, "Indiana": 0.7338503624445887, "Iowa": 0.7667028415353913, "Kansas": 0.8165993479105914, "Kentucky": 0.7838542546687809, "Louisiana": 0.8520947358700569, "Maine": 0.9084421284412343, "Maryland": 0.9382275252270993, "Massachusetts": 0.974233607302476, "Michigan": 0.869715468180369, "Minnesota": 0.9053591936982168, "Mississippi": 0.7365556203217191, "Missouri": 0.8859560332247406, "Montana": 0.8049515966298548, "Nebraska": 0.8510083720646852, "Nevada": 0.5560802105386179, "New Hampshire": 0.885514463191403, "New Jersey": 0.9594547114495356, "New Mexico": 0.8660153403426044, "North Carolina": 0.8416300766009975, "North Dakota": 0.7903623566867527, "Ohio": 0.8630589435864586, "Oklahoma": 0.7715414764153321, "Oregon": 0.8698783115071845, "Pennsylvania": 0.9367480846522052, "Rhode Island": 0.9519547225063556, "South Carolina": 0.7633453748294797, "South Dakota": 0.8101231343562344, "Tennessee": 0.8233287847821956, "Texas": 0.8607576505807546, "Utah": 0.8640800792244363, "Vermont": 0.8774371934073305, "Virginia": 0.8774584064787492, "Washington": 0.8856982503047792, "West Virginia": 0.8237317985465579, "Wisconsin": 0.7568610793807259, "Wyoming": 0.49865424320193724}