{"Alabama": 0.7911805840306524, "Alaska": 0.7926081652058314, "Arizona": 0.896361223794895, "Arkansas": 0.759655255441033, "California": 0.9017007643903103, "Colorado": 0.8945330447780819, "Connecticut": 0.9592735908111798, "Delaware": 0.9473833814946349, "Florida": 0.9119826309338015, "Georgia": 0.8688942785991416, "Hawaii": 0.7839926165032763, "Idaho": 0.8369903633664111, "Illinois": 0.9327333844066515, "Indiana": 0.7698206762814, "Iowa": 0.7848598736252258, "Kansas": 0.832476822127958, "Kentucky": 0.805761646143673, "Louisiana": 0.8547765061866504, "Maine": 0.9120821315117329, "Maryland": 0.9435294341118176, "Massachusetts": 0.9753992762080228, "Michigan": 0.8955980993868208, "Minnesota": 0.91559031503231, "Mississippi": 0.7545460788133682, "Missouri": 0.8985728529748686, "Montana": 0.8232111348430923, "Nebraska": 0.852638319491928, "Nevada": 0.5839043957399972, "New Hampshire": 0.8914735105003334, "New Jersey": 0.9619596253020753, "New Mexico": 0.8801760494753288, "North Carolina": 0.8638605712670384, "North Dakota": 0.7931529111685323, "Ohio": 0.886963173718689, "Oklahoma": 0.7915805196173001, "Oregon": 0.8862954403253709, "Pennsylvania": 0.9434009425051508, "Rhode Island": 0.9578495310222304, "South Carolina": 0.7798143681313507, "South Dakota": 0.8202368491361529, "Tennessee": 0.8460543891889056, "Texas": 0.8744000627384912, "Utah": 0.8832212413270006, "Vermont": 0.8841702077244801, "Virginia": 0.8771832396514275, "Washington": 0.8964061949805323, "West Virginia": 0.8297813943421603, "Wisconsin": 0.7798172575178467, "Wyoming": 0.5549354126951199}