{"Alabama": 0.795415119937677, "Alaska": 0.7984041971533157, "Arizona": 0.9078032093398869, "Arkansas": 0.7645114683193823, "California": 0.9015072209263644, "Colorado": 0.9018743964594133, "Connecticut": 0.9602427817447872, "Delaware": 0.9485492348490883, "Florida": 0.9150380014466, "Georgia": 0.8731373585278609, "Hawaii": 0.7891208354653703, "Idaho": 0.8481369714172133, "Illinois": 0.9314345931425433, "Indiana": 0.7598159232993338, "Iowa": 0.7812854990912673, "Kansas": 0.8315817031942382, "Kentucky": 0.8072976022687213, "Louisiana": 0.8648195120519334, "Maine": 0.9061222938507918, "Maryland": 0.9451463232671812, "Massachusetts": 0.9762954579388418, "Michigan": 0.8877340035588135, "Minnesota": 0.9175136088570006, "Mississippi": 0.7641700425754662, "Missouri": 0.9045705064477861, "Montana": 0.8314405820058687, "Nebraska": 0.8511383439191116, "Nevada": 0.5904716912201201, "New Hampshire": 0.8944456100776307, "New Jersey": 0.9623309042559627, "New Mexico": 0.884979356880366, "North Carolina": 0.8659488740647264, "North Dakota": 0.7814008000108047, "Ohio": 0.8877934745276215, "Oklahoma": 0.7812933168055545, "Oregon": 0.8904984456972208, "Pennsylvania": 0.9443205104979742, "Rhode Island": 0.9601198549218833, "South Carolina": 0.7844183988590439, "South Dakota": 0.8190543564980013, "Tennessee": 0.8509691575803731, "Texas": 0.8787243609666181, "Utah": 0.887987657289151, "Vermont": 0.8854796420133699, "Virginia": 0.8758121007890226, "Washington": 0.8998693910738385, "West Virginia": 0.8305513682765304, "Wisconsin": 0.7770106318224399, "Wyoming": 0.5531189814458505}