{"Alabama": 0.799961326277894, "Alaska": 0.8003945033046546, "Arizona": 0.9139649041165738, "Arkansas": 0.7698095814328908, "California": 0.9047448186207482, "Colorado": 0.911107791049393, "Connecticut": 0.9605235563347585, "Delaware": 0.9551065675726643, "Florida": 0.9211735481928677, "Georgia": 0.8768185367789246, "Hawaii": 0.7861414856909227, "Idaho": 0.8475574232060924, "Illinois": 0.9304387920307094, "Indiana": 0.748692219670356, "Iowa": 0.7758861095143476, "Kansas": 0.8349233267613165, "Kentucky": 0.8047355743560355, "Louisiana": 0.8671687672163365, "Maine": 0.9016457580949279, "Maryland": 0.9472165722211819, "Massachusetts": 0.9754378088486271, "Michigan": 0.8727031449033453, "Minnesota": 0.9133237161977534, "Mississippi": 0.7717414999327229, "Missouri": 0.9064144239201528, "Montana": 0.8297910488375667, "Nebraska": 0.8493137438951425, "Nevada": 0.6048155961762035, "New Hampshire": 0.890458527473248, "New Jersey": 0.9640076195643711, "New Mexico": 0.8822123511223054, "North Carolina": 0.8633930973635259, "North Dakota": 0.751178379882463, "Ohio": 0.8812144259033565, "Oklahoma": 0.7870343794919723, "Oregon": 0.8861568826836936, "Pennsylvania": 0.9404161236824194, "Rhode Island": 0.9577522661714588, "South Carolina": 0.7856472361306913, "South Dakota": 0.8112471339301088, "Tennessee": 0.8496556120321045, "Texas": 0.882840329107027, "Utah": 0.8931977375585703, "Vermont": 0.8787098423392279, "Virginia": 0.8834979721648425, "Washington": 0.8959221125383388, "West Virginia": 0.8221120352165322, "Wisconsin": 0.7661245885492256, "Wyoming": 0.5488895257987478}