{"Alabama": 0.794716817087477, "Alaska": 0.7898865563927965, "Arizona": 0.9164893269664107, "Arkansas": 0.7753235823176147, "California": 0.9303875182451758, "Colorado": 0.9125680482906693, "Connecticut": 0.9613842060205325, "Delaware": 0.9570794151469719, "Florida": 0.9209959642205012, "Georgia": 0.8804378308604895, "Hawaii": 0.7851591904465437, "Idaho": 0.8433502215693354, "Illinois": 0.9274775294856559, "Indiana": 0.737597689938597, "Iowa": 0.7726406995829952, "Kansas": 0.8289314794819445, "Kentucky": 0.7984979228737915, "Louisiana": 0.8644677727974107, "Maine": 0.9111823681932055, "Maryland": 0.9487100325058173, "Massachusetts": 0.9770446524877361, "Michigan": 0.8649767047488062, "Minnesota": 0.9103469251510099, "Mississippi": 0.769964498477146, "Missouri": 0.9138982783635942, "Montana": 0.8259860473927024, "Nebraska": 0.8580528691455375, "Nevada": 0.6142400332648804, "New Hampshire": 0.8924943408482972, "New Jersey": 0.9664077074661321, "New Mexico": 0.8773737151422359, "North Carolina": 0.8634488165196393, "North Dakota": 0.6992013140848448, "Ohio": 0.872153025687323, "Oklahoma": 0.7468418784746552, "Oregon": 0.8864369458999628, "Pennsylvania": 0.9396473582816754, "Rhode Island": 0.9579989526443726, "South Carolina": 0.7824121828777428, "South Dakota": 0.803792537452283, "Tennessee": 0.8458866595255407, "Texas": 0.8733362929232186, "Utah": 0.8921366834114377, "Vermont": 0.8769066416318889, "Virginia": 0.8906168790334564, "Washington": 0.9042818955316348, "West Virginia": 0.8123612367395701, "Wisconsin": 0.7593226483272074, "Wyoming": 0.5237645436607653}