{"Alabama": 0.7918184640199472, "Alaska": 0.7981640340857421, "Arizona": 0.9166769268724007, "Arkansas": 0.7784709979616596, "California": 0.9354705233210544, "Colorado": 0.9085686233377703, "Connecticut": 0.9624454614352016, "Delaware": 0.9581255303905836, "Florida": 0.9198224128342914, "Georgia": 0.8808955551092355, "Hawaii": 0.7882826004797503, "Idaho": 0.8415362259269136, "Illinois": 0.9275209880214239, "Indiana": 0.7328828514841829, "Iowa": 0.7653814894073471, "Kansas": 0.8294481711516605, "Kentucky": 0.7957669597860533, "Louisiana": 0.8656629655703899, "Maine": 0.9014918007010995, "Maryland": 0.9474839635360404, "Massachusetts": 0.9770523778577473, "Michigan": 0.8572791794744116, "Minnesota": 0.9110610751555673, "Mississippi": 0.7677329395384367, "Missouri": 0.9121278561617526, "Montana": 0.8267702510068524, "Nebraska": 0.8535725449314788, "Nevada": 0.6276693090938933, "New Hampshire": 0.894759111465838, "New Jersey": 0.9676275170219415, "New Mexico": 0.8718125066653789, "North Carolina": 0.86397345094604, "North Dakota": 0.6895461777228008, "Ohio": 0.8694416667539048, "Oklahoma": 0.7353067254021313, "Oregon": 0.8840243397481298, "Pennsylvania": 0.9405277223420178, "Rhode Island": 0.9584729084017467, "South Carolina": 0.7835520713796051, "South Dakota": 0.8069735992390167, "Tennessee": 0.8432721574582762, "Texas": 0.8708331490363048, "Utah": 0.8953993682653706, "Vermont": 0.8761477012735666, "Virginia": 0.8979337595020215, "Washington": 0.9038518395552115, "West Virginia": 0.8173941995142157, "Wisconsin": 0.755690909057536, "Wyoming": 0.5438462497776073}