{"Alabama": 0.7887910395525318, "Alaska": 0.7888549208821216, "Arizona": 0.9160173662756296, "Arkansas": 0.7774043280555131, "California": 0.9337439195424662, "Colorado": 0.9063905992053164, "Connecticut": 0.9654013597452216, "Delaware": 0.9560601556373735, "Florida": 0.9177424361176184, "Georgia": 0.8761862364093046, "Hawaii": 0.7872085270310176, "Idaho": 0.8418478559666727, "Illinois": 0.9260788873736077, "Indiana": 0.7225539725991785, "Iowa": 0.7667358004881422, "Kansas": 0.8274948334505766, "Kentucky": 0.786457137618006, "Louisiana": 0.8639368499219572, "Maine": 0.8985650930273256, "Maryland": 0.947164607232511, "Massachusetts": 0.976560472939238, "Michigan": 0.847954469525589, "Minnesota": 0.9087989582250084, "Mississippi": 0.7604335533820273, "Missouri": 0.9110888340961504, "Montana": 0.8293784188836573, "Nebraska": 0.8522494147765584, "Nevada": 0.6294149105042242, "New Hampshire": 0.8947617141470618, "New Jersey": 0.966497096427459, "New Mexico": 0.8720773291220674, "North Carolina": 0.8612201665804183, "North Dakota": 0.67246922105315, "Ohio": 0.8648010831261651, "Oklahoma": 0.7260458932936955, "Oregon": 0.8825498149571132, "Pennsylvania": 0.9402962737721933, "Rhode Island": 0.9572938292121875, "South Carolina": 0.7807715210884871, "South Dakota": 0.8039354390940501, "Tennessee": 0.8392603068426893, "Texas": 0.866517801628687, "Utah": 0.8921608212021545, "Vermont": 0.8768100195448681, "Virginia": 0.9009924768594889, "Washington": 0.9034079560744153, "West Virginia": 0.8224036998757325, "Wisconsin": 0.7502862006184549, "Wyoming": 0.53068457597587}