{"Alabama": 0.897600347246381, "Alaska": 0.5144890890622167, "Arizona": 0.8682967530542831, "Arkansas": 0.8969430601074413, "California": 0.9066570843892922, "Colorado": 0.805946233515401, "Connecticut": 0.9237124388195664, "Delaware": 0.7649855961541884, "Florida": 0.7677222588699746, "Georgia": 0.8204814986085709, "Hawaii": 0.5850933944876338, "Idaho": 0.8720108389399285, "Illinois": 0.9311398998331397, "Indiana": 0.9737644665014306, "Iowa": 0.9147655146267086, "Kansas": 0.9353946542449584, "Kentucky": 0.9303265401654157, "Louisiana": 0.7840199509626062, "Maine": 0.8261037762262601, "Maryland": 0.7721248429877998, "Massachusetts": 0.8712353839112599, "Minnesota": 0.9429736066219065, "Mississippi": 0.924774136815081, "Missouri": 0.9136784685421168, "Montana": 0.7371439008201177, "Nebraska": 0.8375578784047416, "Nevada": 0.4576497948706472, "New Hampshire": 0.9648170119066894, "New Jersey": 0.7869070470148719, "New Mexico": 0.7909904578155336, "New York": 0.7599650463770976, "North Carolina": 0.8625164361837523, "North Dakota": 0.7567713847696796, "Ohio": 0.9866970998847133, "Oklahoma": 0.8817672802388561, "Oregon": 0.9552145313411193, "Pennsylvania": 0.9133335155462176, "Rhode Island": 0.8975683603973518, "South Carolina": 0.8157581292534226, "South Dakota": 0.845541990943696, "Tennessee": 0.9304305411521815, "Texas": 0.8751575459666538, "Utah": 0.8956974801759481, "Vermont": 0.9202054527757089, "Virginia": 0.8414261658917138, "Washington": 0.9476793859876569, "West Virginia": 0.8234218725254876, "Wisconsin": 0.9561403236108167, "Wyoming": 0.5797490143947234}