{"Alabama": 0.9016872971328307, "Alaska": 0.5325329349165141, "Arizona": 0.854703366492361, "Arkansas": 0.8963053466689649, "California": 0.895377859241118, "Colorado": 0.7897084163906505, "Connecticut": 0.9141584414558238, "Delaware": 0.7671658198283955, "Florida": 0.753361704962743, "Georgia": 0.8201281390555324, "Hawaii": 0.5839639305327112, "Idaho": 0.8780039901280613, "Illinois": 0.9228315816358194, "Indiana": 0.9740895613120185, "Iowa": 0.9129408533991048, "Kansas": 0.930653686080708, "Kentucky": 0.9339858813941753, "Louisiana": 0.7863294973838256, "Maine": 0.826482200278187, "Maryland": 0.7656535410116813, "Massachusetts": 0.8624059213392707, "Minnesota": 0.9382956455286775, "Mississippi": 0.923268725749973, "Missouri": 0.9102081305787443, "Montana": 0.740851655065904, "Nebraska": 0.8296045725718033, "Nevada": 0.445407222248433, "New Hampshire": 0.9560842178540344, "New Jersey": 0.7806103794407707, "New Mexico": 0.7856612739388747, "New York": 0.755207423516833, "North Carolina": 0.87673657286604, "North Dakota": 0.7552809898461096, "Ohio": 0.9847855278379303, "Oklahoma": 0.8795311731075466, "Oregon": 0.9506929429166926, "Pennsylvania": 0.9083813237621836, "Rhode Island": 0.8929859689662255, "South Carolina": 0.8208937202998449, "South Dakota": 0.8416793030195888, "Tennessee": 0.9305670794374541, "Texas": 0.8669423777774877, "Utah": 0.8888189315531784, "Vermont": 0.915219186043567, "Virginia": 0.8301568414784867, "Washington": 0.9338837923559671, "West Virginia": 0.8267766743471966, "Wisconsin": 0.9539019922359236, "Wyoming": 0.5806139393912422}