{"Alabama": 0.9029297475735123, "Alaska": 0.546624064238224, "Arizona": 0.8559566322605486, "Arkansas": 0.8987402555207665, "California": 0.9002840166086855, "Colorado": 0.7855076204133532, "Connecticut": 0.9102153179088424, "Delaware": 0.7625675189282772, "Florida": 0.7545460330146709, "Georgia": 0.8219629448024813, "Hawaii": 0.5928019001856898, "Idaho": 0.8868693264162705, "Illinois": 0.919747705243428, "Indiana": 0.9714235190495014, "Iowa": 0.915157779296556, "Kansas": 0.9291588670668838, "Kentucky": 0.938028310511442, "Louisiana": 0.7895675471334933, "Maine": 0.8336732332965457, "Maryland": 0.7727561431841086, "Massachusetts": 0.8634392871272115, "Minnesota": 0.9359767453596035, "Mississippi": 0.9196607911784547, "Missouri": 0.9097821209055035, "Montana": 0.7488464677514055, "Nebraska": 0.8366136385834626, "Nevada": 0.45771208344043035, "New Hampshire": 0.9583136631120954, "New Jersey": 0.7862133210457463, "New Mexico": 0.7928341238895825, "New York": 0.7602125251783365, "North Carolina": 0.8864183358843454, "North Dakota": 0.7709352738655781, "Ohio": 0.9837892580759388, "Oklahoma": 0.8866710647033408, "Oregon": 0.9546217824088529, "Pennsylvania": 0.9111858638174954, "Rhode Island": 0.8975788955764117, "South Carolina": 0.8362738687941795, "South Dakota": 0.8462611662965077, "Tennessee": 0.9307643393291181, "Texas": 0.8694973019528205, "Utah": 0.8887185213547651, "Vermont": 0.9172442360661855, "Virginia": 0.8262192330276493, "Washington": 0.9252607503517488, "West Virginia": 0.8354753272477216, "Wisconsin": 0.9501355946157223, "Wyoming": 0.5824951790781354}