{"Alabama": 0.9281897210342142, "Alaska": 0.5895080789050058, "Arizona": 0.8714593986077692, "Arkansas": 0.8982212924247293, "California": 0.9089857575380342, "Colorado": 0.8183210129745903, "Connecticut": 0.9208061336350883, "Delaware": 0.7690909271824086, "Florida": 0.8043131665249829, "Georgia": 0.85169844051206, "Hawaii": 0.6288470218853524, "Idaho": 0.9105993416141749, "Illinois": 0.9276621174028012, "Indiana": 0.9710086301513281, "Iowa": 0.9211796079540353, "Kansas": 0.9402228991138288, "Kentucky": 0.9458689323907183, "Louisiana": 0.8315415745624434, "Maine": 0.8650075767589793, "Maryland": 0.8120009635373548, "Massachusetts": 0.8755125112648866, "Minnesota": 0.9448367854835044, "Mississippi": 0.9241857379368118, "Missouri": 0.9248185579382523, "Montana": 0.7988970231327529, "Nebraska": 0.8530993409319829, "Nevada": 0.5312620606614297, "New Hampshire": 0.9468492166657843, "New Jersey": 0.8225426164714612, "New Mexico": 0.8341239219803623, "New York": 0.8025049660988123, "North Carolina": 0.9063037214352863, "North Dakota": 0.8313804626579576, "Ohio": 0.9833927563979133, "Oklahoma": 0.9003765535124213, "Oregon": 0.9681309444354784, "Pennsylvania": 0.923316131538491, "Rhode Island": 0.8537100243012654, "South Carolina": 0.8687783179095014, "South Dakota": 0.8673583197523748, "Tennessee": 0.9384707581181257, "Texas": 0.8883578839377868, "Utah": 0.9016974107709126, "Vermont": 0.869940788082395, "Virginia": 0.8515372972154122, "Washington": 0.9332787552038317, "West Virginia": 0.8621399829967553, "Wisconsin": 0.9530770725668483, "Wyoming": 0.5212945928613215}