{"Alabama": 0.9334909032746113, "Alaska": 0.6755492222633849, "Arizona": 0.877190670152425, "Arkansas": 0.9032431121380607, "California": 0.9072005321832692, "Colorado": 0.8262378130012087, "Connecticut": 0.924160341670013, "Delaware": 0.7884596620771431, "Florida": 0.8134990611975719, "Georgia": 0.8617602489858414, "Hawaii": 0.6556482762119286, "Idaho": 0.912991191708802, "Illinois": 0.9323948442345387, "Indiana": 0.968979398909159, "Iowa": 0.9256818348610428, "Kansas": 0.9408287986162588, "Kentucky": 0.9482207665772949, "Louisiana": 0.8457177715162817, "Maine": 0.8764688510556834, "Maryland": 0.8235364311217712, "Massachusetts": 0.8791957757297537, "Minnesota": 0.9485158511243826, "Mississippi": 0.9273414931361037, "Missouri": 0.9323097997553007, "Montana": 0.8097064224513265, "Nebraska": 0.8578018043942957, "Nevada": 0.5524498363234732, "New Hampshire": 0.9453902299000605, "New Jersey": 0.8401532474319519, "New Mexico": 0.8431939453466264, "New York": 0.8175518421009497, "North Carolina": 0.9148492733470001, "North Dakota": 0.8464397749135018, "Ohio": 0.9844303517187498, "Oklahoma": 0.9007801526744652, "Oregon": 0.9694385203588574, "Pennsylvania": 0.927436062410297, "Rhode Island": 0.9189456287204785, "South Carolina": 0.8777523064976418, "South Dakota": 0.8782769174449828, "Tennessee": 0.9435981165607422, "Texas": 0.8939583149294626, "Utah": 0.9131084738960701, "Vermont": 0.9198258693423731, "Virginia": 0.8527447331044318, "Washington": 0.9320423032770948, "West Virginia": 0.8701209943863027, "Wisconsin": 0.954643647518361, "Wyoming": 0.5656045370933079}