{"Alabama": 0.9776252697118012, "Alaska": 0.7334230928394857, "Arizona": 0.8614770121810504, "Arkansas": 0.9521148471083838, "California": 0.9343140406306335, "Colorado": 0.8361205692213362, "Connecticut": 0.9355941878919253, "Delaware": 0.8615777609604487, "Florida": 0.802604714453352, "Georgia": 0.9527847626387466, "Hawaii": 0.6832601193953488, "Idaho": 0.9104178608608379, "Illinois": 0.9673333949626475, "Indiana": 0.9697903701147159, "Iowa": 0.9403652225522547, "Kansas": 0.9652297629385764, "Kentucky": 0.9577989391502204, "Louisiana": 0.899924497587041, "Maine": 0.9134645152272634, "Maryland": 0.8284452348616407, "Massachusetts": 0.8977535946290902, "Minnesota": 0.9744011940427755, "Mississippi": 0.9513644533978847, "Missouri": 0.9616361918039773, "Montana": 0.7571305138927575, "Nebraska": 0.9143279540688181, "Nevada": 0.5443510859548767, "New Hampshire": 0.9514926424673754, "New Jersey": 0.9043156525470829, "New Mexico": 0.8200397247947255, "New York": 0.8425641188143852, "North Carolina": 0.9862395449090681, "North Dakota": 0.7850624053397895, "Ohio": 0.9939661076685714, "Oklahoma": 0.9036993844988589, "Oregon": 0.9751525597686301, "Pennsylvania": 0.9622882460922072, "Rhode Island": 0.9402774572021377, "South Carolina": 0.9569520839914014, "South Dakota": 0.8450397510490214, "Tennessee": 0.9726664491624886, "Texas": 0.9230950164206677, "Utah": 0.9370775365055857, "Vermont": 0.9301581718423483, "Virginia": 0.8844734507616318, "Washington": 0.9450068492205004, "West Virginia": 0.8877712660424194, "Wisconsin": 0.9730194436609986, "Wyoming": 0.60931896498172}