{"Alabama": 0.9478119827710836, "Alaska": 0.7031616896138098, "Arizona": 0.8711526680786701, "Arkansas": 0.9113633500843545, "California": 0.905253975463157, "Colorado": 0.8351158371293179, "Connecticut": 0.932854411847207, "Delaware": 0.7445118194271575, "Florida": 0.8281936509910734, "Georgia": 0.876013018286917, "Hawaii": 0.7142988242174362, "Idaho": 0.909404630224791, "Illinois": 0.9413822879541248, "Indiana": 0.9644167189474477, "Iowa": 0.9334815956282393, "Kansas": 0.9608819780679446, "Kentucky": 0.9547581243534496, "Louisiana": 0.8695680832382426, "Maine": 0.8825078314495095, "Maryland": 0.8349984558447544, "Massachusetts": 0.8861320997929549, "Minnesota": 0.9599043390080215, "Mississippi": 0.9378489977835813, "Missouri": 0.9448914876925316, "Montana": 0.8208954697466031, "Nebraska": 0.8731875558351508, "Nevada": 0.5709512002891972, "New Hampshire": 0.9485412801715919, "New Jersey": 0.8547629745371919, "New Mexico": 0.8567494907276089, "New York": 0.8344642112897749, "North Carolina": 0.9330047486060938, "North Dakota": 0.8774844866598481, "Ohio": 0.9866746428628589, "Oklahoma": 0.9160143326069379, "Oregon": 0.9788163528668123, "Pennsylvania": 0.9368761045044218, "Rhode Island": 0.9250383451405398, "South Carolina": 0.8949853599048757, "South Dakota": 0.8949295179369096, "Tennessee": 0.9519523375737956, "Texas": 0.9063200954245595, "Utah": 0.9122678773070508, "Vermont": 0.9241049593513748, "Virginia": 0.8542081648438298, "Washington": 0.9399885435570613, "West Virginia": 0.8782397425343107, "Wisconsin": 0.9594149621688886, "Wyoming": 0.6186279108617736}