{"Alabama": 0.9759739622688656, "Alaska": 0.7443232384644162, "Arizona": 0.8543581024064933, "Arkansas": 0.9515501374003801, "California": 0.9296085400937972, "Colorado": 0.8364626537212176, "Connecticut": 0.9382243471444807, "Delaware": 0.8047719792742704, "Florida": 0.8066740728023225, "Georgia": 0.9498727151432027, "Hawaii": 0.693146923115911, "Idaho": 0.9032407867645017, "Illinois": 0.9695142008378362, "Indiana": 0.9659090011907825, "Iowa": 0.9374093525399433, "Kansas": 0.9695549300137662, "Kentucky": 0.9600193246036767, "Louisiana": 0.9071042973264664, "Maine": 0.9130703360788553, "Maryland": 0.8326988739201656, "Massachusetts": 0.8995935439303702, "Minnesota": 0.97617172817017, "Mississippi": 0.9502249976434185, "Missouri": 0.9623583378803588, "Montana": 0.7655449987594355, "Nebraska": 0.9168785435996663, "Nevada": 0.5488273158375159, "New Hampshire": 0.9514370886706621, "New Jersey": 0.9070931714846954, "New Mexico": 0.8276092851704973, "New York": 0.8482686803823841, "North Carolina": 0.9841336872318389, "North Dakota": 0.800949172895445, "Ohio": 0.9937676698535958, "Oklahoma": 0.9078125466583071, "Oregon": 0.9774434884365731, "Pennsylvania": 0.9625682405003753, "Rhode Island": 0.940984991013025, "South Carolina": 0.9526364778928762, "South Dakota": 0.850805168776687, "Tennessee": 0.9725682390633331, "Texas": 0.9252806767649328, "Utah": 0.9308505404146423, "Vermont": 0.9315866822641176, "Virginia": 0.880146810303472, "Washington": 0.9483733962870409, "West Virginia": 0.8872630897620795, "Wisconsin": 0.9700980770080392, "Wyoming": 0.5971882165515089}