{"Alabama": 0.9717030383332613, "Alaska": 0.7541829550370365, "Arizona": 0.8489916339883365, "Arkansas": 0.9493376707569312, "California": 0.9251041342073187, "Colorado": 0.8343394365627534, "Connecticut": 0.9402900205461682, "Delaware": 0.8636311649492553, "Florida": 0.8133818884619471, "Georgia": 0.9446945566229626, "Hawaii": 0.7025672341379496, "Idaho": 0.8944344092441904, "Illinois": 0.97125673104306, "Indiana": 0.9621945439071788, "Iowa": 0.9379730972339122, "Kansas": 0.9721360737903503, "Kentucky": 0.9611507855551243, "Louisiana": 0.9039392698992963, "Maine": 0.9170307074478471, "Maryland": 0.8344421913496646, "Massachusetts": 0.9035567979778634, "Minnesota": 0.9792250851310802, "Mississippi": 0.946506331967912, "Missouri": 0.9639377485650241, "Montana": 0.7761615988014253, "Nebraska": 0.923885603202908, "Nevada": 0.5546121671121514, "New Hampshire": 0.9513820542029735, "New Jersey": 0.9096891919903558, "New Mexico": 0.8325115716771594, "New York": 0.8545745792949765, "North Carolina": 0.9798472010471638, "North Dakota": 0.8155482321419929, "Ohio": 0.9937513159305166, "Oklahoma": 0.9101744035992578, "Oregon": 0.9774846787839204, "Pennsylvania": 0.9648363524130226, "Rhode Island": 0.9391215882998275, "South Carolina": 0.9429462320429166, "South Dakota": 0.8629785807239246, "Tennessee": 0.9706470687287128, "Texas": 0.9250461561719481, "Utah": 0.916885664041836, "Vermont": 0.9310446264506729, "Virginia": 0.8739566069705507, "Washington": 0.9501711164914883, "West Virginia": 0.8869184758701224, "Wisconsin": 0.9680490493239259, "Wyoming": 0.5657145436492707}