{"Alabama": 0.9516872726451759, "Alaska": 0.7091131370767303, "Arizona": 0.8653204030938006, "Arkansas": 0.9155698637976695, "California": 0.9029648330804259, "Colorado": 0.8345675405766766, "Connecticut": 0.9363466869426145, "Delaware": 0.8164820966213135, "Florida": 0.8356828018011845, "Georgia": 0.8785872521358069, "Hawaii": 0.7255769857314385, "Idaho": 0.8977592477866034, "Illinois": 0.9481414947964196, "Indiana": 0.9613121692207691, "Iowa": 0.935503648082621, "Kansas": 0.9667700298898502, "Kentucky": 0.9580365138076662, "Louisiana": 0.873753381056534, "Maine": 0.8895717790713273, "Maryland": 0.8401455064929683, "Massachusetts": 0.8933458484890474, "Minnesota": 0.965779776685218, "Mississippi": 0.9373916672223642, "Missouri": 0.947686523218481, "Montana": 0.8267787708508213, "Nebraska": 0.8861017376747721, "Nevada": 0.5753348629894758, "New Hampshire": 0.9489564194205232, "New Jersey": 0.8652421692800936, "New Mexico": 0.8601294892746828, "New York": 0.8464102209431394, "North Carolina": 0.9362405381058988, "North Dakota": 0.8862004522850824, "Ohio": 0.9883237777986756, "Oklahoma": 0.9171098654083731, "Oregon": 0.978532830646877, "Pennsylvania": 0.9436690688870726, "Rhode Island": 0.92460031687785, "South Carolina": 0.8924692176002039, "South Dakota": 0.9011995511325933, "Tennessee": 0.9525954149897906, "Texas": 0.9089752695877131, "Utah": 0.898193236298907, "Vermont": 0.9251929431991758, "Virginia": 0.8547201692621899, "Washington": 0.9427933236068371, "West Virginia": 0.8798235465093373, "Wisconsin": 0.9609908995779147, "Wyoming": 0.5834573200320624}