{"Alabama": 0.950260137934589, "Alaska": 0.7199403638959426, "Arizona": 0.8742916442638504, "Arkansas": 0.9186425704659429, "California": 0.9040321495167298, "Colorado": 0.8350025263767341, "Connecticut": 0.9347630782914559, "Delaware": 0.8302527069188849, "Florida": 0.8494559213855207, "Georgia": 0.8813419044192765, "Hawaii": 0.7382793059565731, "Idaho": 0.897646530449713, "Illinois": 0.9511728615915166, "Indiana": 0.9606807691046406, "Iowa": 0.9368779541231873, "Kansas": 0.9716226467185772, "Kentucky": 0.9580946288657323, "Louisiana": 0.8820009277680605, "Maine": 0.8999366958478229, "Maryland": 0.8495162607879314, "Massachusetts": 0.8977502083189359, "Minnesota": 0.9680527612283998, "Mississippi": 0.9350162890212433, "Missouri": 0.9491610937838818, "Montana": 0.8311486977030597, "Nebraska": 0.8914417334666791, "Nevada": 0.5859940156618829, "New Hampshire": 0.9537937286197116, "New Jersey": 0.8705914162556221, "New Mexico": 0.8661690216188521, "New York": 0.8574289264337921, "North Carolina": 0.9367460216278051, "North Dakota": 0.8931157300715438, "Ohio": 0.989104319247918, "Oklahoma": 0.9174073315719192, "Oregon": 0.9766265908468806, "Pennsylvania": 0.9491353190436327, "Rhode Island": 0.9280336835460637, "South Carolina": 0.8953816421604881, "South Dakota": 0.9055620777140746, "Tennessee": 0.9499533119863293, "Texas": 0.9081449278074967, "Utah": 0.8867044086962438, "Vermont": 0.9309980115993174, "Virginia": 0.8562225443709247, "Washington": 0.9409789121034738, "West Virginia": 0.8853269751798388, "Wisconsin": 0.9609977533391101, "Wyoming": 0.576713041033499}