{"Alabama": 0.966955815765139, "Alaska": 0.7600989678669436, "Arizona": 0.8571709845378497, "Arkansas": 0.9505073171944288, "California": 0.9241251207054375, "Colorado": 0.8332033357966976, "Connecticut": 0.9375169781828802, "Delaware": 0.8733386723261821, "Florida": 0.8266662108844762, "Georgia": 0.9397381087654147, "Hawaii": 0.7146549514133176, "Idaho": 0.8985126405274336, "Illinois": 0.9714635484687474, "Indiana": 0.9607852023564392, "Iowa": 0.9365005882085217, "Kansas": 0.974158118886274, "Kentucky": 0.9614309126956564, "Louisiana": 0.9086635425757976, "Maine": 0.9246081487661706, "Maryland": 0.8400275480213707, "Massachusetts": 0.9046614025973522, "Minnesota": 0.9804948025638094, "Mississippi": 0.9446339858282787, "Missouri": 0.9655794141678766, "Montana": 0.7841440065409532, "Nebraska": 0.9262603487366269, "Nevada": 0.5658355539861999, "New Hampshire": 0.9554027953303843, "New Jersey": 0.9062843873380325, "New Mexico": 0.8380841241663886, "New York": 0.8605028097069496, "North Carolina": 0.9756866489002428, "North Dakota": 0.8200118036675214, "Ohio": 0.9938540176673599, "Oklahoma": 0.9082715552832662, "Oregon": 0.9769019184792914, "Pennsylvania": 0.967478005798791, "Rhode Island": 0.9394245663897194, "South Carolina": 0.9371464386655136, "South Dakota": 0.8704888717599948, "Tennessee": 0.9684609470548218, "Texas": 0.9221742512281508, "Utah": 0.9045614323486736, "Vermont": 0.9364961786347844, "Virginia": 0.8712331198619175, "Washington": 0.9481846276750063, "West Virginia": 0.8894039205067421, "Wisconsin": 0.965486119381131, "Wyoming": 0.5553178565091699}