{"Alabama": 0.9520562160131455, "Alaska": 0.7304322266728507, "Arizona": 0.894632967315734, "Arkansas": 0.9215634205053995, "California": 0.9125481151507249, "Colorado": 0.8420697583546912, "Connecticut": 0.9324089065331297, "Delaware": 0.8443025125830627, "Florida": 0.8739734190146706, "Georgia": 0.8921504677500305, "Hawaii": 0.7597790859379213, "Idaho": 0.9110983039380303, "Illinois": 0.9558362556024987, "Indiana": 0.9597006474514235, "Iowa": 0.9346740819165986, "Kansas": 0.9749602618341232, "Kentucky": 0.9587021925663127, "Louisiana": 0.8854042972307891, "Maine": 0.9240318247948597, "Maryland": 0.8639526055355368, "Massachusetts": 0.9044827225582917, "Minnesota": 0.9704262192260947, "Mississippi": 0.9324642968354069, "Missouri": 0.9542784013977782, "Montana": 0.8455232721024112, "Nebraska": 0.8990679253148761, "Nevada": 0.5975026335684761, "New Hampshire": 0.9567151857871826, "New Jersey": 0.8817397944321158, "New Mexico": 0.8742590652942166, "New York": 0.8709417223003815, "North Carolina": 0.9459759507654769, "North Dakota": 0.8993195963759939, "Ohio": 0.9902313176407219, "Oklahoma": 0.9026818556658806, "Oregon": 0.9788118917098988, "Pennsylvania": 0.9555568511421627, "Rhode Island": 0.9317301311707132, "South Carolina": 0.9074109737807419, "South Dakota": 0.9115417257288586, "Tennessee": 0.9525885951181089, "Texas": 0.9043449480482998, "Utah": 0.8953477269202929, "Vermont": 0.9378779043943714, "Virginia": 0.8615519387489907, "Washington": 0.9461116561326093, "West Virginia": 0.8821251409478579, "Wisconsin": 0.9602592960918357, "Wyoming": 0.5512111837558753}