{"Alabama": 0.9649655900767126, "Alaska": 0.7651076270901146, "Arizona": 0.8781906658990434, "Arkansas": 0.9473024209328996, "California": 0.9298892771613027, "Colorado": 0.8405583034396849, "Connecticut": 0.9349105713897093, "Delaware": 0.8797858067490102, "Florida": 0.8506971680382791, "Georgia": 0.9435642775703154, "Hawaii": 0.7349634907135935, "Idaho": 0.9092618770288237, "Illinois": 0.9731445818920947, "Indiana": 0.9586232921485293, "Iowa": 0.9292040174999213, "Kansas": 0.9724709269818153, "Kentucky": 0.9597619837861391, "Louisiana": 0.9094934368774698, "Maine": 0.9424904228673062, "Maryland": 0.8530952638978616, "Massachusetts": 0.9088852251378438, "Minnesota": 0.9802784655777739, "Mississippi": 0.9407309351953177, "Missouri": 0.9687390280907195, "Montana": 0.7976504700598405, "Nebraska": 0.9285223175674662, "Nevada": 0.577720046074098, "New Hampshire": 0.9584470689399139, "New Jersey": 0.9112875064189767, "New Mexico": 0.8461297645594504, "New York": 0.869715468180369, "North Carolina": 0.9784276549579132, "North Dakota": 0.8252947516529775, "Ohio": 0.9935450349207039, "Oklahoma": 0.8942209353320828, "Oregon": 0.97867071246948, "Pennsylvania": 0.9703388878465219, "Rhode Island": 0.940335910851099, "South Carolina": 0.9412878555557207, "South Dakota": 0.8741989662315477, "Tennessee": 0.9695898366579365, "Texas": 0.9173332149373697, "Utah": 0.9121861075561298, "Vermont": 0.9413336362114187, "Virginia": 0.8734559527495059, "Washington": 0.951580538013234, "West Virginia": 0.8845950403807707, "Wisconsin": 0.9601460881740246, "Wyoming": 0.528421152398082}