{"Alabama": 0.9556431532275722, "Alaska": 0.7845460050216443, "Arizona": 0.9227200216865973, "Arkansas": 0.9280929626054503, "California": 0.9297118199576119, "Colorado": 0.8714079904540316, "Connecticut": 0.930780967056567, "Delaware": 0.8665779149857815, "Florida": 0.9078327666748248, "Georgia": 0.9164274499434344, "Hawaii": 0.8102704142701013, "Idaho": 0.9394878892723785, "Illinois": 0.9605215663477522, "Indiana": 0.9622813633347894, "Iowa": 0.9331535643889669, "Kansas": 0.9760866572433915, "Kentucky": 0.9623511233304212, "Louisiana": 0.9088348070228974, "Maine": 0.9476800770708064, "Maryland": 0.8986971065652344, "Massachusetts": 0.9196668695415877, "Minnesota": 0.9744324573550246, "Mississippi": 0.9391249211235096, "Missouri": 0.9664756862504852, "Montana": 0.8878792048080002, "Nebraska": 0.9115111241168058, "Nevada": 0.6334906750676771, "New Hampshire": 0.963408427700982, "New Jersey": 0.9090782671643802, "New Mexico": 0.9109889436900931, "New York": 0.9008733110856, "North Carolina": 0.9616446875979443, "North Dakota": 0.9110468681402125, "Ohio": 0.9909226666953813, "Oklahoma": 0.9176679921424253, "Oregon": 0.9855359048729035, "Pennsylvania": 0.9646473986601125, "Rhode Island": 0.9447084318435874, "South Carolina": 0.9219593793430522, "South Dakota": 0.9182288317857175, "Tennessee": 0.9617994656881106, "Texas": 0.9230451498894083, "Utah": 0.909236136646866, "Vermont": 0.9492106994132605, "Virginia": 0.879435043039094, "Washington": 0.9634279680819116, "West Virginia": 0.905268864399063, "Wisconsin": 0.956588775730478, "Wyoming": 0.6263278447667376}