{"Alabama": 0.9619179887270354, "Alaska": 0.8120216734810658, "Arizona": 0.9100908430526401, "Arkansas": 0.9443321762565411, "California": 0.9416622975794813, "Colorado": 0.8695858005879138, "Connecticut": 0.9335031485369749, "Delaware": 0.8932941963303184, "Florida": 0.8868254951942616, "Georgia": 0.9524110092159562, "Hawaii": 0.7882477476241462, "Idaho": 0.9329168354037645, "Illinois": 0.9733323697339628, "Indiana": 0.9574870716951184, "Iowa": 0.9237364485490134, "Kansas": 0.97004778193799, "Kentucky": 0.9594072782912374, "Louisiana": 0.9260776564680713, "Maine": 0.9587878055335012, "Maryland": 0.8874078852316529, "Massachusetts": 0.9207347670147361, "Minnesota": 0.9791679963643896, "Mississippi": 0.940728251365358, "Missouri": 0.9753300580793589, "Montana": 0.8417101045317921, "Nebraska": 0.9289760162350819, "Nevada": 0.6145671275196422, "New Hampshire": 0.9648670770128189, "New Jersey": 0.9273355270860244, "New Mexico": 0.8853485816680807, "New York": 0.8955980993868208, "North Carolina": 0.9832754906744335, "North Dakota": 0.8418212590797245, "Ohio": 0.992688925150118, "Oklahoma": 0.905805137537953, "Oregon": 0.9824929397162361, "Pennsylvania": 0.9746908556764625, "Rhode Island": 0.948480751980653, "South Carolina": 0.9442374886163986, "South Dakota": 0.87968306219729, "Tennessee": 0.9729768433847618, "Texas": 0.9319178649681275, "Utah": 0.9216254728145384, "Vermont": 0.9512414060767526, "Virginia": 0.886619302329571, "Washington": 0.9667800991500548, "West Virginia": 0.90374605548004, "Wisconsin": 0.9515579612414123, "Wyoming": 0.6016190471067612}