{"Alabama": 0.9666694438067633, "Alaska": 0.8013842009020533, "Arizona": 0.9102594034486541, "Arkansas": 0.9488053066598562, "California": 0.9384913899092194, "Colorado": 0.869818831115679, "Connecticut": 0.9307736789414138, "Delaware": 0.8859750110347933, "Florida": 0.8795773827526349, "Georgia": 0.9526135108122021, "Hawaii": 0.7780671334968263, "Idaho": 0.9346828116407129, "Illinois": 0.9726886257761368, "Indiana": 0.9583041971055042, "Iowa": 0.9206493780388988, "Kansas": 0.9686035242846325, "Kentucky": 0.9615793411879091, "Louisiana": 0.9238643478448549, "Maine": 0.9456871503776552, "Maryland": 0.8835205732428953, "Massachusetts": 0.9187364897554594, "Minnesota": 0.9767198746426345, "Mississippi": 0.9448537467628179, "Missouri": 0.9718007007123617, "Montana": 0.8298953252181881, "Nebraska": 0.923498827222802, "Nevada": 0.6080435645634967, "New Hampshire": 0.961712635802828, "New Jersey": 0.9235676269949545, "New Mexico": 0.8764632525303859, "New York": 0.8877340035588135, "North Carolina": 0.9843500017120917, "North Dakota": 0.8123139043787052, "Ohio": 0.9925427059444174, "Oklahoma": 0.8865286778336885, "Oregon": 0.9796332508368756, "Pennsylvania": 0.97103718637097, "Rhode Island": 0.942429343711745, "South Carolina": 0.9475371789550179, "South Dakota": 0.8696167950939099, "Tennessee": 0.9738537215407936, "Texas": 0.9291402156177282, "Utah": 0.9297390088928111, "Vermont": 0.9463054978273828, "Virginia": 0.8809245727719144, "Washington": 0.9657031879334559, "West Virginia": 0.890215184034363, "Wisconsin": 0.9547350587098843, "Wyoming": 0.5823943132364419}