{"Alabama": 0.9586995970761614, "Alaska": 0.7736265794776792, "Arizona": 0.9250558924306581, "Arkansas": 0.9298173289149619, "California": 0.9265190469863233, "Colorado": 0.873269665099782, "Connecticut": 0.9289009928549036, "Delaware": 0.8639796153939721, "Florida": 0.9036568235466172, "Georgia": 0.9175449496498784, "Hawaii": 0.80287643077868, "Idaho": 0.942525378960859, "Illinois": 0.9591590312054138, "Indiana": 0.9630592163781831, "Iowa": 0.9309549672708263, "Kansas": 0.972395552720799, "Kentucky": 0.9633901974605102, "Louisiana": 0.9055102905834947, "Maine": 0.934154025184337, "Maryland": 0.8967749325878449, "Massachusetts": 0.9185323477352154, "Minnesota": 0.9708843602019303, "Mississippi": 0.9422042030427287, "Missouri": 0.9637611349583041, "Montana": 0.8798568992198953, "Nebraska": 0.9080189112909444, "Nevada": 0.6286933137065162, "New Hampshire": 0.9608864934438338, "New Jersey": 0.9068618088602498, "New Mexico": 0.905064023467692, "New York": 0.8955590223155298, "North Carolina": 0.9604579186744808, "North Dakota": 0.8827025927976464, "Ohio": 0.9897237678241215, "Oklahoma": 0.8966299578625024, "Oregon": 0.9828492857276026, "Pennsylvania": 0.9601769804763577, "Rhode Island": 0.9389737791765685, "South Carolina": 0.9239778170282847, "South Dakota": 0.9113835033297661, "Tennessee": 0.9620477249178795, "Texas": 0.920760092323845, "Utah": 0.9170820680663662, "Vermont": 0.9443160829907221, "Virginia": 0.8758490262620137, "Washington": 0.9627887305483938, "West Virginia": 0.8921235210612076, "Wisconsin": 0.9578133879467573, "Wyoming": 0.6087786207288475}