{"Alabama": 0.9603503194540319, "Alaska": 0.758997091356007, "Arizona": 0.9207130023960394, "Arkansas": 0.9302410353963644, "California": 0.9205673361424825, "Colorado": 0.8696711318718222, "Connecticut": 0.9206843953328372, "Delaware": 0.8535027973885574, "Florida": 0.8951504578278016, "Georgia": 0.9160410334679107, "Hawaii": 0.7905260846028256, "Idaho": 0.9420686571441117, "Illinois": 0.956599446466942, "Indiana": 0.9637688267028994, "Iowa": 0.9273159360527787, "Kansas": 0.9703153462709261, "Kentucky": 0.9616640556093906, "Louisiana": 0.8992702517764449, "Maine": 0.9247659502044494, "Maryland": 0.8883503100705712, "Massachusetts": 0.9089467434584566, "Minnesota": 0.9663939589618958, "Mississippi": 0.9434858656147718, "Missouri": 0.9586156175708354, "Montana": 0.8671917373653174, "Nebraska": 0.9016458067005407, "Nevada": 0.6258373248894036, "New Hampshire": 0.9555173192868333, "New Jersey": 0.8970763785334779, "New Mexico": 0.8956540093378142, "New York": 0.8826243644457659, "North Carolina": 0.9572382578144617, "North Dakota": 0.8442456911251822, "Ohio": 0.9879316230360955, "Oklahoma": 0.8998611547862004, "Oregon": 0.9791384575883582, "Pennsylvania": 0.9532944307560862, "Rhode Island": 0.9296048767249024, "South Carolina": 0.9265949726307887, "South Dakota": 0.9064158748567557, "Tennessee": 0.9606540467804553, "Texas": 0.9185770181004496, "Utah": 0.9140627300305598, "Vermont": 0.936612895211256, "Virginia": 0.8742793322821059, "Washington": 0.9612963440918045, "West Virginia": 0.8784016594585805, "Wisconsin": 0.9576362924421571, "Wyoming": 0.5908597083871682}