{"Alabama": 0.9706299620253178, "Alaska": 0.7946920341333918, "Arizona": 0.903373713409342, "Arkansas": 0.9552559476456014, "California": 0.9323964429052335, "Colorado": 0.8653871419629936, "Connecticut": 0.921435523047345, "Delaware": 0.8728113737521552, "Florida": 0.8686504664724986, "Georgia": 0.9511107442682459, "Hawaii": 0.7637030849847529, "Idaho": 0.9328030732873209, "Illinois": 0.9702744625601193, "Indiana": 0.9613379689429403, "Iowa": 0.921334136512333, "Kansas": 0.9697873472058002, "Kentucky": 0.9630638470239578, "Louisiana": 0.91811916459736, "Maine": 0.9374268607708635, "Maryland": 0.872463784260447, "Massachusetts": 0.9078458530069137, "Minnesota": 0.9747450611433789, "Mississippi": 0.9488701788213945, "Missouri": 0.9685545874682496, "Montana": 0.8180088889637469, "Nebraska": 0.921055733044464, "Nevada": 0.6033816751022801, "New Hampshire": 0.9559524799463746, "New Jersey": 0.9116828917477806, "New Mexico": 0.8655438412879576, "New York": 0.8727031449033453, "North Carolina": 0.9834605527091058, "North Dakota": 0.7809833785914919, "Ohio": 0.9915380601032797, "Oklahoma": 0.8938592435517152, "Oregon": 0.9773694463161978, "Pennsylvania": 0.9647264789530225, "Rhode Island": 0.9333030331982701, "South Carolina": 0.9510636817290741, "South Dakota": 0.8666570023671507, "Tennessee": 0.9734474863400464, "Texas": 0.9261731319066072, "Utah": 0.927223327635142, "Vermont": 0.9401091868224656, "Virginia": 0.8774936943038354, "Washington": 0.9648748971014689, "West Virginia": 0.8771125437683142, "Wisconsin": 0.9571081218746061, "Wyoming": 0.5656713408427364}