{"Alabama": 0.9715653317353077, "Alaska": 0.7757789744699395, "Arizona": 0.9002312175065247, "Arkansas": 0.9541329633476691, "California": 0.9382504432634066, "Colorado": 0.8616684616611987, "Connecticut": 0.9216075113224604, "Delaware": 0.8659145715081615, "Florida": 0.8570473400722111, "Georgia": 0.9485728742723661, "Hawaii": 0.7510562038048719, "Idaho": 0.9305827598281446, "Illinois": 0.969104408505225, "Indiana": 0.9608340643113187, "Iowa": 0.9232790079803196, "Kansas": 0.9673450418918063, "Kentucky": 0.9627353907022693, "Louisiana": 0.9079827796417963, "Maine": 0.9365084325968487, "Maryland": 0.8620566802167821, "Massachusetts": 0.8985896622608374, "Minnesota": 0.9724704279273976, "Mississippi": 0.9475415276508397, "Missouri": 0.9646316614995699, "Montana": 0.8058116567966498, "Nebraska": 0.9230949322270827, "Nevada": 0.604349335793868, "New Hampshire": 0.9507749139247189, "New Jersey": 0.904286267448792, "New Mexico": 0.8497667040214434, "New York": 0.8649767047488061, "North Carolina": 0.9812969414902689, "North Dakota": 0.7306213460710921, "Ohio": 0.9900692111483304, "Oklahoma": 0.8585732501896258, "Oregon": 0.977054113745641, "Pennsylvania": 0.9606082638590665, "Rhode Island": 0.9289713587054749, "South Carolina": 0.9497517100446731, "South Dakota": 0.8601657478637802, "Tennessee": 0.9716494535150206, "Texas": 0.9151501386216779, "Utah": 0.9259172223166064, "Vermont": 0.9392546034679793, "Virginia": 0.874932283116033, "Washington": 0.965922781499851, "West Virginia": 0.8597150700262817, "Wisconsin": 0.9584819345853743, "Wyoming": 0.5334259196785393}