{"Alabama": 0.9631184906844805, "Alaska": 0.7350932965098029, "Arizona": 0.9119668117900387, "Arkansas": 0.9226380971378288, "California": 0.9266593130688908, "Colorado": 0.8554141525073995, "Connecticut": 0.9203407170630542, "Delaware": 0.8386758357222761, "Florida": 0.8769435000814974, "Georgia": 0.9112587815424017, "Hawaii": 0.7715349872870995, "Idaho": 0.9352354722917029, "Illinois": 0.951022835584678, "Indiana": 0.9632647818252239, "Iowa": 0.9243460276598255, "Kansas": 0.9622513699245424, "Kentucky": 0.9630387978300222, "Louisiana": 0.881438990256676, "Maine": 0.9119533731092939, "Maryland": 0.8738617389086816, "Massachusetts": 0.8931766035298497, "Minnesota": 0.9578745437816594, "Mississippi": 0.9364503431050883, "Missouri": 0.9514790307076514, "Montana": 0.8472697468135023, "Nebraska": 0.8962142941025265, "Nevada": 0.6308081971799605, "New Hampshire": 0.9491851684587895, "New Jersey": 0.8854918554683077, "New Mexico": 0.8697768662908834, "New York": 0.8678503149491561, "North Carolina": 0.9520615281916917, "North Dakota": 0.7674625381528452, "Ohio": 0.9833767214396683, "Oklahoma": 0.8484732638665832, "Oregon": 0.9742456128561308, "Pennsylvania": 0.9442886859228137, "Rhode Island": 0.919449505243356, "South Carolina": 0.9246777800014941, "South Dakota": 0.8968980548969332, "Tennessee": 0.9580218349740663, "Texas": 0.898625058444927, "Utah": 0.9116406243514568, "Vermont": 0.9283534683173875, "Virginia": 0.8751094085635912, "Washington": 0.9628174806671624, "West Virginia": 0.8566822524314015, "Wisconsin": 0.9568474143388578, "Wyoming": 0.5665938749895004}