{"Alabama": 0.9736868842020117, "Alaska": 0.7762647707762477, "Arizona": 0.8932083338688852, "Arkansas": 0.9551898342321573, "California": 0.9351904914098755, "Colorado": 0.851420492775254, "Connecticut": 0.9190360423928852, "Delaware": 0.8569329490769008, "Florida": 0.8483921140479797, "Georgia": 0.9458130097522464, "Hawaii": 0.7461405865519126, "Idaho": 0.9317606644698301, "Illinois": 0.9662201344981685, "Indiana": 0.9626117937519167, "Iowa": 0.9212097891934808, "Kansas": 0.9674450976117126, "Kentucky": 0.9651924578978403, "Louisiana": 0.9025694625970792, "Maine": 0.9255694412934077, "Maryland": 0.8538736576528869, "Massachusetts": 0.8906230911247718, "Minnesota": 0.968759032656155, "Mississippi": 0.9452415330082027, "Missouri": 0.9628714196608829, "Montana": 0.797166221348289, "Nebraska": 0.920982062433019, "Nevada": 0.608262975483975, "New Hampshire": 0.9495504731140878, "New Jersey": 0.8979945219484967, "New Mexico": 0.8372530630727393, "New York": 0.8572791794744116, "North Carolina": 0.9802330992764637, "North Dakota": 0.7126661960937346, "Ohio": 0.9886304608909737, "Oklahoma": 0.845821941650994, "Oregon": 0.9754492999665031, "Pennsylvania": 0.9566639253431979, "Rhode Island": 0.9233401804576523, "South Carolina": 0.9506452742808394, "South Dakota": 0.8576143187417415, "Tennessee": 0.9711507467252852, "Texas": 0.9071412488156871, "Utah": 0.92589894027103, "Vermont": 0.9359006727754752, "Virginia": 0.8762311108732762, "Washington": 0.9645366005106163, "West Virginia": 0.8547577205943105, "Wisconsin": 0.9603641208278499, "Wyoming": 0.5433847961665195}