{"Alabama": 0.9641810744988732, "Alaska": 0.71781077750624, "Arizona": 0.9064926479267595, "Arkansas": 0.920942347618074, "California": 0.9236594820762726, "Colorado": 0.8513358341428454, "Connecticut": 0.9172993390100935, "Delaware": 0.8281786290278677, "Florida": 0.8719308405459008, "Georgia": 0.9062607698621474, "Hawaii": 0.7648457912879925, "Idaho": 0.9315611926672102, "Illinois": 0.9471342879306895, "Indiana": 0.9644602142270198, "Iowa": 0.9235092707157134, "Kansas": 0.9569739279750031, "Kentucky": 0.9623547336540521, "Louisiana": 0.8758647003958852, "Maine": 0.9084074993921134, "Maryland": 0.8660640757809397, "Massachusetts": 0.8858198281859937, "Minnesota": 0.9550550013218884, "Mississippi": 0.9375863345441917, "Missouri": 0.9496476799289006, "Montana": 0.8418276488523314, "Nebraska": 0.8925473948149322, "Nevada": 0.6262398697748626, "New Hampshire": 0.9503525842612986, "New Jersey": 0.8803710443658502, "New Mexico": 0.8580513561183314, "New York": 0.8602184246701646, "North Carolina": 0.9486947173874681, "North Dakota": 0.7429214800738188, "Ohio": 0.9820453978508079, "Oklahoma": 0.8381625453466718, "Oregon": 0.9721231547210399, "Pennsylvania": 0.9387977980796309, "Rhode Island": 0.9155389518039311, "South Carolina": 0.9246971732255442, "South Dakota": 0.8936869577043509, "Tennessee": 0.9566892164050125, "Texas": 0.8926444834259264, "Utah": 0.9078945420815089, "Vermont": 0.9205868892684146, "Virginia": 0.8764844755330243, "Washington": 0.9583547317250315, "West Virginia": 0.8549020422138112, "Wisconsin": 0.9566072077142137, "Wyoming": 0.5477421507383705}