{"Alabama": 0.9238135315011411, "Alaska": 0.7824937490427677, "Arizona": 0.9593781439612367, "Arkansas": 0.8738982523976079, "California": 0.9467923970255382, "Colorado": 0.9508927485170491, "Connecticut": 0.8870296504857099, "Delaware": 0.9035787543074448, "Florida": 0.9343308393886833, "Georgia": 0.9424731997843093, "Hawaii": 0.7986829237306223, "Idaho": 0.9593764367863225, "Illinois": 0.9451971363543583, "Indiana": 0.8481942441266795, "Iowa": 0.9310199349508953, "Kansas": 0.9635074202914349, "Kentucky": 0.940605850038178, "Louisiana": 0.9588209028424582, "Maine": 0.9082508098654233, "Maryland": 0.9318996818080968, "Massachusetts": 0.8707196900494891, "Michigan": 0.8751575459666538, "Minnesota": 0.9411873211256783, "Mississippi": 0.8759077850852836, "Missouri": 0.956403166365931, "Montana": 0.9172734487222308, "Nebraska": 0.9589119121091848, "Nevada": 0.6217360758731895, "New Hampshire": 0.9172767602106817, "New Jersey": 0.9158212675103928, "New Mexico": 0.9491335183300443, "New York": 0.8599852556196665, "North Carolina": 0.8775339156494982, "North Dakota": 0.9070247204868453, "Ohio": 0.9122924360108035, "Oklahoma": 0.9797581280309716, "Oregon": 0.9549170441644615, "Pennsylvania": 0.9248220187990395, "Rhode Island": 0.8595877608551348, "South Carolina": 0.8842857639953083, "South Dakota": 0.925643345886401, "Tennessee": 0.9394199925859308, "Utah": 0.9668170717925532, "Vermont": 0.9113015031569202, "Virginia": 0.9524310785043393, "Washington": 0.9600661520455172, "West Virginia": 0.9338934806854191, "Wisconsin": 0.8687827334843937, "Wyoming": 0.8299789588617245}