{"Alabama": 0.9276561414572313, "Alaska": 0.7993256132154117, "Arizona": 0.96035945310396, "Arkansas": 0.8692554739440883, "California": 0.9454006473671562, "Colorado": 0.9483938990470681, "Connecticut": 0.8875491823512325, "Delaware": 0.9061721530200362, "Florida": 0.9273860268421275, "Georgia": 0.9487682834850861, "Hawaii": 0.8044904741640472, "Idaho": 0.9623292339226327, "Illinois": 0.9459636708107987, "Indiana": 0.8364478647496986, "Iowa": 0.9228837366560684, "Kansas": 0.9597395142864547, "Kentucky": 0.9346268372786978, "Louisiana": 0.9614620973470198, "Maine": 0.9046138628038842, "Maryland": 0.9316888589386121, "Massachusetts": 0.8712292028984533, "Michigan": 0.8669423777774878, "Minnesota": 0.9368616807694257, "Mississippi": 0.8682086525889541, "Missouri": 0.9546992729079592, "Montana": 0.9217750680086001, "Nebraska": 0.9535928674400688, "Nevada": 0.6174527077606363, "New Hampshire": 0.9153827990184071, "New Jersey": 0.9144429922335091, "New Mexico": 0.9498717810777182, "New York": 0.8590962196434861, "North Carolina": 0.8895095010651715, "North Dakota": 0.9047755975508869, "Ohio": 0.910101315824911, "Oklahoma": 0.9783010018765935, "Oregon": 0.9534000182423248, "Pennsylvania": 0.9220728526407891, "Rhode Island": 0.8609176755264522, "South Carolina": 0.8922243408677061, "South Dakota": 0.9182280275253302, "Tennessee": 0.9361329301053876, "Utah": 0.9690904620416199, "Vermont": 0.903896778255452, "Virginia": 0.9486171614031895, "Washington": 0.964299611320886, "West Virginia": 0.9303267166322235, "Wisconsin": 0.8645144558199709, "Wyoming": 0.8364368655857731}