{"Alabama": 0.9298580710624416, "Alaska": 0.8033099690516674, "Arizona": 0.9609701356971834, "Arkansas": 0.8685417439572394, "California": 0.9467280633077465, "Colorado": 0.9464567743235378, "Connecticut": 0.889791492429768, "Delaware": 0.9019372000069061, "Florida": 0.9251958728899187, "Georgia": 0.9551080790788553, "Hawaii": 0.8074244843841574, "Idaho": 0.9665403783244987, "Illinois": 0.9475240915726798, "Indiana": 0.8337841064337186, "Iowa": 0.9164273986775199, "Kansas": 0.9568524243568854, "Kentucky": 0.9310112037304195, "Louisiana": 0.9593308700101688, "Maine": 0.9069286639744011, "Maryland": 0.9310310039840204, "Massachusetts": 0.8693846878707457, "Michigan": 0.8694973019528205, "Minnesota": 0.9333723857026571, "Mississippi": 0.8741256261035864, "Missouri": 0.9555811338989227, "Montana": 0.9211259836284216, "Nebraska": 0.9523585520750945, "Nevada": 0.6285447411722157, "New Hampshire": 0.9133802284762084, "New Jersey": 0.9176370857216912, "New Mexico": 0.9484991700873572, "New York": 0.8595457399523828, "North Carolina": 0.9000826406015984, "North Dakota": 0.9019698601414667, "Ohio": 0.908814680154086, "Oklahoma": 0.9778788299012586, "Oregon": 0.9512751406746947, "Pennsylvania": 0.9186235050906812, "Rhode Island": 0.8644377035170459, "South Carolina": 0.898958687143271, "South Dakota": 0.9147344839005762, "Tennessee": 0.9382273451411307, "Utah": 0.9720673035465363, "Vermont": 0.8969200116170541, "Virginia": 0.9459054053310519, "Washington": 0.9668603376600867, "West Virginia": 0.9254981525099133, "Wisconsin": 0.8626835813458048, "Wyoming": 0.8301530379086599}