{"Alabama": 0.8314862579222959, "Alaska": 0.7884573555816283, "Arizona": 0.960447571221068, "Arkansas": 0.8700654304766615, "California": 0.9494745251089258, "Colorado": 0.9478882217329048, "Connecticut": 0.8887305846405325, "Delaware": 0.8778186326069619, "Florida": 0.9398137398765347, "Georgia": 0.9561857024196689, "Hawaii": 0.7937271189459725, "Idaho": 0.9713940802560844, "Illinois": 0.9501515765092271, "Indiana": 0.8463541355623246, "Iowa": 0.9137863596529967, "Kansas": 0.9529587155113752, "Kentucky": 0.9321947034968225, "Louisiana": 0.9622945899493492, "Maine": 0.9127801024227518, "Maryland": 0.9354856759700336, "Massachusetts": 0.8705990287555039, "Michigan": 0.8804932724481069, "Minnesota": 0.9360910114384269, "Mississippi": 0.8878583004661011, "Missouri": 0.9559834073442357, "Montana": 0.9303714967874224, "Nebraska": 0.9459713756172554, "Nevada": 0.6547937367954183, "New Hampshire": 0.9185050948907937, "New Jersey": 0.9206682714605902, "New Mexico": 0.9545938265138361, "New York": 0.8600082916426959, "North Carolina": 0.9044374867002122, "North Dakota": 0.9109994029172852, "Ohio": 0.9134626325827668, "Oklahoma": 0.9756947906045269, "Oregon": 0.9457506733951023, "Pennsylvania": 0.919561708081823, "Rhode Island": 0.8517084918220207, "South Carolina": 0.907676392985812, "South Dakota": 0.9184382805133076, "Tennessee": 0.9423339023894104, "Utah": 0.9720372424741449, "Vermont": 0.897517395923826, "Virginia": 0.9461556087340807, "Washington": 0.9642029659577055, "West Virginia": 0.9229971439083752, "Wisconsin": 0.8686732164188969, "Wyoming": 0.7566605020007494}