{"Alabama": 0.9407654802551694, "Alaska": 0.8069775943093336, "Arizona": 0.9639814514440246, "Arkansas": 0.87565537966726, "California": 0.9549762597825622, "Colorado": 0.9533289201329729, "Connecticut": 0.8930666854747339, "Delaware": 0.886691034896483, "Florida": 0.9487777726438803, "Georgia": 0.9606329012353665, "Hawaii": 0.8163685988559326, "Idaho": 0.974153171399019, "Illinois": 0.9549580579452043, "Indiana": 0.8470074989378391, "Iowa": 0.9177383492992155, "Kansas": 0.956493264478934, "Kentucky": 0.935060872185983, "Louisiana": 0.9685384219973403, "Maine": 0.9177490198138938, "Maryland": 0.9399932990159687, "Massachusetts": 0.8786660116105003, "Michigan": 0.8883578839377868, "Minnesota": 0.9392507387054784, "Mississippi": 0.8966916279228913, "Missouri": 0.9604194610824967, "Montana": 0.9374964324569084, "Nebraska": 0.9456087688418947, "Nevada": 0.6777271271770225, "New Hampshire": 0.9310601688673, "New Jersey": 0.9294122680203392, "New Mexico": 0.9584716554861998, "New York": 0.867232676088816, "North Carolina": 0.9246976985956847, "North Dakota": 0.9206280031774486, "Ohio": 0.9197476511190477, "Oklahoma": 0.979241071027176, "Oregon": 0.9496363914632556, "Pennsylvania": 0.9238305866683518, "Rhode Island": 0.7689343939011495, "South Carolina": 0.9191130708029112, "South Dakota": 0.922956209509578, "Tennessee": 0.9431829569951273, "Utah": 0.9729081178656221, "Vermont": 0.8219274879727354, "Virginia": 0.9499952298687783, "Washington": 0.9671394655417437, "West Virginia": 0.9243658867290614, "Wisconsin": 0.8764216504734561, "Wyoming": 0.6514683198832332}