{"Alabama": 0.9428581743170253, "Alaska": 0.8644493403673751, "Arizona": 0.9647514556169926, "Arkansas": 0.8774864006466209, "California": 0.9559435855989707, "Colorado": 0.9561997131871832, "Connecticut": 0.8979026458222747, "Delaware": 0.8993969576183424, "Florida": 0.9464320892282304, "Georgia": 0.963021272547135, "Hawaii": 0.8288734318727075, "Idaho": 0.972331944882519, "Illinois": 0.9586072948939249, "Indiana": 0.8450805242178603, "Iowa": 0.915900687993925, "Kansas": 0.9584593452006059, "Kentucky": 0.9362465554942505, "Louisiana": 0.9705824940019998, "Maine": 0.9237743581027141, "Maryland": 0.9415552439566129, "Massachusetts": 0.8845732852638163, "Michigan": 0.8939583149294626, "Minnesota": 0.9390565479191221, "Mississippi": 0.8977353909920348, "Missouri": 0.9612176478994678, "Montana": 0.9424248593671417, "Nebraska": 0.9425505811573492, "Nevada": 0.6951934077216243, "New Hampshire": 0.9325582001924902, "New Jersey": 0.9355903891139032, "New Mexico": 0.9587827635347741, "New York": 0.8736352339072784, "North Carolina": 0.9313365838437415, "North Dakota": 0.9235676876942075, "Ohio": 0.9209082242748459, "Oklahoma": 0.9782592926663468, "Oregon": 0.9444299612342881, "Pennsylvania": 0.9256354473953539, "Rhode Island": 0.8902876137413838, "South Carolina": 0.9194590997959374, "South Dakota": 0.923910452955383, "Tennessee": 0.9448152607982059, "Utah": 0.9714176787574993, "Vermont": 0.9055676261040692, "Virginia": 0.9458622182714131, "Washington": 0.9679964620828756, "West Virginia": 0.9265037964691358, "Wisconsin": 0.878305199498327, "Wyoming": 0.8119924152961668}