{"Alabama": 0.9437516007019102, "Alaska": 0.85985606386634, "Arizona": 0.9644118079152315, "Arkansas": 0.8789564417487903, "California": 0.9601350708377309, "Colorado": 0.9557223285342574, "Connecticut": 0.9054569662504807, "Delaware": 0.9082509125511623, "Florida": 0.9526279021379688, "Georgia": 0.9647196862260436, "Hawaii": 0.8531974189278912, "Idaho": 0.9705921871066762, "Illinois": 0.9615518615076694, "Indiana": 0.8424756874308984, "Iowa": 0.9098076233796176, "Kansas": 0.9560342654833277, "Kentucky": 0.935391062488816, "Louisiana": 0.9685183853888337, "Maine": 0.9158099835726734, "Maryland": 0.9418895327306535, "Massachusetts": 0.8880604570416438, "Michigan": 0.9008258216234655, "Minnesota": 0.9380646047135327, "Mississippi": 0.8947369120223913, "Missouri": 0.961887949456405, "Montana": 0.9402165991509099, "Nebraska": 0.9408666852835346, "Nevada": 0.7081542769815273, "New Hampshire": 0.9293590861487179, "New Jersey": 0.9411390602887587, "New Mexico": 0.9586646005848162, "New York": 0.8768304976576942, "North Carolina": 0.9407616620334145, "North Dakota": 0.9244686747856874, "Ohio": 0.9234177467237024, "Oklahoma": 0.9789672454499676, "Oregon": 0.9443015386967156, "Pennsylvania": 0.9268478503499248, "Rhode Island": 0.8486843673411798, "South Carolina": 0.9271442032027951, "South Dakota": 0.9209603177045996, "Tennessee": 0.9461143564994187, "Utah": 0.9718201939580678, "Vermont": 0.9044763071205085, "Virginia": 0.9431862117068294, "Washington": 0.9695778581749178, "West Virginia": 0.9236152866668514, "Wisconsin": 0.8771763403344057, "Wyoming": 0.79782189383795}