{"Alabama": 0.936626766386602, "Alaska": 0.8595665570088297, "Arizona": 0.9613808932362016, "Arkansas": 0.8650002763235335, "California": 0.9614085898982822, "Colorado": 0.951075592996816, "Connecticut": 0.9167246153793507, "Delaware": 0.921514383328387, "Florida": 0.9341976660027532, "Georgia": 0.973314920823905, "Hawaii": 0.8261794455913255, "Idaho": 0.950191584033364, "Illinois": 0.9591417041388038, "Indiana": 0.8572449790383193, "Iowa": 0.889932317878723, "Kansas": 0.9410931688600693, "Kentucky": 0.9164141695655682, "Louisiana": 0.9728676269894327, "Maine": 0.9264229515499198, "Maryland": 0.9302897283010179, "Massachusetts": 0.8926341613941912, "Michigan": 0.9230950164206676, "Minnesota": 0.9383034455940947, "Mississippi": 0.8909428665221377, "Missouri": 0.9590940093402692, "Montana": 0.8911224032216657, "Nebraska": 0.9346314288034242, "Nevada": 0.6864814763029066, "New Hampshire": 0.941412133439262, "New Jersey": 0.9491897652881179, "New Mexico": 0.9400533455483677, "New York": 0.8774005418995361, "North Carolina": 0.9361231144631944, "North Dakota": 0.852913220998842, "Ohio": 0.9265165353040065, "Oklahoma": 0.9597424270536371, "Oregon": 0.9485841288661115, "Pennsylvania": 0.932750243603163, "Rhode Island": 0.9001807996544932, "South Carolina": 0.9317246410797481, "South Dakota": 0.8772061545545641, "Tennessee": 0.9386652004072678, "Utah": 0.9728689901611822, "Vermont": 0.9156756319679724, "Virginia": 0.947274033284163, "Washington": 0.9732138105369856, "West Virginia": 0.9265506072654075, "Wisconsin": 0.8698245034875947, "Wyoming": 0.7983912575855495}