{"Alabama": 0.9339287116464213, "Alaska": 0.8605487415621009, "Arizona": 0.9554543751726798, "Arkansas": 0.8705931721037127, "California": 0.9598023116534276, "Colorado": 0.9490880456455144, "Connecticut": 0.9173893503851082, "Delaware": 0.804257048936952, "Florida": 0.9335580302517681, "Georgia": 0.97403592537066, "Hawaii": 0.8302102048594633, "Idaho": 0.9500293449176186, "Illinois": 0.9583088083821582, "Indiana": 0.8546763860774111, "Iowa": 0.8814473052899411, "Kansas": 0.9364332469922071, "Kentucky": 0.9196372924422284, "Louisiana": 0.9736652139321623, "Maine": 0.9235550498289428, "Maryland": 0.9281499384461698, "Massachusetts": 0.8894394624358416, "Michigan": 0.9252806767649329, "Minnesota": 0.9348939178581356, "Mississippi": 0.8942959626606212, "Missouri": 0.9583710532237829, "Montana": 0.8934027418240299, "Nebraska": 0.9301797285908163, "Nevada": 0.6901541648516261, "New Hampshire": 0.9403815680470523, "New Jersey": 0.9476611389201914, "New Mexico": 0.940581877267062, "New York": 0.873902907383309, "North Carolina": 0.9415141460239344, "North Dakota": 0.856616252560473, "Ohio": 0.9225204126457843, "Oklahoma": 0.9597254660720536, "Oregon": 0.9483824845909085, "Pennsylvania": 0.9276893800911832, "Rhode Island": 0.8973481390433229, "South Carolina": 0.9359911119582469, "South Dakota": 0.8752619324120281, "Tennessee": 0.9410109474444196, "Utah": 0.9706073531351908, "Vermont": 0.9127779288008249, "Virginia": 0.943138507090057, "Washington": 0.9719095179384128, "West Virginia": 0.9234853799779571, "Wisconsin": 0.8660318285775205, "Wyoming": 0.7862713455920539}