{"Alabama": 0.941835546458106, "Alaska": 0.8589436049788814, "Arizona": 0.9598316229155797, "Arkansas": 0.884221223476658, "California": 0.9589971616868096, "Colorado": 0.954206751233328, "Connecticut": 0.9071432011305958, "Delaware": 0.7807827466903546, "Florida": 0.9520199950325242, "Georgia": 0.9655986272998178, "Hawaii": 0.8565992003021555, "Idaho": 0.9663286974473269, "Illinois": 0.9604264342421682, "Indiana": 0.8421378532625737, "Iowa": 0.9032419576616729, "Kansas": 0.9526398049853251, "Kentucky": 0.9361597187448588, "Louisiana": 0.9690062842649547, "Maine": 0.9131332435859186, "Maryland": 0.9397982100717104, "Massachusetts": 0.8851260462101944, "Michigan": 0.9063200954245595, "Minnesota": 0.9349320456060601, "Mississippi": 0.8992857841437505, "Missouri": 0.9610545061031114, "Montana": 0.9384846431690144, "Nebraska": 0.935664653814234, "Nevada": 0.7109720574976361, "New Hampshire": 0.9285007382108784, "New Jersey": 0.9393166289111109, "New Mexico": 0.9584476895993089, "New York": 0.8738424272467257, "North Carolina": 0.9458399085836057, "North Dakota": 0.9261831046052187, "Ohio": 0.9199766412603609, "Oklahoma": 0.9778766297601948, "Oregon": 0.9440292555728484, "Pennsylvania": 0.9213118182808336, "Rhode Island": 0.8888005783977516, "South Carolina": 0.9324334342474836, "South Dakota": 0.9178741566826211, "Tennessee": 0.9473649133419426, "Utah": 0.9696318470022719, "Vermont": 0.9018863218802212, "Virginia": 0.9398445629244782, "Washington": 0.9681329055388394, "West Virginia": 0.9208879498935028, "Wisconsin": 0.8743632122735229, "Wyoming": 0.8147490981461828}