{"Alabama": 0.940998627085222, "Alaska": 0.8479183326991186, "Arizona": 0.9596597850105699, "Arkansas": 0.8877875361269733, "California": 0.9549287471165242, "Colorado": 0.9531839357573327, "Connecticut": 0.9046583008983177, "Delaware": 0.9093855708387253, "Florida": 0.9553159084804378, "Georgia": 0.9650575698519213, "Hawaii": 0.8573419756755037, "Idaho": 0.9604990383416409, "Illinois": 0.958721295755506, "Indiana": 0.8458997407551277, "Iowa": 0.8970965620042322, "Kansas": 0.9495709223793749, "Kentucky": 0.9369178206005421, "Louisiana": 0.9726235711206084, "Maine": 0.9062687474512888, "Maryland": 0.9352681833185078, "Massachusetts": 0.8797089561481682, "Michigan": 0.9089752695877131, "Minnesota": 0.92616653636304, "Mississippi": 0.9072393907721125, "Missouri": 0.9587707458679052, "Montana": 0.9369614459979043, "Nebraska": 0.9308143357327603, "Nevada": 0.7183503855916035, "New Hampshire": 0.9273596441044356, "New Jersey": 0.9343471480571877, "New Mexico": 0.9559163504330936, "New York": 0.8648280575920884, "North Carolina": 0.9512531962177706, "North Dakota": 0.9203779483908489, "Ohio": 0.9169699245475851, "Oklahoma": 0.9746700159654138, "Oregon": 0.9438105515311258, "Pennsylvania": 0.91174306945051, "Rhode Island": 0.8810817911170793, "South Carolina": 0.9363017630360757, "South Dakota": 0.9106451708699472, "Tennessee": 0.9520793404124119, "Utah": 0.9651226996598858, "Vermont": 0.8963634062001149, "Virginia": 0.9350157574671556, "Washington": 0.9639216748877706, "West Virginia": 0.9175699983858107, "Wisconsin": 0.8700170803516157, "Wyoming": 0.7884752198692447}