{"Alabama": 0.9331076225658952, "Alaska": 0.8567526417670853, "Arizona": 0.9545187891041106, "Arkansas": 0.8742624642510468, "California": 0.9565659755039202, "Colorado": 0.9479028633853538, "Connecticut": 0.9150619912913961, "Delaware": 0.9228071448880146, "Florida": 0.9375906192553226, "Georgia": 0.9754240637945834, "Hawaii": 0.8317876835362266, "Idaho": 0.9459242154113298, "Illinois": 0.9580603635064442, "Indiana": 0.8555007531665617, "Iowa": 0.8763443010065002, "Kansas": 0.9329449950235068, "Kentucky": 0.9196119441941125, "Louisiana": 0.9768239906896827, "Maine": 0.9177892762799321, "Maryland": 0.9241423311430282, "Massachusetts": 0.8852141217321376, "Michigan": 0.9250461561719481, "Minnesota": 0.9271314434647413, "Mississippi": 0.9012251441847992, "Missouri": 0.9562479456072955, "Montana": 0.8941687542147253, "Nebraska": 0.9259263682687948, "Nevada": 0.6989345771294473, "New Hampshire": 0.9384680617297487, "New Jersey": 0.9442690930494001, "New Mexico": 0.9386694452294818, "New York": 0.86546146004272, "North Carolina": 0.9496782211390324, "North Dakota": 0.8551108726089333, "Ohio": 0.9200048604012694, "Oklahoma": 0.9576050442019421, "Oregon": 0.9467255871784167, "Pennsylvania": 0.9198158706762694, "Rhode Island": 0.8908385267067271, "South Carolina": 0.9409727145239305, "South Dakota": 0.8716897483408347, "Tennessee": 0.9473531551422174, "Utah": 0.9666663326674695, "Vermont": 0.9068755838128137, "Virginia": 0.9380878709682295, "Washington": 0.9677998666704984, "West Virginia": 0.9193341516900313, "Wisconsin": 0.8620240375773908, "Wyoming": 0.7619484861385187}