{"Alabama": 0.9357972707211878, "Alaska": 0.8535847762725172, "Arizona": 0.9576686713832363, "Arkansas": 0.8812956372775126, "California": 0.9519132312672255, "Colorado": 0.9485067835964753, "Connecticut": 0.9103082564352446, "Delaware": 0.9249179513481771, "Florida": 0.9389882435006399, "Georgia": 0.9750601961628388, "Hawaii": 0.8352409315272215, "Idaho": 0.9498746729827757, "Illinois": 0.9547803989638458, "Indiana": 0.8570386016099204, "Iowa": 0.8711052500825367, "Kansas": 0.9279542854487296, "Kentucky": 0.9192378705489698, "Louisiana": 0.9752838168959165, "Maine": 0.9162512054796262, "Maryland": 0.9225723615120573, "Massachusetts": 0.8768254805887089, "Michigan": 0.9221742512281508, "Minnesota": 0.9199523548987981, "Mississippi": 0.906679355068063, "Missouri": 0.956122892556749, "Montana": 0.8977654883383149, "Nebraska": 0.9223294060352423, "Nevada": 0.7074021074324972, "New Hampshire": 0.9352745797750841, "New Jersey": 0.936828466756989, "New Mexico": 0.9368696268374951, "New York": 0.8640601340670008, "North Carolina": 0.9535722079201596, "North Dakota": 0.8493194008132019, "Ohio": 0.9184326399423595, "Oklahoma": 0.9527079271674466, "Oregon": 0.9446652102651415, "Pennsylvania": 0.915954429545937, "Rhode Island": 0.8834825867566705, "South Carolina": 0.9418497963012333, "South Dakota": 0.8714320666709469, "Tennessee": 0.9516621372235394, "Utah": 0.9617678228654957, "Vermont": 0.9012497728195554, "Virginia": 0.9332563968285631, "Washington": 0.963721076094585, "West Virginia": 0.9130443728404773, "Wisconsin": 0.8572608930779455, "Wyoming": 0.7615758931977018}