{"Alabama": 0.9429315548439349, "Alaska": 0.8449984448878387, "Arizona": 0.963317380952964, "Arkansas": 0.8934749879039954, "California": 0.9500458276345143, "Colorado": 0.9543677862170776, "Connecticut": 0.9008197003834079, "Delaware": 0.9110015801750733, "Florida": 0.9562985628457098, "Georgia": 0.9644375021584252, "Hawaii": 0.8595125132847968, "Idaho": 0.9612253566424017, "Illinois": 0.9550759850153318, "Indiana": 0.8510203838229683, "Iowa": 0.8932829125666091, "Kansas": 0.9452129508220729, "Kentucky": 0.9359426347375936, "Louisiana": 0.9711579500625079, "Maine": 0.9046755264809386, "Maryland": 0.9341471102520003, "Massachusetts": 0.8717460620637899, "Michigan": 0.9081449278074966, "Minnesota": 0.9183926423182468, "Mississippi": 0.9116613333255141, "Missouri": 0.9580734918048568, "Montana": 0.9372210367552604, "Nebraska": 0.9256393766185613, "Nevada": 0.7261841238434463, "New Hampshire": 0.9245409682798419, "New Jersey": 0.9282742779424678, "New Mexico": 0.9544060601248647, "New York": 0.8650195609810347, "North Carolina": 0.9536269230294693, "North Dakota": 0.9185088289695674, "Ohio": 0.916096683142823, "Oklahoma": 0.9707761063212716, "Oregon": 0.9428826830585152, "Pennsylvania": 0.9081860565486527, "Rhode Island": 0.8740794458347324, "South Carolina": 0.9379517169461752, "South Dakota": 0.9076228865519843, "Tennessee": 0.9551002504384498, "Utah": 0.9603126054087779, "Vermont": 0.8912709090759302, "Virginia": 0.9309228668153952, "Washington": 0.9597147988097721, "West Virginia": 0.9124792829128354, "Wisconsin": 0.8665675890212942, "Wyoming": 0.7903011274739714}