{"Alabama": 0.9319123428904225, "Alaska": 0.8516456751288253, "Arizona": 0.956362818293276, "Arkansas": 0.8738414558921755, "California": 0.9399790247040398, "Colorado": 0.9495548951936685, "Connecticut": 0.8988701177895396, "Delaware": 0.9162872440964915, "Florida": 0.9358912191466281, "Georgia": 0.9671048911267494, "Hawaii": 0.8376970995540378, "Idaho": 0.9466167951816848, "Illinois": 0.9447583426459071, "Indiana": 0.8528609440797255, "Iowa": 0.8572983582168316, "Kansas": 0.9202531479933461, "Kentucky": 0.9147273524166835, "Louisiana": 0.9728730813920587, "Maine": 0.9223486204946879, "Maryland": 0.9168476429734301, "Massachusetts": 0.8687897002487894, "Michigan": 0.9173332149373696, "Minnesota": 0.90367658358583, "Mississippi": 0.9065198503260977, "Missouri": 0.9480438950661667, "Montana": 0.8936382272658424, "Nebraska": 0.9133625441269629, "Nevada": 0.7099741553117653, "New Hampshire": 0.9270035270257077, "New Jersey": 0.9286119153209382, "New Mexico": 0.9361283492050125, "New York": 0.8607576505807546, "North Carolina": 0.9474017549663574, "North Dakota": 0.8497265833615635, "Ohio": 0.9093221125026453, "Oklahoma": 0.9449866214760769, "Oregon": 0.9304700895437361, "Pennsylvania": 0.905725746244579, "Rhode Island": 0.8708264098384593, "South Carolina": 0.9344402117609645, "South Dakota": 0.8624875702808551, "Tennessee": 0.9458702781853643, "Utah": 0.9582837191179824, "Vermont": 0.8920114976296357, "Virginia": 0.9236508115903538, "Washington": 0.9527521638307441, "West Virginia": 0.905032558685087, "Wisconsin": 0.8443448232937284, "Wyoming": 0.7523350087087181}