{"Alabama": 0.9381331143032979, "Alaska": 0.8434517031733152, "Arizona": 0.9614798816379527, "Arkansas": 0.8857203835705674, "California": 0.9372204683642513, "Colorado": 0.9549809063054314, "Connecticut": 0.8876719787086305, "Delaware": 0.9022075191839429, "Florida": 0.9522209441792162, "Georgia": 0.9551701296026459, "Hawaii": 0.8611814076237573, "Idaho": 0.9610466006126502, "Illinois": 0.9435652249585603, "Indiana": 0.8477876311160502, "Iowa": 0.8820152545767623, "Kansas": 0.9380576138307479, "Kentucky": 0.9316110920060598, "Louisiana": 0.968397160041199, "Maine": 0.9107447977194817, "Maryland": 0.9272230321347495, "Massachusetts": 0.8630538137680098, "Michigan": 0.9043449480482998, "Minnesota": 0.9009206812293745, "Mississippi": 0.911625800943934, "Missouri": 0.9498302578969234, "Montana": 0.9346484253597577, "Nebraska": 0.9173627651142058, "Nevada": 0.7278071564873949, "New Hampshire": 0.9154874632623284, "New Jersey": 0.9197794621308537, "New Mexico": 0.9539048852304169, "New York": 0.8623878542059025, "North Carolina": 0.9461477626464246, "North Dakota": 0.9206323239287538, "Ohio": 0.9054124513209284, "Oklahoma": 0.9626602501429046, "Oregon": 0.9289279584988094, "Pennsylvania": 0.8969777486768641, "Rhode Island": 0.8603436747913039, "South Carolina": 0.9309162545742939, "South Dakota": 0.9008437334929575, "Tennessee": 0.947731551229849, "Utah": 0.9570416507677474, "Vermont": 0.8827477325295615, "Virginia": 0.9210196771465653, "Washington": 0.9487583129304857, "West Virginia": 0.9047966524235093, "Wisconsin": 0.8534782701762504, "Wyoming": 0.7825720146750899}