{"Alabama": 0.9445149623182011, "Alaska": 0.8569738013355521, "Arizona": 0.9584856430893194, "Arkansas": 0.8961818383906793, "California": 0.9352426472794075, "Colorado": 0.9542479633137926, "Connecticut": 0.8892683923055748, "Delaware": 0.9076712383132568, "Florida": 0.9531197091926751, "Georgia": 0.9585878843330172, "Hawaii": 0.876983533202134, "Idaho": 0.9634660465097499, "Illinois": 0.9476011115881102, "Indiana": 0.8744101345512356, "Iowa": 0.8964979224037932, "Kansas": 0.948987047894655, "Kentucky": 0.9415154572614757, "Louisiana": 0.9677346096984724, "Maine": 0.9198640346076437, "Maryland": 0.9295197807042284, "Massachusetts": 0.868521772302731, "Michigan": 0.9230451498894083, "Minnesota": 0.9044607590427507, "Mississippi": 0.9195100752298329, "Missouri": 0.9548085406358078, "Montana": 0.9411861498844498, "Nebraska": 0.9266297460956232, "Nevada": 0.7343247540310359, "New Hampshire": 0.9197394099871826, "New Jersey": 0.9279295552714064, "New Mexico": 0.9507571464472334, "New York": 0.8785688512493987, "North Carolina": 0.9512209022755734, "North Dakota": 0.929635095133967, "Ohio": 0.9183500682070409, "Oklahoma": 0.9685534764716154, "Oregon": 0.9304635898823956, "Pennsylvania": 0.9039570001726908, "Rhode Island": 0.8701573564983544, "South Carolina": 0.9349676583904127, "South Dakota": 0.9135842268077607, "Tennessee": 0.9536641574074062, "Utah": 0.9543297481067904, "Vermont": 0.88872490120003, "Virginia": 0.9138892710448346, "Washington": 0.9438982349011753, "West Virginia": 0.9044318438804343, "Wisconsin": 0.8700598315363205, "Wyoming": 0.8119168895127368}