{"Alabama": 0.9371409017815152, "Alaska": 0.8642253792592954, "Arizona": 0.9547751708868121, "Arkansas": 0.8842773980875662, "California": 0.9367255754988406, "Colorado": 0.9495305879625804, "Connecticut": 0.8994536417103728, "Delaware": 0.9193981645128113, "Florida": 0.9379289464321543, "Georgia": 0.9674192784851369, "Hawaii": 0.8564662886856724, "Idaho": 0.947791049033765, "Illinois": 0.948203465015406, "Indiana": 0.8723782091648496, "Iowa": 0.8711327850596635, "Kansas": 0.9306042090022346, "Kentucky": 0.9250907461027529, "Louisiana": 0.9714488141996954, "Maine": 0.9285936090932285, "Maryland": 0.9197225624592721, "Massachusetts": 0.871831905549313, "Michigan": 0.9319178649681276, "Minnesota": 0.9051989510406688, "Mississippi": 0.9116666466515034, "Missouri": 0.9527419745922655, "Montana": 0.9014700201466967, "Nebraska": 0.9189947344399071, "Nevada": 0.7170694293942901, "New Hampshire": 0.929849349043679, "New Jersey": 0.9326038434093319, "New Mexico": 0.9341052666338058, "New York": 0.8744000627384912, "North Carolina": 0.9515880173465743, "North Dakota": 0.8640987666108045, "Ohio": 0.920739491463817, "Oklahoma": 0.950971159181469, "Oregon": 0.9285643698191252, "Pennsylvania": 0.910467680526003, "Rhode Island": 0.877122733128651, "South Carolina": 0.9360749002162004, "South Dakota": 0.8752419900179876, "Tennessee": 0.9519282768680709, "Utah": 0.9545949949588951, "Vermont": 0.8959566166475725, "Virginia": 0.9153805174152788, "Washington": 0.9471875803060642, "West Virginia": 0.9033936478946912, "Wisconsin": 0.8571134271367767, "Wyoming": 0.7837655449437501}