{"Alabama": 0.9343075049085693, "Alaska": 0.8641223059296659, "Arizona": 0.9523774367552081, "Arkansas": 0.8821885579914623, "California": 0.9313765763782308, "Colorado": 0.9483552709523446, "Connecticut": 0.8988411709657798, "Delaware": 0.9205042268804262, "Florida": 0.9352994540502786, "Georgia": 0.9614494287322402, "Hawaii": 0.8524203259811407, "Idaho": 0.9422488501654176, "Illinois": 0.9467128566704455, "Indiana": 0.8606074492895681, "Iowa": 0.8615213703347814, "Kansas": 0.9323714696515161, "Kentucky": 0.9225081795009075, "Louisiana": 0.9724083807841692, "Maine": 0.9148327275207714, "Maryland": 0.9200102385612611, "Massachusetts": 0.8769418332942932, "Michigan": 0.9291402156177283, "Minnesota": 0.9051692627424127, "Mississippi": 0.9120347234222483, "Missouri": 0.9488667902300988, "Montana": 0.9007812030445301, "Nebraska": 0.9094330820030693, "Nevada": 0.7036344484682593, "New Hampshire": 0.9285538126377259, "New Jersey": 0.9351265988598115, "New Mexico": 0.9347855954496901, "New York": 0.8787243609666181, "North Carolina": 0.9488614118967266, "North Dakota": 0.8564842183740273, "Ohio": 0.9186748457373795, "Oklahoma": 0.9457682819215101, "Oregon": 0.923319786773865, "Pennsylvania": 0.9131706882024, "Rhode Island": 0.879377983007036, "South Carolina": 0.9303514098283272, "South Dakota": 0.86808038916211, "Tennessee": 0.9494900888672179, "Utah": 0.9528814110273619, "Vermont": 0.8932879437622879, "Virginia": 0.9108382009834283, "Washington": 0.9391488150431785, "West Virginia": 0.904683707076063, "Wisconsin": 0.8508681383806284, "Wyoming": 0.7778274043376431}