{"Alabama": 0.9352921577852928, "Alaska": 0.8614920112454759, "Arizona": 0.9544716742952006, "Arkansas": 0.8885328275730215, "California": 0.9318014779454119, "Colorado": 0.9480978030629141, "Connecticut": 0.9012704909184587, "Delaware": 0.9226074911732117, "Florida": 0.9358140528668348, "Georgia": 0.962784641500708, "Hawaii": 0.8505303437100943, "Idaho": 0.9368760487108233, "Illinois": 0.9481564889793029, "Indiana": 0.8589470670496485, "Iowa": 0.8598380253791441, "Kansas": 0.9334175642157223, "Kentucky": 0.9230051344169692, "Louisiana": 0.9700725184925222, "Maine": 0.9145534124672071, "Maryland": 0.9178031791435179, "Massachusetts": 0.8780331850901383, "Michigan": 0.9261731319066071, "Minnesota": 0.9085166964595043, "Mississippi": 0.9155210025849563, "Missouri": 0.9497298391397904, "Montana": 0.897637491631099, "Nebraska": 0.9082894281192659, "Nevada": 0.7073664656838756, "New Hampshire": 0.9267235752110288, "New Jersey": 0.9361902663548609, "New Mexico": 0.9287897283030276, "New York": 0.8828403291070269, "North Carolina": 0.9508658136556292, "North Dakota": 0.8523883332922649, "Ohio": 0.9193642830889814, "Oklahoma": 0.9498364174733942, "Oregon": 0.9221012921123176, "Pennsylvania": 0.9145429218579856, "Rhode Island": 0.8809677373109511, "South Carolina": 0.9304782161395875, "South Dakota": 0.8651385842648005, "Tennessee": 0.9505739389093367, "Utah": 0.9539219122865586, "Vermont": 0.8903272060467051, "Virginia": 0.9101393827792839, "Washington": 0.9346374990072651, "West Virginia": 0.9009081943035173, "Wisconsin": 0.8465861689208913, "Wyoming": 0.7647567458400185}