{"Alabama": 0.9417333065266402, "Alaska": 0.847973681580114, "Arizona": 0.9579124248344433, "Arkansas": 0.9003294171192833, "California": 0.9298658705376632, "Colorado": 0.9519025514270814, "Connecticut": 0.8918847917918419, "Delaware": 0.9137945441416919, "Florida": 0.9501565097571406, "Georgia": 0.9544012891732585, "Hawaii": 0.8702723041493455, "Idaho": 0.9583112316522018, "Illinois": 0.9474947958996833, "Indiana": 0.8622344169365681, "Iowa": 0.8903860117105931, "Kansas": 0.9551031068597837, "Kentucky": 0.9406547026239964, "Louisiana": 0.965511608717553, "Maine": 0.9062340979257919, "Maryland": 0.9266901163673863, "Massachusetts": 0.8749612387773299, "Michigan": 0.9185770181004496, "Minnesota": 0.90929913322689, "Mississippi": 0.9221159959988267, "Missouri": 0.9522277409783694, "Montana": 0.9390153997111036, "Nebraska": 0.9222280030640693, "Nevada": 0.7228249834262552, "New Hampshire": 0.9169309965049542, "New Jersey": 0.9321704517552805, "New Mexico": 0.9459745972514708, "New York": 0.8876789086764242, "North Carolina": 0.9502505792798013, "North Dakota": 0.9169598394584643, "Ohio": 0.9180918539494556, "Oklahoma": 0.9652055663348724, "Oregon": 0.9254928475898804, "Pennsylvania": 0.9088928493294984, "Rhode Island": 0.8742285232239162, "South Carolina": 0.9296019057060404, "South Dakota": 0.9100506862144061, "Tennessee": 0.9517502578177459, "Utah": 0.9544530413171055, "Vermont": 0.8849142198230541, "Virginia": 0.9089181500871631, "Washington": 0.9319352463894052, "West Virginia": 0.9019493441869755, "Wisconsin": 0.8636773539728243, "Wyoming": 0.7944703448267035}