{"Alabama": 0.9310249649100831, "Alaska": 0.8445959884578016, "Arizona": 0.9520088171708414, "Arkansas": 0.8904061492279727, "California": 0.9225496315613417, "Colorado": 0.9503251379796271, "Connecticut": 0.8839621237724119, "Delaware": 0.8991644115405008, "Florida": 0.9394102398375056, "Georgia": 0.9424931818402358, "Hawaii": 0.856108104808046, "Idaho": 0.9473616442989548, "Illinois": 0.9352423501951318, "Indiana": 0.8465432343620787, "Iowa": 0.8788448581731184, "Kansas": 0.953881313618768, "Kentucky": 0.928605931613972, "Louisiana": 0.9651901521843297, "Maine": 0.9048723331104723, "Maryland": 0.9172276939495241, "Massachusetts": 0.856899127287862, "Michigan": 0.906343584614653, "Minnesota": 0.8972239658352827, "Mississippi": 0.9144844545175115, "Missouri": 0.9384607634041513, "Montana": 0.9350608622044758, "Nebraska": 0.9126921715774998, "Nevada": 0.7246415065640358, "New Hampshire": 0.9082330907670749, "New Jersey": 0.921908085966444, "New Mexico": 0.9426663137003799, "New York": 0.877561551429829, "North Carolina": 0.9392152088318414, "North Dakota": 0.9027095995169986, "Ohio": 0.9057551895511397, "Oklahoma": 0.9520834194439317, "Oregon": 0.9146648502609822, "Pennsylvania": 0.9001909249619002, "Rhode Island": 0.8676239510671455, "South Carolina": 0.9167539593588664, "South Dakota": 0.8977128951678269, "Tennessee": 0.939103642581518, "Utah": 0.9481980448221226, "Vermont": 0.8729343415917545, "Virginia": 0.9024639284008896, "Washington": 0.9161761082286414, "West Virginia": 0.9015882150129464, "Wisconsin": 0.8472912648622233, "Wyoming": 0.7942809674683845}