{"Alabama": 0.9255788770134827, "Alaska": 0.8587218876444994, "Arizona": 0.9490774058761563, "Arkansas": 0.8838641343373702, "California": 0.9255823794678552, "Colorado": 0.9467333874674319, "Connecticut": 0.8938904095013247, "Delaware": 0.9097232961497066, "Florida": 0.9252489554992962, "Georgia": 0.952130681651966, "Hawaii": 0.8378612465823501, "Idaho": 0.9266669808673647, "Illinois": 0.9371135465102755, "Indiana": 0.8453883679142051, "Iowa": 0.8506866592754383, "Kansas": 0.9330997072878006, "Kentucky": 0.9112655717909359, "Louisiana": 0.9700787561992266, "Maine": 0.9142191068500626, "Maryland": 0.9079190185848421, "Massachusetts": 0.8610714227124144, "Michigan": 0.9151501386216778, "Minnesota": 0.8975433658764363, "Mississippi": 0.9092890563680842, "Missouri": 0.9373326324225637, "Montana": 0.8926950249669459, "Nebraska": 0.9019253500622512, "Nevada": 0.7098147490971976, "New Hampshire": 0.9178793525345564, "New Jersey": 0.926461650350501, "New Mexico": 0.9242615028066955, "New York": 0.8733362929232186, "North Carolina": 0.9414338603755236, "North Dakota": 0.8426668044175243, "Ohio": 0.9078916479542658, "Oklahoma": 0.9377095862376101, "Oregon": 0.9132022846537268, "Pennsylvania": 0.9069329769180478, "Rhode Island": 0.8748916875480985, "South Carolina": 0.9192299682682782, "South Dakota": 0.8496080958251838, "Tennessee": 0.9388998192741012, "Utah": 0.9481948862286829, "Vermont": 0.8785910306345729, "Virginia": 0.9039766237616408, "Washington": 0.9190270442508078, "West Virginia": 0.9003530317062599, "Wisconsin": 0.8330121079482412, "Wyoming": 0.763195392159892}