{"Alabama": 0.9241248068983949, "Alaska": 0.8465808435629701, "Arizona": 0.9506018433363478, "Arkansas": 0.8877998373757026, "California": 0.919646572462773, "Colorado": 0.9488775758592058, "Connecticut": 0.8823611748986692, "Delaware": 0.8997543545729237, "Florida": 0.9374538305911564, "Georgia": 0.9387373136605408, "Hawaii": 0.854751420519565, "Idaho": 0.9423290308264164, "Illinois": 0.9303588153885536, "Indiana": 0.8371357525541675, "Iowa": 0.8736040578660148, "Kansas": 0.9554012934077702, "Kentucky": 0.9226108815165638, "Louisiana": 0.9633403616872674, "Maine": 0.8900033651502869, "Maryland": 0.9152766764952159, "Massachusetts": 0.8526763657605212, "Michigan": 0.898625058444927, "Minnesota": 0.8910737199168137, "Mississippi": 0.9112816275335357, "Missouri": 0.9329413739466943, "Montana": 0.9293404652273406, "Nebraska": 0.907759548404455, "Nevada": 0.7352793303810896, "New Hampshire": 0.9068346143212813, "New Jersey": 0.9191736233403933, "New Mexico": 0.9417974658673104, "New York": 0.8748465414196994, "North Carolina": 0.9352106108631837, "North Dakota": 0.8990964933065569, "Ohio": 0.8997043865695423, "Oklahoma": 0.9492124835897933, "Oregon": 0.9078700517486766, "Pennsylvania": 0.8959315996292943, "Rhode Island": 0.8616995685915949, "South Carolina": 0.9134371881162077, "South Dakota": 0.8952078704071731, "Tennessee": 0.9316642148790507, "Utah": 0.9459870400225899, "Vermont": 0.8673952368961448, "Virginia": 0.9032840467201976, "Washington": 0.9125647059042277, "West Virginia": 0.9008688513982566, "Wisconsin": 0.8420815625328826, "Wyoming": 0.8134102877469707}