{"Alabama": 0.917953108201846, "Alaska": 0.8625781452931977, "Arizona": 0.9475784007965393, "Arkansas": 0.8801004143732445, "California": 0.9227949096839463, "Colorado": 0.9454271084470617, "Connecticut": 0.8920030106156632, "Delaware": 0.9095008548037431, "Florida": 0.9237916393422209, "Georgia": 0.9478810963128371, "Hawaii": 0.8375295613193438, "Idaho": 0.9229402815253404, "Illinois": 0.9326565959093179, "Indiana": 0.8357284468565465, "Iowa": 0.8425988281093656, "Kansas": 0.9351097315546115, "Kentucky": 0.9051104737601467, "Louisiana": 0.9682036325744908, "Maine": 0.8989992010570426, "Maryland": 0.9059248276334462, "Massachusetts": 0.8568030950213091, "Michigan": 0.907141248815687, "Minnesota": 0.8919144626376044, "Mississippi": 0.9068521972494054, "Missouri": 0.9315539421164918, "Montana": 0.887765838127796, "Nebraska": 0.8963353049975845, "Nevada": 0.7214995141450014, "New Hampshire": 0.9160345909498063, "New Jersey": 0.9236427887596544, "New Mexico": 0.9230324466848671, "New York": 0.8708331490363048, "North Carolina": 0.9379524131933503, "North Dakota": 0.8404761394089575, "Ohio": 0.9019103783759506, "Oklahoma": 0.9345806292943698, "Oregon": 0.9060346188054281, "Pennsylvania": 0.9027922945641782, "Rhode Island": 0.8696572483432705, "South Carolina": 0.9156416383171455, "South Dakota": 0.8485079129752359, "Tennessee": 0.9315173629355101, "Utah": 0.9463224365674234, "Vermont": 0.8724056289410752, "Virginia": 0.904839592746559, "Washington": 0.915853663119654, "West Virginia": 0.8994923935893354, "Wisconsin": 0.8269285509132106, "Wyoming": 0.7844921727994962}