{"Alabama": 0.9202448502725461, "Alaska": 0.8435590619274983, "Arizona": 0.947437331021629, "Arkansas": 0.8868328483734175, "California": 0.917538988048222, "Colorado": 0.950859413938743, "Connecticut": 0.8798063296187859, "Delaware": 0.891448376867198, "Florida": 0.936786844818529, "Georgia": 0.9363569852606788, "Hawaii": 0.8542762003915685, "Idaho": 0.9404391996074738, "Illinois": 0.9281920088701867, "Indiana": 0.8289442009572042, "Iowa": 0.8707925629405856, "Kansas": 0.9561264423700796, "Kentucky": 0.9198629941247884, "Louisiana": 0.9620697490314911, "Maine": 0.8867346990136359, "Maryland": 0.9122917456359839, "Massachusetts": 0.8473210258705508, "Michigan": 0.8926444834259264, "Minnesota": 0.8865003801782585, "Mississippi": 0.9075556456067877, "Missouri": 0.9307829171739287, "Montana": 0.9276503441835927, "Nebraska": 0.9053623236411211, "Nevada": 0.7370293137751653, "New Hampshire": 0.9076133175471323, "New Jersey": 0.9158410801065096, "New Mexico": 0.941180804255259, "New York": 0.8702879405631155, "North Carolina": 0.9333088110556155, "North Dakota": 0.8939706807067737, "Ohio": 0.8967816421392478, "Oklahoma": 0.9457512339238933, "Oregon": 0.9057254801808515, "Pennsylvania": 0.8921522210834696, "Rhode Island": 0.8586445692578194, "South Carolina": 0.9109205957909338, "South Dakota": 0.8903538757222096, "Tennessee": 0.9291865710666778, "Utah": 0.9433668736124651, "Vermont": 0.8643039060571326, "Virginia": 0.9070750314602992, "Washington": 0.9115570818888339, "West Virginia": 0.9036419629169278, "Wisconsin": 0.8358603414672832, "Wyoming": 0.8085935814680423}