{"Alabama": 0.9148284385417619, "Alaska": 0.8611341727756332, "Arizona": 0.9445314103666925, "Arkansas": 0.8789570479398424, "California": 0.9210680661853629, "Colorado": 0.9477882021257898, "Connecticut": 0.8891547447332728, "Delaware": 0.9025084939468797, "Florida": 0.9238922790600592, "Georgia": 0.9457298971023912, "Hawaii": 0.8380685656107985, "Idaho": 0.9196651106128729, "Illinois": 0.9309266104529597, "Indiana": 0.8270427358032832, "Iowa": 0.8423890794880013, "Kansas": 0.9344941632564753, "Kentucky": 0.9007755994025914, "Louisiana": 0.9670120218104293, "Maine": 0.8953319665223225, "Maryland": 0.903116353524215, "Massachusetts": 0.8520039905977983, "Michigan": 0.9008256247370988, "Minnesota": 0.8874721574714418, "Mississippi": 0.9000823961453411, "Missouri": 0.9293043719412581, "Montana": 0.8877308560589079, "Nebraska": 0.8937540989583863, "Nevada": 0.7241282786246005, "New Hampshire": 0.9164672070416542, "New Jersey": 0.9213920773169013, "New Mexico": 0.9225361504498413, "New York": 0.8665178016286869, "North Carolina": 0.9361244479524047, "North Dakota": 0.8370117823870235, "Ohio": 0.8987972461243127, "Oklahoma": 0.9322782441202393, "Oregon": 0.9039514715666758, "Pennsylvania": 0.899496822852057, "Rhode Island": 0.8672109352328505, "South Carolina": 0.9132548640327304, "South Dakota": 0.8439006803210234, "Tennessee": 0.9288797430280761, "Utah": 0.9438941592911883, "Vermont": 0.8691787367502, "Virginia": 0.9087487337189752, "Washington": 0.9145473582252385, "West Virginia": 0.9016539470347211, "Wisconsin": 0.8206009550221771, "Wyoming": 0.7804233639017456}