{"Alabama": 0.9917045874745242, "Alaska": 0.7400545928432042, "Arizona": 0.8837276106610353, "Arkansas": 0.9612198943917598, "California": 0.9308826697054344, "Colorado": 0.8482796675640562, "Connecticut": 0.9105697020219767, "Delaware": 0.8601504945290728, "Florida": 0.819583754262053, "Georgia": 0.9708137959569564, "Hawaii": 0.6976504139952603, "Idaho": 0.928784110045566, "Illinois": 0.9585212051658619, "Indiana": 0.9741720518511736, "Iowa": 0.9448717600129605, "Kansas": 0.9608125021018304, "Kentucky": 0.9652084988626852, "Louisiana": 0.9126198127449882, "Maine": 0.9100576302213607, "Maryland": 0.819299496730487, "Massachusetts": 0.8651879366392935, "Michigan": 0.9862395449090682, "Minnesota": 0.9641912431971971, "Mississippi": 0.9664098098746571, "Missouri": 0.9666109816116671, "Montana": 0.771514150182427, "Nebraska": 0.9217972863987018, "Nevada": 0.5890481692916153, "New Hampshire": 0.9545597867980591, "New Jersey": 0.8867700892531417, "New Mexico": 0.8195190271862266, "New York": 0.8040679818283047, "North Dakota": 0.7826137014112458, "Ohio": 0.9851584753406369, "Oklahoma": 0.90580291114569, "Oregon": 0.9695172341068021, "Pennsylvania": 0.9436037893490135, "Rhode Island": 0.9152363495463343, "South Carolina": 0.9831530597652003, "South Dakota": 0.8509724138831635, "Tennessee": 0.9859270733341178, "Texas": 0.9361231144631945, "Utah": 0.9531189160487865, "Vermont": 0.9275550226648308, "Virginia": 0.8869156883861667, "Washington": 0.9450474267680847, "West Virginia": 0.8778025865596173, "Wisconsin": 0.969450952817143, "Wyoming": 0.641572711648746}