{"Alabama": 0.9909216114716858, "Alaska": 0.7568599224839335, "Arizona": 0.8869755181893442, "Arkansas": 0.959984979315367, "California": 0.9323241238366758, "Colorado": 0.8573224342823443, "Connecticut": 0.9166988753314902, "Delaware": 0.7509984645919915, "Florida": 0.832400857348105, "Georgia": 0.9709308369826493, "Hawaii": 0.7164521359278474, "Idaho": 0.932191575987975, "Illinois": 0.9597068701358336, "Indiana": 0.9674826202373122, "Iowa": 0.9414869554578101, "Kansas": 0.9629758409118119, "Kentucky": 0.9652940857230792, "Louisiana": 0.9250778278345527, "Maine": 0.9150089143744443, "Maryland": 0.8307314573368191, "Massachusetts": 0.8695433286056126, "Michigan": 0.9841336872318389, "Minnesota": 0.9659168127409503, "Mississippi": 0.9665881243806043, "Missouri": 0.9695097335310597, "Montana": 0.7887985169270719, "Nebraska": 0.9224428860182899, "Nevada": 0.6043612912558837, "New Hampshire": 0.9598007598288663, "New Jersey": 0.8915492400348596, "New Mexico": 0.8347259330978849, "New York": 0.8113980448053678, "North Dakota": 0.7979597871288258, "Ohio": 0.982253076345799, "Oklahoma": 0.9100249607306552, "Oregon": 0.9750733703425685, "Pennsylvania": 0.943522144830696, "Rhode Island": 0.9170498273155603, "South Carolina": 0.981737237236553, "South Dakota": 0.8580892499298598, "Tennessee": 0.984853802026177, "Texas": 0.9415141460239342, "Utah": 0.9560430804126224, "Vermont": 0.9333504016590234, "Virginia": 0.8882236349103246, "Washington": 0.9544822482177877, "West Virginia": 0.8794186472371713, "Wisconsin": 0.9641119166816281, "Wyoming": 0.6390962747409848}