{"Alabama": 0.986221015663723, "Alaska": 0.7770950250251059, "Arizona": 0.9109373573986257, "Arkansas": 0.9525592925683988, "California": 0.9368881869951348, "Colorado": 0.8766587420812046, "Connecticut": 0.9208724803582816, "Delaware": 0.8921116443914999, "Florida": 0.8724725815037943, "Georgia": 0.9725575274927282, "Hawaii": 0.7624747522874411, "Idaho": 0.9480071907700636, "Illinois": 0.9623576884453955, "Indiana": 0.9538159537239783, "Iowa": 0.9306386187069006, "Kansas": 0.9613833297603293, "Kentucky": 0.9607876804916062, "Louisiana": 0.9465176218090771, "Maine": 0.9326235812094557, "Maryland": 0.8593545914769076, "Massachusetts": 0.8774162413466008, "Michigan": 0.9756866489002427, "Minnesota": 0.9608170114566399, "Mississippi": 0.9644103152574931, "Missouri": 0.9770744488929763, "Montana": 0.8313195480311989, "Nebraska": 0.9278810418347577, "Nevada": 0.6455159349866751, "New Hampshire": 0.964808768675982, "New Jersey": 0.8985764776905133, "New Mexico": 0.8615466446484509, "New York": 0.8306381304761182, "North Dakota": 0.81684200437409, "Ohio": 0.9751292998900085, "Oklahoma": 0.9131414769221787, "Oregon": 0.9823385500080601, "Pennsylvania": 0.9451377946433298, "Rhode Island": 0.9167539726732964, "South Carolina": 0.9784147091859854, "South Dakota": 0.8762144160279077, "Tennessee": 0.9847811590469012, "Texas": 0.9535722079201596, "Utah": 0.9549910725287551, "Vermont": 0.9401527102483652, "Virginia": 0.8932676480414736, "Washington": 0.9709688598870387, "West Virginia": 0.8849029038102543, "Wisconsin": 0.9476468381843398, "Wyoming": 0.6289383673418428}