{"Alabama": 0.9855101917881744, "Alaska": 0.7739347427739153, "Arizona": 0.9173444236373041, "Arkansas": 0.9501996950474287, "California": 0.9382444387381719, "Colorado": 0.8782726323325523, "Connecticut": 0.9195682803513962, "Delaware": 0.8909925535040493, "Florida": 0.8820002418949167, "Georgia": 0.9721175190750881, "Hawaii": 0.7804727124406751, "Idaho": 0.9473391250442749, "Illinois": 0.9640170057244355, "Indiana": 0.9558766750098207, "Iowa": 0.9280423496934966, "Kansas": 0.961131541599163, "Kentucky": 0.9610811289910016, "Louisiana": 0.9402933133924577, "Maine": 0.9472373459907982, "Maryland": 0.8645980478883447, "Massachusetts": 0.8814783138701336, "Michigan": 0.9784276549579131, "Minnesota": 0.9598033221840955, "Mississippi": 0.9646673568207658, "Missouri": 0.9789391427702273, "Montana": 0.8330904106602159, "Nebraska": 0.9310938482822958, "Nevada": 0.6514688160520531, "New Hampshire": 0.9676490691317251, "New Jersey": 0.9038396314195989, "New Mexico": 0.8622207614110828, "New York": 0.8416300766009976, "North Dakota": 0.8226956771572368, "Ohio": 0.9764269629127306, "Oklahoma": 0.8973617776647401, "Oregon": 0.9808563711194909, "Pennsylvania": 0.9480436102606629, "Rhode Island": 0.917514721143487, "South Carolina": 0.9789505373816935, "South Dakota": 0.8804052151683722, "Tennessee": 0.9856103213635495, "Texas": 0.9474017549663575, "Utah": 0.953078185658246, "Vermont": 0.9413191226665771, "Virginia": 0.8897466565233636, "Washington": 0.9703944695750072, "West Virginia": 0.8756495030277867, "Wisconsin": 0.9465805231695756, "Wyoming": 0.594254707814862}