{"Alabama": 0.9827310938604514, "Alaska": 0.8063592232275927, "Arizona": 0.9270885040524413, "Arkansas": 0.9502769000463887, "California": 0.9436966524745085, "Colorado": 0.8889787260543163, "Connecticut": 0.9181854684710974, "Delaware": 0.8937465861512679, "Florida": 0.8974055063684323, "Georgia": 0.9731954006441401, "Hawaii": 0.814881169810005, "Idaho": 0.9509122890394016, "Illinois": 0.9647437123558629, "Indiana": 0.9612838392583292, "Iowa": 0.9273534152103936, "Kansas": 0.962589156194737, "Kentucky": 0.9614952547025483, "Louisiana": 0.9461497401611593, "Maine": 0.9564205430273832, "Maryland": 0.8823640782083338, "Massachusetts": 0.8913653617073728, "Michigan": 0.9832754906744334, "Minnesota": 0.9582899588966524, "Mississippi": 0.9616718621443753, "Missouri": 0.9798257350340753, "Montana": 0.8525017098195361, "Nebraska": 0.9317560380107575, "Nevada": 0.6654056920724012, "New Hampshire": 0.9721280901120058, "New Jersey": 0.9157384401347978, "New Mexico": 0.8796876536917109, "New York": 0.8638605712670384, "North Dakota": 0.8339223592748862, "Ohio": 0.9797566446412685, "Oklahoma": 0.9047422900234345, "Oregon": 0.977334907592526, "Pennsylvania": 0.9530108375227296, "Rhode Island": 0.9249215475960556, "South Carolina": 0.9769655263207672, "South Dakota": 0.8821221114895411, "Tennessee": 0.9858009759978482, "Texas": 0.9515880173465743, "Utah": 0.9492169385110685, "Vermont": 0.9465455792406281, "Virginia": 0.890901807421458, "Washington": 0.9721094439635944, "West Virginia": 0.8836331244692807, "Wisconsin": 0.9474184267185832, "Wyoming": 0.6397390492493945}