{"Alabama": 0.9834127125544025, "Alaska": 0.7980688199902758, "Arizona": 0.9325255226284619, "Arkansas": 0.9461358908539493, "California": 0.9442310905809536, "Colorado": 0.8923719096604119, "Connecticut": 0.9176037663735458, "Delaware": 0.8956099063799609, "Florida": 0.9010570691062846, "Georgia": 0.9749004268177643, "Hawaii": 0.8193825122943014, "Idaho": 0.94973184244719, "Illinois": 0.9661684096022268, "Indiana": 0.9540441736683382, "Iowa": 0.9202364126848274, "Kansas": 0.9577342927517879, "Kentucky": 0.9601724502652766, "Louisiana": 0.9415920745839188, "Maine": 0.9442319860481133, "Maryland": 0.8850484197201652, "Massachusetts": 0.8952432564284606, "Michigan": 0.9843500017120917, "Minnesota": 0.9559248923085121, "Mississippi": 0.9613400591825418, "Missouri": 0.9771450081173769, "Montana": 0.8465052148437193, "Nebraska": 0.9245753830568173, "Nevada": 0.6634978928005278, "New Hampshire": 0.9712555144981416, "New Jersey": 0.9204503972777626, "New Mexico": 0.8759472796179627, "New York": 0.8659488740647265, "North Dakota": 0.8079779245441302, "Ohio": 0.9774940395337054, "Oklahoma": 0.8856445971790924, "Oregon": 0.9736660714457507, "Pennsylvania": 0.951002585311901, "Rhode Island": 0.9232076577180521, "South Carolina": 0.9787792259141223, "South Dakota": 0.8746743079858548, "Tennessee": 0.9861326493074696, "Texas": 0.9488614118967267, "Utah": 0.9574582790393559, "Vermont": 0.9415174642583163, "Virginia": 0.8897146492406963, "Washington": 0.9679964311823985, "West Virginia": 0.8723789475132548, "Wisconsin": 0.9438782437852845, "Wyoming": 0.6186634386913606}