{"Alabama": 0.9835535661022807, "Alaska": 0.799657037122052, "Arizona": 0.9342706491614069, "Arkansas": 0.9479084143142043, "California": 0.9438138400002496, "Colorado": 0.8959802604443914, "Connecticut": 0.9120131280209979, "Delaware": 0.8901879898811013, "Florida": 0.9031763543748864, "Georgia": 0.9766295894835331, "Hawaii": 0.8204014751409865, "Idaho": 0.9474700622548862, "Illinois": 0.9655624574631032, "Indiana": 0.9500604966736812, "Iowa": 0.9162184476439961, "Kansas": 0.9571814001873904, "Kentucky": 0.9597446222015166, "Louisiana": 0.9420617685715544, "Maine": 0.9421437635967911, "Maryland": 0.884374956961736, "Massachusetts": 0.8914823210463929, "Michigan": 0.983460552709106, "Minnesota": 0.9551580096194676, "Mississippi": 0.9623928545245851, "Missouri": 0.9764349366684312, "Montana": 0.846464363147813, "Nebraska": 0.9220036676933069, "Nevada": 0.6674191075846069, "New Hampshire": 0.9692126776674866, "New Jersey": 0.9180713209019059, "New Mexico": 0.8741187282330208, "New York": 0.8633930973635258, "North Dakota": 0.7856261457752283, "Ohio": 0.9760312652828883, "Oklahoma": 0.8979677983153193, "Oregon": 0.9719588782088996, "Pennsylvania": 0.9480242164061693, "Rhode Island": 0.9197276238869122, "South Carolina": 0.980980810004665, "South Dakota": 0.8735482373900793, "Tennessee": 0.9863654817927836, "Texas": 0.9508658136556292, "Utah": 0.9563866397111176, "Vermont": 0.9374538436633099, "Virginia": 0.892431325204603, "Washington": 0.9674893911772399, "West Virginia": 0.8673113730737426, "Wisconsin": 0.9376808655432193, "Wyoming": 0.6062862528824132}