{"Alabama": 0.9833331424915642, "Alaska": 0.7836545096632022, "Arizona": 0.9379735877552074, "Arkansas": 0.9457665519986905, "California": 0.9460172250006196, "Colorado": 0.8971674429218736, "Connecticut": 0.913393908602462, "Delaware": 0.8859780804813616, "Florida": 0.903268820938616, "Georgia": 0.9769792986161197, "Hawaii": 0.822406290325462, "Idaho": 0.9480716976160981, "Illinois": 0.9647206128958631, "Indiana": 0.9444234387066692, "Iowa": 0.9163304192459124, "Kansas": 0.95195744632082, "Kentucky": 0.9573607875047436, "Louisiana": 0.9366297755401403, "Maine": 0.9476503661573792, "Maryland": 0.8821230507353437, "Massachusetts": 0.8828934085901378, "Michigan": 0.9812969414902691, "Minnesota": 0.9528641848039244, "Mississippi": 0.9617567426389674, "Missouri": 0.9723714946678883, "Montana": 0.8407746473832874, "Nebraska": 0.9239137317091732, "Nevada": 0.6784904164168736, "New Hampshire": 0.9681682016521517, "New Jersey": 0.9174311999890163, "New Mexico": 0.8643002723574751, "New York": 0.8634488165196393, "North Dakota": 0.7430130748985156, "Ohio": 0.9737798406263085, "Oklahoma": 0.8611950502433566, "Oregon": 0.9739631808931677, "Pennsylvania": 0.9455385677950129, "Rhode Island": 0.9200411986926592, "South Carolina": 0.9811368958067566, "South Dakota": 0.8679261887119585, "Tennessee": 0.9855922668967115, "Texas": 0.9414338603755237, "Utah": 0.957625263935856, "Vermont": 0.935829566135169, "Virginia": 0.8951652049663025, "Washington": 0.9631858751621672, "West Virginia": 0.8562252769001101, "Wisconsin": 0.9330946866645144, "Wyoming": 0.5782368016736823}