{"Alabama": 0.9821403091913263, "Alaska": 0.7918842454023611, "Arizona": 0.9388680162959542, "Arkansas": 0.946131052456656, "California": 0.94614532660709, "Colorado": 0.8939599171782487, "Connecticut": 0.9139381627357276, "Delaware": 0.8825918065902557, "Florida": 0.9053982798805669, "Georgia": 0.9773286126012428, "Hawaii": 0.8279570103765549, "Idaho": 0.9530018065345365, "Illinois": 0.9635025842438886, "Indiana": 0.9405564512893949, "Iowa": 0.9123274151338521, "Kansas": 0.9524564815995357, "Kentucky": 0.9599427603858108, "Louisiana": 0.9367221985313579, "Maine": 0.9399552611852844, "Maryland": 0.8826848110145823, "Massachusetts": 0.8801308053204847, "Michigan": 0.980233099276464, "Minnesota": 0.9498900258996866, "Mississippi": 0.9623306783367189, "Missouri": 0.9727565502123203, "Montana": 0.8407012688238494, "Nebraska": 0.9249596856235588, "Nevada": 0.6916988480810825, "New Hampshire": 0.9684254634637157, "New Jersey": 0.9169224438595505, "New Mexico": 0.8615420332702156, "New York": 0.8639734509460398, "North Dakota": 0.7343714430417768, "Ohio": 0.9724862082673068, "Oklahoma": 0.8531665672309969, "Oregon": 0.9746451030415724, "Pennsylvania": 0.9445060820487385, "Rhode Island": 0.9192099497483336, "South Carolina": 0.9819970601716944, "South Dakota": 0.8686154423857109, "Tennessee": 0.986039848302566, "Texas": 0.9379524131933503, "Utah": 0.9573758454447828, "Vermont": 0.9347294520990878, "Virginia": 0.8987942279054152, "Washington": 0.9644002967400432, "West Virginia": 0.8580216551312868, "Wisconsin": 0.9312289271562149, "Wyoming": 0.5982101092992433}