{"Alabama": 0.9821467177157527, "Alaska": 0.7842284885709332, "Arizona": 0.9392027921655136, "Arkansas": 0.9468998142511079, "California": 0.9470147377546178, "Colorado": 0.8953036551612129, "Connecticut": 0.9126263255663137, "Delaware": 0.8790435666028436, "Florida": 0.908247504381128, "Georgia": 0.9776276811047951, "Hawaii": 0.830489586408376, "Idaho": 0.9511753462112449, "Illinois": 0.9636154904596604, "Indiana": 0.9361049402633359, "Iowa": 0.9155607509359831, "Kansas": 0.9512399962112367, "Kentucky": 0.9593776180919045, "Louisiana": 0.9336157296677037, "Maine": 0.9389993718999681, "Maryland": 0.8798189301232158, "Massachusetts": 0.8753217795122397, "Michigan": 0.9782462922063373, "Minnesota": 0.9476875371860435, "Mississippi": 0.9586651979284211, "Missouri": 0.973659910282089, "Montana": 0.8420252501390708, "Nebraska": 0.9259968735046139, "Nevada": 0.6960227452330496, "New Hampshire": 0.9709150840907249, "New Jersey": 0.9175887178401125, "New Mexico": 0.8553128136010711, "New York": 0.8612201665804182, "North Dakota": 0.7165898209796893, "Ohio": 0.9710887413826512, "Oklahoma": 0.8473046121200084, "Oregon": 0.9746289998509045, "Pennsylvania": 0.9408067458362461, "Rhode Island": 0.919478000041086, "South Carolina": 0.9829798039726523, "South Dakota": 0.8690712034960885, "Tennessee": 0.9863085934302835, "Texas": 0.9361244479524047, "Utah": 0.9571579926700455, "Vermont": 0.9312468516810827, "Virginia": 0.9042493812980031, "Washington": 0.9633222505678368, "West Virginia": 0.8585851074897484, "Wisconsin": 0.9289096652058602, "Wyoming": 0.5861433881231486}