{"Alabama": 0.6938787582585453, "Alaska": 0.8894378598243176, "Arizona": 0.7853275288101262, "Arkansas": 0.6295316017184901, "California": 0.6834157903455709, "Colorado": 0.8022244482397783, "Connecticut": 0.5858507896114602, "Delaware": 0.7167477565914989, "Florida": 0.7853616807877603, "Georgia": 0.7218517892056212, "Hawaii": 0.8382652916059197, "Idaho": 0.8303808861129308, "Illinois": 0.637529685009951, "Indiana": 0.5752924782220367, "Iowa": 0.7056892283942581, "Kansas": 0.7484179754912503, "Kentucky": 0.7405869601804393, "Louisiana": 0.9015584985814233, "Maine": 0.7660087752428455, "Maryland": 0.7693740869374436, "Massachusetts": 0.59913830704093, "Michigan": 0.5797490143947234, "Minnesota": 0.6809489064318919, "Mississippi": 0.6720291178458921, "Missouri": 0.7396893678680849, "Montana": 0.9160234166072319, "Nebraska": 0.7672457413993127, "Nevada": 0.7601033818732588, "New Hampshire": 0.694062623826613, "New Jersey": 0.6679933738554169, "New Mexico": 0.9075351879330615, "New York": 0.6179532103906606, "North Carolina": 0.6233196690305255, "North Dakota": 0.828764807205936, "Ohio": 0.6312659343533469, "Oklahoma": 0.8360356170095399, "Oregon": 0.7350519631131245, "Pennsylvania": 0.6751652458862017, "Rhode Island": 0.5973686630900299, "South Carolina": 0.6976710930122327, "South Dakota": 0.8032144231504083, "Tennessee": 0.6837443004089702, "Texas": 0.8299789588617245, "Utah": 0.7849733207895808, "Vermont": 0.7486377729635474, "Virginia": 0.7668891257476039, "Washington": 0.7368514567474669, "West Virginia": 0.8636693505026806, "Wisconsin": 0.5905180010094749}