{"Alabama": 0.7074361118057351, "Alaska": 0.8923305357682187, "Arizona": 0.787956571243545, "Arkansas": 0.6377203773515334, "California": 0.6918902881962606, "Colorado": 0.8062167288497789, "Connecticut": 0.6008304393577988, "Delaware": 0.7185657026347978, "Florida": 0.770563369544289, "Georgia": 0.7331522361422003, "Hawaii": 0.8375507381878998, "Idaho": 0.8279564978910244, "Illinois": 0.6526643345322704, "Indiana": 0.5719459493600602, "Iowa": 0.7043724745398636, "Kansas": 0.7508107182345126, "Kentucky": 0.7387455203774396, "Louisiana": 0.8994899391520417, "Maine": 0.771711276156959, "Maryland": 0.7728098086388506, "Massachusetts": 0.6154816203707767, "Michigan": 0.5806139393912421, "Minnesota": 0.6890568992309726, "Mississippi": 0.6852560771946085, "Missouri": 0.751603575815334, "Montana": 0.9146701455732293, "Nebraska": 0.7712313934231134, "Nevada": 0.7576907964544694, "New Hampshire": 0.7095080156128648, "New Jersey": 0.6745014765112912, "New Mexico": 0.9058185921765647, "New York": 0.6294344635269588, "North Carolina": 0.6487447935421151, "North Dakota": 0.8265402430849172, "Ohio": 0.636860258374815, "Oklahoma": 0.8372769145430863, "Oregon": 0.7429432813455582, "Pennsylvania": 0.6858190611966333, "Rhode Island": 0.621482465138277, "South Carolina": 0.7154873028938711, "South Dakota": 0.7943839632366779, "Tennessee": 0.6856924341095808, "Texas": 0.8364368655857729, "Utah": 0.7868516320430341, "Vermont": 0.7526560584311149, "Virginia": 0.7708476997145466, "Washington": 0.7554035698503283, "West Virginia": 0.8570635305360121, "Wisconsin": 0.6008128383956506}