{"Alabama": 0.7068278099323917, "Alaska": 0.8947227974654853, "Arizona": 0.7753837586160571, "Arkansas": 0.63733355244605, "California": 0.6844049235489011, "Colorado": 0.7950945593695062, "Connecticut": 0.6033649404101169, "Delaware": 0.7128617083638576, "Florida": 0.7525064709433943, "Georgia": 0.7338406723565003, "Hawaii": 0.8307911323471958, "Idaho": 0.8211946937219541, "Illinois": 0.6538289650797777, "Indiana": 0.568927977600664, "Iowa": 0.6969155240119249, "Kansas": 0.7455971303666231, "Kentucky": 0.7251844095820591, "Louisiana": 0.9001231920466268, "Maine": 0.7761498401349636, "Maryland": 0.7671750652809189, "Massachusetts": 0.6074107231109593, "Michigan": 0.5824951790781354, "Minnesota": 0.688186476282656, "Mississippi": 0.701012870244751, "Missouri": 0.751627862401927, "Montana": 0.9092945649538974, "Nebraska": 0.7640916887450923, "Nevada": 0.7454993268629803, "New Hampshire": 0.7034223826029978, "New Jersey": 0.6703832289890299, "New Mexico": 0.8985274863421657, "New York": 0.6280410047731415, "North Carolina": 0.6592733559451023, "North Dakota": 0.8167052084807629, "Ohio": 0.636379359829575, "Oklahoma": 0.8339555892252327, "Oregon": 0.735045301063706, "Pennsylvania": 0.6826775159253533, "Rhode Island": 0.630323828085823, "South Carolina": 0.7140740684645966, "South Dakota": 0.7893934280047966, "Tennessee": 0.6857018969918314, "Texas": 0.8301530379086599, "Utah": 0.7790921452676782, "Vermont": 0.7469538808659542, "Virginia": 0.7631758984611917, "Washington": 0.7573897091027475, "West Virginia": 0.8516456004173434, "Wisconsin": 0.6017878835813968}