{"Alabama": 0.4702758651119508, "Alaska": 0.7673476312640574, "Arizona": 0.7424582723860712, "Arkansas": 0.5677686233677063, "California": 0.6324025434199828, "Colorado": 0.7437244263433351, "Connecticut": 0.5890352696505514, "Delaware": 0.6702183348338224, "Florida": 0.7074553846873342, "Georgia": 0.665522404707026, "Hawaii": 0.7193485166511375, "Idaho": 0.76655928309809, "Illinois": 0.6053619092229081, "Indiana": 0.5419276071805829, "Iowa": 0.6360776164611156, "Kansas": 0.6713893055080229, "Kentucky": 0.6602877896393213, "Louisiana": 0.8122822860617797, "Maine": 0.7426701327430645, "Maryland": 0.7019494276183429, "Massachusetts": 0.5991541707718055, "Michigan": 0.5837364408002587, "Minnesota": 0.6359115546263371, "Mississippi": 0.657412390645704, "Missouri": 0.6783876691290949, "Montana": 0.8202595661662077, "Nebraska": 0.6696786728786566, "Nevada": 0.71836193431471, "New Hampshire": 0.695368011784933, "New Jersey": 0.6227408550073521, "New Mexico": 0.8357991201365458, "New York": 0.5736943814761764, "North Carolina": 0.6469429464773232, "North Dakota": 0.7192389124672691, "Ohio": 0.6078744720623934, "Oklahoma": 0.7549362436681121, "Oregon": 0.6733134746195013, "Pennsylvania": 0.6307834487567499, "Rhode Island": 0.6290792713512036, "South Carolina": 0.6764042967558199, "South Dakota": 0.7167774959128681, "Tennessee": 0.6157446390199414, "Texas": 0.7566605020007494, "Utah": 0.715684629348097, "Vermont": 0.7033207281376269, "Virginia": 0.6878283787379365, "Washington": 0.6892771516894087, "West Virginia": 0.7762914903375352, "Wisconsin": 0.5802635104400633}