{"Alabama": 0.5170735293173285, "Alaska": 0.7413700769112459, "Arizona": 0.6456073435240596, "Arkansas": 0.44299625161228684, "California": 0.5955965354313383, "Colorado": 0.6317505369318888, "Connecticut": 0.5627814587010015, "Delaware": 0.6157253483299417, "Florida": 0.6609939306404921, "Georgia": 0.5733695026062959, "Hawaii": 0.7619951783020072, "Idaho": 0.6300558314415249, "Illinois": 0.5638343206173853, "Indiana": 0.4392344643316705, "Iowa": 0.5615847538647826, "Kansas": 0.6072037922931234, "Kentucky": 0.5632714456881851, "Louisiana": 0.6933702490229481, "Maine": 0.6552607708087451, "Maryland": 0.6303257652200782, "Massachusetts": 0.5865011154802144, "Michigan": 0.5212945928613215, "Minnesota": 0.5800620371052947, "Mississippi": 0.5548110822616371, "Missouri": 0.6059866357392203, "Montana": 0.7449704227871787, "Nebraska": 0.5968862613622413, "Nevada": 0.6794457003837192, "New Hampshire": 0.6296241192104161, "New Jersey": 0.6318829269756263, "New Mexico": 0.7584167048805012, "New York": 0.5968949197844363, "North Carolina": 0.5013487791655477, "North Dakota": 0.6869043281119691, "Ohio": 0.5503763789813224, "Oklahoma": 0.6944153292607772, "Oregon": 0.6114988922068446, "Pennsylvania": 0.5851367563218843, "Rhode Island": 0.6428452487832006, "South Carolina": 0.5467518142106187, "South Dakota": 0.6547225254635897, "Tennessee": 0.5236873603823134, "Texas": 0.6514683198832331, "Utah": 0.6205300012269009, "Vermont": 0.6588449723635087, "Virginia": 0.595040582528666, "Washington": 0.6149439781330416, "West Virginia": 0.7175222536075168, "Wisconsin": 0.5035028938580142}