{"Alabama": 0.6631119433401544, "Alaska": 0.8563749534107139, "Arizona": 0.75461335293003, "Arkansas": 0.5935258408319072, "California": 0.6687611614836195, "Colorado": 0.7701181296688003, "Connecticut": 0.5913814301450399, "Delaware": 0.6824509718355327, "Florida": 0.7358393846380427, "Georgia": 0.6825857973213367, "Hawaii": 0.7898315118646134, "Idaho": 0.7689159514642111, "Illinois": 0.6250933737838862, "Indiana": 0.5551399620267851, "Iowa": 0.6387033505653247, "Kansas": 0.6953663177594284, "Kentucky": 0.687292318609247, "Louisiana": 0.8407189141489175, "Maine": 0.7478464986883399, "Maryland": 0.7175419556795544, "Massachusetts": 0.5987065331390785, "Michigan": 0.6093189649817199, "Minnesota": 0.6531548107380386, "Mississippi": 0.6860235132642761, "Missouri": 0.7180122994231435, "Montana": 0.883797864860662, "Nebraska": 0.7059921625706155, "Nevada": 0.7559087886133506, "New Hampshire": 0.7169482095361004, "New Jersey": 0.645374499911887, "New Mexico": 0.8704980075109099, "New York": 0.5960340906523903, "North Carolina": 0.641572711648746, "North Dakota": 0.7612911313832645, "Ohio": 0.6208535391074387, "Oklahoma": 0.8162872081280332, "Oregon": 0.6877096222481733, "Pennsylvania": 0.6510041538029073, "Rhode Island": 0.622576458269593, "South Carolina": 0.6865367990934473, "South Dakota": 0.743204059689434, "Tennessee": 0.6497194234512536, "Texas": 0.7983912575855495, "Utah": 0.7233394366670587, "Vermont": 0.7315280108011983, "Virginia": 0.7219618136054967, "Washington": 0.7293934118178037, "West Virginia": 0.8332421943702522, "Wisconsin": 0.5789674744617679}