{"Alabama": 0.6544443779740723, "Alaska": 0.8788671471804642, "Arizona": 0.7558480005389153, "Arkansas": 0.5838051387890395, "California": 0.6804733669605157, "Colorado": 0.7817694549548481, "Connecticut": 0.5824628628663078, "Delaware": 0.6935072153646906, "Florida": 0.7574452890316942, "Georgia": 0.6949037516046437, "Hawaii": 0.8101940267363721, "Idaho": 0.7590470906141462, "Illinois": 0.631532650731954, "Indiana": 0.5066824187689489, "Iowa": 0.6243604669743752, "Kansas": 0.6861474364987177, "Kentucky": 0.6739185927822195, "Louisiana": 0.8464868260928354, "Maine": 0.7368708936592744, "Maryland": 0.7381675221175084, "Massachusetts": 0.6112159780938972, "Michigan": 0.565340737064297, "Minnesota": 0.6431448491581042, "Mississippi": 0.6644111278580659, "Missouri": 0.7104384433510708, "Montana": 0.8833173141354527, "Nebraska": 0.7015155756201553, "Nevada": 0.7661360721571863, "New Hampshire": 0.6970608891390124, "New Jersey": 0.6654245409100298, "New Mexico": 0.8660007034161791, "New York": 0.6184892579358546, "North Carolina": 0.6439321835403135, "North Dakota": 0.7724436719291456, "Ohio": 0.6004232448149813, "Oklahoma": 0.8055611467505261, "Oregon": 0.6654854680431174, "Pennsylvania": 0.6470399731885481, "Rhode Island": 0.7438322769633899, "South Carolina": 0.6831451802594445, "South Dakota": 0.735880468277382, "Tennessee": 0.6387781429225797, "Texas": 0.7978218938379499, "Utah": 0.7264372113200205, "Vermont": 0.706969755653778, "Virginia": 0.7282532444074992, "Washington": 0.7229045186581495, "West Virginia": 0.8134881095433644, "Wisconsin": 0.5555883447407735}