{"Alabama": 0.7019801187094681, "Alaska": 0.8722111849217482, "Arizona": 0.7582390519527853, "Arkansas": 0.6563496265899343, "California": 0.6961751718420054, "Colorado": 0.7821620325846468, "Connecticut": 0.6051954496217471, "Delaware": 0.5215721705358808, "Florida": 0.7434873398427329, "Georgia": 0.7160482053040413, "Hawaii": 0.7971795702480025, "Idaho": 0.7818146963431378, "Illinois": 0.6523861977765315, "Indiana": 0.576836905762259, "Iowa": 0.6639313182731402, "Kansas": 0.7166934933147369, "Kentucky": 0.7249091603813357, "Louisiana": 0.8591360766834769, "Maine": 0.754758756504061, "Maryland": 0.7285526190534464, "Massachusetts": 0.6130999626373776, "Michigan": 0.6186279108617736, "Minnesota": 0.6704886563400226, "Mississippi": 0.724268339787506, "Missouri": 0.7365905345853034, "Montana": 0.8810146213144713, "Nebraska": 0.7143994020506174, "Nevada": 0.759731680219034, "New Hampshire": 0.7266746757706927, "New Jersey": 0.6654141395540888, "New Mexico": 0.8676493094610956, "New York": 0.6044610711415032, "North Carolina": 0.6998267945359775, "North Dakota": 0.7790526020665806, "Ohio": 0.6416608755929547, "Oklahoma": 0.8362179300766811, "Oregon": 0.6952642662704397, "Pennsylvania": 0.6681155990324539, "Rhode Island": 0.6390927417253878, "South Carolina": 0.7336213641774295, "South Dakota": 0.7526835141115021, "Tennessee": 0.6887121211232281, "Texas": 0.8147490981461828, "Utah": 0.7478572740234609, "Vermont": 0.7342963888242778, "Virginia": 0.7342824370568632, "Washington": 0.738238313028343, "West Virginia": 0.8453141986142593, "Wisconsin": 0.6141971900618189}