{"Alabama": 0.6461084020468641, "Alaska": 0.8495151210405604, "Arizona": 0.740457437860644, "Arkansas": 0.5909338972507329, "California": 0.657536634326431, "Colorado": 0.7598588538227475, "Connecticut": 0.5792032436367035, "Delaware": 0.5036808038342403, "Florida": 0.7196979965060335, "Georgia": 0.6700886490207681, "Hawaii": 0.7807132681664897, "Idaho": 0.7561848103127838, "Illinois": 0.6082139903783957, "Indiana": 0.5410737247538245, "Iowa": 0.6127533910790227, "Kansas": 0.6687987030642357, "Kentucky": 0.6743800502252286, "Louisiana": 0.8290268915773046, "Maine": 0.7336280754192521, "Maryland": 0.7035927243312612, "Massachusetts": 0.5809436256356846, "Michigan": 0.5971882165515089, "Minnesota": 0.6329104801973656, "Mississippi": 0.6739838133674648, "Missouri": 0.7020427252553137, "Montana": 0.8696756446283391, "Nebraska": 0.6795078211891376, "Nevada": 0.743971135285413, "New Hampshire": 0.70265973484879, "New Jersey": 0.6314299974806032, "New Mexico": 0.8602961725040118, "New York": 0.5758347670199326, "North Carolina": 0.6390962747409847, "North Dakota": 0.7407650177144731, "Ohio": 0.6010388173781573, "Oklahoma": 0.8089285099723789, "Oregon": 0.6704769264149042, "Pennsylvania": 0.6325148457467299, "Rhode Island": 0.6062064041302773, "South Carolina": 0.6798264524310074, "South Dakota": 0.7200784196352774, "Tennessee": 0.6414233296688192, "Texas": 0.7862713455920539, "Utah": 0.7099765140898345, "Vermont": 0.7153111327622069, "Virginia": 0.707602330362803, "Washington": 0.7127349600183572, "West Virginia": 0.830633684363563, "Wisconsin": 0.5601791220944249}