{"Alabama": 0.6196543323713131, "Alaska": 0.832641058307992, "Arizona": 0.7145076169481259, "Arkansas": 0.5748454030822704, "California": 0.6248910001144127, "Colorado": 0.7356426955394084, "Connecticut": 0.5474499380631338, "Delaware": 0.6457579238233325, "Florida": 0.7009118581628063, "Georgia": 0.6446314056595818, "Hawaii": 0.7400234054484188, "Idaho": 0.7292650168038157, "Illinois": 0.5762531639183986, "Indiana": 0.5169742848374284, "Iowa": 0.5754062107664488, "Kansas": 0.6349136138939454, "Kentucky": 0.6428792264482117, "Louisiana": 0.8138892948111327, "Maine": 0.6960866663475721, "Maryland": 0.6736121832558486, "Massachusetts": 0.5433914706153994, "Michigan": 0.5657145436492708, "Minnesota": 0.5872457183557848, "Mississippi": 0.6564814176499001, "Missouri": 0.6664425638948039, "Montana": 0.8390557918152182, "Nebraska": 0.636609378265316, "Nevada": 0.7215391709720735, "New Hampshire": 0.6703488386310396, "New Jersey": 0.5982449757071926, "New Mexico": 0.8318221526507729, "New York": 0.5368727917566734, "North Carolina": 0.6241759478189312, "North Dakota": 0.7085116907581451, "Ohio": 0.5669428142090095, "Oklahoma": 0.7898537021564633, "Oregon": 0.6392885936574302, "Pennsylvania": 0.5952563914797508, "Rhode Island": 0.5706023613594793, "South Carolina": 0.6623669435901414, "South Dakota": 0.6756611843238363, "Tennessee": 0.624573588476758, "Texas": 0.7619484861385188, "Utah": 0.6898862098951264, "Vermont": 0.6840506837020328, "Virginia": 0.6790017581775964, "Washington": 0.6775360673566884, "West Virginia": 0.8165460180915248, "Wisconsin": 0.5250792695702334}