{"Alabama": 0.6691598052717781, "Alaska": 0.8510197170573263, "Arizona": 0.729734653143235, "Arkansas": 0.635622514197607, "California": 0.6586500835467983, "Colorado": 0.7556923236000825, "Connecticut": 0.5681441356710297, "Delaware": 0.6676522987838814, "Florida": 0.721797188637026, "Georgia": 0.6840426167174625, "Hawaii": 0.7563186867245428, "Idaho": 0.7542278067470957, "Illinois": 0.6134869675067238, "Indiana": 0.5483945715901816, "Iowa": 0.6237760636910603, "Kansas": 0.6812040497952568, "Kentucky": 0.6908832201144043, "Louisiana": 0.8403422317011582, "Maine": 0.7144800993255123, "Maryland": 0.6953990562144772, "Massachusetts": 0.5694891203610245, "Michigan": 0.5834573200320624, "Minnesota": 0.6200945464052201, "Mississippi": 0.7006877436041182, "Missouri": 0.6987255489941696, "Montana": 0.8521369835448577, "Nebraska": 0.6709233270010451, "Nevada": 0.7354656950731143, "New Hampshire": 0.6898053536474412, "New Jersey": 0.6266754597747639, "New Mexico": 0.8395703802049472, "New York": 0.5614139341883213, "North Carolina": 0.674896216043717, "North Dakota": 0.7463492692067681, "Ohio": 0.6008204144222583, "Oklahoma": 0.8176285115310976, "Oregon": 0.6628194407895811, "Pennsylvania": 0.6246798902968895, "Rhode Island": 0.5971879492212144, "South Carolina": 0.7082792944283358, "South Dakota": 0.7088690268225408, "Tennessee": 0.664870792883998, "Texas": 0.7884752198692447, "Utah": 0.7234683018439743, "Vermont": 0.7001272843243873, "Virginia": 0.7013549512959372, "Washington": 0.7009836197367821, "West Virginia": 0.8300693716593771, "Wisconsin": 0.5725360692173737}