{"Alabama": 0.6726403439297948, "Alaska": 0.8532923502117167, "Arizona": 0.7290653893994022, "Arkansas": 0.6463654152417373, "California": 0.6492391596436273, "Colorado": 0.7525552158882997, "Connecticut": 0.5598747135578364, "Delaware": 0.6573479659015778, "Florida": 0.7138386727357401, "Georgia": 0.6849970071028265, "Hawaii": 0.7459260904162015, "Idaho": 0.7600583910900128, "Illinois": 0.6042331754675851, "Indiana": 0.5492414364604102, "Iowa": 0.6113848299228, "Kansas": 0.6656501953273315, "Kentucky": 0.6879839518121637, "Louisiana": 0.8355906734654465, "Maine": 0.7054124007673831, "Maryland": 0.6899377142444652, "Massachusetts": 0.5510984003594783, "Michigan": 0.576713041033499, "Minnesota": 0.603839579776654, "Mississippi": 0.707274089734452, "Missouri": 0.6913574287598834, "Montana": 0.8514536831236541, "Nebraska": 0.6615041806348921, "Nevada": 0.7308813892539628, "New Hampshire": 0.6739306661276363, "New Jersey": 0.6153338565974583, "New Mexico": 0.8287645557009865, "New York": 0.5552144620557693, "North Carolina": 0.6802390974471428, "North Dakota": 0.7406411967737304, "Ohio": 0.5943057572707784, "Oklahoma": 0.8154507752689015, "Oregon": 0.6642766926346434, "Pennsylvania": 0.6148219537603052, "Rhode Island": 0.5830836937093942, "South Carolina": 0.7071960661041687, "South Dakota": 0.6936750424089142, "Tennessee": 0.672464624061001, "Texas": 0.7903011274739715, "Utah": 0.7239074269689533, "Vermont": 0.6841511082019693, "Virginia": 0.6890299719128569, "Washington": 0.6941232875834171, "West Virginia": 0.818759091655341, "Wisconsin": 0.5609891583051921}