{"Alabama": 0.6230599569499445, "Alaska": 0.82941998276981, "Arizona": 0.7105222637195988, "Arkansas": 0.5854899140164783, "California": 0.6123279765911548, "Colorado": 0.7292106086780408, "Connecticut": 0.5349146795870012, "Delaware": 0.6318167396996747, "Florida": 0.6889391878766404, "Georgia": 0.6432157221234016, "Hawaii": 0.7269788278044403, "Idaho": 0.7350783959204914, "Illinois": 0.5637756418022739, "Indiana": 0.5126391964909562, "Iowa": 0.5621369733272226, "Kansas": 0.6173397463040318, "Kentucky": 0.6393239220600586, "Louisiana": 0.8054346294958227, "Maine": 0.6839302259035434, "Maryland": 0.6642308767622921, "Massachusetts": 0.5211988635299495, "Michigan": 0.5553178565091699, "Minnesota": 0.5692333568511394, "Mississippi": 0.6634692889644068, "Missouri": 0.657367276703826, "Montana": 0.8399287152598048, "Nebraska": 0.6266274514394594, "Nevada": 0.713189330724585, "New Hampshire": 0.651143752607363, "New Jersey": 0.5828054523279248, "New Mexico": 0.8194168685328974, "New York": 0.5260303590007148, "North Carolina": 0.6289383673418428, "North Dakota": 0.7016282530917056, "Ohio": 0.5571254256451856, "Oklahoma": 0.7872893134550765, "Oregon": 0.6375523223675013, "Pennsylvania": 0.58196310244379, "Rhode Island": 0.5533513288264007, "South Carolina": 0.6599443957631342, "South Dakota": 0.6623760303411943, "Tennessee": 0.6306562039488441, "Texas": 0.7615758931977018, "Utah": 0.6867758618287724, "Vermont": 0.6651381253779634, "Virginia": 0.6635421333697713, "Washington": 0.6673229946068823, "West Virginia": 0.8043427645137439, "Wisconsin": 0.5112703057237945}