{"Alabama": 0.5945915299661931, "Alaska": 0.8130284100083459, "Arizona": 0.6685873540202818, "Arkansas": 0.5667076262734264, "California": 0.567058590704888, "Colorado": 0.7036629646411948, "Connecticut": 0.49709389198961046, "Delaware": 0.5885502395564854, "Florida": 0.6551802462634293, "Georgia": 0.6027238650855499, "Hawaii": 0.697217204343782, "Idaho": 0.6977255248848241, "Illinois": 0.5258717984192108, "Indiana": 0.48975328677820945, "Iowa": 0.5259775508408585, "Kansas": 0.592835613710102, "Kentucky": 0.6189232227441885, "Louisiana": 0.7905652239502207, "Maine": 0.656611424608759, "Maryland": 0.6252446855098406, "Massachusetts": 0.4881749686068633, "Michigan": 0.528421152398082, "Minnesota": 0.5242747429065014, "Mississippi": 0.6483181177483479, "Missouri": 0.6179429068458782, "Montana": 0.8098333130849731, "Nebraska": 0.5899398593918119, "Nevada": 0.6911473778818777, "New Hampshire": 0.6123847428258986, "New Jersey": 0.5454231056363084, "New Mexico": 0.7983874720838885, "New York": 0.4986542432019373, "North Carolina": 0.594254707814862, "North Dakota": 0.6956985231231337, "Ohio": 0.5246573608152906, "Oklahoma": 0.7882583070442767, "Oregon": 0.5955702148795359, "Pennsylvania": 0.5469931856745135, "Rhode Island": 0.5190891422113472, "South Carolina": 0.6207216960625286, "South Dakota": 0.6281042290762949, "Tennessee": 0.5987165314696912, "Texas": 0.7523350087087181, "Utah": 0.6457671217870693, "Vermont": 0.6312877358967801, "Virginia": 0.6203926213416089, "Washington": 0.6279075177028597, "West Virginia": 0.7957232321146097, "Wisconsin": 0.4722169005335209}