{"Alabama": 0.6460466033951198, "Alaska": 0.8357934564078902, "Arizona": 0.6858213985702148, "Arkansas": 0.6268407229981172, "California": 0.5998004939434682, "Colorado": 0.7190870810811287, "Connecticut": 0.5421190391843581, "Delaware": 0.6302845508777949, "Florida": 0.6800571802237703, "Georgia": 0.6428346671699989, "Hawaii": 0.729077382028123, "Idaho": 0.7226521313642036, "Illinois": 0.5808188424611639, "Indiana": 0.5600179817398969, "Iowa": 0.5915602132189897, "Kansas": 0.6529644424450983, "Kentucky": 0.6825329800162728, "Louisiana": 0.8212454270396886, "Maine": 0.7018298464979534, "Maryland": 0.6525648991192622, "Massachusetts": 0.5333926900434325, "Michigan": 0.6016190471067612, "Minnesota": 0.5735831991656777, "Mississippi": 0.6940816111574182, "Missouri": 0.6699742812668689, "Montana": 0.830661935480721, "Nebraska": 0.6477048775690987, "Nevada": 0.6979356494252585, "New Hampshire": 0.6590258180398337, "New Jersey": 0.5924523174813974, "New Mexico": 0.811421733461688, "New York": 0.5549354126951199, "North Carolina": 0.6397390492493945, "North Dakota": 0.7569195446116256, "Ohio": 0.5909894935006188, "Oklahoma": 0.8315486300744223, "Oregon": 0.6388388639969332, "Pennsylvania": 0.5995496030550427, "Rhode Island": 0.5667570606075316, "South Carolina": 0.6630933182317184, "South Dakota": 0.6895546083853566, "Tennessee": 0.651863668169424, "Texas": 0.7837655449437502, "Utah": 0.6672938987721896, "Vermont": 0.6726710621071371, "Virginia": 0.6435748281993997, "Washington": 0.6544615366863614, "West Virginia": 0.8216228058057099, "Wisconsin": 0.5372592026438554}