{"Alabama": 0.6930316110280844, "Alaska": 0.8627478306461767, "Arizona": 0.7081986915907867, "Arkansas": 0.6832000706283049, "California": 0.6388877472641904, "Colorado": 0.7457105822507578, "Connecticut": 0.5668887053853917, "Delaware": 0.6548630951759221, "Florida": 0.7082223015473325, "Georgia": 0.6836859921226633, "Hawaii": 0.7502105588938578, "Idaho": 0.7497016700301666, "Illinois": 0.6215205601628258, "Indiana": 0.603414378217867, "Iowa": 0.6414285453796621, "Kansas": 0.7011904027225297, "Kentucky": 0.7281011060243483, "Louisiana": 0.8501862983409592, "Maine": 0.7208848788477208, "Maryland": 0.6807090057626957, "Massachusetts": 0.5647151910860513, "Michigan": 0.6263278447667376, "Minnesota": 0.6068154188706274, "Mississippi": 0.7356113670962984, "Missouri": 0.7014878630091205, "Montana": 0.8440667639853642, "Nebraska": 0.6826552186818672, "Nevada": 0.7186317155434631, "New Hampshire": 0.6827979062071299, "New Jersey": 0.627538519591914, "New Mexico": 0.822175154808961, "New York": 0.5862271532278014, "North Carolina": 0.6879074396225594, "North Dakota": 0.7915868836354876, "Ohio": 0.6276120146208156, "Oklahoma": 0.8555965389547956, "Oregon": 0.6666782526187944, "Pennsylvania": 0.6326770039343639, "Rhode Island": 0.5968369087751964, "South Carolina": 0.7093759629920239, "South Dakota": 0.719755581099231, "Tennessee": 0.6906013972888255, "Texas": 0.8119168895127368, "Utah": 0.7069381375844656, "Vermont": 0.6919560079035552, "Virginia": 0.6702181212337552, "Washington": 0.6817098415746453, "West Virginia": 0.8340427702931433, "Wisconsin": 0.5896948429201391}