{"Alabama": 0.6296497959652708, "Alaska": 0.8295037381811299, "Arizona": 0.6680627137809824, "Arkansas": 0.6141534958308328, "California": 0.5853821563978495, "Colorado": 0.7087433880485489, "Connecticut": 0.5336296352273052, "Delaware": 0.6281579284633666, "Florida": 0.6644936443720566, "Georgia": 0.6176220722386608, "Hawaii": 0.7147725798703092, "Idaho": 0.7029454235186965, "Illinois": 0.5660484623595176, "Indiana": 0.5337860313393691, "Iowa": 0.570421970852022, "Kansas": 0.6586803636712883, "Kentucky": 0.665075079679944, "Louisiana": 0.8109876667347036, "Maine": 0.6776544467173078, "Maryland": 0.6375488360214263, "Massachusetts": 0.5315907952793852, "Michigan": 0.5823943132364419, "Minnesota": 0.5609568811607012, "Mississippi": 0.6825101240395509, "Missouri": 0.6521801639029329, "Montana": 0.8233966141607529, "Nebraska": 0.627836939821548, "Nevada": 0.6770925478195235, "New Hampshire": 0.645491145408369, "New Jersey": 0.585776085641951, "New Mexico": 0.807992548948157, "New York": 0.5531189814458505, "North Carolina": 0.6186634386913606, "North Dakota": 0.77625891946651, "Ohio": 0.5769277062678795, "Oklahoma": 0.8434484850321794, "Oregon": 0.6231034704293156, "Pennsylvania": 0.5929995211635705, "Rhode Island": 0.5580563637396794, "South Carolina": 0.6373849246196828, "South Dakota": 0.6782069030618801, "Tennessee": 0.6356218805931367, "Texas": 0.7778274043376431, "Utah": 0.6479260257062447, "Vermont": 0.6594733552337293, "Virginia": 0.6288740683844195, "Washington": 0.6319396063925048, "West Virginia": 0.821562586499596, "Wisconsin": 0.5183765307671556}