{"Alabama": 0.6215188077602127, "Alaska": 0.8236414201482352, "Arizona": 0.6589267911768464, "Arkansas": 0.612420712530471, "California": 0.5764882387296137, "Colorado": 0.6954865297259829, "Connecticut": 0.5294863949095092, "Delaware": 0.6221334425701619, "Florida": 0.6566860714693656, "Georgia": 0.6059347797625593, "Hawaii": 0.7053493599250543, "Idaho": 0.6883935543317199, "Illinois": 0.5580692463768228, "Indiana": 0.5264865363747552, "Iowa": 0.5644557062514972, "Kansas": 0.6495178616468521, "Kentucky": 0.6588217203579954, "Louisiana": 0.7980439248623857, "Maine": 0.6674140557241977, "Maryland": 0.625164708977076, "Massachusetts": 0.5259213759761225, "Michigan": 0.5656713408427364, "Minnesota": 0.5554355472597509, "Mississippi": 0.6750972790841586, "Missouri": 0.6419457278048085, "Montana": 0.8153275280887167, "Nebraska": 0.6211705114719989, "Nevada": 0.6696655326825752, "New Hampshire": 0.6336061535566964, "New Jersey": 0.5780977636285093, "New Mexico": 0.8022309431893265, "New York": 0.548889525798748, "North Carolina": 0.6062862528824132, "North Dakota": 0.8145453225204363, "Ohio": 0.5709329643097361, "Oklahoma": 0.8376091602084839, "Oregon": 0.6129087501234104, "Pennsylvania": 0.5886373500188296, "Rhode Island": 0.5510281661176417, "South Carolina": 0.6231175111834072, "South Dakota": 0.6686904549906566, "Tennessee": 0.6268433897032464, "Texas": 0.7647567458400185, "Utah": 0.6337443980138375, "Vermont": 0.6473295172514006, "Virginia": 0.6152081765717257, "Washington": 0.6136388250715822, "West Virginia": 0.8257054081821668, "Wisconsin": 0.5067570438851456}