{"Alabama": 0.6640912833974087, "Alaska": 0.8528297762864363, "Arizona": 0.6848767872505647, "Arkansas": 0.6617605013457778, "California": 0.6169150393745846, "Colorado": 0.7258857653037027, "Connecticut": 0.5560085459679486, "Delaware": 0.6491862320020761, "Florida": 0.688921388292232, "Georgia": 0.6478132299225631, "Hawaii": 0.729690831804675, "Idaho": 0.7155834218167534, "Illinois": 0.5988420596707509, "Indiana": 0.5651387634100489, "Iowa": 0.6102867910940429, "Kansas": 0.6939608777293171, "Kentucky": 0.699747799567735, "Louisiana": 0.8294810538025564, "Maine": 0.6905106811781082, "Maryland": 0.6574227941591175, "Massachusetts": 0.5602105721272814, "Michigan": 0.5908597083871682, "Minnesota": 0.5889773149234182, "Mississippi": 0.7093631256298482, "Missouri": 0.671359017405156, "Montana": 0.8291946927450764, "Nebraska": 0.6552491426897148, "Nevada": 0.6934601532761727, "New Hampshire": 0.6585090861964263, "New Jersey": 0.6164800404125146, "New Mexico": 0.8139356979740717, "New York": 0.5843366926710447, "North Carolina": 0.6526288886325576, "North Dakota": 0.8418367790839796, "Ohio": 0.6068449210059574, "Oklahoma": 0.8586391518380916, "Oregon": 0.6398838283422794, "Pennsylvania": 0.6232021078070137, "Rhode Island": 0.5831007658724402, "South Carolina": 0.6675041696864106, "South Dakota": 0.6982142590599305, "Tennessee": 0.6624154240805111, "Texas": 0.7944703448267035, "Utah": 0.6763012477087311, "Vermont": 0.6682569330525705, "Virginia": 0.6444173192946955, "Washington": 0.6418452794755799, "West Virginia": 0.8378570884805112, "Wisconsin": 0.5560774557054208}