{"Alabama": 0.6309655209549524, "Alaska": 0.8487768042807392, "Arizona": 0.6607010350949003, "Arkansas": 0.6441231201213413, "California": 0.5920686428564388, "Colorado": 0.7150899490594204, "Connecticut": 0.5331549800387364, "Delaware": 0.6175306500534464, "Florida": 0.6651329707686988, "Georgia": 0.6153689208254246, "Hawaii": 0.7044506951526942, "Idaho": 0.6919377454738812, "Illinois": 0.5662608616741843, "Indiana": 0.5337554439756356, "Iowa": 0.5830955618306686, "Kansas": 0.6927639095023159, "Kentucky": 0.6632541671433592, "Louisiana": 0.8222831607034697, "Maine": 0.6669985526332183, "Maryland": 0.6325204701662309, "Massachusetts": 0.5312311377057353, "Michigan": 0.5584533843390668, "Minnesota": 0.5628629666586014, "Mississippi": 0.6882487098267515, "Missouri": 0.6408236412923496, "Montana": 0.8221729112738083, "Nebraska": 0.6289859080531146, "Nevada": 0.683915789577295, "New Hampshire": 0.6332666119498622, "New Jersey": 0.5884278869203354, "New Mexico": 0.8103569026502769, "New York": 0.5607515500818776, "North Carolina": 0.6240292859723523, "North Dakota": 0.8735063040154084, "Ohio": 0.5779350885737556, "Oklahoma": 0.8716092475929553, "Oregon": 0.6113323662311023, "Pennsylvania": 0.6007426156488949, "Rhode Island": 0.562988103175176, "South Carolina": 0.631780603522853, "South Dakota": 0.6715717724666719, "Tennessee": 0.628398397563619, "Texas": 0.7942809674683845, "Utah": 0.6590917915934561, "Vermont": 0.6379425173838938, "Virginia": 0.6204307404022927, "Washington": 0.6077957439432937, "West Virginia": 0.8321410182103354, "Wisconsin": 0.5232590846669333}