{"Alabama": 0.5885687032649491, "Alaska": 0.8177952544224277, "Arizona": 0.633574593343091, "Arkansas": 0.5969715479223838, "California": 0.55316614639671, "Colorado": 0.683006255145758, "Connecticut": 0.5063259695378077, "Delaware": 0.5907174030739885, "Florida": 0.6316880642025722, "Georgia": 0.573310056527466, "Hawaii": 0.678377831957994, "Idaho": 0.6634538819069341, "Illinois": 0.5254107445550088, "Indiana": 0.49769201760100423, "Iowa": 0.5387185499158188, "Kansas": 0.6471441457122314, "Kentucky": 0.6227789987516036, "Louisiana": 0.7886439192158459, "Maine": 0.646315871283426, "Maryland": 0.5992614563142779, "Massachusetts": 0.497736285767843, "Michigan": 0.5334259196785394, "Minnesota": 0.5296032141715465, "Mississippi": 0.6541832905988572, "Missouri": 0.6117013246797143, "Montana": 0.8082156649171952, "Nebraska": 0.5962595865461663, "Nevada": 0.6591513928850617, "New Hampshire": 0.6071830367653782, "New Jersey": 0.5494472234424016, "New Mexico": 0.7983624548740521, "New York": 0.5237645436607653, "North Carolina": 0.5782368016736823, "North Dakota": 0.8513311281448604, "Ohio": 0.5424743948033219, "Oklahoma": 0.8517709939456013, "Oregon": 0.5831776214561777, "Pennsylvania": 0.5665040338765437, "Rhode Island": 0.52979508504642, "South Carolina": 0.5882404820628485, "South Dakota": 0.6406185911055108, "Tennessee": 0.5929137717457671, "Texas": 0.763195392159892, "Utah": 0.6154299282109998, "Vermont": 0.6146220982646139, "Virginia": 0.5903225811111665, "Washington": 0.5817100808961547, "West Virginia": 0.8195807789281621, "Wisconsin": 0.47613438805961494}