{"Alabama": 0.6012235149129727, "Alaska": 0.8182309817636146, "Arizona": 0.6505646031670307, "Arkansas": 0.6108710182729423, "California": 0.57448934675678, "Colorado": 0.7040704508605384, "Connecticut": 0.5290264327391108, "Delaware": 0.6110630761297455, "Florida": 0.6531946858358614, "Georgia": 0.5910514790024298, "Hawaii": 0.694711345865943, "Idaho": 0.6731464742365101, "Illinois": 0.5419272720322054, "Indiana": 0.5073501132261662, "Iowa": 0.5565085482359172, "Kansas": 0.666694222819279, "Kentucky": 0.6258656112920994, "Louisiana": 0.8000845937116466, "Maine": 0.6522351916580953, "Maryland": 0.6172979137525205, "Massachusetts": 0.5142031083854999, "Michigan": 0.5433847961665195, "Minnesota": 0.5468091978302324, "Mississippi": 0.6722456704889157, "Missouri": 0.6260115260240441, "Montana": 0.820623406737312, "Nebraska": 0.6111269057122422, "Nevada": 0.6777511421279881, "New Hampshire": 0.6249576578347446, "New Jersey": 0.569065603555802, "New Mexico": 0.8183492480612664, "New York": 0.5438462497776073, "North Carolina": 0.5982101092992435, "North Dakota": 0.8648293488866163, "Ohio": 0.5577411288021284, "Oklahoma": 0.8665876176511805, "Oregon": 0.5983483517986092, "Pennsylvania": 0.5812187681819927, "Rhode Island": 0.5415907356410913, "South Carolina": 0.6073547377676444, "South Dakota": 0.656688451348478, "Tennessee": 0.6036026109709991, "Texas": 0.7844921727994962, "Utah": 0.6326168707637512, "Vermont": 0.6285721070731803, "Virginia": 0.6090574931474223, "Washington": 0.6015136120100227, "West Virginia": 0.8224484237944983, "Wisconsin": 0.4931323970097422}