{"Alabama": 0.6422475643854397, "Alaska": 0.8480633257778035, "Arizona": 0.6758488890769421, "Arkansas": 0.6560948336048419, "California": 0.6107076357393983, "Colorado": 0.7343066470685892, "Connecticut": 0.553664845488878, "Delaware": 0.6359387452725317, "Florida": 0.6851677677090272, "Georgia": 0.6311996846099727, "Hawaii": 0.7194003802724601, "Idaho": 0.7010399521625161, "Illinois": 0.5809716418200089, "Indiana": 0.5418972539332171, "Iowa": 0.601354565671864, "Kansas": 0.7111955579989377, "Kentucky": 0.6653551685848587, "Louisiana": 0.8329653962291931, "Maine": 0.6742518716025793, "Maryland": 0.6492837544031432, "Massachusetts": 0.5459810266804827, "Michigan": 0.5665938749895004, "Minnesota": 0.578202149631741, "Mississippi": 0.7051165181185582, "Missouri": 0.6539306003758788, "Montana": 0.8339126971894792, "Nebraska": 0.6441033852325946, "Nevada": 0.7009405732767789, "New Hampshire": 0.6493157424945989, "New Jersey": 0.6063296986819089, "New Mexico": 0.8288253082391243, "New York": 0.5790602980368829, "North Carolina": 0.6414990574865711, "North Dakota": 0.8852202207309431, "Ohio": 0.5917769101753144, "Oklahoma": 0.8846593435552615, "Oregon": 0.6256209571500274, "Pennsylvania": 0.6135788241645015, "Rhode Island": 0.5718133106598575, "South Carolina": 0.6493082220158439, "South Dakota": 0.6865294749570807, "Tennessee": 0.6376103870752673, "Texas": 0.8134102877469707, "Utah": 0.6731811055734706, "Vermont": 0.6505791090221998, "Virginia": 0.6370319318524815, "Washington": 0.6259234889613646, "West Virginia": 0.8336278388746631, "Wisconsin": 0.5394406231697688}