{"Alabama": 0.5883036666718288, "Alaska": 0.8201320994693166, "Arizona": 0.6376512087274657, "Arkansas": 0.600953377518656, "California": 0.5631200535296047, "Colorado": 0.7021198537788041, "Connecticut": 0.519031452637002, "Delaware": 0.5941295117582794, "Florida": 0.6414784345119912, "Georgia": 0.5779355193617047, "Hawaii": 0.6801257692478335, "Idaho": 0.6651835316898428, "Illinois": 0.5300209765321217, "Indiana": 0.48995036345713144, "Iowa": 0.5500448618424514, "Kansas": 0.6606917141821989, "Kentucky": 0.6103687798119048, "Louisiana": 0.7929232192354329, "Maine": 0.6380870587844146, "Maryland": 0.6054748928595723, "Massachusetts": 0.501003484486564, "Michigan": 0.5265032252719054, "Minnesota": 0.5343102138730917, "Mississippi": 0.6583988832578195, "Missouri": 0.6112605572076892, "Montana": 0.810746831765127, "Nebraska": 0.6000207773791214, "Nevada": 0.6688835019432546, "New Hampshire": 0.6102552386801915, "New Jersey": 0.555554363410216, "New Mexico": 0.8130071193007559, "New York": 0.53068457597587, "North Carolina": 0.5861433881231486, "North Dakota": 0.8774739645747823, "Ohio": 0.5449726575814905, "Oklahoma": 0.8605570072985138, "Oregon": 0.586287365261617, "Pennsylvania": 0.5687687990588981, "Rhode Island": 0.5260588516736331, "South Carolina": 0.5924952729769017, "South Dakota": 0.6437169350068991, "Tennessee": 0.5897339067337726, "Texas": 0.7804233639017456, "Utah": 0.6241884657143788, "Vermont": 0.6207383258207386, "Virginia": 0.6004890806322954, "Washington": 0.5956016830802136, "West Virginia": 0.8069291638071986, "Wisconsin": 0.48089545993951105}