{"Alabama": 0.6258518934132943, "Alaska": 0.848402466529731, "Arizona": 0.662526068221577, "Arkansas": 0.6436675345973665, "California": 0.5973945424011179, "Colorado": 0.7320165192462842, "Connecticut": 0.5425149782186419, "Delaware": 0.6177417121342277, "Florida": 0.6726196967397966, "Georgia": 0.6163021389202594, "Hawaii": 0.7039958983707013, "Idaho": 0.6921991465419692, "Illinois": 0.5669803475424979, "Indiana": 0.5214266821364371, "Iowa": 0.5924392121694863, "Kansas": 0.7041090141086211, "Kentucky": 0.648461943521455, "Louisiana": 0.8244729691938105, "Maine": 0.6594060730501499, "Maryland": 0.6368878822996662, "Massachusetts": 0.5311689457552973, "Michigan": 0.5477421507383705, "Minnesota": 0.5640620189246326, "Mississippi": 0.6886695350288035, "Missouri": 0.638370435079339, "Montana": 0.8239644113458843, "Nebraska": 0.6320646838015097, "Nevada": 0.6916051881397762, "New Hampshire": 0.6338511872343993, "New Jersey": 0.5911174508031742, "New Mexico": 0.8239798199550706, "New York": 0.5651129065529922, "North Carolina": 0.6270270862691631, "North Dakota": 0.8958399942568807, "Ohio": 0.5771324299535198, "Oklahoma": 0.8781038341958124, "Oregon": 0.6125802306745677, "Pennsylvania": 0.5993477839516315, "Rhode Island": 0.5550750319575743, "South Carolina": 0.632020937481801, "South Dakota": 0.6729236863378916, "Tennessee": 0.6216115943244572, "Texas": 0.8085935814680425, "Utah": 0.6632414595971545, "Vermont": 0.6422299055228985, "Virginia": 0.627241454932871, "Washington": 0.6189695499740926, "West Virginia": 0.8179085970794567, "Wisconsin": 0.5242387445578187}