{"Alabama": 0.970064969767043, "Alaska": 0.6741144044110735, "Arizona": 0.8289213549641432, "Arkansas": 0.9222352778674142, "California": 0.8493780945556091, "Colorado": 0.7996011686856219, "Connecticut": 0.7508538309162843, "Delaware": 0.8259067496817462, "Florida": 0.7965214278446247, "Georgia": 0.953272947421381, "Hawaii": 0.7030519550318696, "Idaho": 0.8967556791035234, "Illinois": 0.852715430481462, "Indiana": 0.8383370044764951, "Iowa": 0.9027678830359573, "Kansas": 0.8904813125364462, "Kentucky": 0.9203920333580303, "Louisiana": 0.8556481419335479, "Maine": 0.8736520958582296, "Maryland": 0.7729334286512617, "Massachusetts": 0.7320100208608296, "Michigan": 0.8157581292534227, "Minnesota": 0.8663662383993693, "Mississippi": 0.9306331166922054, "Missouri": 0.8876150892258363, "Montana": 0.7797567657869794, "Nebraska": 0.8979890012532347, "Nevada": 0.5783738203369669, "New Hampshire": 0.8549952440249856, "New Jersey": 0.8085979302291101, "New Mexico": 0.7889222979346633, "New York": 0.6886690933246129, "North Carolina": 0.9786551886230869, "North Dakota": 0.7501957936673591, "Ohio": 0.8697148297440943, "Oklahoma": 0.8557738511461209, "Oregon": 0.8715396641761957, "Pennsylvania": 0.8525417368972268, "Rhode Island": 0.7775617484774965, "South Dakota": 0.8245043139147893, "Tennessee": 0.9431283724103078, "Texas": 0.8842857639953083, "Utah": 0.8802163602002916, "Vermont": 0.8505597862329479, "Virginia": 0.8721691180640296, "Washington": 0.8590505515311586, "West Virginia": 0.824137647639192, "Wisconsin": 0.8897124095589408, "Wyoming": 0.6976710930122328}