{"Alabama": 0.9694400074641014, "Alaska": 0.6897605745928912, "Arizona": 0.8446247412312711, "Arkansas": 0.9224283606934239, "California": 0.8488452016318286, "Colorado": 0.8054441326179113, "Connecticut": 0.7585832639598796, "Delaware": 0.8314997735040549, "Florida": 0.8039867982730023, "Georgia": 0.9507019241151077, "Hawaii": 0.7209032545744739, "Idaho": 0.9073097452679209, "Illinois": 0.8587811393718826, "Indiana": 0.8409474321816042, "Iowa": 0.9063606090716885, "Kansas": 0.895494142489369, "Kentucky": 0.9211278310566173, "Louisiana": 0.8723322580518508, "Maine": 0.8688728068265664, "Maryland": 0.778359231522698, "Massachusetts": 0.7388295954970654, "Michigan": 0.8208937202998449, "Minnesota": 0.8688467571950361, "Mississippi": 0.9308393941005616, "Missouri": 0.8956091322397616, "Montana": 0.7932574211457984, "Nebraska": 0.8944273569291626, "Nevada": 0.5915713005721834, "New Hampshire": 0.8607811593823472, "New Jersey": 0.8048321116773999, "New Mexico": 0.8031506688704088, "New York": 0.6903787235331867, "North Carolina": 0.976592838775348, "North Dakota": 0.7580972465217076, "Ohio": 0.8782573651190786, "Oklahoma": 0.8690935593314886, "Oregon": 0.8770998504488271, "Pennsylvania": 0.8550031389580611, "Rhode Island": 0.7876959060147204, "South Dakota": 0.8273343149711725, "Tennessee": 0.943559005841861, "Texas": 0.892224340867706, "Utah": 0.8912739476059477, "Vermont": 0.8531358823708182, "Virginia": 0.8636474105196364, "Washington": 0.8694575521170387, "West Virginia": 0.8324677100833621, "Wisconsin": 0.8961800684545022, "Wyoming": 0.7154873028938711}