{"Alabama": 0.973154535639244, "Alaska": 0.6911602159471393, "Arizona": 0.854164008646333, "Arkansas": 0.9284927695316123, "California": 0.8573636337888899, "Colorado": 0.8057636689568907, "Connecticut": 0.7697670262784617, "Delaware": 0.8206482549309061, "Florida": 0.8054934615424033, "Georgia": 0.9464598048758891, "Hawaii": 0.7313706496709699, "Idaho": 0.9168122419689823, "Illinois": 0.8654539154583133, "Indiana": 0.8549585613952755, "Iowa": 0.9071092519658507, "Kansas": 0.9038827593697237, "Kentucky": 0.9289013735439108, "Louisiana": 0.8760813808024609, "Maine": 0.8707925131840198, "Maryland": 0.7800682321071126, "Massachusetts": 0.741638875118625, "Michigan": 0.8362738687941795, "Minnesota": 0.8736922805919094, "Mississippi": 0.940276319219341, "Missouri": 0.9039274793428276, "Montana": 0.799115780834161, "Nebraska": 0.9030125141890282, "Nevada": 0.6035455432168022, "New Hampshire": 0.871508557099551, "New Jersey": 0.8076836248692296, "New Mexico": 0.8092761315697373, "New York": 0.6942325270753593, "North Carolina": 0.9793229132551807, "North Dakota": 0.769225536490411, "Ohio": 0.8916432008125427, "Oklahoma": 0.8852495210525707, "Oregon": 0.8863391527596994, "Pennsylvania": 0.8617124059015637, "Rhode Island": 0.8034437125427288, "South Dakota": 0.8378651066770694, "Tennessee": 0.9498761739886495, "Texas": 0.898958687143271, "Utah": 0.8946817294720028, "Vermont": 0.8583800434460561, "Virginia": 0.8575894527555672, "Washington": 0.8765808655982922, "West Virginia": 0.8410158453568342, "Wisconsin": 0.9057813520051101, "Wyoming": 0.7140740684645966}