{"Alabama": 0.9769641071235805, "Alaska": 0.6522015151213176, "Arizona": 0.8800768118513286, "Arkansas": 0.9334500042509802, "California": 0.885591845590358, "Colorado": 0.8436283299999263, "Connecticut": 0.7962897980784297, "Delaware": 0.8142190396730858, "Florida": 0.8487075394341805, "Georgia": 0.9550063692953631, "Hawaii": 0.7276952207409977, "Idaho": 0.9381739220246659, "Illinois": 0.8933674721947784, "Indiana": 0.8833020988880803, "Iowa": 0.9226839050230211, "Kansas": 0.9221506844208304, "Kentucky": 0.9375227225997113, "Louisiana": 0.9005171442211335, "Maine": 0.8797399832595579, "Maryland": 0.8145951768352062, "Massachusetts": 0.7728585772738461, "Michigan": 0.8687783179095014, "Minnesota": 0.8938199166933694, "Mississippi": 0.9541533572965313, "Missouri": 0.920126017816139, "Montana": 0.8398597354420707, "Nebraska": 0.9148489164038536, "Nevada": 0.6738730329029579, "New Hampshire": 0.8977448825370236, "New Jersey": 0.8335839015911265, "New Mexico": 0.8511326573492394, "New York": 0.7268650168995444, "North Carolina": 0.9822422964191052, "North Dakota": 0.8232637827481853, "Ohio": 0.909053006708672, "Oklahoma": 0.9060134068649097, "Oregon": 0.9057224990851566, "Pennsylvania": 0.8744139997549918, "Rhode Island": 0.7318016550130476, "South Dakota": 0.8669461836765704, "Tennessee": 0.9576649267376204, "Texas": 0.9191130708029112, "Utah": 0.9144035304757486, "Vermont": 0.8032404487030733, "Virginia": 0.8766708178121605, "Washington": 0.893281374604124, "West Virginia": 0.8515584555512619, "Wisconsin": 0.9193359992497157, "Wyoming": 0.5467518142106188}