{"Alabama": 0.9761253322427238, "Alaska": 0.7690844768098754, "Arizona": 0.8902977716439789, "Arkansas": 0.9296572552663432, "California": 0.8898956783092966, "Colorado": 0.8533448328603123, "Connecticut": 0.8040497471675926, "Delaware": 0.8320122596083837, "Florida": 0.8572689962236989, "Georgia": 0.9555182342927683, "Hawaii": 0.7527084298489258, "Idaho": 0.9407438852862372, "Illinois": 0.8993818047059243, "Indiana": 0.8876759541701541, "Iowa": 0.9236994124356117, "Kansas": 0.9244888652142217, "Kentucky": 0.939542928375768, "Louisiana": 0.9035606982141899, "Maine": 0.8836512097177159, "Maryland": 0.8202924862733089, "Massachusetts": 0.7809051323319546, "Michigan": 0.8777523064976419, "Minnesota": 0.8947662834408945, "Mississippi": 0.9542683704151524, "Missouri": 0.9245240835559045, "Montana": 0.852620639970743, "Nebraska": 0.9108296952942381, "Nevada": 0.7008787276695738, "New Hampshire": 0.9040316910775258, "New Jersey": 0.8410763340238706, "New Mexico": 0.8554089000714512, "New York": 0.7336055478435245, "North Carolina": 0.9803421707514338, "North Dakota": 0.828878073006755, "Ohio": 0.9113823717923385, "Oklahoma": 0.9036237603590991, "Oregon": 0.9008274129239586, "Pennsylvania": 0.8716454274622877, "Rhode Island": 0.8364893732426694, "South Dakota": 0.8735445442748172, "Tennessee": 0.9589017863102591, "Texas": 0.9194590997959375, "Utah": 0.9231251043086957, "Vermont": 0.8700248589460212, "Virginia": 0.8768608901143922, "Washington": 0.8985224942425459, "West Virginia": 0.8538288991991938, "Wisconsin": 0.9193215561564371, "Wyoming": 0.6827256201632698}