{"Alabama": 0.9759275626540932, "Alaska": 0.7758848514114595, "Arizona": 0.9050388239715373, "Arkansas": 0.9254139958561426, "California": 0.9028016350739306, "Colorado": 0.86619948725744, "Connecticut": 0.8161079878402563, "Delaware": 0.8415450838473568, "Florida": 0.8781402920090943, "Georgia": 0.9594065746834636, "Hawaii": 0.823938731338363, "Idaho": 0.9469862434038985, "Illinois": 0.903723714290412, "Indiana": 0.8871565614451602, "Iowa": 0.9192845453957983, "Kansas": 0.9274265446957276, "Kentucky": 0.9417743731297833, "Louisiana": 0.911465865976199, "Maine": 0.8783473629694357, "Maryland": 0.829717693287448, "Massachusetts": 0.7877451584874875, "Michigan": 0.888564516480194, "Minnesota": 0.8954088517396059, "Mississippi": 0.9521885735339336, "Missouri": 0.9325851577594112, "Montana": 0.8655888860566728, "Nebraska": 0.9069596558028712, "Nevada": 0.7281146894910094, "New Hampshire": 0.9093876952894197, "New Jersey": 0.847504032622816, "New Mexico": 0.8672611840419558, "New York": 0.7403840395405171, "North Carolina": 0.9781622212678782, "North Dakota": 0.84116548902697, "Ohio": 0.9136876629913249, "Oklahoma": 0.9165728071366763, "Oregon": 0.9115438491058709, "Pennsylvania": 0.8708746180276006, "Rhode Island": 0.7061968982967045, "South Dakota": 0.8811278988448007, "Tennessee": 0.9604519488595195, "Texas": 0.9271442032027951, "Utah": 0.9347296419265209, "Vermont": 0.8753528792830005, "Virginia": 0.8800689815666684, "Washington": 0.9083819371977292, "West Virginia": 0.8579007339009794, "Wisconsin": 0.9149347954767478, "Wyoming": 0.6831451802594445}