{"Alabama": 0.9710758458966099, "Alaska": 0.7783469755599289, "Arizona": 0.9246611520922675, "Arkansas": 0.9238474488566438, "California": 0.9125722150204699, "Colorado": 0.8835243055166621, "Connecticut": 0.8269172976380388, "Delaware": 0.8565276962364642, "Florida": 0.9035067399964832, "Georgia": 0.9638808177888011, "Hawaii": 0.849218042204436, "Idaho": 0.9528963728062969, "Illinois": 0.9045518533056846, "Indiana": 0.886016361766448, "Iowa": 0.9118551207885168, "Kansas": 0.9270088387749036, "Kentucky": 0.9394050597712099, "Louisiana": 0.9260200887599369, "Maine": 0.8780795784356926, "Maryland": 0.8421986810103664, "Massachusetts": 0.7874713175527651, "Michigan": 0.8924692176002039, "Minnesota": 0.8896184115733269, "Mississippi": 0.9562100968882031, "Missouri": 0.9407087276974853, "Montana": 0.885015768213365, "Nebraska": 0.8998240200972133, "Nevada": 0.7571155915640555, "New Hampshire": 0.9145992938437834, "New Jersey": 0.8496332940699005, "New Mexico": 0.879302731954189, "New York": 0.7433901511560205, "North Carolina": 0.9750825721490622, "North Dakota": 0.8526662097207456, "Ohio": 0.9038289620731584, "Oklahoma": 0.9163026690347951, "Oregon": 0.9276855534613858, "Pennsylvania": 0.8565896872303056, "Rhode Island": 0.8300501414582565, "South Dakota": 0.8863706555037377, "Tennessee": 0.9616589742324827, "Texas": 0.9363017630360757, "Utah": 0.9396211959389487, "Vermont": 0.8761343242053397, "Virginia": 0.8778357201592705, "Washington": 0.9258189931989135, "West Virginia": 0.857043107954093, "Wisconsin": 0.9032971478242748, "Wyoming": 0.7082792944283358}