{"Alabama": 0.9724488861945964, "Alaska": 0.7730776159009539, "Arizona": 0.932712254226287, "Arkansas": 0.9213044195223297, "California": 0.9119574247557232, "Colorado": 0.8847595292740371, "Connecticut": 0.827281361682479, "Delaware": 0.8584232838460636, "Florida": 0.9108246228016736, "Georgia": 0.9629386888655649, "Hawaii": 0.8620887481222045, "Idaho": 0.9558951736944222, "Illinois": 0.9055781821312208, "Indiana": 0.8913647566986265, "Iowa": 0.9073822830959891, "Kansas": 0.9252940016242186, "Kentucky": 0.9406800789298166, "Louisiana": 0.9284944243889667, "Maine": 0.8810174299167379, "Maryland": 0.8475920984497569, "Massachusetts": 0.7840121617239767, "Michigan": 0.8953816421604881, "Minnesota": 0.8829146166245371, "Mississippi": 0.9579499201550311, "Missouri": 0.9425977287538339, "Montana": 0.8925123653482632, "Nebraska": 0.8954086608057024, "Nevada": 0.7666247033704645, "New Hampshire": 0.9150278806802502, "New Jersey": 0.8464183887719271, "New Mexico": 0.8802097711277574, "New York": 0.7518387734604425, "North Carolina": 0.9730514072032675, "North Dakota": 0.8552352535639974, "Ohio": 0.9047027932531908, "Oklahoma": 0.9116832397069716, "Oregon": 0.9328727391196514, "Pennsylvania": 0.8562274332951086, "Rhode Island": 0.8263936100315717, "South Dakota": 0.8846754891265627, "Tennessee": 0.9655404022527961, "Texas": 0.9379517169461752, "Utah": 0.937647998118774, "Vermont": 0.8727693884159299, "Virginia": 0.8751730951624972, "Washington": 0.9270153918944823, "West Virginia": 0.8570106459251312, "Wisconsin": 0.9003688923427686, "Wyoming": 0.7071960661041687}