{"Alabama": 0.9754570805287375, "Alaska": 0.7685129197235004, "Arizona": 0.9315467382854744, "Arkansas": 0.9215411172760021, "California": 0.9128745299978256, "Colorado": 0.8820898385184102, "Connecticut": 0.8275907749064869, "Delaware": 0.8516918645356177, "Florida": 0.9124592450568589, "Georgia": 0.9594778986451898, "Hawaii": 0.8739938111643556, "Idaho": 0.9579626109343903, "Illinois": 0.9087364089279861, "Indiana": 0.9021051670712197, "Iowa": 0.9117044321755141, "Kansas": 0.925308729051162, "Kentucky": 0.9436630967454711, "Louisiana": 0.9194745732520216, "Maine": 0.8995582390054061, "Maryland": 0.8489837263931819, "Massachusetts": 0.7921276991372879, "Michigan": 0.9074109737807419, "Minnesota": 0.8819829467416161, "Mississippi": 0.9636517138411226, "Missouri": 0.9464760509499343, "Montana": 0.893510763700865, "Nebraska": 0.8995841593310808, "Nevada": 0.7658492751759088, "New Hampshire": 0.9203985799936035, "New Jersey": 0.852548615005991, "New Mexico": 0.8795327236446767, "New York": 0.7694037822845372, "North Carolina": 0.9736341394069169, "North Dakota": 0.862284196191962, "Ohio": 0.9087848487217389, "Oklahoma": 0.8945005170728931, "Oregon": 0.9335294468166406, "Pennsylvania": 0.8617216376904052, "Rhode Island": 0.8303313724337855, "South Dakota": 0.8906022408307475, "Tennessee": 0.9681336385929008, "Texas": 0.9309162545742939, "Utah": 0.9338787845335446, "Vermont": 0.8792189303111339, "Virginia": 0.870309696652225, "Washington": 0.9266991413176173, "West Virginia": 0.8490830470952498, "Wisconsin": 0.9053152654643788, "Wyoming": 0.6682226081567347}