{"Alabama": 0.9787100764212523, "Alaska": 0.7914958910235163, "Arizona": 0.9309195063602326, "Arkansas": 0.9242419066426706, "California": 0.9154352409979508, "Colorado": 0.8850420792812984, "Connecticut": 0.8262590793967427, "Delaware": 0.8542127207896733, "Florida": 0.9171595279649207, "Georgia": 0.9593930902359653, "Hawaii": 0.8936292831251439, "Idaho": 0.9568111430524939, "Illinois": 0.9095407033325473, "Indiana": 0.9194037169911455, "Iowa": 0.9183929924731826, "Kansas": 0.9341684324526535, "Kentucky": 0.9475224838958095, "Louisiana": 0.9239703116634557, "Maine": 0.908510031129345, "Maryland": 0.8553795081566341, "Massachusetts": 0.8013483736894715, "Michigan": 0.9219593793430522, "Minnesota": 0.8819306704217279, "Mississippi": 0.966237120482637, "Missouri": 0.9488840910630675, "Montana": 0.9048446152529287, "Nebraska": 0.9055769797341376, "Nevada": 0.7723027175168473, "New Hampshire": 0.9251339899049689, "New Jersey": 0.8646214121993973, "New Mexico": 0.8877117620676451, "New York": 0.7913134302578368, "North Carolina": 0.9720669247480764, "North Dakota": 0.8729541916848048, "Ohio": 0.9145659611601241, "Oklahoma": 0.909016800120334, "Oregon": 0.9322254440795997, "Pennsylvania": 0.868430697574459, "Rhode Island": 0.8377558327274433, "South Dakota": 0.8984068523709957, "Tennessee": 0.9676894788078387, "Texas": 0.9349676583904127, "Utah": 0.9294372900949549, "Vermont": 0.8838641191580774, "Virginia": 0.8671723293375192, "Washington": 0.9247998720281866, "West Virginia": 0.8571171165168854, "Wisconsin": 0.9133644131294526, "Wyoming": 0.7093759629920239}