{"Alabama": 0.9774288827166187, "Alaska": 0.7785120761931987, "Arizona": 0.9318350909571385, "Arkansas": 0.9202023436821803, "California": 0.9145334492884987, "Colorado": 0.8836897698514925, "Connecticut": 0.824954047809115, "Delaware": 0.8570358705674658, "Florida": 0.9217955001097772, "Georgia": 0.9609224951227359, "Hawaii": 0.8954779067254094, "Idaho": 0.9517016922540326, "Illinois": 0.9115445791821463, "Indiana": 0.911812678151782, "Iowa": 0.9101836189754745, "Kansas": 0.9312543615617037, "Kentucky": 0.9471567833356911, "Louisiana": 0.9172300191545217, "Maine": 0.8954313806538899, "Maryland": 0.8570662101246042, "Massachusetts": 0.8085053106590736, "Michigan": 0.9239778170282847, "Minnesota": 0.8797406587211207, "Mississippi": 0.9627389799626868, "Missouri": 0.9455938484618466, "Montana": 0.8943324261273086, "Nebraska": 0.8998800299782871, "Nevada": 0.7646394547441954, "New Hampshire": 0.9228918851544635, "New Jersey": 0.870887975878339, "New Mexico": 0.8817278828368126, "New York": 0.7970580133313162, "North Carolina": 0.9744110840060123, "North Dakota": 0.8434223486708521, "Ohio": 0.9125086612657936, "Oklahoma": 0.8886509006683562, "Oregon": 0.9276966659877566, "Pennsylvania": 0.8682767531256252, "Rhode Island": 0.8398587400830906, "South Dakota": 0.8894104278797761, "Tennessee": 0.9675835832527393, "Texas": 0.9288332358457173, "Utah": 0.9316000114357488, "Vermont": 0.8786506241564749, "Virginia": 0.8639460063528936, "Washington": 0.9189071842294224, "West Virginia": 0.8457405609153767, "Wisconsin": 0.9103107840367554, "Wyoming": 0.6824747261723477}