{"Alabama": 0.9786111810570011, "Alaska": 0.7727914888047646, "Arizona": 0.9304942775251904, "Arkansas": 0.923493898879102, "California": 0.9159654440387524, "Colorado": 0.8852795368673586, "Connecticut": 0.824676803060734, "Delaware": 0.8520610100682465, "Florida": 0.9210261687443443, "Georgia": 0.960808892426419, "Hawaii": 0.8928688607184243, "Idaho": 0.9518352105421242, "Illinois": 0.9125341704643106, "Indiana": 0.9122125903293509, "Iowa": 0.9077466491767444, "Kansas": 0.9354974084456739, "Kentucky": 0.9482605717365027, "Louisiana": 0.9172164311344057, "Maine": 0.8958141846893426, "Maryland": 0.8570224106305696, "Massachusetts": 0.8098985199355964, "Michigan": 0.9265949726307887, "Minnesota": 0.882978839967181, "Mississippi": 0.962195746942029, "Missouri": 0.944142925638665, "Montana": 0.8934577209083487, "Nebraska": 0.8989425862069961, "Nevada": 0.7623418555042104, "New Hampshire": 0.9236672446512864, "New Jersey": 0.8698314750623319, "New Mexico": 0.8792839633454167, "New York": 0.8005895407857772, "North Carolina": 0.9768278196443261, "North Dakota": 0.8165132800592092, "Ohio": 0.9145261714289671, "Oklahoma": 0.8965512194057795, "Oregon": 0.9292051253324627, "Pennsylvania": 0.8692024068037387, "Rhode Island": 0.8409026182567628, "South Dakota": 0.8903729475060272, "Tennessee": 0.9672608044877207, "Texas": 0.9296019057060404, "Utah": 0.9296974461836846, "Vermont": 0.8805134250992727, "Virginia": 0.8675788051702694, "Washington": 0.9210221183048737, "West Virginia": 0.8427908150343925, "Wisconsin": 0.909288976121514, "Wyoming": 0.6675041696864106}