{"Alabama": 0.9794705637530822, "Alaska": 0.7448075450391117, "Arizona": 0.9303459433643528, "Arkansas": 0.9147897272866892, "California": 0.9038585018267234, "Colorado": 0.8783665177003943, "Connecticut": 0.8246314855039575, "Delaware": 0.8393000017216338, "Florida": 0.9189043177341286, "Georgia": 0.959025546951853, "Hawaii": 0.8886968457595479, "Idaho": 0.9470020674726528, "Illinois": 0.9109033030840795, "Indiana": 0.9087867139376817, "Iowa": 0.9042188222841351, "Kansas": 0.9271812956268471, "Kentucky": 0.9447778066825768, "Louisiana": 0.9076243123605268, "Maine": 0.8968331143281676, "Maryland": 0.8511314097971561, "Massachusetts": 0.7933489939621449, "Michigan": 0.9240598557619629, "Minnesota": 0.8774336256385684, "Mississippi": 0.960934008599782, "Missouri": 0.9318148154676628, "Montana": 0.8780429852361429, "Nebraska": 0.8909838724587293, "Nevada": 0.7655828534366288, "New Hampshire": 0.918859993648969, "New Jersey": 0.8646290518601062, "New Mexico": 0.8636842068120221, "New York": 0.7975679095613678, "North Carolina": 0.9771009821489035, "North Dakota": 0.7635467821632486, "Ohio": 0.9125229967701636, "Oklahoma": 0.8557198107029217, "Oregon": 0.9270271428078964, "Pennsylvania": 0.8632578507247616, "Rhode Island": 0.8409387404958615, "South Dakota": 0.8812901600235067, "Tennessee": 0.9669634186230985, "Texas": 0.9167539593588664, "Utah": 0.9257523400005201, "Vermont": 0.8733196793174739, "Virginia": 0.8631901198178454, "Washington": 0.9047591826502376, "West Virginia": 0.8264663006189003, "Wisconsin": 0.9028705486319368, "Wyoming": 0.6317806035228531}