{"Alabama": 0.9798670381327668, "Alaska": 0.744865245411214, "Arizona": 0.932234770200125, "Arkansas": 0.922565244726997, "California": 0.9037381866743308, "Colorado": 0.8716986512519224, "Connecticut": 0.8267281868792835, "Delaware": 0.8299622621942064, "Florida": 0.9218480498426079, "Georgia": 0.9602799589033219, "Hawaii": 0.8894097116571579, "Idaho": 0.9468133472638841, "Illinois": 0.9115349098345257, "Indiana": 0.9079081177013922, "Iowa": 0.9024158368724547, "Kansas": 0.926093356202745, "Kentucky": 0.9527592012133062, "Louisiana": 0.9031911814451025, "Maine": 0.8889694746073201, "Maryland": 0.8501789815056304, "Massachusetts": 0.7867119708251489, "Michigan": 0.9246971732255442, "Minnesota": 0.8711915199648058, "Mississippi": 0.9624005393102675, "Missouri": 0.9321722484839964, "Montana": 0.8699028276216586, "Nebraska": 0.8924056757145296, "Nevada": 0.7739439837306983, "New Hampshire": 0.9245814213093343, "New Jersey": 0.8645220794562208, "New Mexico": 0.8552060853655944, "New York": 0.7968755256347965, "North Carolina": 0.9790244919658592, "North Dakota": 0.7346172493647106, "Ohio": 0.9133252856052995, "Oklahoma": 0.8395482094396741, "Oregon": 0.9287836675669352, "Pennsylvania": 0.8609213522154096, "Rhode Island": 0.8418444712811611, "South Dakota": 0.875481696369549, "Tennessee": 0.9713873083171596, "Texas": 0.9109205957909338, "Utah": 0.9238539819768392, "Vermont": 0.872731661027038, "Virginia": 0.8731993580533441, "Washington": 0.907579951116433, "West Virginia": 0.8300424996396071, "Wisconsin": 0.902298514623729, "Wyoming": 0.6320209374818009}