{"Alabama": 0.8810017180883778, "Alaska": 0.7726226887424972, "Arizona": 0.889118360912039, "Arkansas": 0.8718766595020124, "California": 0.8647217933297916, "Colorado": 0.859691041758134, "Connecticut": 0.8983985888598568, "Delaware": 0.8843248070867744, "Florida": 0.8731788756646013, "Georgia": 0.8650780962039576, "Hawaii": 0.7999344206969253, "Idaho": 0.9356468975831417, "Illinois": 0.904403103708265, "Indiana": 0.8487589942869772, "Iowa": 0.9632374118158837, "Kansas": 0.9604961363464037, "Kentucky": 0.9334801431187127, "Louisiana": 0.9333051763433977, "Maine": 0.957330207176433, "Maryland": 0.8717875341991124, "Massachusetts": 0.879963921800047, "Michigan": 0.8455419909436959, "Minnesota": 0.9488601515727175, "Mississippi": 0.8812967427218465, "Missouri": 0.9627652951895435, "Montana": 0.9429662387205683, "Nebraska": 0.9574000649349168, "Nevada": 0.6134771289112552, "New Hampshire": 0.9299361747866087, "New Jersey": 0.8570880732131635, "New Mexico": 0.9165993611199578, "New York": 0.8778009114838424, "North Carolina": 0.8263160803813344, "North Dakota": 0.968830000606497, "Ohio": 0.9021391381460183, "Oklahoma": 0.935760631177146, "Oregon": 0.9362248374598687, "Pennsylvania": 0.9443562581593966, "Rhode Island": 0.9041216512623739, "South Carolina": 0.8245043139147892, "Tennessee": 0.8951885419452706, "Texas": 0.925643345886401, "Utah": 0.9237957419178807, "Vermont": 0.9366340797493776, "Virginia": 0.8631992253481918, "Washington": 0.9326437198894498, "West Virginia": 0.9558540470151581, "Wisconsin": 0.8859820351916927, "Wyoming": 0.8032144231504083}