{"Alabama": 0.8802815862497863, "Alaska": 0.7846841098040039, "Arizona": 0.8799978338633466, "Arkansas": 0.8712395745864847, "California": 0.8581982863405697, "Colorado": 0.8433786239491629, "Connecticut": 0.9066718861439506, "Delaware": 0.8861900123591047, "Florida": 0.8507932804220198, "Georgia": 0.86061844590794, "Hawaii": 0.7965312470138165, "Idaho": 0.9276319308015507, "Illinois": 0.9090323299621279, "Indiana": 0.8416184349209191, "Iowa": 0.9599506495264042, "Kansas": 0.9581501006539298, "Kentucky": 0.9279099283684762, "Louisiana": 0.9332737129380352, "Maine": 0.9585248978577151, "Maryland": 0.8641258689911582, "Massachusetts": 0.8820316702548539, "Michigan": 0.8416793030195888, "Minnesota": 0.9517085785363452, "Mississippi": 0.8764179920610833, "Missouri": 0.96262182396936, "Montana": 0.939742964683152, "Nebraska": 0.9609512324550095, "Nevada": 0.5987836570187697, "New Hampshire": 0.931716243884544, "New Jersey": 0.8579866502222085, "New Mexico": 0.9115474551908831, "New York": 0.8828169263352634, "North Carolina": 0.8399680715681336, "North Dakota": 0.968015941559861, "Ohio": 0.9026416776130752, "Oklahoma": 0.9315566322637143, "Oregon": 0.9406842497592681, "Pennsylvania": 0.9475108002399654, "Rhode Island": 0.9173865320288654, "South Carolina": 0.8273343149711725, "Tennessee": 0.8879051312016888, "Texas": 0.9182280275253302, "Utah": 0.9165871964132651, "Vermont": 0.9303323101429067, "Virginia": 0.8478952543335394, "Washington": 0.9324689154463919, "West Virginia": 0.9554337609240325, "Wisconsin": 0.888114959676061, "Wyoming": 0.794383963236678}