{"Alabama": 0.8856917083458666, "Alaska": 0.7891377457273364, "Arizona": 0.8715236798522956, "Arkansas": 0.8766073084105143, "California": 0.855703224950646, "Colorado": 0.8310176252528279, "Connecticut": 0.90932738805502, "Delaware": 0.8877750183820365, "Florida": 0.8335102317833997, "Georgia": 0.8637760343031339, "Hawaii": 0.7914577779832298, "Idaho": 0.9264272298344821, "Illinois": 0.9126381056291873, "Indiana": 0.8464531098969006, "Iowa": 0.9612405134390084, "Kansas": 0.9579527574659342, "Kentucky": 0.9251319458636381, "Louisiana": 0.9329018511511743, "Maine": 0.9599279110865706, "Maryland": 0.8584011423241246, "Massachusetts": 0.8727314249335251, "Michigan": 0.8462611662965075, "Minnesota": 0.9553365828097861, "Mississippi": 0.891643112576944, "Missouri": 0.961886115700774, "Montana": 0.9369123407515174, "Nebraska": 0.9604146880815444, "Nevada": 0.6085423789749769, "New Hampshire": 0.9290373946602214, "New Jersey": 0.8599785223314383, "New Mexico": 0.906046455647041, "New York": 0.8794426296555783, "North Carolina": 0.8553712971684863, "North Dakota": 0.9689265287490414, "Ohio": 0.9075668536565374, "Oklahoma": 0.9332893295588323, "Oregon": 0.9396155067829085, "Pennsylvania": 0.947364409124547, "Rhode Island": 0.9253278560672108, "South Carolina": 0.8378651066770693, "Tennessee": 0.8910090594816563, "Texas": 0.9147344839005761, "Utah": 0.9160207392175632, "Vermont": 0.9287468542227201, "Virginia": 0.8362194896174119, "Washington": 0.9289352699513674, "West Virginia": 0.9561215293682725, "Wisconsin": 0.8951517131805088, "Wyoming": 0.7893934280047965}