{"Alabama": 0.7700268888112011, "Alaska": 0.77101758011096, "Arizona": 0.8763133919830833, "Arkansas": 0.8779215487173636, "California": 0.855840494173188, "Colorado": 0.8341048316043703, "Connecticut": 0.9112844414921925, "Delaware": 0.8814387065701911, "Florida": 0.8635646677178969, "Georgia": 0.8700954280906572, "Hawaii": 0.7677716725873943, "Idaho": 0.9251426735571452, "Illinois": 0.9162269806790945, "Indiana": 0.8628444542656182, "Iowa": 0.9639880705688916, "Kansas": 0.9538549576943355, "Kentucky": 0.9317610875323117, "Louisiana": 0.9351899724692705, "Maine": 0.9612781730461087, "Maryland": 0.8554642692041388, "Massachusetts": 0.8666126248510584, "Michigan": 0.8609394187037529, "Minnesota": 0.9584270558832317, "Mississippi": 0.9071076278351969, "Missouri": 0.9654280763940839, "Montana": 0.9335281107957206, "Nebraska": 0.9585711712430995, "Nevada": 0.6251111657897678, "New Hampshire": 0.9307993569454194, "New Jersey": 0.8634000940325743, "New Mexico": 0.8986808709889612, "New York": 0.8838121477249576, "North Carolina": 0.8690079943953567, "North Dakota": 0.9739080172378263, "Ohio": 0.918265686542481, "Oklahoma": 0.9276787335321344, "Oregon": 0.9369277701846008, "Pennsylvania": 0.9461630467635807, "Rhode Island": 0.9103415573116111, "South Carolina": 0.8557149346790818, "Tennessee": 0.9021044113653246, "Texas": 0.9184382805133074, "Utah": 0.9227447019036898, "Vermont": 0.9277791116582659, "Virginia": 0.833836920006182, "Washington": 0.9281015947325685, "West Virginia": 0.9468758235861332, "Wisconsin": 0.9072189872994969, "Wyoming": 0.7167774959128681}