{"Alabama": 0.8966344444533085, "Alaska": 0.7814787382421183, "Arizona": 0.8785118065086976, "Arkansas": 0.8828993644050966, "California": 0.8621485361234702, "Colorado": 0.848629345714687, "Connecticut": 0.9128068431721182, "Delaware": 0.8955223673746182, "Florida": 0.8643976948602861, "Georgia": 0.8737592013814184, "Hawaii": 0.7764899362991883, "Idaho": 0.9245173836052268, "Illinois": 0.9204621666167526, "Indiana": 0.860492495946691, "Iowa": 0.9642069134541783, "Kansas": 0.9555833490049979, "Kentucky": 0.9354345570618711, "Louisiana": 0.9388581919486729, "Maine": 0.9608559932462433, "Maryland": 0.8558743777592009, "Massachusetts": 0.8769465146844734, "Michigan": 0.8673583197523748, "Minnesota": 0.9617757264080211, "Mississippi": 0.9122157967591392, "Missouri": 0.9674473156038702, "Montana": 0.9364425123630795, "Nebraska": 0.9576883133357327, "Nevada": 0.64553002550013, "New Hampshire": 0.9403605450991882, "New Jersey": 0.8705227815384169, "New Mexico": 0.905283889187145, "New York": 0.8872701424452001, "North Carolina": 0.8859349359377163, "North Dakota": 0.9787641321700692, "Ohio": 0.9246817253105, "Oklahoma": 0.9318217619990651, "Oregon": 0.9398374814046819, "Pennsylvania": 0.9471220806084764, "Rhode Island": 0.8472749411246177, "South Carolina": 0.8669461836765704, "Tennessee": 0.9008738705661268, "Texas": 0.922956209509578, "Utah": 0.9258044850410364, "Vermont": 0.8628580845168061, "Virginia": 0.8383385660882602, "Washington": 0.9304465217889573, "West Virginia": 0.947226590483325, "Wisconsin": 0.9132401676567052, "Wyoming": 0.6547225254635897}