{"Alabama": 0.9052614137196737, "Alaska": 0.8349372106019175, "Arizona": 0.8797611129293039, "Arkansas": 0.8910472963228713, "California": 0.8627904751912079, "Colorado": 0.8522958952992203, "Connecticut": 0.9156592296288207, "Delaware": 0.8999635868762141, "Florida": 0.851281798321768, "Georgia": 0.8797578169402874, "Hawaii": 0.7781899469397044, "Idaho": 0.9263365803047797, "Illinois": 0.9250506701613699, "Indiana": 0.8661376806930106, "Iowa": 0.9674131078377278, "Kansas": 0.9601195786109689, "Kentucky": 0.9415178771459538, "Louisiana": 0.9418039794269354, "Maine": 0.9650511389560353, "Maryland": 0.8544013107808607, "Massachusetts": 0.8800974860532407, "Michigan": 0.8782769174449828, "Minnesota": 0.9644306387236425, "Mississippi": 0.9193553597893914, "Missouri": 0.968920372573127, "Montana": 0.9351136301842518, "Nebraska": 0.957545098732991, "Nevada": 0.6513650016962191, "New Hampshire": 0.9436209955773257, "New Jersey": 0.8788798659627707, "New Mexico": 0.9064739232744415, "New York": 0.8885216192478685, "North Carolina": 0.8981152272128224, "North Dakota": 0.9799498928996531, "Ohio": 0.9311512022810967, "Oklahoma": 0.9286142381127425, "Oregon": 0.9473132897651232, "Pennsylvania": 0.9517380389271644, "Rhode Island": 0.9416912540062626, "South Carolina": 0.8735445442748172, "Tennessee": 0.9140096794506686, "Texas": 0.923910452955383, "Utah": 0.9247770797569177, "Vermont": 0.9410705573555296, "Virginia": 0.8349875562514674, "Washington": 0.9330368574284561, "West Virginia": 0.9487017162093635, "Wisconsin": 0.9229195988397793, "Wyoming": 0.7477784885781741}