{"Alabama": 0.9077882004896918, "Alaska": 0.8359173093438298, "Arizona": 0.8728635184925068, "Arkansas": 0.8982895483316469, "California": 0.8610674063457099, "Colorado": 0.8473676693322331, "Connecticut": 0.9172911326921466, "Delaware": 0.9003932887859474, "Florida": 0.8478803326505373, "Georgia": 0.8753696249884152, "Hawaii": 0.7967738235222146, "Idaho": 0.9223330671597828, "Illinois": 0.9208298429321202, "Indiana": 0.8690113236951608, "Iowa": 0.9680819342295642, "Kansas": 0.9593567002420073, "Kentucky": 0.9447531681556894, "Louisiana": 0.9422616486733775, "Maine": 0.9634209630683395, "Maryland": 0.8454979698510536, "Massachusetts": 0.875714611599257, "Michigan": 0.8887296858260116, "Minnesota": 0.964371443095938, "Mississippi": 0.9216770479617399, "Missouri": 0.9686690992074092, "Montana": 0.9319647004200502, "Nebraska": 0.9567752819909323, "Nevada": 0.6538492541442752, "New Hampshire": 0.9448587760541152, "New Jersey": 0.8745783495276667, "New Mexico": 0.9041769186602502, "New York": 0.8828718715548146, "North Carolina": 0.9100642760908714, "North Dakota": 0.9804786388645782, "Ohio": 0.93532151161349, "Oklahoma": 0.9263107793477866, "Oregon": 0.9458891062468532, "Pennsylvania": 0.9511681053649087, "Rhode Island": 0.8635087270638345, "South Carolina": 0.8811278988448008, "Tennessee": 0.9132942581688842, "Texas": 0.9209603177045996, "Utah": 0.9197626612828324, "Vermont": 0.941581655473543, "Virginia": 0.8251921506172515, "Washington": 0.9300212330671263, "West Virginia": 0.9465293998957693, "Wisconsin": 0.9285802019023007, "Wyoming": 0.7358804682773821}