{"Alabama": 0.9080212643741071, "Alaska": 0.8366092056633195, "Arizona": 0.8613267883749403, "Arkansas": 0.9029947516905487, "California": 0.858469760563211, "Colorado": 0.8462952160005318, "Connecticut": 0.9208603026115435, "Delaware": 0.8096884833186105, "Florida": 0.8384973121624193, "Georgia": 0.8709584258563015, "Hawaii": 0.8004835342834336, "Idaho": 0.9130380523243907, "Illinois": 0.9187627077191528, "Indiana": 0.8711115071897272, "Iowa": 0.9674373316073284, "Kansas": 0.9559561056291473, "Kentucky": 0.9441671704080874, "Louisiana": 0.9362245630321386, "Maine": 0.96083434541854, "Maryland": 0.8427664515572084, "Massachusetts": 0.8723483233618375, "Michigan": 0.8949295179369096, "Minnesota": 0.9647248596597999, "Mississippi": 0.9242620123762251, "Missouri": 0.9671177776270659, "Montana": 0.9272359164434987, "Nebraska": 0.955827757142948, "Nevada": 0.6510184748959473, "New Hampshire": 0.9459415361116031, "New Jersey": 0.8750131432658503, "New Mexico": 0.9011203137960196, "New York": 0.8793797303811925, "North Carolina": 0.9163286225444697, "North Dakota": 0.9792230918895837, "Ohio": 0.9340488845740923, "Oklahoma": 0.9218362205415545, "Oregon": 0.9455496157600309, "Pennsylvania": 0.9489222859585822, "Rhode Island": 0.9335250771012965, "South Carolina": 0.8842829694653395, "Tennessee": 0.9170901265098138, "Texas": 0.9178741566826211, "Utah": 0.9124412585322826, "Vermont": 0.942245229401985, "Virginia": 0.8226784850240286, "Washington": 0.9285324711505011, "West Virginia": 0.940992371303674, "Wisconsin": 0.9288740528235548, "Wyoming": 0.7526835141115021}