{"Alabama": 0.908299629368125, "Alaska": 0.8107978090690261, "Arizona": 0.8630007613322495, "Arkansas": 0.9143473056078362, "California": 0.8477887472348627, "Colorado": 0.8344015403597497, "Connecticut": 0.9238201278269633, "Delaware": 0.9173077821785062, "Florida": 0.853766089219102, "Georgia": 0.866732743928391, "Hawaii": 0.7866340979638988, "Idaho": 0.9056547996209473, "Illinois": 0.917649153603037, "Indiana": 0.8846253420728218, "Iowa": 0.9710894237599077, "Kansas": 0.9511249906094587, "Kentucky": 0.9440086471739246, "Louisiana": 0.9170217483405215, "Maine": 0.9528313329149866, "Maryland": 0.8347604724938102, "Massachusetts": 0.8627768069007022, "Michigan": 0.9055620777140746, "Minnesota": 0.9584001090339365, "Mississippi": 0.9316431608662645, "Missouri": 0.961538921527671, "Montana": 0.913201473041058, "Nebraska": 0.9557468444209076, "Nevada": 0.6568686692196416, "New Hampshire": 0.945913355953758, "New Jersey": 0.8678106893548471, "New Mexico": 0.8716220687572452, "New York": 0.8767939759945802, "North Carolina": 0.9198515556371694, "North Dakota": 0.9741337473591895, "Ohio": 0.9363834503856231, "Oklahoma": 0.903509457117202, "Oregon": 0.9453677529207332, "Pennsylvania": 0.9417748705003276, "Rhode Island": 0.9269682107806544, "South Carolina": 0.8846754891265627, "Tennessee": 0.9243188953695556, "Texas": 0.9076228865519845, "Utah": 0.8959816386774084, "Vermont": 0.9346860215386076, "Virginia": 0.8080074478548865, "Washington": 0.9133708506473227, "West Virginia": 0.9284147867523885, "Wisconsin": 0.9324769147990045, "Wyoming": 0.6936750424089142}