{"Alabama": 0.9131801453476897, "Alaska": 0.815395870842513, "Arizona": 0.8832819187809223, "Arkansas": 0.9205845103690138, "California": 0.8474534871695765, "Colorado": 0.8444493390009784, "Connecticut": 0.9211507682507413, "Delaware": 0.9248600115227139, "Florida": 0.8785848277183881, "Georgia": 0.8756334064663447, "Hawaii": 0.8105428421017904, "Idaho": 0.927078776707186, "Illinois": 0.9241542300603885, "Indiana": 0.9100245993266274, "Iowa": 0.9738779141354744, "Kansas": 0.9518201713288788, "Kentucky": 0.950047973359241, "Louisiana": 0.9170369451003246, "Maine": 0.9540782190394076, "Maryland": 0.8397486080302677, "Massachusetts": 0.8621093386004625, "Michigan": 0.9182288317857175, "Minnesota": 0.9524167102158444, "Mississippi": 0.9361531174302743, "Missouri": 0.9625872544590387, "Montana": 0.9276199894324569, "Nebraska": 0.959373924502385, "Nevada": 0.6792257334393579, "New Hampshire": 0.9425467930380276, "New Jersey": 0.8780208056286689, "New Mexico": 0.8780978918871248, "New York": 0.8882223734667234, "North Carolina": 0.9299378593520884, "North Dakota": 0.9712390563744818, "Ohio": 0.9397577052407158, "Oklahoma": 0.9030449980220974, "Oregon": 0.9429208022197322, "Pennsylvania": 0.9393459041882385, "Rhode Island": 0.915263333013914, "South Carolina": 0.8984068523709957, "Tennessee": 0.9318125979609836, "Texas": 0.9135842268077607, "Utah": 0.91728492065188, "Vermont": 0.9293746001498199, "Virginia": 0.7950364618924443, "Washington": 0.9131836002054728, "West Virginia": 0.9118181916287386, "Wisconsin": 0.9396711821328261, "Wyoming": 0.719755581099231}