{"Alabama": 0.9114898772629878, "Alaska": 0.8164562107395583, "Arizona": 0.8849807826497257, "Arkansas": 0.921297327256098, "California": 0.8411441505459905, "Colorado": 0.8443584033363687, "Connecticut": 0.9188691959752849, "Delaware": 0.928375109134447, "Florida": 0.8762794133093542, "Georgia": 0.8718409409127131, "Hawaii": 0.8083248903007747, "Idaho": 0.9311630522007494, "Illinois": 0.9185244977473184, "Indiana": 0.9008342815674429, "Iowa": 0.971610459096959, "Kansas": 0.9511182440208106, "Kentucky": 0.9463735362826841, "Louisiana": 0.9188342251019658, "Maine": 0.9551804817248377, "Maryland": 0.8403705200299066, "Massachusetts": 0.8670415500379852, "Michigan": 0.9113835033297661, "Minnesota": 0.9512815138283396, "Mississippi": 0.9361696899794205, "Missouri": 0.962587735645726, "Montana": 0.9269150692924891, "Nebraska": 0.9594095279140018, "Nevada": 0.6704229618943222, "New Hampshire": 0.9432256033733916, "New Jersey": 0.8801663972735605, "New Mexico": 0.8819809129230728, "New York": 0.8916421011194797, "North Carolina": 0.9255501941167046, "North Dakota": 0.9623922176976168, "Ohio": 0.9379020438842904, "Oklahoma": 0.8866755517381069, "Oregon": 0.9408668347120676, "Pennsylvania": 0.9396212738986192, "Rhode Island": 0.9147334184846782, "South Carolina": 0.8894104278797761, "Tennessee": 0.9300402443035953, "Texas": 0.9107653671848519, "Utah": 0.9125326835569613, "Vermont": 0.9299084671651778, "Virginia": 0.7920274698665475, "Washington": 0.9094768765544521, "West Virginia": 0.9080981547861019, "Wisconsin": 0.9358531074012985, "Wyoming": 0.7091079699125354}