{"Alabama": 0.9170692017389376, "Alaska": 0.8127184036027012, "Arizona": 0.8873121501880484, "Arkansas": 0.9264461543543523, "California": 0.8404679408566825, "Colorado": 0.8464563408920349, "Connecticut": 0.9192823338138307, "Delaware": 0.9206680182031074, "Florida": 0.8769619982333925, "Georgia": 0.8710655329465802, "Hawaii": 0.8008872393355424, "Idaho": 0.9373932889914697, "Illinois": 0.9160021390745131, "Indiana": 0.9006524885236868, "Iowa": 0.9737443742907061, "Kansas": 0.9560803308156816, "Kentucky": 0.946470378202792, "Louisiana": 0.9216682339674096, "Maine": 0.9562024413582483, "Maryland": 0.8385414577982568, "Massachusetts": 0.8650788841202172, "Michigan": 0.9064158748567557, "Minnesota": 0.9526931654206213, "Mississippi": 0.9397545364822781, "Missouri": 0.9615539129942015, "Montana": 0.9235123252710634, "Nebraska": 0.9587517061363057, "Nevada": 0.6690297709513179, "New Hampshire": 0.9467396240315186, "New Jersey": 0.8760438591119192, "New Mexico": 0.8802049201294873, "New York": 0.8869512140646588, "North Carolina": 0.922576094801006, "North Dakota": 0.9395920111573194, "Ohio": 0.9401214251643145, "Oklahoma": 0.8933081584906769, "Oregon": 0.9427829603566211, "Pennsylvania": 0.9393337067891783, "Rhode Island": 0.9136459512015214, "South Carolina": 0.8903729475060272, "Tennessee": 0.9276946567198091, "Texas": 0.9100506862144061, "Utah": 0.9121692946336044, "Vermont": 0.9322985294105927, "Virginia": 0.7940513204301508, "Washington": 0.9108064768606239, "West Virginia": 0.9029184778567471, "Wisconsin": 0.9356562600152165, "Wyoming": 0.6982142590599305}