{"Alabama": 0.9106929851934688, "Alaska": 0.7954403580750117, "Arizona": 0.8874005770905617, "Arkansas": 0.9293674675341366, "California": 0.8513213811379946, "Colorado": 0.840311977656191, "Connecticut": 0.9213432609060153, "Delaware": 0.9157229527232615, "Florida": 0.8717886899895131, "Georgia": 0.8661988356606282, "Hawaii": 0.7918238166070835, "Idaho": 0.9381412406204529, "Illinois": 0.9093640718891792, "Indiana": 0.896182230808393, "Iowa": 0.9737630045738367, "Kansas": 0.9518814542760851, "Kentucky": 0.9448580568921481, "Louisiana": 0.9130456482600104, "Maine": 0.9559794870102273, "Maryland": 0.8332839110113551, "Massachusetts": 0.8610741047179963, "Michigan": 0.9018593980085838, "Minnesota": 0.9533647941382459, "Mississippi": 0.9369915010946911, "Missouri": 0.9616394327646738, "Montana": 0.9174213585819653, "Nebraska": 0.9581769992007808, "Nevada": 0.6695765522853635, "New Hampshire": 0.9479579378553099, "New Jersey": 0.8728266361015128, "New Mexico": 0.8764792077038016, "New York": 0.8836400090460942, "North Carolina": 0.9198847408674751, "North Dakota": 0.893195807595329, "Ohio": 0.9400366654129534, "Oklahoma": 0.8588255623368399, "Oregon": 0.9407966618810197, "Pennsylvania": 0.9388686405778527, "Rhode Island": 0.916630493176499, "South Carolina": 0.8812901600235068, "Tennessee": 0.9225805004368168, "Texas": 0.897712895167827, "Utah": 0.9086909131197012, "Vermont": 0.9304235892924153, "Virginia": 0.7937551094631171, "Washington": 0.9160296929826891, "West Virginia": 0.8963750870693704, "Wisconsin": 0.934577736959025, "Wyoming": 0.671571772466672}