{"Alabama": 0.9104374171892133, "Alaska": 0.7981062487147667, "Arizona": 0.8840571799157088, "Arkansas": 0.9279655547495476, "California": 0.8531369752619259, "Colorado": 0.8358442401562541, "Connecticut": 0.9262750504938866, "Delaware": 0.9150738723525056, "Florida": 0.8683316908753602, "Georgia": 0.8633613868639789, "Hawaii": 0.7868622488173388, "Idaho": 0.9370034101644766, "Illinois": 0.9053730563510474, "Indiana": 0.891897241079726, "Iowa": 0.9734010222326592, "Kansas": 0.9464241375364332, "Kentucky": 0.940117542101858, "Louisiana": 0.9106583214265935, "Maine": 0.9517803114149943, "Maryland": 0.831450725557251, "Massachusetts": 0.857816413711658, "Michigan": 0.8968980548969332, "Minnesota": 0.9533664768621339, "Mississippi": 0.9306874811291881, "Missouri": 0.959701686222631, "Montana": 0.9183087781921278, "Nebraska": 0.9587987625173041, "Nevada": 0.675382368046576, "New Hampshire": 0.9461922129842274, "New Jersey": 0.8729960019652611, "New Mexico": 0.8721840281598469, "New York": 0.8843144911178441, "North Carolina": 0.9165818037555933, "North Dakota": 0.8826840591138932, "Ohio": 0.9381988111790499, "Oklahoma": 0.8501372885518425, "Oregon": 0.9381417459719295, "Pennsylvania": 0.9367810811003066, "Rhode Island": 0.9112116074091822, "South Carolina": 0.8787125647453482, "Tennessee": 0.9150020196811156, "Texas": 0.8952078704071731, "Utah": 0.9060824749771462, "Vermont": 0.92752225509614, "Virginia": 0.8014392857054188, "Washington": 0.917864602257432, "West Virginia": 0.8954952222231213, "Wisconsin": 0.933927143144178, "Wyoming": 0.6865294749570807}