{"Alabama": 0.9092837006048631, "Alaska": 0.7890176285396651, "Arizona": 0.8843520582696873, "Arkansas": 0.926634663769586, "California": 0.8499021316510798, "Colorado": 0.8334000534586231, "Connecticut": 0.9225331582391868, "Delaware": 0.9076982221645711, "Florida": 0.866823652703974, "Georgia": 0.8584566547595475, "Hawaii": 0.7820785024980206, "Idaho": 0.937764279909345, "Illinois": 0.900313594201575, "Indiana": 0.8873353663465958, "Iowa": 0.9741405271288569, "Kansas": 0.9448563242075186, "Kentucky": 0.9352277301348954, "Louisiana": 0.9081134109758704, "Maine": 0.9472184363694152, "Maryland": 0.8248638482915751, "Massachusetts": 0.8506176177103315, "Michigan": 0.8936869577043509, "Minnesota": 0.9508205906833849, "Mississippi": 0.9282999549803373, "Missouri": 0.9580103030864582, "Montana": 0.919139222817532, "Nebraska": 0.9579952557171689, "Nevada": 0.6751798040393748, "New Hampshire": 0.9451479399699766, "New Jersey": 0.8679532607634884, "New Mexico": 0.866854055228263, "New York": 0.8797980230260137, "North Carolina": 0.9136286202221033, "North Dakota": 0.8642222168166566, "Ohio": 0.9360322763219154, "Oklahoma": 0.8419094951899759, "Oregon": 0.9366449883563737, "Pennsylvania": 0.9332068065480025, "Rhode Island": 0.9075581247160919, "South Carolina": 0.875481696369549, "Tennessee": 0.9106795685093866, "Texas": 0.8903538757222096, "Utah": 0.9030896676653575, "Vermont": 0.9258760445682528, "Virginia": 0.8040159991236546, "Washington": 0.9183361342925015, "West Virginia": 0.8931058987270354, "Wisconsin": 0.932796753023291, "Wyoming": 0.6729236863378916}