{"Alabama": 0.847215589413864, "Alaska": 0.7261664920531463, "Arkansas": 0.7933186033329785, "California": 0.9457037931397235, "Colorado": 0.9653605141062872, "Connecticut": 0.8781916932409675, "Delaware": 0.8906373060044167, "Florida": 0.9611337411524978, "Georgia": 0.885944238338542, "Hawaii": 0.8279743937719214, "Idaho": 0.9306107159518745, "Illinois": 0.9141357129742433, "Indiana": 0.8182673514137384, "Iowa": 0.87408737315397, "Kansas": 0.9103105118756366, "Kentucky": 0.8786916380870682, "Louisiana": 0.8987153103552508, "Maine": 0.8564900085163921, "Maryland": 0.9105289453690496, "Massachusetts": 0.8509325288303491, "Michigan": 0.8682967530542831, "Minnesota": 0.8979957052590718, "Mississippi": 0.819473913157793, "Missouri": 0.9178735154291472, "Montana": 0.8945533084764609, "Nebraska": 0.9025405094676041, "Nevada": 0.6952852729540341, "New Hampshire": 0.8975441932853577, "New Jersey": 0.865549223245117, "New Mexico": 0.9344986382111744, "New York": 0.8259556741129037, "North Carolina": 0.8073221678160922, "North Dakota": 0.856965441484961, "Ohio": 0.8849296463121598, "Oklahoma": 0.9319954923011462, "Oregon": 0.9473503206294824, "Pennsylvania": 0.8671992616424247, "Rhode Island": 0.8368463308570774, "South Carolina": 0.8289213549641431, "South Dakota": 0.8891183609120392, "Tennessee": 0.8890032244469467, "Texas": 0.9593781439612367, "Utah": 0.9605374313141645, "Vermont": 0.8853976105340096, "Virginia": 0.9197951578078558, "Washington": 0.9432138961313883, "West Virginia": 0.8604530185617251, "Wisconsin": 0.8156489872972303, "Wyoming": 0.7853275288101262}