{"Alabama": 0.854545790290918, "Alaska": 0.7486523274296176, "Arkansas": 0.7908261500773275, "California": 0.9399190664611767, "Colorado": 0.9575232457727277, "Connecticut": 0.8733089646455031, "Delaware": 0.8941713151315761, "Florida": 0.9633030893468693, "Georgia": 0.8990117268182262, "Hawaii": 0.8289669707539624, "Idaho": 0.9313905473147349, "Illinois": 0.9101918184012682, "Indiana": 0.8024118348450983, "Iowa": 0.8627440760883013, "Kansas": 0.9027560661383898, "Kentucky": 0.8746070989420823, "Louisiana": 0.9074824258936566, "Maine": 0.8521033566601288, "Maryland": 0.9094646694930311, "Massachusetts": 0.8474187788142988, "Michigan": 0.854703366492361, "Minnesota": 0.8902450181310859, "Mississippi": 0.8143088386944612, "Missouri": 0.9156571927327114, "Montana": 0.8945146523233132, "Nebraska": 0.8955558199061063, "Nevada": 0.6808687326820436, "New Hampshire": 0.8875694047619708, "New Jersey": 0.8652947070764663, "New Mexico": 0.9338887221226339, "New York": 0.8249065839695953, "North Carolina": 0.8245486123399512, "North Dakota": 0.8530839209753606, "Ohio": 0.8819087438080251, "Oklahoma": 0.9337551948082089, "Oregon": 0.9406266390474964, "Pennsylvania": 0.8633797624425196, "Rhode Island": 0.8363747768453688, "South Carolina": 0.8446247412312711, "South Dakota": 0.8799978338633466, "Tennessee": 0.8917158549180881, "Texas": 0.9603594531039599, "Utah": 0.9603332228808071, "Vermont": 0.8691734757133488, "Virginia": 0.9153305297926747, "Washington": 0.9417397666584671, "West Virginia": 0.8594113456079362, "Wisconsin": 0.8083189552799911, "Wyoming": 0.7879565712435451}