{"Alabama": 0.857796725822417, "Alaska": 0.7437636714983743, "Arkansas": 0.7886994196667378, "California": 0.9402350277542287, "Colorado": 0.9527006970534412, "Connecticut": 0.8703248155283883, "Delaware": 0.8866335922475863, "Florida": 0.9628217539423403, "Georgia": 0.9059597068745927, "Hawaii": 0.8277133691958134, "Idaho": 0.9348576569191765, "Illinois": 0.9067316290584548, "Indiana": 0.7962366800516776, "Iowa": 0.8535779375622539, "Kansas": 0.8960463520687015, "Kentucky": 0.8691975278319278, "Louisiana": 0.9044160443056245, "Maine": 0.8514571332544446, "Maryland": 0.9030124200434708, "Massachusetts": 0.8409075460822024, "Michigan": 0.8559566322605485, "Minnesota": 0.8814962630083617, "Mississippi": 0.8177784901913421, "Missouri": 0.9131775662525671, "Montana": 0.8893290143540862, "Nebraska": 0.8920863071789167, "Nevada": 0.6857832846327248, "New Hampshire": 0.8831691444056479, "New Jersey": 0.8660557961119486, "New Mexico": 0.9304176072154159, "New York": 0.8214824857382089, "North Carolina": 0.836831289591142, "North Dakota": 0.8438159494791203, "Ohio": 0.8752981220803818, "Oklahoma": 0.9330706713268908, "Oregon": 0.9333225710194926, "Pennsylvania": 0.8546736185447007, "Rhode Island": 0.8354272789852986, "South Carolina": 0.854164008646333, "South Dakota": 0.8715236798522957, "Tennessee": 0.8944019361886034, "Texas": 0.9609701356971834, "Utah": 0.9618567352881678, "Vermont": 0.8553730504804823, "Virginia": 0.9122933511073061, "Washington": 0.9390849458655414, "West Virginia": 0.8541528545845952, "Wisconsin": 0.8019500027204172, "Wyoming": 0.7753837586160571}