{"Alabama": 0.7448977540366744, "Alaska": 0.7919194462129815, "Arkansas": 0.7896880478062122, "California": 0.9432988349809128, "Colorado": 0.9539364028247348, "Connecticut": 0.8717897721771999, "Delaware": 0.8654524847610393, "Florida": 0.9672089684349259, "Georgia": 0.9093307515119121, "Hawaii": 0.8231546074987015, "Idaho": 0.9438385993775593, "Illinois": 0.9127346926274755, "Indiana": 0.8081021766443768, "Iowa": 0.852481759801734, "Kansas": 0.8924694950952567, "Kentucky": 0.8687045432025269, "Louisiana": 0.9035110584866337, "Maine": 0.8606994465383938, "Maryland": 0.9102473001082496, "Massachusetts": 0.8442060310664568, "Michigan": 0.8652381488432273, "Minnesota": 0.8862743819050113, "Mississippi": 0.8305337700173606, "Missouri": 0.9146602848754888, "Montana": 0.8978286651830282, "Nebraska": 0.8849752033870779, "Nevada": 0.7072805386069086, "New Hampshire": 0.89040982340922, "New Jersey": 0.8737407375333036, "New Mexico": 0.9350058091680087, "New York": 0.8251432498949915, "North Carolina": 0.8495575534404878, "North Dakota": 0.8536805695211341, "Ohio": 0.879230171961988, "Oklahoma": 0.9305601815360116, "Oregon": 0.9308363779682953, "Pennsylvania": 0.8564975352740124, "Rhode Island": 0.8335024142651946, "South Carolina": 0.8634052007396237, "South Dakota": 0.8763133919830831, "Tennessee": 0.8992639188740269, "Texas": 0.9604475712210679, "Utah": 0.9624324330291989, "Vermont": 0.8564839392586552, "Virginia": 0.9138559608970226, "Washington": 0.9364128824107234, "West Virginia": 0.848962509521875, "Wisconsin": 0.8079623693043512, "Wyoming": 0.7424582723860712}