{"Alabama": 0.8805323511526332, "Alaska": 0.7737645918555406, "Arkansas": 0.7959823567937441, "California": 0.9491101924429287, "Colorado": 0.9605505998315264, "Connecticut": 0.873522125003723, "Delaware": 0.8695894330514359, "Florida": 0.9738596113082555, "Georgia": 0.9199966338763939, "Hawaii": 0.8467304325232471, "Idaho": 0.9512788837971923, "Illinois": 0.9165871596588127, "Indiana": 0.8091436439019979, "Iowa": 0.8566402768617581, "Kansas": 0.8963113490595044, "Kentucky": 0.8730788978488088, "Louisiana": 0.9133916596430848, "Maine": 0.8697776122637932, "Maryland": 0.9176242064898374, "Massachusetts": 0.8505649608471145, "Michigan": 0.8714593986077692, "Minnesota": 0.8899582211325878, "Mississippi": 0.8439939989654383, "Missouri": 0.9196498980715738, "Montana": 0.9058140354077463, "Nebraska": 0.8822072290318426, "Nevada": 0.72640939433291, "New Hampshire": 0.9036578497496964, "New Jersey": 0.8898150176596648, "New Mexico": 0.9385139252844841, "New York": 0.831385748574095, "North Carolina": 0.871243864469805, "North Dakota": 0.8626809891802444, "Ohio": 0.88299388507804, "Oklahoma": 0.9343186266869877, "Oregon": 0.9326908472990434, "Pennsylvania": 0.8621761324136543, "Rhode Island": 0.7415217039317854, "South Carolina": 0.8800768118513286, "South Dakota": 0.8785118065086976, "Tennessee": 0.9026522425278024, "Texas": 0.9639814514440246, "Utah": 0.9621939578088543, "Vermont": 0.8095275530727759, "Virginia": 0.9207241500234811, "Washington": 0.9400740964617015, "West Virginia": 0.8520943339838806, "Wisconsin": 0.8160516920215425, "Wyoming": 0.6456073435240596}