{"Alabama": 0.8894597896556387, "Alaska": 0.8080890529499143, "Arkansas": 0.8027245555531182, "California": 0.9542477360595084, "Colorado": 0.9619023451787226, "Connecticut": 0.8805172835008678, "Delaware": 0.8822246567734318, "Florida": 0.9755269406600512, "Georgia": 0.929968070792171, "Hawaii": 0.8574657913279892, "Idaho": 0.9548104891143766, "Illinois": 0.9231288899881028, "Indiana": 0.8073521137834311, "Iowa": 0.8599455325292568, "Kansas": 0.8987355324472556, "Kentucky": 0.8770351400148252, "Louisiana": 0.9180354688884803, "Maine": 0.8826345736306392, "Maryland": 0.9245469440239807, "Massachusetts": 0.8594694163364294, "Michigan": 0.877190670152425, "Minnesota": 0.8937365090790358, "Mississippi": 0.8475642508300121, "Missouri": 0.92540017952668, "Montana": 0.9144988452109809, "Nebraska": 0.8815982862592459, "Nevada": 0.737382314872363, "New Hampshire": 0.9122638435572691, "New Jersey": 0.9012413561636162, "New Mexico": 0.9352918439306968, "New York": 0.8395314279580757, "North Carolina": 0.8864359432160448, "North Dakota": 0.8639252783855516, "Ohio": 0.8842752967675952, "Oklahoma": 0.9298502888756605, "Oregon": 0.9253800728233834, "Pennsylvania": 0.8683798012852315, "Rhode Island": 0.8597577429095681, "South Carolina": 0.8902977716439789, "South Dakota": 0.8797611129293039, "Tennessee": 0.9034618000776914, "Texas": 0.9647514556169926, "Utah": 0.9626256296022437, "Vermont": 0.8660381963234822, "Virginia": 0.9217180215579567, "Washington": 0.9456595169290558, "West Virginia": 0.8557955764163823, "Wisconsin": 0.82153782097427, "Wyoming": 0.7677495140496338}