{"Alabama": 0.8676826666836658, "Alaska": 0.8404941930403387, "Arkansas": 0.7642985631953891, "California": 0.9499349140321247, "Colorado": 0.9659446127089306, "Connecticut": 0.8810936078218585, "Delaware": 0.920889196331399, "Florida": 0.9805083469534303, "Georgia": 0.946897320262878, "Hawaii": 0.86852916123975, "Idaho": 0.9146128008694621, "Illinois": 0.911509970871132, "Indiana": 0.7697168415772985, "Iowa": 0.7969783424403625, "Kansas": 0.852176259574794, "Kentucky": 0.8226966756839336, "Louisiana": 0.9337902383169799, "Maine": 0.8894001467046623, "Maryland": 0.9378782223618054, "Massachusetts": 0.8660668742559757, "Michigan": 0.8614770121810503, "Minnesota": 0.8692651434581345, "Mississippi": 0.8077011235476327, "Missouri": 0.9021706056573656, "Montana": 0.8634495955894409, "Nebraska": 0.8560338079220607, "Nevada": 0.7511162340874954, "New Hampshire": 0.9092592008520044, "New Jersey": 0.9288926223755514, "New Mexico": 0.9259572523269053, "New York": 0.8515055317056256, "North Carolina": 0.8837276106610353, "North Dakota": 0.7667923617594995, "Ohio": 0.858373393389483, "Oklahoma": 0.8898820620325357, "Oregon": 0.8924913797989543, "Pennsylvania": 0.8673019472568996, "Rhode Island": 0.8614658839433674, "South Carolina": 0.8979704466793526, "South Dakota": 0.8005065537758682, "Tennessee": 0.8715937026612941, "Texas": 0.9613808932362017, "Utah": 0.9557138548430953, "Vermont": 0.8603619659060693, "Virginia": 0.9318785058098205, "Washington": 0.9392028994454448, "West Virginia": 0.8511264985978987, "Wisconsin": 0.7778573560867973, "Wyoming": 0.75461335293003}