{"Alabama": 0.8940707410686928, "Alaska": 0.8024904461928754, "Arkansas": 0.8031966112620869, "California": 0.9552164371930927, "Colorado": 0.9620239139678264, "Connecticut": 0.8820632161028014, "Delaware": 0.8897064246046275, "Florida": 0.9786763444531057, "Georgia": 0.9346460613561218, "Hawaii": 0.8653718455404609, "Idaho": 0.9590744088039959, "Illinois": 0.9206829130960208, "Indiana": 0.8006630927712127, "Iowa": 0.850447750096955, "Kansas": 0.8931786991020723, "Kentucky": 0.8749381160722436, "Louisiana": 0.9173163128868395, "Maine": 0.8738117240086671, "Maryland": 0.9255767816677628, "Massachusetts": 0.8580324431662597, "Michigan": 0.8770883544611273, "Minnesota": 0.8894945304908088, "Mississippi": 0.8455273591166584, "Missouri": 0.9237823788137897, "Montana": 0.9128866047609955, "Nebraska": 0.8745184319176982, "Nevada": 0.7523872072050274, "New Hampshire": 0.911828116800615, "New Jersey": 0.901746279571804, "New Mexico": 0.9330065747864605, "New York": 0.8348455142366417, "North Carolina": 0.8998240385125269, "North Dakota": 0.8595516626457487, "Ohio": 0.8804957888225451, "Oklahoma": 0.9314612476951531, "Oregon": 0.9202835790043533, "Pennsylvania": 0.8658126009772, "Rhode Island": 0.8363144656558938, "South Carolina": 0.9050388239715373, "South Dakota": 0.8728635184925068, "Tennessee": 0.9038907984517798, "Texas": 0.9644118079152315, "Utah": 0.9651576097697345, "Vermont": 0.8660033244184384, "Virginia": 0.920730926690581, "Washington": 0.9477150060334096, "West Virginia": 0.8508934273374394, "Wisconsin": 0.8172553766762716, "Wyoming": 0.7558480005389154}