{"Alabama": 0.8908794981624839, "Alaska": 0.7971389601756264, "Arkansas": 0.8053782123999089, "California": 0.9519400185325767, "Colorado": 0.9579733804880145, "Connecticut": 0.8745728566906982, "Delaware": 0.7297248069033822, "Florida": 0.9817014669690541, "Georgia": 0.9387165716052199, "Hawaii": 0.8644780818244816, "Idaho": 0.9626140048906261, "Illinois": 0.9099791289744104, "Indiana": 0.7907793794399552, "Iowa": 0.8345277646467358, "Kansas": 0.8815735585081197, "Kentucky": 0.8686633653937099, "Louisiana": 0.91504365498755, "Maine": 0.8673936341932591, "Maryland": 0.9220258618725555, "Massachusetts": 0.8461158867133532, "Michigan": 0.8711526680786701, "Minnesota": 0.8762878651566129, "Mississippi": 0.8460327275839405, "Missouri": 0.917360457558468, "Montana": 0.9094903114429893, "Nebraska": 0.8595543760596356, "Nevada": 0.759385371035551, "New Hampshire": 0.9063007704010048, "New Jersey": 0.8925947958983501, "New Mexico": 0.9286733520285819, "New York": 0.8215087870705313, "North Carolina": 0.9064944080554107, "North Dakota": 0.8511277294059991, "Ohio": 0.8658459099603959, "Oklahoma": 0.9221857709554834, "Oregon": 0.9137733768904924, "Pennsylvania": 0.8512121661078359, "Rhode Island": 0.8458054095728462, "South Carolina": 0.915380952260244, "South Dakota": 0.8613267883749403, "Tennessee": 0.8998926062843796, "Texas": 0.9598316229155797, "Utah": 0.9648721619444134, "Vermont": 0.8587454750156985, "Virginia": 0.9155430424323889, "Washington": 0.9427213838221302, "West Virginia": 0.8386915488986836, "Wisconsin": 0.8057987988698951, "Wyoming": 0.7582390519527853}