{"Alabama": 0.858925462782482, "Alaska": 0.8335936974276721, "Arkansas": 0.7639718653275928, "California": 0.9463649344802642, "Colorado": 0.9616249764395868, "Connecticut": 0.8724831415086493, "Delaware": 0.7660228644369488, "Florida": 0.9834871771649275, "Georgia": 0.9461520014845006, "Hawaii": 0.8679055855427723, "Idaho": 0.9235397397133361, "Illinois": 0.8992730010448954, "Indiana": 0.7568767066453117, "Iowa": 0.7765340341331699, "Kansas": 0.8361991991453978, "Kentucky": 0.8187047153125812, "Louisiana": 0.928417435286164, "Maine": 0.8814214732333906, "Maryland": 0.9335499913393501, "Massachusetts": 0.853392036403381, "Michigan": 0.8543581024064935, "Minnesota": 0.8540386940607987, "Mississippi": 0.8051592559894374, "Missouri": 0.895239775656315, "Montana": 0.8662358710534107, "Nebraska": 0.8393183396601134, "Nevada": 0.7588598958282474, "New Hampshire": 0.9025779512632109, "New Jersey": 0.9175242901779935, "New Mexico": 0.9221424974304708, "New York": 0.8366603321888294, "North Carolina": 0.8869755181893443, "North Dakota": 0.7602311476208559, "Ohio": 0.8423578351516684, "Oklahoma": 0.8816560852747366, "Oregon": 0.8858222432827385, "Pennsylvania": 0.8513144127601476, "Rhode Island": 0.8490264477517361, "South Carolina": 0.9028830095668888, "South Dakota": 0.7901633072149173, "Tennessee": 0.8674017889528326, "Texas": 0.9554543751726797, "Utah": 0.9539184110988029, "Vermont": 0.8524345429257406, "Virginia": 0.9250328749406871, "Washington": 0.9327109676238163, "West Virginia": 0.8380191128780821, "Wisconsin": 0.7625203149681503, "Wyoming": 0.740457437860644}