{"Alabama": 0.8574777222501304, "Alaska": 0.8237257605784478, "Arkansas": 0.767982278714949, "California": 0.9453354336709677, "Colorado": 0.9620107321389669, "Connecticut": 0.8696428271552155, "Delaware": 0.919577801926387, "Florida": 0.9857634680231541, "Georgia": 0.9490777000715304, "Hawaii": 0.8716366775141926, "Idaho": 0.9288049987497966, "Illinois": 0.8973191725123607, "Indiana": 0.7533182780822673, "Iowa": 0.7721711849479679, "Kansas": 0.830649741612345, "Kentucky": 0.8175253264568865, "Louisiana": 0.9352786260521885, "Maine": 0.8769853696931746, "Maryland": 0.9328147808807393, "Massachusetts": 0.8482381984827758, "Michigan": 0.8489916339883365, "Minnesota": 0.8463112430940238, "Mississippi": 0.8151666880426278, "Missouri": 0.8954808597150873, "Montana": 0.8760990151431797, "Nebraska": 0.8352346008076778, "Nevada": 0.7650655025077137, "New Hampshire": 0.8997062961377562, "New Jersey": 0.9138596673054814, "New Mexico": 0.9213955040274744, "New York": 0.829632841746776, "North Carolina": 0.8986853442899945, "North Dakota": 0.7632872352537673, "Ohio": 0.8347220286217814, "Oklahoma": 0.8752988573269627, "Oregon": 0.8875024198934554, "Pennsylvania": 0.8419424561746207, "Rhode Island": 0.8438605756062171, "South Carolina": 0.910876153830666, "South Dakota": 0.7898387881498257, "Tennessee": 0.874792721392606, "Texas": 0.9545187891041106, "Utah": 0.9556718251205443, "Vermont": 0.8488608127955992, "Virginia": 0.9237727032814417, "Washington": 0.9310845795398034, "West Virginia": 0.8337105198668849, "Wisconsin": 0.754796966935147, "Wyoming": 0.7145076169481259}