{"Alabama": 0.89301767022259, "Alaska": 0.784612378336031, "Arkansas": 0.8113605672831752, "California": 0.9503746802733728, "Colorado": 0.9585846839666397, "Connecticut": 0.8717186827225625, "Delaware": 0.893552952276209, "Florida": 0.9841926421615511, "Georgia": 0.9423591409416128, "Hawaii": 0.8684616960227411, "Idaho": 0.964202948172568, "Illinois": 0.9083957259780464, "Indiana": 0.7888574327276278, "Iowa": 0.8289538039305911, "Kansas": 0.8768555024152015, "Kentucky": 0.8675512299327495, "Louisiana": 0.9260366191679483, "Maine": 0.8636480783663277, "Maryland": 0.9220692697905343, "Massachusetts": 0.8409399774959099, "Michigan": 0.8653204030938004, "Minnesota": 0.867752542476786, "Mississippi": 0.8568688851739996, "Missouri": 0.9168904134788504, "Montana": 0.9145136889397804, "Nebraska": 0.8561434836399718, "Nevada": 0.7649679991643542, "New Hampshire": 0.9031956865151709, "New Jersey": 0.8907010300374334, "New Mexico": 0.9269845155788463, "New York": 0.8155899599107836, "North Carolina": 0.9175007607178098, "North Dakota": 0.8456081887384752, "Ohio": 0.8575994097152584, "Oklahoma": 0.9138029282570099, "Oregon": 0.9152861391933967, "Pennsylvania": 0.8422551483785288, "Rhode Island": 0.8393009137627522, "South Carolina": 0.9246611520922674, "South Dakota": 0.8552334781731437, "Tennessee": 0.9045364833982726, "Texas": 0.9596597850105697, "Utah": 0.9665610891103297, "Vermont": 0.8548016890775925, "Virginia": 0.9156493770707378, "Washington": 0.9428445471400575, "West Virginia": 0.8349267697862881, "Wisconsin": 0.7983980491264281, "Wyoming": 0.7297346531432349}