{"Alabama": 0.9045368145014233, "Alaska": 0.7836742223377837, "Arkansas": 0.8262825287788417, "California": 0.9496149245215282, "Colorado": 0.9579080838468108, "Connecticut": 0.8805708683731949, "Delaware": 0.9006534951080234, "Florida": 0.9829917930721835, "Georgia": 0.9487373767967885, "Hawaii": 0.8799663517317285, "Idaho": 0.9622215020693826, "Illinois": 0.9162472629429214, "Indiana": 0.8015127841562798, "Iowa": 0.8347979194039518, "Kansas": 0.884112536182569, "Kentucky": 0.8764053560822342, "Louisiana": 0.9260870374926006, "Maine": 0.8725804616935087, "Maryland": 0.9266946274638199, "Massachusetts": 0.8443906688230368, "Michigan": 0.8742916442638504, "Minnesota": 0.8718107595599233, "Mississippi": 0.8681161456361055, "Missouri": 0.925941320713744, "Montana": 0.9208955165996958, "Nebraska": 0.8636126132670117, "Nevada": 0.7610609040577917, "New Hampshire": 0.90832772173, "New Jersey": 0.9005624851163693, "New Mexico": 0.9284498989657575, "New York": 0.8342107098501338, "North Carolina": 0.928067077066389, "North Dakota": 0.856664977446047, "Ohio": 0.8682219063845275, "Oklahoma": 0.9154254177699056, "Oregon": 0.9223222710175492, "Pennsylvania": 0.8545212097930727, "Rhode Island": 0.844367977613906, "South Carolina": 0.9327122542262871, "South Dakota": 0.8630007613322496, "Tennessee": 0.9179167263253287, "Texas": 0.9633173809529642, "Utah": 0.9654120664897091, "Vermont": 0.8547031191720301, "Virginia": 0.9149977325688887, "Washington": 0.9451623268488256, "West Virginia": 0.8436239897071081, "Wisconsin": 0.8069274549445157, "Wyoming": 0.7290653893994022}