{"Alabama": 0.8688736348212823, "Alaska": 0.8195387984940977, "Arkansas": 0.7841238374442981, "California": 0.9453470264347267, "Colorado": 0.961215863754478, "Connecticut": 0.877487618464619, "Delaware": 0.9253153243966525, "Florida": 0.9848099591379593, "Georgia": 0.9557890757976072, "Hawaii": 0.8828192495414853, "Idaho": 0.9324607551143926, "Illinois": 0.9043756532568348, "Indiana": 0.763312751657651, "Iowa": 0.7756099411447597, "Kansas": 0.8352764361441376, "Kentucky": 0.8273976873070018, "Louisiana": 0.9331846570542969, "Maine": 0.8840103430778808, "Maryland": 0.9358777265078361, "Massachusetts": 0.850268769863763, "Michigan": 0.8571709845378497, "Minnesota": 0.8508246548988886, "Mississippi": 0.8295871486588884, "Missouri": 0.9058989716709038, "Montana": 0.88635756659101, "Nebraska": 0.8432120616225985, "Nevada": 0.761570458097949, "New Hampshire": 0.9034910887642729, "New Jersey": 0.9210382829671775, "New Mexico": 0.9217103873436009, "New York": 0.84569123373782, "North Carolina": 0.9109373573986257, "North Dakota": 0.7702707654251161, "Ohio": 0.8446928157040632, "Oklahoma": 0.8749515013223691, "Oregon": 0.8955330175703088, "Pennsylvania": 0.8525905570037603, "Rhode Island": 0.8480342859461293, "South Carolina": 0.9177874034933151, "South Dakota": 0.80083665810849, "Tennessee": 0.8913367134282016, "Texas": 0.9576686713832363, "Utah": 0.9541045269171285, "Vermont": 0.847428987602599, "Virginia": 0.9228329886100317, "Washington": 0.9328627833843034, "West Virginia": 0.8401340570377678, "Wisconsin": 0.7600996966667745, "Wyoming": 0.7105222637195987}