{"Alabama": 0.8755034875036853, "Alaska": 0.8229057109359472, "Arkansas": 0.7929275863152546, "California": 0.9460628791979753, "Colorado": 0.9575192431662918, "Connecticut": 0.8873149242316899, "Delaware": 0.9262852240377659, "Florida": 0.9841226789096916, "Georgia": 0.9573235980781651, "Hawaii": 0.8963746795938293, "Idaho": 0.931157595929729, "Illinois": 0.913637448210296, "Indiana": 0.7779769444737891, "Iowa": 0.7811010528891216, "Kansas": 0.8408993755979945, "Kentucky": 0.8383033850952608, "Louisiana": 0.9318429048376403, "Maine": 0.9048110335787388, "Maryland": 0.9379262757067898, "Massachusetts": 0.8664927502273756, "Michigan": 0.8781906658990434, "Minnesota": 0.8586541106140552, "Mississippi": 0.8416680431768782, "Missouri": 0.9170602715605279, "Montana": 0.8844374062760783, "Nebraska": 0.8531005885150268, "Nevada": 0.752372034463634, "New Hampshire": 0.9111097067531488, "New Jersey": 0.9354221370115128, "New Mexico": 0.9230540199347881, "New York": 0.8734159117020102, "North Carolina": 0.9173444236373042, "North Dakota": 0.7849170865387148, "Ohio": 0.8602972073715898, "Oklahoma": 0.8654146493944039, "Oregon": 0.9038809460159428, "Pennsylvania": 0.8687837378047472, "Rhode Island": 0.8641643103503532, "South Carolina": 0.915025215277508, "South Dakota": 0.8082524737456734, "Tennessee": 0.9032919302330225, "Texas": 0.956362818293276, "Utah": 0.9481071401228232, "Vermont": 0.8580955857988241, "Virginia": 0.9189774493889308, "Washington": 0.9305354179037781, "West Virginia": 0.8427798726814169, "Wisconsin": 0.7688871688333793, "Wyoming": 0.6685873540202818}