{"Alabama": 0.9167956707856384, "Alaska": 0.7935551416833989, "Arkansas": 0.8603351844648578, "California": 0.9576818156309606, "Colorado": 0.9516988063380842, "Connecticut": 0.9092560324528866, "Delaware": 0.9187960103443065, "Florida": 0.9846941160428447, "Georgia": 0.9522387897027322, "Hawaii": 0.9026615375743184, "Idaho": 0.9596220374984431, "Illinois": 0.9409847277908404, "Indiana": 0.8421593263075687, "Iowa": 0.8614890430185977, "Kansas": 0.9201676532849893, "Kentucky": 0.906823049249892, "Louisiana": 0.9160143892409202, "Maine": 0.903155566385727, "Maryland": 0.9309902665239369, "Massachusetts": 0.8928770160561156, "Michigan": 0.9207130023960393, "Minnesota": 0.9059869312407716, "Mississippi": 0.8907164634648689, "Missouri": 0.9500776810726034, "Montana": 0.9224154126852314, "Nebraska": 0.8869761512657922, "Nevada": 0.7480730733648003, "New Hampshire": 0.9250941790021233, "New Jersey": 0.945352864653918, "New Mexico": 0.9197883735321578, "New York": 0.9084907098720387, "North Carolina": 0.9465697506526954, "North Dakota": 0.8434405411428041, "Ohio": 0.9095645436931178, "Oklahoma": 0.9011019485805083, "Oregon": 0.9394742050267183, "Pennsylvania": 0.9000829382080514, "Rhode Island": 0.8946671962224936, "South Carolina": 0.9304942775251904, "South Dakota": 0.8873121501880484, "Tennessee": 0.9359944713460308, "Texas": 0.957912424834443, "Utah": 0.959745268404611, "Vermont": 0.877303237075094, "Virginia": 0.9004900136413979, "Washington": 0.9362054487812993, "West Virginia": 0.84863554841493, "Wisconsin": 0.8430921551176179, "Wyoming": 0.6848767872505646}