{"Alabama": 0.8886728484536575, "Alaska": 0.8253573285424546, "Arkansas": 0.8254836937709991, "California": 0.9537306108176727, "Colorado": 0.954204999869058, "Connecticut": 0.9072471639819355, "Delaware": 0.937994722310799, "Florida": 0.9851859038180739, "Georgia": 0.9590230205758401, "Hawaii": 0.9027456778385043, "Idaho": 0.9229705838171842, "Illinois": 0.9319357197335049, "Indiana": 0.8016751714599964, "Iowa": 0.799191626265675, "Kansas": 0.8730350799460044, "Kentucky": 0.8647046225553757, "Louisiana": 0.923835457258212, "Maine": 0.9090448391559589, "Maryland": 0.9367647361832091, "Massachusetts": 0.8959214136086094, "Michigan": 0.9033737134093421, "Minnesota": 0.8849310890186045, "Mississippi": 0.8606061820839528, "Missouri": 0.935071655671367, "Montana": 0.883849340294092, "Nebraska": 0.8568592811397495, "Nevada": 0.7471993468201318, "New Hampshire": 0.920458392886137, "New Jersey": 0.958271222761416, "New Mexico": 0.9097799901955741, "New York": 0.9139649041165739, "North Carolina": 0.934270649161407, "North Dakota": 0.7667694989930638, "Ohio": 0.8894585260347051, "Oklahoma": 0.8702014272311841, "Oregon": 0.9136488249202288, "Pennsylvania": 0.8967741237710941, "Rhode Island": 0.8969254279020481, "South Carolina": 0.9149989476949855, "South Dakota": 0.820771909663529, "Tennessee": 0.9193143889088125, "Texas": 0.9544716742952005, "Utah": 0.9479844402158909, "Vermont": 0.8676291528963684, "Virginia": 0.9061796202214248, "Washington": 0.9216470683110256, "West Virginia": 0.8453886985773448, "Wisconsin": 0.791132293323408, "Wyoming": 0.6589267911768464}