{"Alabama": 0.8906045211199656, "Alaska": 0.8115386399190789, "Arkansas": 0.835289455090342, "California": 0.9561032858506112, "Colorado": 0.9525265428351158, "Connecticut": 0.9129233710410847, "Delaware": 0.9358708477253997, "Florida": 0.9845278617668518, "Georgia": 0.9591840372835012, "Hawaii": 0.8985656591718871, "Idaho": 0.9211549545827461, "Illinois": 0.9330741697235841, "Indiana": 0.7991994176642765, "Iowa": 0.8058472060376494, "Kansas": 0.8745582133356198, "Kentucky": 0.8646782492445836, "Louisiana": 0.9259544472690667, "Maine": 0.919657141430571, "Maryland": 0.9352098297688309, "Massachusetts": 0.8914072507004164, "Michigan": 0.9002312175065247, "Minnesota": 0.8879011690252742, "Mississippi": 0.8666125371906488, "Missouri": 0.9358402905861695, "Montana": 0.8789790906864564, "Nebraska": 0.8667031903930842, "Nevada": 0.7482648498167043, "New Hampshire": 0.9235095191336888, "New Jersey": 0.9584798539673178, "New Mexico": 0.9023852135014673, "New York": 0.9164893269664107, "North Carolina": 0.9379735877552076, "North Dakota": 0.7348212374701705, "Ohio": 0.8889025473702619, "Oklahoma": 0.8399383222106389, "Oregon": 0.917237708416648, "Pennsylvania": 0.9003933690364254, "Rhode Island": 0.9054334012320527, "South Carolina": 0.9151069646902635, "South Dakota": 0.8187222719882852, "Tennessee": 0.9211591582846315, "Texas": 0.9490774058761563, "Utah": 0.9464729177800969, "Vermont": 0.8666762940403482, "Virginia": 0.9055700814690766, "Washington": 0.9159163903246456, "West Virginia": 0.8420357782616711, "Wisconsin": 0.7907622569929953, "Wyoming": 0.633574593343091}