{"Alabama": 0.9186767127898158, "Alaska": 0.7803513289970923, "Arkansas": 0.8635480759734118, "California": 0.9572917917783992, "Colorado": 0.9498146687085915, "Connecticut": 0.9142929250458306, "Delaware": 0.9161499134560498, "Florida": 0.9842853168037515, "Georgia": 0.9523162248113328, "Hawaii": 0.8973024059245501, "Idaho": 0.956334991056969, "Illinois": 0.9421076556817515, "Indiana": 0.8387282279343267, "Iowa": 0.8655020861754578, "Kansas": 0.9189160187348971, "Kentucky": 0.9070840300045258, "Louisiana": 0.9177184099399834, "Maine": 0.9131521021084885, "Maryland": 0.9299779986659892, "Massachusetts": 0.8870527473179358, "Michigan": 0.9174311510796168, "Minnesota": 0.9078774933910962, "Mississippi": 0.8949206857557648, "Missouri": 0.948346994725131, "Montana": 0.9175846059187762, "Nebraska": 0.8920009085074238, "Nevada": 0.7491064214524199, "New Hampshire": 0.927685990254926, "New Jersey": 0.945487508911886, "New Mexico": 0.9130718941496597, "New York": 0.9108841611847671, "North Carolina": 0.9496050800011888, "North Dakota": 0.8040432974488368, "Ohio": 0.9095956316611221, "Oklahoma": 0.8685743609206544, "Oregon": 0.9398766921929123, "Pennsylvania": 0.9032123232987579, "Rhode Island": 0.9027932732949445, "South Carolina": 0.9303459433643526, "South Dakota": 0.8874005770905616, "Tennessee": 0.9378246743108664, "Texas": 0.9520088171708414, "Utah": 0.9577824189908978, "Vermont": 0.8761923040337791, "Virginia": 0.8997475996978206, "Washington": 0.9301988801148776, "West Virginia": 0.8440784491684626, "Wisconsin": 0.8411905444370497, "Wyoming": 0.6607010350949003}