{"Alabama": 0.8852010398412765, "Alaska": 0.8141877903629223, "Arkansas": 0.8373752563796724, "California": 0.9551953503206297, "Colorado": 0.9476315278794454, "Connecticut": 0.9132713917859183, "Delaware": 0.9370328483976537, "Florida": 0.9845273485187784, "Georgia": 0.9599429120953926, "Hawaii": 0.897653243568228, "Idaho": 0.9183052513936556, "Illinois": 0.9329139737259877, "Indiana": 0.7919441525236853, "Iowa": 0.7981605734477643, "Kansas": 0.8765400193418036, "Kentucky": 0.8635357161855555, "Louisiana": 0.9242030200899695, "Maine": 0.909613029498088, "Maryland": 0.9347880104403331, "Massachusetts": 0.8889316461417449, "Michigan": 0.8932083338688852, "Minnesota": 0.8843564616665304, "Mississippi": 0.8663094089167878, "Missouri": 0.9316115814599919, "Montana": 0.8688465621852627, "Nebraska": 0.8642513637510211, "Nevada": 0.7561950695233416, "New Hampshire": 0.9214175485993685, "New Jersey": 0.9578114757100104, "New Mexico": 0.8964774192680824, "New York": 0.9166769268724008, "North Carolina": 0.9388680162959542, "North Dakota": 0.7242429887301131, "Ohio": 0.8861838266888875, "Oklahoma": 0.8299830267840651, "Oregon": 0.9112860762119959, "Pennsylvania": 0.8988826976927383, "Rhode Island": 0.9046597882042676, "South Carolina": 0.9140654046019476, "South Dakota": 0.8173914280068953, "Tennessee": 0.9201230650155969, "Texas": 0.9475784007965393, "Utah": 0.9460729615833129, "Vermont": 0.8622249102532614, "Virginia": 0.9089109538188389, "Washington": 0.9134012190103412, "West Virginia": 0.8416642891812129, "Wisconsin": 0.786703852280033, "Wyoming": 0.6505646031670306}