{"Alabama": 0.9156031346670349, "Alaska": 0.7830463434822778, "Arkansas": 0.8678247449168499, "California": 0.9558742892231155, "Colorado": 0.9449603396947556, "Connecticut": 0.9146329279068885, "Delaware": 0.9186151792637435, "Florida": 0.9845002966350985, "Georgia": 0.9546902226108306, "Hawaii": 0.8964166874635953, "Idaho": 0.9528448614409896, "Illinois": 0.9417979822866591, "Indiana": 0.8319577779305862, "Iowa": 0.8611473989910075, "Kansas": 0.9199345979205557, "Kentucky": 0.9071493927780371, "Louisiana": 0.9168976636162057, "Maine": 0.9045650890078594, "Maryland": 0.9301153284178434, "Massachusetts": 0.8846512888828133, "Michigan": 0.9119668117900387, "Minnesota": 0.9035935057846146, "Mississippi": 0.8933297948611435, "Missouri": 0.9453403992637816, "Montana": 0.9075048916640326, "Nebraska": 0.8913074608667666, "Nevada": 0.7566925833259041, "New Hampshire": 0.9258422387423181, "New Jersey": 0.9456715170715272, "New Mexico": 0.9077850316855697, "New York": 0.9114529666419787, "North Carolina": 0.9509168594365967, "North Dakota": 0.791207281946564, "Ohio": 0.9073036765546595, "Oklahoma": 0.8586238459132916, "Oregon": 0.9343934290938278, "Pennsylvania": 0.902006542064109, "Rhode Island": 0.9021054231093387, "South Carolina": 0.9307027304756591, "South Dakota": 0.8840571799157088, "Tennessee": 0.9378319307125462, "Texas": 0.9506018433363478, "Utah": 0.9570235126742418, "Vermont": 0.8724740278823403, "Virginia": 0.9037235493593782, "Washington": 0.9269083160171191, "West Virginia": 0.8441040337766811, "Wisconsin": 0.8385330156797064, "Wyoming": 0.6758488890769421}