{"Alabama": 0.8856540192006879, "Alaska": 0.8104570417490061, "Arkansas": 0.8403767556339644, "California": 0.9535346022510722, "Colorado": 0.9449153076604343, "Connecticut": 0.915671878532298, "Delaware": 0.9371692564436619, "Florida": 0.9847656094133268, "Georgia": 0.957901999801564, "Hawaii": 0.8988129180034323, "Idaho": 0.9164558033927785, "Illinois": 0.9335986569492618, "Indiana": 0.7858160735282893, "Iowa": 0.8021915940098379, "Kansas": 0.8778493221181165, "Kentucky": 0.8612469182151937, "Louisiana": 0.9206383920749115, "Maine": 0.910543793769795, "Maryland": 0.9324369681386855, "Massachusetts": 0.8858759083216319, "Michigan": 0.8861059236007957, "Minnesota": 0.8813117145105772, "Mississippi": 0.8628358174141235, "Missouri": 0.9326269584068475, "Montana": 0.8701858421041379, "Nebraska": 0.8671569775430774, "Nevada": 0.7584689102045714, "New Hampshire": 0.9263894405550629, "New Jersey": 0.9574518978997334, "New Mexico": 0.8948201768568557, "New York": 0.9160173662756297, "North Carolina": 0.9392027921655135, "North Dakota": 0.7101778067806818, "Ohio": 0.884263443280581, "Oklahoma": 0.8235404777649465, "Oregon": 0.9108651257472874, "Pennsylvania": 0.8982683587667502, "Rhode Island": 0.9048645064867784, "South Carolina": 0.9146819473792377, "South Dakota": 0.8177715446120732, "Tennessee": 0.920779678030478, "Texas": 0.9445314103666924, "Utah": 0.9450705986406305, "Vermont": 0.8627071754216578, "Virginia": 0.9140672407848737, "Washington": 0.9140667013347537, "West Virginia": 0.8482395089197181, "Wisconsin": 0.7840915864150372, "Wyoming": 0.6376512087274658}