{"Alabama": 0.9161324734657283, "Alaska": 0.7791474726588888, "Arkansas": 0.8717423960747617, "California": 0.9544031667969252, "Colorado": 0.9422182881340162, "Connecticut": 0.9166580249862492, "Delaware": 0.9186472819158856, "Florida": 0.9848422920161197, "Georgia": 0.9536424520076435, "Hawaii": 0.8977605268874, "Idaho": 0.952168917462151, "Illinois": 0.942377889610068, "Indiana": 0.8275180189897209, "Iowa": 0.8625724410527115, "Kansas": 0.9221589350545526, "Kentucky": 0.9075789719315595, "Louisiana": 0.9140917249530456, "Maine": 0.906933649457426, "Maryland": 0.9280341926208683, "Massachusetts": 0.8813413013364881, "Michigan": 0.9064926479267595, "Minnesota": 0.9008828326927923, "Mississippi": 0.8944588899886002, "Missouri": 0.947159534011271, "Montana": 0.9072384091619204, "Nebraska": 0.8949791323219908, "Nevada": 0.758656174472647, "New Hampshire": 0.931703580616393, "New Jersey": 0.9452616915070322, "New Mexico": 0.9054100753812131, "New York": 0.9110759090297768, "North Carolina": 0.9522305592043142, "North Dakota": 0.7746202121368335, "Ohio": 0.90638427141592, "Oklahoma": 0.8505561150768421, "Oregon": 0.9337658804868, "Pennsylvania": 0.9015330655477996, "Rhode Island": 0.903019072953055, "South Carolina": 0.932234770200125, "South Dakota": 0.8843520582696873, "Tennessee": 0.9394796696618939, "Texas": 0.947437331021629, "Utah": 0.9560751177857841, "Vermont": 0.8726016940192324, "Virginia": 0.909533033026008, "Washington": 0.9269945992092331, "West Virginia": 0.8515325337639542, "Wisconsin": 0.8371313195079667, "Wyoming": 0.662526068221577}