{"Alaska": 0.6702693374616855, "Arizona": 0.847215589413864, "Arkansas": 0.972080306564453, "California": 0.8876125811627847, "Colorado": 0.8181971236728681, "Connecticut": 0.8425183382629858, "Delaware": 0.8347819203670896, "Florida": 0.795069838269709, "Georgia": 0.9480112105456958, "Hawaii": 0.6590012212689034, "Idaho": 0.9318496534120507, "Illinois": 0.9152961516887131, "Indiana": 0.9171531641748434, "Iowa": 0.9585489387236028, "Kansas": 0.9537542033120122, "Kentucky": 0.973532543356577, "Louisiana": 0.8847621503603132, "Maine": 0.9117246961811251, "Maryland": 0.8102306804056585, "Massachusetts": 0.812151867749826, "Michigan": 0.897600347246381, "Minnesota": 0.9359929664584236, "Mississippi": 0.9711965463076255, "Missouri": 0.9390402252328627, "Montana": 0.8058220480447726, "Nebraska": 0.9282597268890882, "Nevada": 0.5028186383998846, "New Hampshire": 0.9250878853740526, "New Jersey": 0.84383397987382, "New Mexico": 0.8189315807323156, "New York": 0.7586199675197904, "North Carolina": 0.9844103597056056, "North Dakota": 0.8113941231333651, "Ohio": 0.9402106947704261, "Oklahoma": 0.906633294212614, "Oregon": 0.9305925764517258, "Pennsylvania": 0.9244501212592725, "Rhode Island": 0.85084596450108, "South Carolina": 0.970064969767043, "South Dakota": 0.8810017180883779, "Tennessee": 0.9802545761474099, "Texas": 0.9238135315011411, "Utah": 0.912757380998513, "Vermont": 0.9094561018160603, "Virginia": 0.8943763954816891, "Washington": 0.9248779686843779, "West Virginia": 0.8811065384974576, "Wisconsin": 0.9539636863222077, "Wyoming": 0.6938787582585453}