{"Alaska": 0.6846334601201366, "Arizona": 0.8545457902909179, "Arkansas": 0.9685374008591895, "California": 0.8885755630631985, "Colorado": 0.8217331837860686, "Connecticut": 0.8457319831721867, "Delaware": 0.8419071209778448, "Florida": 0.7921692348457422, "Georgia": 0.9464522729097984, "Hawaii": 0.6715110675100943, "Idaho": 0.9415668076322921, "Illinois": 0.9196224542332144, "Indiana": 0.9167849195559178, "Iowa": 0.9597383196183097, "Kansas": 0.9570798340014242, "Kentucky": 0.972070900003812, "Louisiana": 0.8930763592356189, "Maine": 0.9069350275558407, "Maryland": 0.8137629019090474, "Massachusetts": 0.8130979542364608, "Michigan": 0.9016872971328306, "Minnesota": 0.9374839082187053, "Mississippi": 0.9657784658487727, "Missouri": 0.9424898354152828, "Montana": 0.8172484061523256, "Nebraska": 0.9259655852213955, "Nevada": 0.5057500939678644, "New Hampshire": 0.927646285820012, "New Jersey": 0.841479263761271, "New Mexico": 0.8270702150558474, "New York": 0.7578616703624711, "North Carolina": 0.9861574495589263, "North Dakota": 0.8163382234101961, "Ohio": 0.9432672369854541, "Oklahoma": 0.9136951334921395, "Oregon": 0.9343807064616487, "Pennsylvania": 0.922939599946918, "Rhode Island": 0.8521212669814417, "South Carolina": 0.9694400074641013, "South Dakota": 0.8802815862497863, "Tennessee": 0.9764216622648106, "Texas": 0.9276561414572311, "Utah": 0.9201751261647109, "Vermont": 0.9093305944735073, "Virginia": 0.8887889337330294, "Washington": 0.9294787339575084, "West Virginia": 0.8848075154793659, "Wisconsin": 0.95539285825525, "Wyoming": 0.7074361118057351}