{"Alaska": 0.6905566787644818, "Arizona": 0.857796725822417, "Arkansas": 0.9678181370820533, "California": 0.8932655801563082, "Colorado": 0.8212239192390938, "Connecticut": 0.8505951884018478, "Delaware": 0.8377399137465882, "Florida": 0.7928122539564189, "Georgia": 0.9457127857186426, "Hawaii": 0.6806293378746956, "Idaho": 0.9458240969680466, "Illinois": 0.9223971487410468, "Indiana": 0.9159403660657338, "Iowa": 0.9568073069967873, "Kansas": 0.9585511719928177, "Kentucky": 0.9721564645055181, "Louisiana": 0.894200406444618, "Maine": 0.9083736966971688, "Maryland": 0.8202950311888387, "Massachusetts": 0.8136746058669048, "Michigan": 0.9029297475735123, "Minnesota": 0.9379919350314717, "Mississippi": 0.9646037366544464, "Missouri": 0.945234709854364, "Montana": 0.8216271142244904, "Nebraska": 0.9322386935479446, "Nevada": 0.5147073897484304, "New Hampshire": 0.9291805956622198, "New Jersey": 0.8478099960033743, "New Mexico": 0.8296325015324681, "New York": 0.763107906557639, "North Carolina": 0.9892555243592411, "North Dakota": 0.8267039267691407, "Ohio": 0.9466366410956832, "Oklahoma": 0.922317703858104, "Oregon": 0.9364345834247506, "Pennsylvania": 0.9261481926393996, "Rhode Island": 0.8596375641692353, "South Carolina": 0.973154535639244, "South Dakota": 0.8856917083458669, "Tennessee": 0.974645620840062, "Texas": 0.9298580710624417, "Utah": 0.9201264539366708, "Vermont": 0.9083757771974388, "Virginia": 0.88329607405551, "Washington": 0.9286491234263947, "West Virginia": 0.8882214262903037, "Wisconsin": 0.9552928030954236, "Wyoming": 0.7068278099323918}