{"Alaska": 0.4897170302256797, "Arizona": 0.7448977540366745, "Arkansas": 0.8889751499725945, "California": 0.8000129266514535, "Colorado": 0.7094450346960021, "Connecticut": 0.8124893940378308, "Delaware": 0.7424628136858331, "Florida": 0.7125329485663601, "Georgia": 0.846584521241954, "Hawaii": 0.39213742613438524, "Idaho": 0.8415729905398498, "Illinois": 0.850849449532755, "Indiana": 0.8389632690494425, "Iowa": 0.8715791284964692, "Kansas": 0.8691313046184727, "Kentucky": 0.8717070161897134, "Louisiana": 0.7773247454640666, "Maine": 0.8071480612390337, "Maryland": 0.7538365848929489, "Massachusetts": 0.7429891077514206, "Michigan": 0.8324360565615898, "Minnesota": 0.8557609865953513, "Mississippi": 0.8292434251256745, "Missouri": 0.8376536720826795, "Montana": 0.6797883114201371, "Nebraska": 0.8421673891286161, "Nevada": 0.19081393213562362, "New Hampshire": 0.843579337838976, "New Jersey": 0.7859302414741898, "New Mexico": 0.69040065970394, "New York": 0.7164855681269929, "North Carolina": 0.8904780494654121, "North Dakota": 0.7351012574355184, "Ohio": 0.8575638062318222, "Oklahoma": 0.8263079040494161, "Oregon": 0.823493253024398, "Pennsylvania": 0.8529795326818111, "Rhode Island": 0.744224159010432, "South Carolina": 0.8451334294990404, "South Dakota": 0.7700268888112011, "Tennessee": 0.8759787614361868, "Texas": 0.8314862579222957, "Utah": 0.8293649342918937, "Vermont": 0.7787582162606782, "Virginia": 0.7917051449700855, "Washington": 0.8259794057306067, "West Virginia": 0.7810371678930369, "Wisconsin": 0.8595055803816367, "Wyoming": 0.4702758651119508}