{"Alaska": 0.6536686488862011, "Arizona": 0.8805323511526332, "Arkansas": 0.9627845725730161, "California": 0.91274942207073, "Colorado": 0.8494045714037003, "Connecticut": 0.863676927068456, "Delaware": 0.8242924770553314, "Florida": 0.8418721224501011, "Georgia": 0.9503683805041108, "Hawaii": 0.675117906423316, "Idaho": 0.9558234460342163, "Illinois": 0.9350023626807967, "Indiana": 0.933682232298234, "Iowa": 0.9584919582732183, "Kansas": 0.964717290944926, "Kentucky": 0.9729104048794884, "Louisiana": 0.9089178768456456, "Maine": 0.9061367254860139, "Maryland": 0.8419111520693591, "Massachusetts": 0.827796061215255, "Michigan": 0.9281897210342142, "Minnesota": 0.9432057609081255, "Mississippi": 0.9673699090148729, "Missouri": 0.949398381347135, "Montana": 0.8488200228854594, "Nebraska": 0.9331776258063398, "Nevada": 0.5781312227538623, "New Hampshire": 0.9375417935224687, "New Jersey": 0.8612887133874901, "New Mexico": 0.8599033690241379, "New York": 0.7816127143793267, "North Carolina": 0.9876338467090634, "North Dakota": 0.8631356822476126, "Ohio": 0.95616832751611, "Oklahoma": 0.934463576814384, "Oregon": 0.9462864300820687, "Pennsylvania": 0.9250511967815945, "Rhode Island": 0.777519309553176, "South Carolina": 0.9769641071235805, "South Dakota": 0.8966344444533085, "Tennessee": 0.9765780819557695, "Texas": 0.9407654802551694, "Utah": 0.9315687577391893, "Vermont": 0.8217693386218337, "Virginia": 0.8971032385150813, "Washington": 0.9349265685724453, "West Virginia": 0.8892414438000034, "Wisconsin": 0.9589161628150017, "Wyoming": 0.5170735293173286}