{"Alaska": 0.768943713632926, "Arizona": 0.8894597896556387, "Arkansas": 0.960332413427892, "California": 0.9158651055729095, "Colorado": 0.8618623718787393, "Connecticut": 0.8703429119927101, "Delaware": 0.8464444165412363, "Florida": 0.8480038500902254, "Georgia": 0.9529052631785127, "Hawaii": 0.7014586412503309, "Idaho": 0.9593526558094634, "Illinois": 0.940166080557008, "Indiana": 0.9338528225217393, "Iowa": 0.9591942815879192, "Kansas": 0.966923794942251, "Kentucky": 0.9740919640584367, "Louisiana": 0.9157395128462228, "Maine": 0.9134563079316643, "Maryland": 0.8523986916218222, "Massachusetts": 0.8372360251278592, "Michigan": 0.9334909032746113, "Minnesota": 0.9454603433925416, "Mississippi": 0.9667889084030276, "Missouri": 0.9550906748161839, "Montana": 0.8626633619774994, "Nebraska": 0.9332782964420099, "Nevada": 0.6049060326119325, "New Hampshire": 0.9428163956491141, "New Jersey": 0.8739544644566983, "New Mexico": 0.8693833581561164, "New York": 0.7927685756926822, "North Carolina": 0.9873435763652236, "North Dakota": 0.8744119598788173, "Ohio": 0.9571858759222038, "Oklahoma": 0.9329076486280184, "Oregon": 0.9439546253401319, "Pennsylvania": 0.925656088075296, "Rhode Island": 0.8791912208184681, "South Carolina": 0.9761253322427238, "South Dakota": 0.9052614137196737, "Tennessee": 0.9787777247523838, "Texas": 0.9428581743170253, "Utah": 0.943166535538381, "Vermont": 0.9100806853344723, "Virginia": 0.9015862416717966, "Washington": 0.9387921573078676, "West Virginia": 0.8930365383676578, "Wisconsin": 0.9579878277985933, "Wyoming": 0.6644836881720759}