{"Alaska": 0.7353796920835141, "Arizona": 0.8676826666836659, "Arkansas": 0.9637935283348065, "California": 0.9242397150579243, "Colorado": 0.8408558130910382, "Connecticut": 0.892403060427916, "Delaware": 0.8468562965140206, "Florida": 0.8019508936857063, "Georgia": 0.962727884833637, "Hawaii": 0.6826982685323129, "Idaho": 0.9356766344790782, "Illinois": 0.9453252472397459, "Indiana": 0.971003702503944, "Iowa": 0.9521437162071267, "Kansas": 0.9667698342843983, "Kentucky": 0.9708884832555148, "Louisiana": 0.9048127043630324, "Maine": 0.8983671840345638, "Maryland": 0.8069958698557131, "Massachusetts": 0.8392577332530105, "Michigan": 0.9776252697118011, "Minnesota": 0.9542204899232517, "Mississippi": 0.9744894659757495, "Missouri": 0.9600170991815863, "Montana": 0.7802986777443542, "Nebraska": 0.9259975902682344, "Nevada": 0.56744413665443, "New Hampshire": 0.9479582967745868, "New Jersey": 0.8704634150713966, "New Mexico": 0.815573781299717, "New York": 0.7782677199823282, "North Carolina": 0.9917045874745241, "North Dakota": 0.7946410908152368, "Ohio": 0.972883883838295, "Oklahoma": 0.9187202886853493, "Oregon": 0.9637564248742811, "Pennsylvania": 0.9295922455249683, "Rhode Island": 0.8857287225150852, "South Carolina": 0.9833096133013207, "South Dakota": 0.8598689577729605, "Tennessee": 0.9839541759116679, "Texas": 0.936626766386602, "Utah": 0.9488876927208313, "Vermont": 0.9183988874737579, "Virginia": 0.8872170747373644, "Washington": 0.9402278063566285, "West Virginia": 0.8789183744146507, "Wisconsin": 0.9667694913681115, "Wyoming": 0.6631119433401544}