{"Alaska": 0.7665374313691559, "Arizona": 0.890879498162484, "Arkansas": 0.959935128629679, "California": 0.91684089794421, "Colorado": 0.8624736866723568, "Connecticut": 0.8793970532406427, "Delaware": 0.7218042773843882, "Florida": 0.8572279904868029, "Georgia": 0.9463450807419779, "Hawaii": 0.7584259634443469, "Idaho": 0.9519761605536807, "Illinois": 0.9366091209014166, "Indiana": 0.9417175945018124, "Iowa": 0.955543608671482, "Kansas": 0.9694928484768893, "Kentucky": 0.9734012921562196, "Louisiana": 0.9173047239899867, "Maine": 0.9009175536141718, "Maryland": 0.8471953271937162, "Massachusetts": 0.8326381392518801, "Michigan": 0.9478119827710836, "Minnesota": 0.9425248611872112, "Mississippi": 0.9718681994734671, "Missouri": 0.9573202406330089, "Montana": 0.8618163565427164, "Nebraska": 0.9218719017774056, "Nevada": 0.6246605777960655, "New Hampshire": 0.9435296283180296, "New Jersey": 0.8658006395303585, "New Mexico": 0.8717092577150056, "New York": 0.7867103975257715, "North Carolina": 0.9853956256174721, "North Dakota": 0.8849094832374772, "Ohio": 0.9564252894140991, "Oklahoma": 0.936757218997473, "Oregon": 0.9550871563114768, "Pennsylvania": 0.9150979986404876, "Rhode Island": 0.8719588207287315, "South Carolina": 0.9746642520655158, "South Dakota": 0.9080212643741071, "Tennessee": 0.9796699981962419, "Texas": 0.941835546458106, "Utah": 0.9424283828350265, "Vermont": 0.9119570539107824, "Virginia": 0.888232762480998, "Washington": 0.9419925870173761, "West Virginia": 0.8859901257221107, "Wisconsin": 0.9569683306509347, "Wyoming": 0.7019801187094681}