{"Alaska": 0.7373187309401606, "Arizona": 0.8589254627824819, "Arkansas": 0.9663060804152837, "California": 0.9182436992683918, "Colorado": 0.8358499906984992, "Connecticut": 0.8911440085418457, "Delaware": 0.7381213844890767, "Florida": 0.8004797042669276, "Georgia": 0.9593448035971465, "Hawaii": 0.6865264753027123, "Idaho": 0.9288280324139958, "Illinois": 0.9432679658502146, "Indiana": 0.9718352282342414, "Iowa": 0.9502051363793356, "Kansas": 0.9680358705533724, "Kentucky": 0.9715835697616045, "Louisiana": 0.9072884921047382, "Maine": 0.8923814522151293, "Maryland": 0.8009440536453708, "Massachusetts": 0.8327420237220695, "Michigan": 0.9759739622688656, "Minnesota": 0.9526501463475923, "Mississippi": 0.9775522347916288, "Missouri": 0.9575162559567145, "Montana": 0.7794402747840906, "Nebraska": 0.9223854817461621, "Nevada": 0.5711197742956309, "New Hampshire": 0.9459758956412986, "New Jersey": 0.8648367004894754, "New Mexico": 0.8148137878104829, "New York": 0.7721363002405426, "North Carolina": 0.9909216114716858, "North Dakota": 0.8006627548069075, "Ohio": 0.9700407109270467, "Oklahoma": 0.9174418393133207, "Oregon": 0.9656852157386632, "Pennsylvania": 0.9225125565951581, "Rhode Island": 0.8799888016290213, "South Carolina": 0.9817534610540931, "South Dakota": 0.8598501041011977, "Tennessee": 0.9842941183655326, "Texas": 0.9339287116464213, "Utah": 0.9431554171362898, "Vermont": 0.915826491557262, "Virginia": 0.8757158815120529, "Washington": 0.9407758905937937, "West Virginia": 0.8720245136313479, "Wisconsin": 0.9667078704015161, "Wyoming": 0.6461084020468641}