{"Alaska": 0.7375589176690237, "Arizona": 0.8574777222501305, "Arkansas": 0.9676537282390558, "California": 0.9142514207623609, "Colorado": 0.8344883829003527, "Connecticut": 0.8892045202058707, "Delaware": 0.8428703494573471, "Florida": 0.8070266984033296, "Georgia": 0.956339591690973, "Hawaii": 0.6917133471577483, "Idaho": 0.9283481413636422, "Illinois": 0.9416215017270513, "Indiana": 0.972406976225707, "Iowa": 0.9494238819810514, "Kansas": 0.9684967451603619, "Kentucky": 0.971213606798981, "Louisiana": 0.9113976912231089, "Maine": 0.8897737694454524, "Maryland": 0.7987853298616628, "Massachusetts": 0.8291933827448509, "Michigan": 0.9717030383332613, "Minnesota": 0.9477452688274562, "Mississippi": 0.9799591266218227, "Missouri": 0.9572363506926507, "Montana": 0.7861500750757252, "Nebraska": 0.9222180623416891, "Nevada": 0.5822098713681613, "New Hampshire": 0.943583329279399, "New Jersey": 0.8608672494397942, "New Mexico": 0.8153695098097926, "New York": 0.76637719379471, "North Carolina": 0.988253487548296, "North Dakota": 0.8041299272778749, "Ohio": 0.9666868630509584, "Oklahoma": 0.9166305365408539, "Oregon": 0.9679840928039903, "Pennsylvania": 0.9168321147716063, "Rhode Island": 0.8708382770071327, "South Carolina": 0.9790810366255521, "South Dakota": 0.866002536343837, "Tennessee": 0.9831481357533938, "Texas": 0.9331076225658953, "Utah": 0.9378955400121691, "Vermont": 0.9128258938375186, "Virginia": 0.8687627260247383, "Washington": 0.9458017357842304, "West Virginia": 0.8664719111920903, "Wisconsin": 0.9654025667613932, "Wyoming": 0.6196543323713131}