{"Alaska": 0.7560645572643624, "Arizona": 0.9045368145014231, "Arkansas": 0.9564550716068727, "California": 0.9137241350679255, "Colorado": 0.8649411429104935, "Connecticut": 0.8782594536770507, "Delaware": 0.8507223285368045, "Florida": 0.8748859461534725, "Georgia": 0.9410478034244888, "Hawaii": 0.7749343868151909, "Idaho": 0.9550707738940202, "Illinois": 0.9337402969728851, "Indiana": 0.9508281343621002, "Iowa": 0.9480863233093725, "Kansas": 0.9682413771098788, "Kentucky": 0.9728255085714719, "Louisiana": 0.92885208334723, "Maine": 0.902213799939123, "Maryland": 0.8524141170212076, "Massachusetts": 0.8264513248888334, "Michigan": 0.950260137934589, "Minnesota": 0.9312582265610032, "Mississippi": 0.9758752255630977, "Missouri": 0.9581396581529706, "Montana": 0.8738204456695391, "Nebraska": 0.9154088439341633, "Nevada": 0.6473239961220656, "New Hampshire": 0.9488829112651319, "New Jersey": 0.8574242218896193, "New Mexico": 0.8754529680483336, "New York": 0.7875111686398975, "North Carolina": 0.979162479971505, "North Dakota": 0.8855138200315149, "Ohio": 0.9535392714248889, "Oklahoma": 0.9304981990073605, "Oregon": 0.9639657119089861, "Pennsylvania": 0.9069464568951937, "Rhode Island": 0.8604883068461718, "South Carolina": 0.9724488861945962, "South Dakota": 0.9082996293681249, "Tennessee": 0.9788955661076119, "Texas": 0.9429315548439349, "Utah": 0.9374528250016301, "Vermont": 0.9131921787524486, "Virginia": 0.8815329197220172, "Washington": 0.9494703272561293, "West Virginia": 0.881461121351851, "Wisconsin": 0.9520435123153345, "Wyoming": 0.6726403439297948}