{"Alaska": 0.7423838361099165, "Arizona": 0.8688736348212823, "Arkansas": 0.9664052710017438, "California": 0.9126335864892969, "Colorado": 0.8369550594985996, "Connecticut": 0.8841024308471608, "Delaware": 0.8507680257930721, "Florida": 0.8199408742460839, "Georgia": 0.9541909790366176, "Hawaii": 0.7095786289202448, "Idaho": 0.9383484398270531, "Illinois": 0.9395482284397456, "Indiana": 0.9697610398026058, "Iowa": 0.9454602334053579, "Kansas": 0.9691114507259339, "Kentucky": 0.9715387768047855, "Louisiana": 0.9205067974738389, "Maine": 0.8977517101880675, "Maryland": 0.8066791778892476, "Massachusetts": 0.8234962962170994, "Michigan": 0.966955815765139, "Minnesota": 0.9417368486327751, "Mississippi": 0.9788112681184052, "Missouri": 0.9589307084135217, "Montana": 0.8027390874691034, "Nebraska": 0.9234668995937609, "Nevada": 0.5970856562071474, "New Hampshire": 0.9469215455264045, "New Jersey": 0.8551295079690319, "New Mexico": 0.8230914627092738, "New York": 0.7692163511877529, "North Carolina": 0.9862210156637229, "North Dakota": 0.8076821215039051, "Ohio": 0.9633327761518172, "Oklahoma": 0.9166171002503489, "Oregon": 0.9687415869760178, "Pennsylvania": 0.9145030909186128, "Rhode Island": 0.8647622224850802, "South Carolina": 0.978461029129349, "South Dakota": 0.8720954575955723, "Tennessee": 0.9820003520114112, "Texas": 0.9357972707211879, "Utah": 0.9365737464274609, "Vermont": 0.9153014002033312, "Virginia": 0.8661389425532718, "Washington": 0.9491400307315305, "West Virginia": 0.8672440596125671, "Wisconsin": 0.9605064128866695, "Wyoming": 0.6230599569499445}