{"Alaska": 0.7547028504363383, "Arizona": 0.9100604089988359, "Arkansas": 0.9519574821916187, "California": 0.9142728768051132, "Colorado": 0.8670333266643419, "Connecticut": 0.8725367104229053, "Delaware": 0.8467538628662599, "Florida": 0.8847172179894471, "Georgia": 0.9410661123980397, "Hawaii": 0.7919667271679133, "Idaho": 0.9584853147998311, "Illinois": 0.9339538468734394, "Indiana": 0.9522548221431225, "Iowa": 0.9462553894261152, "Kansas": 0.9668381661879887, "Kentucky": 0.9719194018554782, "Louisiana": 0.9228148445147378, "Maine": 0.9166097466939701, "Maryland": 0.8571634896911419, "Massachusetts": 0.8291270891686104, "Michigan": 0.9520562160131454, "Minnesota": 0.925386007778341, "Mississippi": 0.9755362748827818, "Missouri": 0.9576541871917079, "Montana": 0.8774183931260467, "Nebraska": 0.9176009033099745, "Nevada": 0.6532613151590051, "New Hampshire": 0.9492702602753501, "New Jersey": 0.8614670827957149, "New Mexico": 0.8781675633217673, "New York": 0.7978499945658116, "North Carolina": 0.9784397160687734, "North Dakota": 0.8901405014924422, "Ohio": 0.9505624975692075, "Oklahoma": 0.9140246525264144, "Oregon": 0.9590084284417716, "Pennsylvania": 0.9066372251353378, "Rhode Island": 0.8570793354739575, "South Carolina": 0.9754570805287374, "South Dakota": 0.9114343700265445, "Tennessee": 0.9780431336864313, "Texas": 0.9381331143032977, "Utah": 0.9369071149380757, "Vermont": 0.9137575458228894, "Virginia": 0.8786874376128878, "Washington": 0.9495854301417668, "West Virginia": 0.8702967998121448, "Wisconsin": 0.9486876685822616, "Wyoming": 0.6429623248867596}