{"Alaska": 0.7415742592847282, "Arizona": 0.8755034875036852, "Arkansas": 0.9624324156476844, "California": 0.913468802323513, "Colorado": 0.8403879276635814, "Connecticut": 0.878659777656665, "Delaware": 0.8450464224942914, "Florida": 0.8307281058428663, "Georgia": 0.9540112048129604, "Hawaii": 0.7273505584963633, "Idaho": 0.9403679527264744, "Illinois": 0.9396038117367648, "Indiana": 0.9687554728474875, "Iowa": 0.9420749006468687, "Kansas": 0.9686002261695504, "Kentucky": 0.9705296280639503, "Louisiana": 0.9154243937459069, "Maine": 0.9104922520103236, "Maryland": 0.8127979309062258, "Massachusetts": 0.824301751796065, "Michigan": 0.9649655900767125, "Minnesota": 0.9365273536171446, "Mississippi": 0.97786206043114, "Missouri": 0.9585652658673367, "Montana": 0.8072473823026249, "Nebraska": 0.9259991666380125, "Nevada": 0.6044286632642398, "New Hampshire": 0.9479241053059541, "New Jersey": 0.8575992295286705, "New Mexico": 0.8258251861512033, "New York": 0.7763457298347427, "North Carolina": 0.9855101917881744, "North Dakota": 0.8137209291708088, "Ohio": 0.9600002354524841, "Oklahoma": 0.9035790351387489, "Oregon": 0.9634314614794809, "Pennsylvania": 0.9137540704368674, "Rhode Island": 0.8598744565741014, "South Carolina": 0.9808280166169862, "South Dakota": 0.8755089738079675, "Tennessee": 0.9811478578533742, "Texas": 0.9319123428904225, "Utah": 0.937052370881064, "Vermont": 0.9147948729100686, "Virginia": 0.8628292018841487, "Washington": 0.9500424540735062, "West Virginia": 0.8565977317541458, "Wisconsin": 0.9566870026422788, "Wyoming": 0.5945915299661931}