{"Alaska": 0.7740889182294706, "Arizona": 0.8846656854527607, "Arkansas": 0.9606089616926058, "California": 0.9171204512866185, "Colorado": 0.8526052949102351, "Connecticut": 0.8714337391259733, "Delaware": 0.8441675395654864, "Florida": 0.8452300033533986, "Georgia": 0.9550638075646223, "Hawaii": 0.7647989763834393, "Idaho": 0.9462011802744305, "Illinois": 0.9352721972721808, "Indiana": 0.9695531288250473, "Iowa": 0.9400227637040377, "Kansas": 0.9682680448348804, "Kentucky": 0.9691153475844086, "Louisiana": 0.9235030634183643, "Maine": 0.9169005985621999, "Maryland": 0.8297037228345524, "Massachusetts": 0.8270877072475865, "Michigan": 0.9619179887270355, "Minnesota": 0.9290090652929178, "Mississippi": 0.9771066241720532, "Missouri": 0.9580859509361885, "Montana": 0.8284371883642526, "Nebraska": 0.9279053802282105, "Nevada": 0.6214483531347154, "New Hampshire": 0.9497646230979991, "New Jersey": 0.8648066024625057, "New Mexico": 0.8430880157617262, "New York": 0.7911805840306524, "North Carolina": 0.9827310938604515, "North Dakota": 0.824707048872832, "Ohio": 0.955388123765808, "Oklahoma": 0.9118755624167261, "Oregon": 0.9560163839162609, "Pennsylvania": 0.9123237097136567, "Rhode Island": 0.8581444127390908, "South Carolina": 0.9825734318442713, "South Dakota": 0.8762970198127287, "Tennessee": 0.9792495148341991, "Texas": 0.9371409017815153, "Utah": 0.9342551074433947, "Vermont": 0.9162554331927635, "Virginia": 0.8657816489124199, "Washington": 0.952318894442738, "West Virginia": 0.8613125469041031, "Wisconsin": 0.9538063065222478, "Wyoming": 0.6460466033951197}