{"Alaska": 0.7872093340581858, "Arizona": 0.9152402947032999, "Arkansas": 0.9493806286499434, "California": 0.9187320230237214, "Colorado": 0.8776237207436578, "Connecticut": 0.866053918889654, "Delaware": 0.8490115503892246, "Florida": 0.896436986797543, "Georgia": 0.9473348743577995, "Hawaii": 0.8243379203972857, "Idaho": 0.9636652742767399, "Illinois": 0.9319277691412067, "Indiana": 0.9582075867480466, "Iowa": 0.9436367974809049, "Kansas": 0.9675984877816325, "Kentucky": 0.9706927589303547, "Louisiana": 0.9320553082666985, "Maine": 0.9251458263570139, "Maryland": 0.8718181107616089, "Massachusetts": 0.8355274603918205, "Michigan": 0.9556431532275722, "Minnesota": 0.9196281846821093, "Mississippi": 0.9758726820313429, "Missouri": 0.9587391608497512, "Montana": 0.8950515681179343, "Nebraska": 0.9224028522870895, "Nevada": 0.6687022856306848, "New Hampshire": 0.9513688356712342, "New Jersey": 0.874550021780618, "New Mexico": 0.8927792240834078, "New York": 0.816911975657773, "North Carolina": 0.9770633117860688, "North Dakota": 0.8965859802172278, "Ohio": 0.9485362838985036, "Oklahoma": 0.9256763868988667, "Oregon": 0.9543155594203039, "Pennsylvania": 0.9081358783725463, "Rhode Island": 0.8604175853152903, "South Carolina": 0.9787100764212523, "South Dakota": 0.9131801453476897, "Tennessee": 0.97695114234185, "Texas": 0.9445149623182011, "Utah": 0.9342101781895814, "Vermont": 0.9159803320402858, "Virginia": 0.8824675909093825, "Washington": 0.9506550992157784, "West Virginia": 0.876706270002361, "Wisconsin": 0.9466919693394926, "Wyoming": 0.6930316110280844}