{"Alaska": 0.7819347542373861, "Arizona": 0.9165835273448866, "Arkansas": 0.9501276032335628, "California": 0.9151030298738568, "Colorado": 0.8768127659973014, "Connecticut": 0.8655821123852147, "Delaware": 0.8549102433550395, "Florida": 0.8995879862726046, "Georgia": 0.9480310735406365, "Hawaii": 0.826774178619647, "Idaho": 0.962539299382483, "Illinois": 0.9327879050922914, "Indiana": 0.9539945334207932, "Iowa": 0.9411084149139878, "Kansas": 0.9658254780258202, "Kentucky": 0.9715620588565654, "Louisiana": 0.9294578738536701, "Maine": 0.9168559289073651, "Maryland": 0.8744144226359454, "Massachusetts": 0.840760830245791, "Michigan": 0.9586995970761614, "Minnesota": 0.9192615754799014, "Mississippi": 0.9765974604021446, "Missouri": 0.9571180377223326, "Montana": 0.8917903538152314, "Nebraska": 0.9216228873804143, "Nevada": 0.6610545080021573, "New Hampshire": 0.9502038958761961, "New Jersey": 0.8797112100556466, "New Mexico": 0.8905249902607228, "New York": 0.8219024178121378, "North Carolina": 0.977596337019872, "North Dakota": 0.877502831330661, "Ohio": 0.9478859119997419, "Oklahoma": 0.908966882071946, "Oregon": 0.9511852045713854, "Pennsylvania": 0.9094192192840447, "Rhode Island": 0.8622034511879512, "South Carolina": 0.9774288827166187, "South Dakota": 0.9114898772629878, "Tennessee": 0.9778133480699186, "Texas": 0.9412756908882169, "Utah": 0.9382157593079752, "Vermont": 0.913915085865743, "Virginia": 0.8797773994014692, "Washington": 0.9460912593218394, "West Virginia": 0.8707288124239815, "Wisconsin": 0.9452023465325992, "Wyoming": 0.6751864199540262}