{"Alaska": 0.7708394182009397, "Arizona": 0.8875843041207077, "Arkansas": 0.9599686165102882, "California": 0.9139336918483509, "Colorado": 0.8532475865995943, "Connecticut": 0.8707642299662036, "Delaware": 0.8467284672813492, "Florida": 0.8493800468674966, "Georgia": 0.95438853510648, "Hawaii": 0.7689152103633056, "Idaho": 0.944687408127749, "Illinois": 0.9362082525063614, "Indiana": 0.9653561164404008, "Iowa": 0.9345939356925366, "Kansas": 0.9652911015393779, "Kentucky": 0.9691794592969768, "Louisiana": 0.9225170623209957, "Maine": 0.9106571606547302, "Maryland": 0.8341902163155498, "Massachusetts": 0.8322569412280021, "Michigan": 0.9666694438067633, "Minnesota": 0.9282732815201231, "Mississippi": 0.9772426142442783, "Missouri": 0.9552721083207116, "Montana": 0.8250312061207269, "Nebraska": 0.923729239035143, "Nevada": 0.6163123410627049, "New Hampshire": 0.9492578524937461, "New Jersey": 0.8693133929180391, "New Mexico": 0.8423767227000595, "New York": 0.795415119937677, "North Carolina": 0.9834127125544027, "North Dakota": 0.8052406603798596, "Ohio": 0.955041468719797, "Oklahoma": 0.8957071038310315, "Oregon": 0.952672384149973, "Pennsylvania": 0.9134024263505691, "Rhode Island": 0.8593241258510126, "South Carolina": 0.9812903693433616, "South Dakota": 0.8716803355100635, "Tennessee": 0.9795498347542859, "Texas": 0.9343075049085694, "Utah": 0.9395603988957497, "Vermont": 0.9154142815149706, "Virginia": 0.8635162728035014, "Washington": 0.9483115806592308, "West Virginia": 0.856042876045473, "Wisconsin": 0.9509545765046654, "Wyoming": 0.6296497959652708}