{"Alaska": 0.7802398981120643, "Arizona": 0.9167956707856384, "Arkansas": 0.954303438673136, "California": 0.9147007425101035, "Colorado": 0.876784440037137, "Connecticut": 0.8650755996596959, "Delaware": 0.8542590963078415, "Florida": 0.9019150148801847, "Georgia": 0.9491982240768415, "Hawaii": 0.8272788625614893, "Idaho": 0.9624681505566962, "Illinois": 0.9351388912727777, "Indiana": 0.9522116915061244, "Iowa": 0.9417068116577216, "Kansas": 0.9677179243607104, "Kentucky": 0.9728072033835423, "Louisiana": 0.9315206400038168, "Maine": 0.9186495194408991, "Maryland": 0.8736299701118657, "Massachusetts": 0.8408311694530264, "Michigan": 0.9603503194540318, "Minnesota": 0.9239476418287081, "Mississippi": 0.9770102903342598, "Missouri": 0.9589646427631997, "Montana": 0.8929657557157372, "Nebraska": 0.9234334454084338, "Nevada": 0.6628052307803214, "New Hampshire": 0.9490086285293361, "New Jersey": 0.8798028735429255, "New Mexico": 0.8896555201502268, "New York": 0.8268665923790486, "North Carolina": 0.9778987755555301, "North Dakota": 0.8585390144315407, "Ohio": 0.9503222340299083, "Oklahoma": 0.9190328335851659, "Oregon": 0.9526942861669636, "Pennsylvania": 0.9117163314890284, "Rhode Island": 0.8655619012272876, "South Carolina": 0.9786111810570008, "South Dakota": 0.9170692017389372, "Tennessee": 0.9784454756118351, "Texas": 0.94173330652664, "Utah": 0.93525960612862, "Vermont": 0.9138711103075097, "Virginia": 0.878817064902856, "Washington": 0.9461978369014191, "West Virginia": 0.8712171845955216, "Wisconsin": 0.9447897181983113, "Wyoming": 0.6640912833974086}