{"Alaska": 0.777009990671391, "Arizona": 0.8886728484536575, "Arkansas": 0.9634847098699719, "California": 0.9131853343077744, "Colorado": 0.8551539610578659, "Connecticut": 0.8700427745242505, "Delaware": 0.844199763758843, "Florida": 0.8529966171189618, "Georgia": 0.9548214842588586, "Hawaii": 0.7710088779010582, "Idaho": 0.9430304082227671, "Illinois": 0.9383514810725916, "Indiana": 0.9644163729594716, "Iowa": 0.9348349548046307, "Kansas": 0.9658689789060467, "Kentucky": 0.9702222233437657, "Louisiana": 0.9250626561102706, "Maine": 0.9134729455018368, "Maryland": 0.8337907829248774, "Massachusetts": 0.832272412565251, "Michigan": 0.9706299620253179, "Minnesota": 0.9331543148135205, "Mississippi": 0.9777269680229179, "Missouri": 0.9573061565041806, "Montana": 0.8286430497910293, "Nebraska": 0.9248075027778874, "Nevada": 0.6195605072592322, "New Hampshire": 0.9495019186897478, "New Jersey": 0.8681340245282018, "New Mexico": 0.8435183616606714, "New York": 0.799961326277894, "North Carolina": 0.9835535661022807, "North Dakota": 0.7925641696797585, "Ohio": 0.9576272592283559, "Oklahoma": 0.909173763306451, "Oregon": 0.9550114086093572, "Pennsylvania": 0.9155836329056183, "Rhode Island": 0.8630408126461453, "South Carolina": 0.9822780398441273, "South Dakota": 0.8780493770569665, "Tennessee": 0.9798491123466814, "Texas": 0.9352921577852928, "Utah": 0.9375279815096785, "Vermont": 0.9161081657386152, "Virginia": 0.8625965422019074, "Washington": 0.9502554656178089, "West Virginia": 0.8571335440783552, "Wisconsin": 0.949250264840247, "Wyoming": 0.6215188077602127}