{"Alaska": 0.7562411436557929, "Arizona": 0.9186767127898159, "Arkansas": 0.9464247009966902, "California": 0.9101645174029953, "Colorado": 0.871022109553713, "Connecticut": 0.8653720352538731, "Delaware": 0.8431301129570169, "Florida": 0.8980440176849334, "Georgia": 0.9480294971160195, "Hawaii": 0.8212633277471174, "Idaho": 0.9593628031178155, "Illinois": 0.933081748726794, "Indiana": 0.9513579390499484, "Iowa": 0.940834399441883, "Kansas": 0.9624124602107382, "Kentucky": 0.9713116921320825, "Louisiana": 0.9212727248579747, "Maine": 0.917422010365285, "Maryland": 0.8652559106652471, "Massachusetts": 0.8259927137687105, "Michigan": 0.9607389447540434, "Minnesota": 0.9195313444594049, "Mississippi": 0.9764562629289336, "Missouri": 0.9499671965344799, "Montana": 0.8797911833216346, "Nebraska": 0.9180822043997605, "Nevada": 0.6702363666790403, "New Hampshire": 0.9450245424007115, "New Jersey": 0.8742000161013378, "New Mexico": 0.874960220053879, "New York": 0.8213581248833746, "North Carolina": 0.9777885946515986, "North Dakota": 0.8084790138101059, "Ohio": 0.9495732235409958, "Oklahoma": 0.8831130765879508, "Oregon": 0.9513598775031734, "Pennsylvania": 0.9062925753542683, "Rhode Island": 0.8633255237648187, "South Carolina": 0.9794705637530822, "South Dakota": 0.9106929851934686, "Tennessee": 0.9777527639192132, "Texas": 0.9310249649100831, "Utah": 0.9345548298739778, "Vermont": 0.9077036131683942, "Virginia": 0.8751633335311354, "Washington": 0.9376343479525312, "West Virginia": 0.8561165012331073, "Wisconsin": 0.9423697543249308, "Wyoming": 0.6309655209549525}