{"Alaska": 0.7602718457176884, "Arizona": 0.8852010398412765, "Arkansas": 0.9611543944515092, "California": 0.9009029240485249, "Colorado": 0.8414852584227481, "Connecticut": 0.8695770377331405, "Delaware": 0.8288084564831915, "Florida": 0.843714724485803, "Georgia": 0.9498850821866709, "Hawaii": 0.7642375380427918, "Idaho": 0.9444762050414204, "Illinois": 0.9344742310150673, "Indiana": 0.9654775472562941, "Iowa": 0.9368189586292966, "Kansas": 0.9635399754584423, "Kentucky": 0.9730528178472809, "Louisiana": 0.9115363530528712, "Maine": 0.9052788186542058, "Maryland": 0.8165688528562031, "Massachusetts": 0.8118457095639093, "Michigan": 0.9736868842020117, "Minnesota": 0.9278048527232805, "Mississippi": 0.977612610677388, "Missouri": 0.9484112618659236, "Montana": 0.8104666786902961, "Nebraska": 0.9232734766353422, "Nevada": 0.6365889809349657, "New Hampshire": 0.9438727450212844, "New Jersey": 0.8570703809932814, "New Mexico": 0.8194728750817496, "New York": 0.7918184640199472, "North Carolina": 0.9821403091913264, "North Dakota": 0.7381162941533315, "Ohio": 0.9579506984543723, "Oklahoma": 0.8665063089780599, "Oregon": 0.9554648367034231, "Pennsylvania": 0.9097713725434785, "Rhode Island": 0.8576082031286935, "South Carolina": 0.9832783234248638, "South Dakota": 0.8709757801627578, "Tennessee": 0.9783253048866588, "Texas": 0.917953108201846, "Utah": 0.9344308694388259, "Vermont": 0.9104435143026592, "Virginia": 0.8570278476626056, "Washington": 0.9415122922611893, "West Virginia": 0.8400705955922907, "Wisconsin": 0.9519702850807014, "Wyoming": 0.6012235149129727}