{"Alaska": 0.757842929249588, "Arizona": 0.9156031346670349, "Arkansas": 0.9477693260849696, "California": 0.9068002376312285, "Colorado": 0.8635229093831314, "Connecticut": 0.8684963084312946, "Delaware": 0.8397104712133583, "Florida": 0.8949833692888123, "Georgia": 0.9450730113606726, "Hawaii": 0.8197203353359209, "Idaho": 0.9599005016167262, "Illinois": 0.9310908684965983, "Indiana": 0.9540267676650576, "Iowa": 0.943541228288309, "Kansas": 0.9622463293777109, "Kentucky": 0.9751649582542578, "Louisiana": 0.916781972040562, "Maine": 0.9101785306522113, "Maryland": 0.8603783564918525, "Massachusetts": 0.8229428343932863, "Michigan": 0.9631184906844805, "Minnesota": 0.9181775231399039, "Mississippi": 0.9764052826525176, "Missouri": 0.9496414527191451, "Montana": 0.8741902156661234, "Nebraska": 0.9182900376972519, "Nevada": 0.6812584908139704, "New Hampshire": 0.9467565811950972, "New Jersey": 0.8712552382862776, "New Mexico": 0.8682501826993526, "New York": 0.820155071519171, "North Carolina": 0.9762204831012421, "North Dakota": 0.7967848143650395, "Ohio": 0.9505518130188673, "Oklahoma": 0.8723163903240857, "Oregon": 0.9529630792519025, "Pennsylvania": 0.9061013262691469, "Rhode Island": 0.8616822479552819, "South Carolina": 0.979584092430806, "South Dakota": 0.9104374171892133, "Tennessee": 0.9769601216301023, "Texas": 0.9241248068983949, "Utah": 0.9327395175985738, "Vermont": 0.9073419791266937, "Virginia": 0.8750861028928406, "Washington": 0.9391640748067489, "West Virginia": 0.8561630048353885, "Wisconsin": 0.9467780443044796, "Wyoming": 0.6422475643854397}