{"Alaska": 0.755895363545729, "Arizona": 0.8856540192006878, "Arkansas": 0.9619196600957924, "California": 0.9009034211378746, "Colorado": 0.8405536796341868, "Connecticut": 0.8668781617192665, "Delaware": 0.8229829434017086, "Florida": 0.8467313551317164, "Georgia": 0.9499875114922005, "Hawaii": 0.7672413966941115, "Idaho": 0.9402352993638685, "Illinois": 0.934491608573497, "Indiana": 0.9641965103384361, "Iowa": 0.939087401628609, "Kansas": 0.9610776079101107, "Kentucky": 0.9740934326289064, "Louisiana": 0.9084701707553897, "Maine": 0.9041275181118335, "Maryland": 0.8114471090895977, "Massachusetts": 0.8062876952511407, "Michigan": 0.9746242018153767, "Minnesota": 0.9259617549850129, "Mississippi": 0.9767904011504284, "Missouri": 0.9488426044685705, "Montana": 0.8107148812403083, "Nebraska": 0.9227390806342987, "Nevada": 0.6412291670215494, "New Hampshire": 0.9451204950272077, "New Jersey": 0.8569967750464903, "New Mexico": 0.8110006581842428, "New York": 0.7887910395525317, "North Carolina": 0.9821467177157527, "North Dakota": 0.7202437312934065, "Ohio": 0.9577893248006277, "Oklahoma": 0.8609991365575878, "Oregon": 0.9545294375626703, "Pennsylvania": 0.9065569428481645, "Rhode Island": 0.8595024345157595, "South Carolina": 0.9840648490285521, "South Dakota": 0.870794540336368, "Tennessee": 0.9789745243374152, "Texas": 0.9148284385417618, "Utah": 0.9327509844459089, "Vermont": 0.9056664729429933, "Virginia": 0.8599439869490163, "Washington": 0.9384706017446154, "West Virginia": 0.8398740453225592, "Wisconsin": 0.9506437208000577, "Wyoming": 0.5883036666718288}