{"Alaska": 0.7478645014244136, "Arizona": 0.9161324734657283, "Arkansas": 0.9475550632901815, "California": 0.905385073271564, "Colorado": 0.8607186336543563, "Connecticut": 0.8674090312730602, "Delaware": 0.8298302294917456, "Florida": 0.8961218384822167, "Georgia": 0.9427523254824157, "Hawaii": 0.8191585172814138, "Idaho": 0.9561510202788954, "Illinois": 0.9301841595537239, "Indiana": 0.9544375839975701, "Iowa": 0.9434255365772313, "Kansas": 0.9596547704889388, "Kentucky": 0.9769882692072307, "Louisiana": 0.9118023197513709, "Maine": 0.9080524221029436, "Maryland": 0.853765344894408, "Massachusetts": 0.8160965031412578, "Michigan": 0.9641810744988735, "Minnesota": 0.9155269546088078, "Mississippi": 0.9775438111797474, "Missouri": 0.9491803242815975, "Montana": 0.8715754484678473, "Nebraska": 0.9160654471393068, "Nevada": 0.6842954373450908, "New Hampshire": 0.9479418741024056, "New Jersey": 0.8681997764961481, "New Mexico": 0.8591472762711172, "New York": 0.8158852258604831, "North Carolina": 0.9745099181652754, "North Dakota": 0.7762124841957724, "Ohio": 0.9502620142902646, "Oklahoma": 0.8647472761217417, "Oregon": 0.9520001129310831, "Pennsylvania": 0.9011479875505812, "Rhode Island": 0.8614493279885985, "South Carolina": 0.9798670381327668, "South Dakota": 0.9092837006048632, "Tennessee": 0.9774054908077551, "Texas": 0.9202448502725462, "Utah": 0.9302506760318127, "Vermont": 0.9017962493517692, "Virginia": 0.8765588754745515, "Washington": 0.9370687556935369, "West Virginia": 0.8557702839181097, "Wisconsin": 0.9455205579020289, "Wyoming": 0.6258518934132943}