{"Alabama": 0.7946410908152368, "Alaska": 0.7794133759406013, "Arizona": 0.7667923617594995, "Arkansas": 0.8068864913226337, "California": 0.7636138388275522, "Colorado": 0.7616635448833489, "Connecticut": 0.7907580521432002, "Delaware": 0.7918956711026268, "Florida": 0.7614376969436889, "Georgia": 0.7803772568250424, "Hawaii": 0.7285607312099317, "Idaho": 0.8972330176691813, "Illinois": 0.8023234600358466, "Indiana": 0.7370945866108529, "Iowa": 0.887165068708587, "Kansas": 0.8998425234397707, "Kentucky": 0.8742708047577431, "Louisiana": 0.8729351571225492, "Maine": 0.8936469567102763, "Maryland": 0.7717115981663348, "Massachusetts": 0.7660237609871939, "Michigan": 0.7850624053397894, "Minnesota": 0.8770458385832642, "Mississippi": 0.8177807839164376, "Missouri": 0.8993383087408966, "Montana": 0.9331355205035566, "Nebraska": 0.9298133037905719, "Nevada": 0.5360658129891008, "New Hampshire": 0.8242780446519934, "New Jersey": 0.7902819662998208, "New Mexico": 0.8719111161308017, "New York": 0.8005859422281766, "North Carolina": 0.7826137014112458, "Ohio": 0.8123081741912445, "Oklahoma": 0.916285798107284, "Oregon": 0.8845003016859329, "Pennsylvania": 0.8502601133723664, "Rhode Island": 0.8123683017862451, "South Carolina": 0.7556004643748827, "South Dakota": 0.9767971370997278, "Tennessee": 0.8120254451291024, "Texas": 0.852913220998842, "Utah": 0.795728125639448, "Vermont": 0.8674860142412641, "Virginia": 0.7531084528539399, "Washington": 0.8593934802101522, "West Virginia": 0.9208513850156481, "Wisconsin": 0.7987815989281585, "Wyoming": 0.7612911313832645}