{"Alabama": 0.8006627548069074, "Alaska": 0.7818951831061354, "Arizona": 0.7602311476208559, "Arkansas": 0.8217780297253646, "California": 0.7631740515992907, "Colorado": 0.7614355793198332, "Connecticut": 0.7983034582022468, "Delaware": 0.7373008107428899, "Florida": 0.7521164149366787, "Georgia": 0.787634893903723, "Hawaii": 0.7323520920432851, "Idaho": 0.8891911297967737, "Illinois": 0.8107423011974846, "Indiana": 0.7489105116422078, "Iowa": 0.8891756324215364, "Kansas": 0.9003017146479215, "Kentucky": 0.8803327090821795, "Louisiana": 0.8734863665191042, "Maine": 0.8958853524371545, "Maryland": 0.770862712627433, "Massachusetts": 0.767978247403099, "Michigan": 0.800949172895445, "Minnesota": 0.8828477549036405, "Mississippi": 0.8287423981608999, "Missouri": 0.9051803582699934, "Montana": 0.9247411062632532, "Nebraska": 0.9312330757289715, "Nevada": 0.5330032403482523, "New Hampshire": 0.8311129964746246, "New Jersey": 0.7982880577682044, "New Mexico": 0.8722233723718449, "New York": 0.7994558937462829, "North Carolina": 0.7979597871288256, "Ohio": 0.8214314561382628, "Oklahoma": 0.9203356872943211, "Oregon": 0.8885538753367823, "Pennsylvania": 0.8564693292001656, "Rhode Island": 0.8177139340988634, "South Carolina": 0.7688177086646439, "South Dakota": 0.9757887089657494, "Tennessee": 0.8245957746912075, "Texas": 0.8566162525604729, "Utah": 0.7931571474075706, "Vermont": 0.8705231466179344, "Virginia": 0.7555184971679216, "Washington": 0.8606291019076573, "West Virginia": 0.9223537678403759, "Wisconsin": 0.8074861952732466, "Wyoming": 0.7407650177144731}