{"Alabama": 0.8041299272778749, "Alaska": 0.7925701455092105, "Arizona": 0.7632872352537673, "Arkansas": 0.8319931757463485, "California": 0.7639404558833114, "Colorado": 0.7654325420898709, "Connecticut": 0.8063915495579438, "Delaware": 0.8152157392566188, "Florida": 0.7676790693076885, "Georgia": 0.7922724495990436, "Hawaii": 0.733554649995178, "Idaho": 0.8775938061091401, "Illinois": 0.8178338282460265, "Indiana": 0.7580845454745857, "Iowa": 0.8867581871266785, "Kansas": 0.898291764040206, "Kentucky": 0.8829021745120283, "Louisiana": 0.8711072771487817, "Maine": 0.9038513011026502, "Maryland": 0.778834912237411, "Massachusetts": 0.7772791474504565, "Michigan": 0.8155482321419929, "Minnesota": 0.8858761313570173, "Mississippi": 0.8412583442925016, "Missouri": 0.9080996961100448, "Montana": 0.9226421915708036, "Nebraska": 0.9310669987725936, "Nevada": 0.5395551532650525, "New Hampshire": 0.8465421724014355, "New Jersey": 0.8080434664783889, "New Mexico": 0.866497205111244, "New York": 0.8056588827044604, "North Carolina": 0.8133364050380922, "Ohio": 0.8309548092277086, "Oklahoma": 0.9140594024507984, "Oregon": 0.8900330049929885, "Pennsylvania": 0.8650056471989457, "Rhode Island": 0.8260315712850892, "South Carolina": 0.7779825359405467, "South Dakota": 0.9710073312157099, "Tennessee": 0.8384315949821292, "Texas": 0.8551108726089333, "Utah": 0.7889961429451775, "Vermont": 0.8773472874323566, "Virginia": 0.7610521644955148, "Washington": 0.8605776871397156, "West Virginia": 0.9285205959293092, "Wisconsin": 0.8103014676725255, "Wyoming": 0.7085116907581451}