{"Alabama": 0.8076821215039052, "Alaska": 0.7807356004645285, "Arizona": 0.7702707654251162, "Arkansas": 0.8457755787880986, "California": 0.760357123154872, "Colorado": 0.7581926303214565, "Connecticut": 0.7992538739850481, "Delaware": 0.8149327499165616, "Florida": 0.7725265249767372, "Georgia": 0.7882912874037404, "Hawaii": 0.7293219351625544, "Idaho": 0.878008089904841, "Illinois": 0.8140144907719261, "Indiana": 0.7620705846907317, "Iowa": 0.8868281535744231, "Kansas": 0.8891592607369316, "Kentucky": 0.8842559879686629, "Louisiana": 0.8665491278221605, "Maine": 0.8992858068407945, "Maryland": 0.7713070114108567, "Massachusetts": 0.7682345340750415, "Michigan": 0.8200118036675214, "Minnesota": 0.8828480993620392, "Mississippi": 0.8478713603415419, "Missouri": 0.9056394956500284, "Montana": 0.9166612068648875, "Nebraska": 0.9259894109386525, "Nevada": 0.5490453201764356, "New Hampshire": 0.8417518501059768, "New Jersey": 0.7960287176016987, "New Mexico": 0.8606336106403845, "New York": 0.7970281084472604, "North Carolina": 0.8168420043740899, "Ohio": 0.8315263274465439, "Oklahoma": 0.9086443148166577, "Oregon": 0.8881732071191268, "Pennsylvania": 0.8596942155028746, "Rhode Island": 0.8222536966945052, "South Carolina": 0.774792747251599, "South Dakota": 0.9685413012927954, "Tennessee": 0.8412996928792047, "Texas": 0.8493194008132019, "Utah": 0.7736922486980299, "Vermont": 0.8749742935054732, "Virginia": 0.7506941474551969, "Washington": 0.8449968718022819, "West Virginia": 0.9278269703813571, "Wisconsin": 0.8097404453376545, "Wyoming": 0.7016282530917056}