{"Alabama": 0.8137209291708088, "Alaska": 0.7795723961776804, "Arizona": 0.7849170865387148, "Arkansas": 0.8590200064086535, "California": 0.7563078541208264, "Colorado": 0.7621402392892112, "Connecticut": 0.7952290308721486, "Delaware": 0.8182174049344941, "Florida": 0.7916074673707719, "Georgia": 0.7918683742369652, "Hawaii": 0.7324284781384272, "Idaho": 0.898395305882903, "Illinois": 0.8133816742068466, "Indiana": 0.772533188251877, "Iowa": 0.8844540223585792, "Kansas": 0.88526155014216, "Kentucky": 0.8921281796140487, "Louisiana": 0.8710944162092749, "Maine": 0.9049858720766143, "Maryland": 0.7697654032945789, "Massachusetts": 0.7635822118888583, "Michigan": 0.8252947516529775, "Minnesota": 0.8774852735958014, "Mississippi": 0.8565031119298692, "Missouri": 0.9061485069513256, "Montana": 0.9263911747599078, "Nebraska": 0.9237911824467309, "Nevada": 0.5628607190322877, "New Hampshire": 0.8403978863829982, "New Jersey": 0.7908066704413141, "New Mexico": 0.863982730767291, "New York": 0.7903623566867527, "North Carolina": 0.8226956771572368, "Ohio": 0.832587763536056, "Oklahoma": 0.9012291722536991, "Oregon": 0.8874787895355079, "Pennsylvania": 0.8557326531881858, "Rhode Island": 0.8161196667311155, "South Carolina": 0.781708894166741, "South Dakota": 0.9655405970463306, "Tennessee": 0.8486447530162459, "Texas": 0.8497265833615635, "Utah": 0.7856356798833455, "Vermont": 0.8786067115195398, "Virginia": 0.7461056124223144, "Washington": 0.8509511444575157, "West Virginia": 0.9241192262056606, "Wisconsin": 0.8072582702086133, "Wyoming": 0.6956985231231337}