{"Alabama": 0.824707048872832, "Alaska": 0.7979442799358897, "Arizona": 0.7968956207788113, "Arkansas": 0.873344787291132, "California": 0.7558994584879598, "Colorado": 0.7701326941465052, "Connecticut": 0.7895666208621887, "Delaware": 0.8184246614145808, "Florida": 0.7971537116864819, "Georgia": 0.8001040036211097, "Hawaii": 0.7530503353211248, "Idaho": 0.9145397484509374, "Illinois": 0.8197733339108344, "Indiana": 0.7996547480067001, "Iowa": 0.8928286800241474, "Kansas": 0.8942705645999025, "Kentucky": 0.9060571337129747, "Louisiana": 0.8816969535508442, "Maine": 0.9065120461057828, "Maryland": 0.7743726765666347, "Massachusetts": 0.7601262934643017, "Michigan": 0.8418212590797245, "Minnesota": 0.8793835490658922, "Mississippi": 0.8713096100645833, "Missouri": 0.9126424262430757, "Montana": 0.9413485223607014, "Nebraska": 0.9283971434722139, "Nevada": 0.5841278885282593, "New Hampshire": 0.8435543328816175, "New Jersey": 0.792328457556031, "New Mexico": 0.8771883887501244, "New York": 0.7931529111685323, "North Carolina": 0.833922359274886, "Ohio": 0.8472087508527487, "Oklahoma": 0.9178914887623527, "Oregon": 0.895695126198795, "Pennsylvania": 0.8555230395667809, "Rhode Island": 0.8121710918650987, "South Carolina": 0.7948572361439216, "South Dakota": 0.9667732386320157, "Tennessee": 0.8614695121276416, "Texas": 0.8640987666108045, "Utah": 0.7925336688256649, "Vermont": 0.8793728677658598, "Virginia": 0.7410919442397672, "Washington": 0.8562939511210718, "West Virginia": 0.9254456333504644, "Wisconsin": 0.819877630982583, "Wyoming": 0.7569195446116256}