{"Alabama": 0.8052406603798598, "Alaska": 0.8048969975435223, "Arizona": 0.7822735462704029, "Arkansas": 0.8610949115366195, "California": 0.7302186488005461, "Colorado": 0.7588864147167005, "Connecticut": 0.7731706041968083, "Delaware": 0.8080126580018917, "Florida": 0.776694767719868, "Georgia": 0.7728494739916321, "Hawaii": 0.7328272085227946, "Idaho": 0.9042195264289349, "Illinois": 0.7974878511210597, "Indiana": 0.7716291578229981, "Iowa": 0.8733179248008617, "Kansas": 0.8865006520152133, "Kentucky": 0.8890358743775726, "Louisiana": 0.8782777035962549, "Maine": 0.8876388242946378, "Maryland": 0.7594316732076518, "Massachusetts": 0.7474676198782769, "Michigan": 0.8123139043787052, "Minnesota": 0.8600466844702739, "Mississippi": 0.8590509038507652, "Missouri": 0.895166080916779, "Montana": 0.9373562012718285, "Nebraska": 0.914902358267328, "Nevada": 0.5651396861279216, "New Hampshire": 0.8276847176761091, "New Jersey": 0.7775168135055823, "New Mexico": 0.8782157731792964, "New York": 0.7814008000108048, "North Carolina": 0.8079779245441302, "Ohio": 0.8279114953583506, "Oklahoma": 0.9105793422394575, "Oregon": 0.874880337090558, "Pennsylvania": 0.8421502259439578, "Rhode Island": 0.7962907562320662, "South Carolina": 0.7653630406603099, "South Dakota": 0.9580680458156927, "Tennessee": 0.8411162383637747, "Texas": 0.8564842183740274, "Utah": 0.7742398166571877, "Vermont": 0.8634435843753948, "Virginia": 0.7211930271723798, "Washington": 0.8350900524484443, "West Virginia": 0.9256254473903544, "Wisconsin": 0.7956549974591585, "Wyoming": 0.7762589194665102}