{"Alabama": 0.7925641696797585, "Alaska": 0.8199842111069412, "Arizona": 0.7667694989930638, "Arkansas": 0.8532453068701291, "California": 0.7030050663529016, "Colorado": 0.745302662966447, "Connecticut": 0.7500646783021075, "Delaware": 0.7841419959659157, "Florida": 0.7569805716483586, "Georgia": 0.7547325837350983, "Hawaii": 0.713278204946164, "Idaho": 0.8907608531977435, "Illinois": 0.7750644087841063, "Indiana": 0.7506841544853573, "Iowa": 0.85187385405641, "Kansas": 0.8743986551790476, "Kentucky": 0.8764952441420034, "Louisiana": 0.8809830229847269, "Maine": 0.8699532714198963, "Maryland": 0.7416511624909036, "Massachusetts": 0.7196204067971524, "Michigan": 0.7809833785914919, "Minnesota": 0.8311710950753681, "Mississippi": 0.850430427045235, "Missouri": 0.8711567846947746, "Montana": 0.9260611925455736, "Nebraska": 0.897896899399121, "Nevada": 0.5570643789632305, "New Hampshire": 0.8066733717710546, "New Jersey": 0.754166726878743, "New Mexico": 0.875038523242653, "New York": 0.751178379882463, "North Carolina": 0.7856261457752283, "Ohio": 0.8073692759354049, "Oklahoma": 0.9157547723884437, "Oregon": 0.8468900129391153, "Pennsylvania": 0.8229164219992999, "Rhode Island": 0.7683425882662521, "South Carolina": 0.7444449157965212, "South Dakota": 0.9358753753509118, "Tennessee": 0.8242493030169054, "Texas": 0.8523883332922649, "Utah": 0.7570862297182621, "Vermont": 0.8446491266038014, "Virginia": 0.7024425595380306, "Washington": 0.807340407870636, "West Virginia": 0.9253121288128703, "Wisconsin": 0.7681061246241542, "Wyoming": 0.8145453225204362}