{"Alabama": 0.7488454866009152, "Alaska": 0.828672090895805, "Arizona": 0.7348212374701705, "Arkansas": 0.8279023829662027, "California": 0.6823323458554524, "Colorado": 0.7218082927575605, "Connecticut": 0.7043111843753839, "Delaware": 0.7387480490819455, "Florida": 0.7164681731910176, "Georgia": 0.7155807497627711, "Hawaii": 0.6788457060381832, "Idaho": 0.8555735354180919, "Illinois": 0.7268791267188592, "Indiana": 0.7116860191361459, "Iowa": 0.8057537971193397, "Kansas": 0.8469046923468516, "Kentucky": 0.8381006771962975, "Louisiana": 0.8699131563009916, "Maine": 0.838933296325043, "Maryland": 0.7069948187770603, "Massachusetts": 0.6757502182890462, "Michigan": 0.7306213460710921, "Minnesota": 0.7833769772298697, "Mississippi": 0.8182324792106512, "Missouri": 0.8293333662416466, "Montana": 0.9120220547660818, "Nebraska": 0.8600104506541303, "Nevada": 0.5491404940027945, "New Hampshire": 0.7686806320303631, "New Jersey": 0.7143738351549562, "New Mexico": 0.8669625578553544, "New York": 0.6992013140848448, "North Carolina": 0.7430130748985156, "Ohio": 0.766328708043739, "Oklahoma": 0.9076448506717193, "Oregon": 0.793274287792144, "Pennsylvania": 0.7855775654528756, "Rhode Island": 0.7222167142239437, "South Carolina": 0.7007747070856177, "South Dakota": 0.8900919086752945, "Tennessee": 0.7835310907848689, "Texas": 0.8426668044175242, "Utah": 0.7270298551246063, "Vermont": 0.8025784986588296, "Virginia": 0.6719889034910784, "Washington": 0.7788938859245245, "West Virginia": 0.9193128173262481, "Wisconsin": 0.7188329402668241, "Wyoming": 0.8513311281448604}