{"Alabama": 0.7381162941533316, "Alaska": 0.827701223685693, "Arizona": 0.7242429887301131, "Arkansas": 0.8187073830315004, "California": 0.6803873916162, "Colorado": 0.7177593460290721, "Connecticut": 0.6984368333212775, "Delaware": 0.7313492895482399, "Florida": 0.7064330476568109, "Georgia": 0.7053545078175736, "Hawaii": 0.6722548382474539, "Idaho": 0.8443152198205534, "Illinois": 0.7136138300561384, "Indiana": 0.6964562709926618, "Iowa": 0.7957948195252048, "Kansas": 0.8358988801134969, "Kentucky": 0.8163290100265357, "Louisiana": 0.8650485306712197, "Maine": 0.8211494164452858, "Maryland": 0.7026299757919966, "Massachusetts": 0.6650425357569495, "Michigan": 0.7126661960937346, "Minnesota": 0.7725802818619572, "Mississippi": 0.8074782797922344, "Missouri": 0.8174559739425329, "Montana": 0.9096538730095367, "Nebraska": 0.8491408205957557, "Nevada": 0.5492580308084205, "New Hampshire": 0.7604712259103339, "New Jersey": 0.7073363261892042, "New Mexico": 0.8667442351566951, "New York": 0.6895461777228008, "North Carolina": 0.7343714430417768, "Ohio": 0.7531831866231934, "Oklahoma": 0.9048279026133996, "Oregon": 0.7776255039574851, "Pennsylvania": 0.7738020599125607, "Rhode Island": 0.7051699774871227, "South Carolina": 0.69215871485336, "South Dakota": 0.8786331661663641, "Tennessee": 0.76607628639519, "Texas": 0.8404761394089574, "Utah": 0.7203423573615848, "Vermont": 0.7934587217969102, "Virginia": 0.6742343875809285, "Washington": 0.7715659807063986, "West Virginia": 0.9121233412698823, "Wisconsin": 0.7098590528868204, "Wyoming": 0.8648293488866162}