{"Alabama": 0.7202437312934064, "Alaska": 0.829247300165396, "Arizona": 0.7101778067806818, "Arkansas": 0.800936822344746, "California": 0.6666635177473003, "Colorado": 0.7172182615902296, "Connecticut": 0.6821312944989193, "Delaware": 0.7153984876664254, "Florida": 0.6954154330515764, "Georgia": 0.6891090835312176, "Hawaii": 0.6607868612271126, "Idaho": 0.8314914099001743, "Illinois": 0.697062574219481, "Indiana": 0.6709943543360554, "Iowa": 0.7774073832277979, "Kansas": 0.828657616866181, "Kentucky": 0.794579658302046, "Louisiana": 0.8595985765277546, "Maine": 0.8007709087838352, "Maryland": 0.6886634451800414, "Massachusetts": 0.6469121812148323, "Michigan": 0.6910903145297977, "Minnesota": 0.7529081963901031, "Mississippi": 0.7935840402952976, "Missouri": 0.7956907124946442, "Montana": 0.8997570404251146, "Nebraska": 0.8310506156897989, "Nevada": 0.5467993567595757, "New Hampshire": 0.7426876054444925, "New Jersey": 0.6942396700063878, "New Mexico": 0.8595943924459115, "New York": 0.67246922105315, "North Carolina": 0.7165898209796894, "Ohio": 0.7336474432823988, "Oklahoma": 0.9017492476731834, "Oregon": 0.7578087650764749, "Pennsylvania": 0.756834416512836, "Rhode Island": 0.6808612395883794, "South Carolina": 0.6758466202640449, "South Dakota": 0.8593560495835236, "Tennessee": 0.7450482687180922, "Texas": 0.8370117823870233, "Utah": 0.7091645576016508, "Vermont": 0.7758931537403566, "Virginia": 0.6684134043693575, "Washington": 0.7576474740941154, "West Virginia": 0.9032450100081267, "Wisconsin": 0.6901510183171337, "Wyoming": 0.8774739645747823}