{"Alabama": 0.8130979542364608, "Alaska": 0.6427397585136011, "Arizona": 0.8474187788142991, "Arkansas": 0.7850671595675387, "California": 0.9179000641357634, "Colorado": 0.8566686992030819, "Connecticut": 0.9671175585627637, "Delaware": 0.8819894337144847, "Florida": 0.8265926023606462, "Georgia": 0.8342981678628343, "Hawaii": 0.7064299315364396, "Idaho": 0.8498342134833028, "Illinois": 0.9403485346534298, "Indiana": 0.7888507123107776, "Iowa": 0.8749389810831607, "Kansas": 0.900825276607259, "Kentucky": 0.845266260008663, "Louisiana": 0.8442273990291765, "Maine": 0.8889288884172932, "Maryland": 0.9228905488342255, "Michigan": 0.8624059213392707, "Minnesota": 0.9379987039450933, "Mississippi": 0.7620247975365756, "Missouri": 0.915624784926389, "Montana": 0.8216286170301996, "Nebraska": 0.8817725309918892, "Nevada": 0.46807124168570013, "New Hampshire": 0.9053373627989355, "New Jersey": 0.9207465834143824, "New Mexico": 0.8621893053366669, "New York": 0.9634040415907668, "North Carolina": 0.7927444067143024, "North Dakota": 0.8568870483238682, "Ohio": 0.8896239711958426, "Oklahoma": 0.8716210964019756, "Oregon": 0.9035997231485415, "Pennsylvania": 0.9566085709529077, "Rhode Island": 0.9640544088725584, "South Carolina": 0.7388295954970655, "South Dakota": 0.8820316702548539, "Tennessee": 0.8301284189141017, "Texas": 0.8712292028984533, "Utah": 0.8735803967383683, "Vermont": 0.9135621478889377, "Virginia": 0.8921115438762774, "Washington": 0.9158593488786196, "West Virginia": 0.855446727571381, "Wisconsin": 0.8405132801262872, "Wyoming": 0.6154816203707769}