{"Alabama": 0.7429891077514206, "Alaska": 0.7267067885055879, "Arizona": 0.8442060310664569, "Arkansas": 0.7704838379135182, "California": 0.9204071627104523, "Colorado": 0.8626780014409631, "Connecticut": 0.9630086919938479, "Delaware": 0.8692010939237241, "Florida": 0.8354488929566236, "Georgia": 0.8387400582204576, "Hawaii": 0.6914797483266364, "Idaho": 0.8669581261287472, "Illinois": 0.9383683279996935, "Indiana": 0.7916674356992889, "Iowa": 0.8613716023549598, "Kansas": 0.8928175133446238, "Kentucky": 0.8377935476482375, "Louisiana": 0.8322229834262486, "Maine": 0.8878896172435259, "Maryland": 0.9281743532038378, "Michigan": 0.8725482500493341, "Minnesota": 0.9308359809368061, "Mississippi": 0.775923154842691, "Missouri": 0.9088313264499653, "Montana": 0.8311356762035641, "Nebraska": 0.8685588429334113, "Nevada": 0.5058285196571829, "New Hampshire": 0.9021272151559288, "New Jersey": 0.9232949669217438, "New Mexico": 0.8614818448441055, "New York": 0.9597318952975061, "North Carolina": 0.8053804663616235, "North Dakota": 0.8539128824485549, "Ohio": 0.8898031061623206, "Oklahoma": 0.8488737026213703, "Oregon": 0.904086830597046, "Pennsylvania": 0.9494674140382243, "Rhode Island": 0.948900020068109, "South Carolina": 0.7567662242863289, "South Dakota": 0.8666126248510584, "Tennessee": 0.8313777722264969, "Texas": 0.8705990287555039, "Utah": 0.8877417549357253, "Vermont": 0.9088433829185677, "Virginia": 0.8995967299059288, "Washington": 0.924288756624945, "West Virginia": 0.8435331212737255, "Wisconsin": 0.8362946228828481, "Wyoming": 0.5991541707718055}