{"Alabama": 0.827796061215255, "Alaska": 0.687616130708812, "Arizona": 0.8505649608471145, "Arkansas": 0.7772624996250409, "California": 0.9191321072632014, "Colorado": 0.8725443098674102, "Connecticut": 0.9632861980475772, "Delaware": 0.8757951429444065, "Florida": 0.8466221963962198, "Georgia": 0.8472589547593893, "Hawaii": 0.7252393039069575, "Idaho": 0.8764630209979957, "Illinois": 0.938034963933877, "Indiana": 0.7890718388464296, "Iowa": 0.8638664369096599, "Kansas": 0.8965952137326969, "Kentucky": 0.8464413092747574, "Louisiana": 0.8555665603761802, "Maine": 0.8995054451962614, "Maryland": 0.9368131162790182, "Michigan": 0.8755125112648866, "Minnesota": 0.9363899508116627, "Mississippi": 0.7846111683034269, "Missouri": 0.9141004892310844, "Montana": 0.8518850139415235, "Nebraska": 0.8754136317494722, "Nevada": 0.5372877838586243, "New Hampshire": 0.9096467464836178, "New Jersey": 0.928057228122053, "New Mexico": 0.8822043899238855, "New York": 0.9670046441967416, "North Carolina": 0.8318308791972109, "North Dakota": 0.8709043558379086, "Ohio": 0.8945743550702028, "Oklahoma": 0.863346234406701, "Oregon": 0.9089659285595765, "Pennsylvania": 0.9553415484764176, "Rhode Island": 0.9046179132473346, "South Carolina": 0.7728585772738461, "South Dakota": 0.8769465146844734, "Tennessee": 0.8360454225472956, "Texas": 0.8786660116105003, "Utah": 0.8941389299799319, "Vermont": 0.8723197623617645, "Virginia": 0.9020537044569561, "Washington": 0.9293060627628953, "West Virginia": 0.8610252612524337, "Wisconsin": 0.8427397215702668, "Wyoming": 0.5865011154802146}