{"Alabama": 0.8375716786725416, "Alaska": 0.7610506351366225, "Arizona": 0.8580324431662597, "Arkansas": 0.7865053466783855, "California": 0.9166609916980176, "Colorado": 0.8866722135691889, "Connecticut": 0.9601761694017448, "Delaware": 0.887941876045209, "Florida": 0.8516430967877994, "Georgia": 0.8561022588385, "Hawaii": 0.7618016509460712, "Idaho": 0.8796743753528368, "Illinois": 0.934811975122417, "Indiana": 0.7804633121851885, "Iowa": 0.8565887324862346, "Kansas": 0.8950745601510622, "Kentucky": 0.8453486405761353, "Louisiana": 0.8735601228137411, "Maine": 0.9028385593545942, "Maryland": 0.9422068257016485, "Michigan": 0.8819156692917508, "Minnesota": 0.9345546374622579, "Mississippi": 0.7895101161285316, "Missouri": 0.9148166141376124, "Montana": 0.855086407489632, "Nebraska": 0.8750115905567943, "Nevada": 0.5624342939799912, "New Hampshire": 0.9094116170838958, "New Jersey": 0.935466774579789, "New Mexico": 0.8984512982408561, "New York": 0.9698227374918423, "North Carolina": 0.8573982226149528, "North Dakota": 0.8781840270256782, "Ohio": 0.8966174639227599, "Oklahoma": 0.8641106003489555, "Oregon": 0.9181842464004819, "Pennsylvania": 0.957938998585701, "Rhode Island": 0.9125555522530316, "South Carolina": 0.7877451584874875, "South Dakota": 0.875714611599257, "Tennessee": 0.843634316092712, "Texas": 0.8880604570416438, "Utah": 0.8962533128418864, "Vermont": 0.9277435392306539, "Virginia": 0.9014202937812975, "Washington": 0.9311842255393085, "West Virginia": 0.8588018791952204, "Wisconsin": 0.8400004678538314, "Wyoming": 0.6112159780938972}