{"Alabama": 0.8326381392518801, "Alaska": 0.759617598569361, "Arizona": 0.8461158867133532, "Arkansas": 0.7880230741986703, "California": 0.9121592965218437, "Colorado": 0.8873864058724467, "Connecticut": 0.9585276958224466, "Delaware": 0.8228449294724178, "Florida": 0.8459505125272758, "Georgia": 0.8531837815304362, "Hawaii": 0.760960783846655, "Idaho": 0.8658986506991242, "Illinois": 0.9350914266235985, "Indiana": 0.7743432038069635, "Iowa": 0.8464655255234674, "Kansas": 0.8892144072036736, "Kentucky": 0.8414573005860212, "Louisiana": 0.867917948441933, "Maine": 0.89976421556703, "Maryland": 0.9427224438696624, "Michigan": 0.8861320997929549, "Minnesota": 0.9310130021260781, "Mississippi": 0.7883330182364258, "Missouri": 0.9120572765395799, "Montana": 0.851801940744031, "Nebraska": 0.8706683798596752, "Nevada": 0.5591107885712322, "New Hampshire": 0.907977373944578, "New Jersey": 0.9371774192609341, "New Mexico": 0.8942342563268648, "New York": 0.9699423134645717, "North Carolina": 0.8638188027417888, "North Dakota": 0.8764447848388242, "Ohio": 0.8946522960625323, "Oklahoma": 0.8583868218585947, "Oregon": 0.9113881637871968, "Pennsylvania": 0.9575073890242265, "Rhode Island": 0.9654438001146488, "South Carolina": 0.7882735858388421, "South Dakota": 0.8723483233618375, "Tennessee": 0.841281497399253, "Texas": 0.8851260462101944, "Utah": 0.8892012107284136, "Vermont": 0.9229622038566966, "Virginia": 0.9049322739214413, "Washington": 0.9255272110340587, "West Virginia": 0.8503455504237468, "Wisconsin": 0.8336415483001034, "Wyoming": 0.6130999626373776}