{"Alabama": 0.8291933827448509, "Alaska": 0.7790724191009266, "Arizona": 0.8482381984827757, "Arkansas": 0.773325602623146, "California": 0.9156865825944944, "Colorado": 0.8857350181749782, "Connecticut": 0.9655323139609866, "Delaware": 0.9066186312263796, "Florida": 0.8475255343673077, "Georgia": 0.8753570639582331, "Hawaii": 0.740678503237406, "Idaho": 0.8234726781245089, "Illinois": 0.9377072733685329, "Indiana": 0.784515665833666, "Iowa": 0.8029794098033184, "Kansas": 0.854987322117436, "Kentucky": 0.8136814204199243, "Louisiana": 0.8715535816483803, "Maine": 0.9088087051444754, "Maryland": 0.9369084877816873, "Michigan": 0.9035567979778634, "Minnesota": 0.9212087740044811, "Mississippi": 0.7803586505674208, "Missouri": 0.8985680783458913, "Montana": 0.7890680502174513, "Nebraska": 0.8517740975892129, "Nevada": 0.557155686352037, "New Hampshire": 0.9204172226971972, "New Jersey": 0.9558366101465378, "New Mexico": 0.8743745361089617, "New York": 0.9719383840768433, "North Carolina": 0.8770500644458337, "North Dakota": 0.7772791474504566, "Ohio": 0.8950176337900189, "Oklahoma": 0.8156032891151815, "Oregon": 0.8974096831198773, "Pennsylvania": 0.9571126345216823, "Rhode Island": 0.9701712272078724, "South Carolina": 0.8079579613777224, "South Dakota": 0.7998265411718151, "Tennessee": 0.8412675299154133, "Texas": 0.8852141217321376, "Utah": 0.8867347962076333, "Vermont": 0.9206735787887126, "Virginia": 0.9106116525798751, "Washington": 0.9186401261086413, "West Virginia": 0.8401305110272536, "Wisconsin": 0.8125179093485912, "Wyoming": 0.5433914706153994}