{"Alabama": 0.8312165656281484, "Alaska": 0.7521307881939252, "Arizona": 0.84093997749591, "Arkansas": 0.7912765385865428, "California": 0.9075677994975485, "Colorado": 0.88368695806542, "Connecticut": 0.9586692279056108, "Delaware": 0.887240051907367, "Florida": 0.8526586721739176, "Georgia": 0.8525057707274396, "Hawaii": 0.757868376089259, "Idaho": 0.8520967791728855, "Illinois": 0.9375533333342142, "Indiana": 0.7757349846083155, "Iowa": 0.8432111706710973, "Kansas": 0.8856231697886083, "Kentucky": 0.8410102198684165, "Louisiana": 0.8585844180382551, "Maine": 0.8998326835919003, "Maryland": 0.9411405113868014, "Michigan": 0.8933458484890474, "Minnesota": 0.9334698299626151, "Mississippi": 0.7885489537272373, "Missouri": 0.910726373721038, "Montana": 0.8483475184693557, "Nebraska": 0.8748313011426947, "Nevada": 0.5594050400645768, "New Hampshire": 0.9080660876683427, "New Jersey": 0.940135410057215, "New Mexico": 0.8930745971725903, "New York": 0.9715979329097205, "North Carolina": 0.8727908092595252, "North Dakota": 0.8744421352679079, "Ohio": 0.8966137094760255, "Oklahoma": 0.8462439377539885, "Oregon": 0.9063447875466167, "Pennsylvania": 0.9577323066530292, "Rhode Island": 0.9675111752045613, "South Carolina": 0.7874713175527651, "South Dakota": 0.8678234581565795, "Tennessee": 0.8438059184869541, "Texas": 0.8797089561481682, "Utah": 0.8761696274919426, "Vermont": 0.9209198679466443, "Virginia": 0.9040619605952662, "Washington": 0.9175414345504479, "West Virginia": 0.8423899427803713, "Wisconsin": 0.8312090276526249, "Wyoming": 0.5694891203610245}