{"Alabama": 0.8264513248888335, "Alaska": 0.7433165536839208, "Arizona": 0.8443906688230368, "Arkansas": 0.7961223771751238, "California": 0.907845305826325, "Colorado": 0.8793716954107055, "Connecticut": 0.9565339115003464, "Delaware": 0.8896389272659564, "Florida": 0.8593060776756408, "Georgia": 0.849941359586764, "Hawaii": 0.75703089666304, "Idaho": 0.8471995555337074, "Illinois": 0.9349544387135238, "Indiana": 0.7806293156964942, "Iowa": 0.8401383098791658, "Kansas": 0.8812067242561811, "Kentucky": 0.8391452554922406, "Louisiana": 0.8509638942019546, "Maine": 0.8963163688802155, "Maryland": 0.9395400760648376, "Michigan": 0.8977502083189358, "Minnesota": 0.9351311450236716, "Mississippi": 0.788012477726983, "Missouri": 0.9074295844722149, "Montana": 0.8358786417648828, "Nebraska": 0.8706290750118685, "Nevada": 0.5624047874632231, "New Hampshire": 0.9078107199116189, "New Jersey": 0.9392037489882432, "New Mexico": 0.8911822265055449, "New York": 0.9732578866546698, "North Carolina": 0.8730504105902889, "North Dakota": 0.8698957317033104, "Ohio": 0.8988289243759147, "Oklahoma": 0.8361510368719055, "Oregon": 0.9043784007476825, "Pennsylvania": 0.9571911055013297, "Rhode Island": 0.968001438749536, "South Carolina": 0.7840121617239767, "South Dakota": 0.8627768069007022, "Tennessee": 0.844565602481973, "Texas": 0.8717460620637899, "Utah": 0.8603186296138613, "Vermont": 0.9191988775193535, "Virginia": 0.9019354211171838, "Washington": 0.91002517930546, "West Virginia": 0.8369294807977494, "Wisconsin": 0.829769767340999, "Wyoming": 0.5510984003594783}