{"Alabama": 0.8243017517960651, "Alaska": 0.7626177551961142, "Arizona": 0.8664927502273756, "Arkansas": 0.7753318035629335, "California": 0.9200534222546489, "Colorado": 0.8857694499057296, "Connecticut": 0.9599546611003994, "Delaware": 0.9164122324816648, "Florida": 0.8733162507903403, "Georgia": 0.8765997364247184, "Hawaii": 0.7509648178758745, "Idaho": 0.8314297353874165, "Illinois": 0.9352049803882763, "Indiana": 0.7896183301289796, "Iowa": 0.7889225593983068, "Kansas": 0.845039061071281, "Kentucky": 0.8134439377141084, "Louisiana": 0.8585252924303493, "Maine": 0.914124083891098, "Maryland": 0.9407472230744617, "Michigan": 0.9088852251378438, "Minnesota": 0.9219763535826702, "Mississippi": 0.780183639578506, "Missouri": 0.8975684211210674, "Montana": 0.784188459748774, "Nebraska": 0.8483917470541544, "Nevada": 0.5666506510276267, "New Hampshire": 0.9188357530208977, "New Jersey": 0.9541752064108078, "New Mexico": 0.8688886038811233, "New York": 0.974233607302476, "North Carolina": 0.8814783138701336, "North Dakota": 0.7635822118888583, "Ohio": 0.8973941772324828, "Oklahoma": 0.7802320617299865, "Oregon": 0.8991269808457448, "Pennsylvania": 0.9555467569413459, "Rhode Island": 0.96925481971661, "South Carolina": 0.805859192987695, "South Dakota": 0.7965445998694284, "Tennessee": 0.847784774294233, "Texas": 0.8687897002487894, "Utah": 0.8817304070280051, "Vermont": 0.9166399429339561, "Virginia": 0.9118201206775166, "Washington": 0.9128889800447157, "West Virginia": 0.8186145935043911, "Wisconsin": 0.8046816070567188, "Wyoming": 0.4881749686068633}