{"Alabama": 0.8270877072475865, "Alaska": 0.7757815708645864, "Arizona": 0.8800257271304343, "Arkansas": 0.7825240477007421, "California": 0.9218866576547929, "Colorado": 0.8951734612378753, "Connecticut": 0.9563015478536155, "Delaware": 0.9146283925672806, "Florida": 0.8806533065162353, "Georgia": 0.8813952752104093, "Hawaii": 0.769047496037563, "Idaho": 0.8444629255309635, "Illinois": 0.9392309225194511, "Indiana": 0.8096298872703889, "Iowa": 0.7945204853318486, "Kansas": 0.8497767807226578, "Kentucky": 0.8232768743392788, "Louisiana": 0.8543193679840895, "Maine": 0.9126612335450014, "Maryland": 0.9469677050735966, "Michigan": 0.920734767014736, "Minnesota": 0.9237050515746382, "Mississippi": 0.7827368450682496, "Missouri": 0.8996354021988217, "Montana": 0.7953295297992385, "Nebraska": 0.8434007268470225, "Nevada": 0.581937112533, "New Hampshire": 0.9184393030755983, "New Jersey": 0.9539213449681803, "New Mexico": 0.8791670917969959, "New York": 0.9753992762080229, "North Carolina": 0.8913653617073728, "North Dakota": 0.7601262934643016, "Ohio": 0.9092209705981614, "Oklahoma": 0.7882268175793454, "Oregon": 0.9052428492441894, "Pennsylvania": 0.9566465299299765, "Rhode Island": 0.9712782054796809, "South Carolina": 0.8097554465529684, "South Dakota": 0.7975672978256769, "Tennessee": 0.857079680590996, "Texas": 0.8718319055493131, "Utah": 0.8913655615509722, "Vermont": 0.9173790768553645, "Virginia": 0.9106004188555772, "Washington": 0.9171975897264436, "West Virginia": 0.8186011654247258, "Wisconsin": 0.8155238328672068, "Wyoming": 0.5333926900434324}