{"Alabama": 0.8355274603918205, "Alaska": 0.7511457654934578, "Arizona": 0.8757063879854878, "Arkansas": 0.8061224710374164, "California": 0.9177345034041103, "Colorado": 0.8930454523453354, "Connecticut": 0.9496707232423751, "Delaware": 0.8986622426353159, "Florida": 0.8850153089288322, "Georgia": 0.8649779377861153, "Hawaii": 0.7811174523483667, "Idaho": 0.8765273164957077, "Illinois": 0.9401761193144996, "Indiana": 0.8192707615642195, "Iowa": 0.8417194802897495, "Kansas": 0.8831995817208083, "Kentucky": 0.8533926608331739, "Louisiana": 0.8437569886392031, "Maine": 0.908416211479512, "Maryland": 0.9496016620608414, "Michigan": 0.9196668695415877, "Minnesota": 0.939086294880742, "Mississippi": 0.7972798682320739, "Missouri": 0.9123178721471525, "Montana": 0.849841488503373, "Nebraska": 0.8697468155467615, "Nevada": 0.583526327625021, "New Hampshire": 0.9097808835298657, "New Jersey": 0.9430438993185705, "New Mexico": 0.8979851745380818, "New York": 0.9761462220912291, "North Carolina": 0.8908160566060813, "North Dakota": 0.8529880452288917, "Ohio": 0.9146206218214186, "Oklahoma": 0.8199125589105409, "Oregon": 0.9218032002113151, "Pennsylvania": 0.9580569083141842, "Rhode Island": 0.9693642894606799, "South Carolina": 0.8013483736894715, "South Dakota": 0.8621093386004625, "Tennessee": 0.8616382464020831, "Texas": 0.868521772302731, "Utah": 0.8865125394180547, "Vermont": 0.9220647190332438, "Virginia": 0.9064118474653442, "Washington": 0.9208288094941306, "West Virginia": 0.8250313442203401, "Wisconsin": 0.8449878233476447, "Wyoming": 0.5647151910860513}