{"Alabama": 0.8407608302457907, "Alaska": 0.7619171290375516, "Arizona": 0.8893967037047503, "Arkansas": 0.816662450495081, "California": 0.9193431982855175, "Colorado": 0.9013778045317774, "Connecticut": 0.9530904945772933, "Delaware": 0.9034603615447804, "Florida": 0.8901016230586558, "Georgia": 0.8714848048598611, "Hawaii": 0.7866205692784914, "Idaho": 0.8913856991230827, "Illinois": 0.9412561789125103, "Indiana": 0.8180221835299898, "Iowa": 0.8468677128835187, "Kansas": 0.886603597703268, "Kentucky": 0.8588547885397207, "Louisiana": 0.8544086250291625, "Maine": 0.9058799012603976, "Maryland": 0.9526493770965577, "Michigan": 0.9185323477352153, "Minnesota": 0.9434786272186825, "Mississippi": 0.8082853170220834, "Missouri": 0.9189449237568363, "Montana": 0.8591570041539859, "Nebraska": 0.8768893554196606, "Nevada": 0.5892083133575399, "New Hampshire": 0.9137050459942556, "New Jersey": 0.9454414637179296, "New Mexico": 0.9030072644024297, "New York": 0.9775555085505875, "North Carolina": 0.89554968875408, "North Dakota": 0.8398109741528207, "Ohio": 0.9192362346308681, "Oklahoma": 0.8083471064043674, "Oregon": 0.9288366102617319, "Pennsylvania": 0.960386702876467, "Rhode Island": 0.9708617540006131, "South Carolina": 0.8085053106590735, "South Dakota": 0.8670415500379851, "Tennessee": 0.8682462936997085, "Texas": 0.873849117185956, "Utah": 0.8987702653349086, "Vermont": 0.9274708083452708, "Virginia": 0.9074829054204934, "Washington": 0.9281302436878552, "West Virginia": 0.8268641787078677, "Wisconsin": 0.8487728026621056, "Wyoming": 0.5649439070498233}