{"Alabama": 0.8322569412280021, "Alaska": 0.7851210697092121, "Arizona": 0.8928417152500843, "Arkansas": 0.7903946242547565, "California": 0.9231152490778107, "Colorado": 0.9030091080615517, "Connecticut": 0.9591994959264869, "Delaware": 0.9164492327338442, "Florida": 0.8849204631855027, "Georgia": 0.8863186018845044, "Hawaii": 0.7737755469918655, "Idaho": 0.8569657513593348, "Illinois": 0.9399209260227411, "Indiana": 0.8049534146246264, "Iowa": 0.7944103488612532, "Kansas": 0.8509373150260556, "Kentucky": 0.8277753674825965, "Louisiana": 0.8644786480335719, "Maine": 0.9100135907839609, "Maryland": 0.9497986411998867, "Michigan": 0.9187364897554594, "Minnesota": 0.9275703651875458, "Mississippi": 0.792760412448834, "Missouri": 0.9055114223368455, "Montana": 0.8038663544239335, "Nebraska": 0.8444151290114968, "Nevada": 0.5867163411766332, "New Hampshire": 0.9218069650763021, "New Jersey": 0.9552360671715677, "New Mexico": 0.8835315868893354, "New York": 0.9762954579388416, "North Carolina": 0.8952432564284606, "North Dakota": 0.7474676198782769, "Ohio": 0.9125718790434887, "Oklahoma": 0.77881953565861, "Oregon": 0.9115452029927891, "Pennsylvania": 0.9587298416602262, "Rhode Island": 0.9726610615981917, "South Carolina": 0.8158896551804372, "South Dakota": 0.7985560411782632, "Tennessee": 0.8633653252777859, "Texas": 0.8769418332942933, "Utah": 0.9015197076680369, "Vermont": 0.9219001403034353, "Virginia": 0.9105566911965729, "Washington": 0.9233778127730426, "West Virginia": 0.8205875710376782, "Wisconsin": 0.816251445700465, "Wyoming": 0.5315907952793852}