{"Alabama": 0.8322724125652509, "Alaska": 0.7909192400849315, "Arizona": 0.8959214136086094, "Arkansas": 0.7949404605337371, "California": 0.9223918472943672, "Colorado": 0.9088527063708388, "Connecticut": 0.957519037916982, "Delaware": 0.9211758421218308, "Florida": 0.8871451199032299, "Georgia": 0.8851519910986589, "Hawaii": 0.7688377005825477, "Idaho": 0.8569616322708228, "Illinois": 0.9369154793915071, "Indiana": 0.7961618800128561, "Iowa": 0.7904987595880602, "Kansas": 0.8515145901801529, "Kentucky": 0.8249537146292029, "Louisiana": 0.8664221156363857, "Maine": 0.9085447895667371, "Maryland": 0.9510965970431655, "Michigan": 0.9078458530069137, "Minnesota": 0.9258155582115458, "Mississippi": 0.7974193852483997, "Missouri": 0.9070555654810586, "Montana": 0.8048048822407067, "Nebraska": 0.841857481821707, "Nevada": 0.5943813460247204, "New Hampshire": 0.9195421662000751, "New Jersey": 0.953876373853934, "New Mexico": 0.8817451565729443, "New York": 0.9754378088486271, "North Carolina": 0.8914823210463929, "North Dakota": 0.7196204067971524, "Ohio": 0.9084640722271206, "Oklahoma": 0.7870483970443388, "Oregon": 0.9104309623414669, "Pennsylvania": 0.9571487557325137, "Rhode Island": 0.9727641544870396, "South Carolina": 0.8154797617332359, "South Dakota": 0.7948529128333697, "Tennessee": 0.860782250873603, "Texas": 0.8780331850901383, "Utah": 0.9042542719639155, "Vermont": 0.919167926651906, "Virginia": 0.915200407349992, "Washington": 0.9215067102050458, "West Virginia": 0.8174115673813132, "Wisconsin": 0.8079164997018662, "Wyoming": 0.5259213759761225}