{"Alabama": 0.8408311694530266, "Alaska": 0.7642818202638991, "Arizona": 0.8928770160561156, "Arkansas": 0.8193195401895581, "California": 0.9186035482192202, "Colorado": 0.9069797843538772, "Connecticut": 0.9516230845647004, "Delaware": 0.9095977505934488, "Florida": 0.8920456842923419, "Georgia": 0.8713604689787606, "Hawaii": 0.7818291023140672, "Idaho": 0.8962840284679768, "Illinois": 0.93866337748481, "Indiana": 0.807700003527184, "Iowa": 0.8431636655918731, "Kansas": 0.8884902491837735, "Kentucky": 0.8558352213085382, "Louisiana": 0.8565622433434732, "Maine": 0.9047063231213801, "Maryland": 0.9539429292280682, "Michigan": 0.9089467434584566, "Minnesota": 0.9415424186696468, "Mississippi": 0.8111933304231069, "Missouri": 0.9201711612512093, "Montana": 0.8595160586314026, "Nebraska": 0.8762582205428859, "Nevada": 0.5967056176685814, "New Hampshire": 0.9118596158090294, "New Jersey": 0.9447171139314371, "New Mexico": 0.902052146701078, "New York": 0.9766343601212291, "North Carolina": 0.8920935397473917, "North Dakota": 0.806058730660157, "Ohio": 0.9158426974459905, "Oklahoma": 0.8135961225227322, "Oregon": 0.9282641556179264, "Pennsylvania": 0.9590427223627638, "Rhode Island": 0.9711980666595893, "South Carolina": 0.8098985199355964, "South Dakota": 0.8650788841202172, "Tennessee": 0.8652858640431508, "Texas": 0.8749612387773299, "Utah": 0.9023554421087548, "Vermont": 0.9261205358071596, "Virginia": 0.9121953152291962, "Washington": 0.9266241903404832, "West Virginia": 0.8230364390323879, "Wisconsin": 0.8423649351245183, "Wyoming": 0.5602105721272814}