{"Alabama": 0.8168427835478732, "Alaska": 0.7826853063057619, "Arizona": 0.8914072507004164, "Arkansas": 0.7977129489087282, "California": 0.935673569233954, "Colorado": 0.9007279890330977, "Connecticut": 0.956260569502296, "Delaware": 0.9194471269633173, "Florida": 0.8791764650297598, "Georgia": 0.8762830377797851, "Hawaii": 0.7598114454648824, "Idaho": 0.8494542787244448, "Illinois": 0.9282290771726047, "Indiana": 0.7806598188945981, "Iowa": 0.7842844767265852, "Kansas": 0.8426738961563522, "Kentucky": 0.8156839743850592, "Louisiana": 0.8620385672042482, "Maine": 0.9189522939621467, "Maryland": 0.9473043522732659, "Michigan": 0.8985896622608374, "Minnesota": 0.9237455323940458, "Mississippi": 0.7891994903871623, "Missouri": 0.9127554956638473, "Montana": 0.802514668584425, "Nebraska": 0.847800690625377, "Nevada": 0.5910076459407141, "New Hampshire": 0.9118237890935802, "New Jersey": 0.9487846379514826, "New Mexico": 0.8748750056610866, "New York": 0.9770446524877361, "North Carolina": 0.8828934085901378, "North Dakota": 0.6757502182890461, "Ohio": 0.8983242252202529, "Oklahoma": 0.7454383121508019, "Oregon": 0.9094746603631492, "Pennsylvania": 0.9571400880676605, "Rhode Island": 0.974709840387409, "South Carolina": 0.7977246816062973, "South Dakota": 0.7893300426819618, "Tennessee": 0.8511305042199221, "Texas": 0.8610714227124144, "Utah": 0.8906581173658574, "Vermont": 0.9189405164443013, "Virginia": 0.9084703558263778, "Washington": 0.9234375782996995, "West Virginia": 0.8136457185476185, "Wisconsin": 0.7979541505120604, "Wyoming": 0.497736285767843}