{"Alabama": 0.8259927137687106, "Alaska": 0.7572259848816734, "Arizona": 0.8870527473179359, "Arkansas": 0.8200242917316939, "California": 0.9328703401673957, "Colorado": 0.8973712775958387, "Connecticut": 0.950442203480738, "Delaware": 0.9083719616381039, "Florida": 0.882621048556676, "Georgia": 0.8644261289708652, "Hawaii": 0.769345864147492, "Idaho": 0.8866219203737417, "Illinois": 0.9311719536045627, "Indiana": 0.7938555299837308, "Iowa": 0.8357796424429973, "Kansas": 0.8781640895988179, "Kentucky": 0.8475695176885428, "Louisiana": 0.8522573448156271, "Maine": 0.9170601676311719, "Maryland": 0.9498302265671483, "Michigan": 0.9003601012953552, "Minnesota": 0.9405390533957885, "Mississippi": 0.8020534100309851, "Missouri": 0.9256121518713061, "Montana": 0.8538352347683414, "Nebraska": 0.8794162150418527, "Nevada": 0.5919088861919862, "New Hampshire": 0.9051516007593972, "New Jersey": 0.9403612156379432, "New Mexico": 0.8940063236257382, "New York": 0.9774430499847221, "North Carolina": 0.8851611314342914, "North Dakota": 0.7508021875672718, "Ohio": 0.9081778217359967, "Oklahoma": 0.7677180833606794, "Oregon": 0.924479972669854, "Pennsylvania": 0.9603590600486273, "Rhode Island": 0.9737686420420404, "South Carolina": 0.793348993962145, "South Dakota": 0.8610741047179963, "Tennessee": 0.8563671239560123, "Texas": 0.8568991272878621, "Utah": 0.8889398547280715, "Vermont": 0.9276603756342323, "Virginia": 0.9050760381193061, "Washington": 0.9305959100282679, "West Virginia": 0.8183739328754314, "Wisconsin": 0.8346951643288951, "Wyoming": 0.5312311377057354}