{"Alabama": 0.8229428343932863, "Alaska": 0.764588671007702, "Arizona": 0.8846512888828133, "Arkansas": 0.8223724161691331, "California": 0.9372423516365542, "Colorado": 0.8939184143006508, "Connecticut": 0.9504644819267516, "Delaware": 0.9075025256659827, "Florida": 0.8798021534339022, "Georgia": 0.8643098485954465, "Hawaii": 0.7685888632639142, "Idaho": 0.8821279794684195, "Illinois": 0.9301194170737901, "Indiana": 0.7872081275200368, "Iowa": 0.8297950738751387, "Kansas": 0.8750638748628082, "Kentucky": 0.8426989910265882, "Louisiana": 0.8533404877916557, "Maine": 0.9069637456658568, "Maryland": 0.9491867924547233, "Michigan": 0.8931766035298497, "Minnesota": 0.9390460562049479, "Mississippi": 0.7939037065562732, "Missouri": 0.9232821469577125, "Montana": 0.8529058746979045, "Nebraska": 0.8736339192352479, "Nevada": 0.5974228154930029, "New Hampshire": 0.9047765942267983, "New Jersey": 0.9414637122648071, "New Mexico": 0.8871767711173779, "New York": 0.9774247629517329, "North Carolina": 0.8831436437368064, "North Dakota": 0.7375430941199778, "Ohio": 0.9031742374128033, "Oklahoma": 0.7547202607834168, "Oregon": 0.9219149546809562, "Pennsylvania": 0.9600878611818906, "Rhode Island": 0.9721512993970338, "South Carolina": 0.7916893027098109, "South Dakota": 0.857816413711658, "Tennessee": 0.8525555602491656, "Texas": 0.8526763657605212, "Utah": 0.8920844951365392, "Vermont": 0.926779237202057, "Virginia": 0.9104180989206244, "Washington": 0.9276975006681091, "West Virginia": 0.8202304151384614, "Wisconsin": 0.8295032650928842, "Wyoming": 0.5459810266804827}