{"Alabama": 0.8118457095639093, "Alaska": 0.7901334955945967, "Arizona": 0.8889316461417449, "Arkansas": 0.7968793298401899, "California": 0.9396856375590471, "Colorado": 0.8973171474030301, "Connecticut": 0.956096287428915, "Delaware": 0.9174599292619671, "Florida": 0.876924098460317, "Georgia": 0.8747462100227587, "Hawaii": 0.759638468983369, "Idaho": 0.8462811190915458, "Illinois": 0.9270826372596516, "Indiana": 0.7730908122516676, "Iowa": 0.7746206072390401, "Kansas": 0.8408178252004163, "Kentucky": 0.8104643096600043, "Louisiana": 0.8625905516445157, "Maine": 0.9088512610429663, "Maryland": 0.9465960083771483, "Michigan": 0.8906230911247718, "Minnesota": 0.922555947624057, "Mississippi": 0.7826811206567198, "Missouri": 0.9096385059934086, "Montana": 0.8024946027792753, "Nebraska": 0.8408889443082777, "Nevada": 0.5970681338675758, "New Hampshire": 0.9107786090502784, "New Jersey": 0.9492087755560215, "New Mexico": 0.867581358589621, "New York": 0.9770523778577473, "North Carolina": 0.8801308053204848, "North Dakota": 0.6650425357569495, "Ohio": 0.8931676069553828, "Oklahoma": 0.7325636654325095, "Oregon": 0.9062506873458173, "Pennsylvania": 0.9566136704195177, "Rhode Island": 0.9730510378481511, "South Carolina": 0.7946668208691575, "South Dakota": 0.7883582378264868, "Tennessee": 0.8467942609774465, "Texas": 0.8568030950213091, "Utah": 0.8931044842530789, "Vermont": 0.9164085290098518, "Virginia": 0.9132117398069877, "Washington": 0.9214822307115086, "West Virginia": 0.8150469374814552, "Wisconsin": 0.7908001599196983, "Wyoming": 0.5142031083854999}