{"Alabama": 0.8160965031412578, "Alaska": 0.7532426019720444, "Arizona": 0.8813413013364881, "Arkansas": 0.8189677516737335, "California": 0.9358456647754128, "Colorado": 0.892424379840486, "Connecticut": 0.9539896551105509, "Delaware": 0.9041760858708661, "Florida": 0.8764992214622798, "Georgia": 0.8590438213231847, "Hawaii": 0.7639725672479013, "Idaho": 0.8824995130226349, "Illinois": 0.9280825966390863, "Indiana": 0.7769771502092218, "Iowa": 0.8261726513255204, "Kansas": 0.872062493441534, "Kentucky": 0.8333901781997816, "Louisiana": 0.8516693839161222, "Maine": 0.9046030302323634, "Maryland": 0.948743627929009, "Michigan": 0.8858198281859937, "Minnesota": 0.9379787018953148, "Mississippi": 0.7877423776796673, "Missouri": 0.9208501115729976, "Montana": 0.8510145127964525, "Nebraska": 0.8696884037914292, "Nevada": 0.593759878105266, "New Hampshire": 0.9042985359476241, "New Jersey": 0.9406032757367944, "New Mexico": 0.8838318301651125, "New York": 0.9769812521013245, "North Carolina": 0.8788635805771132, "North Dakota": 0.7149466029698551, "Ohio": 0.8987143626164417, "Oklahoma": 0.741682762351524, "Oregon": 0.9199092151248732, "Pennsylvania": 0.9593661856613142, "Rhode Island": 0.9715944158233217, "South Carolina": 0.7867119708251489, "South Dakota": 0.8506176177103315, "Tennessee": 0.8472689537268331, "Texas": 0.8473210258705508, "Utah": 0.8883033515450723, "Vermont": 0.9256688997673475, "Virginia": 0.9110853723637832, "Washington": 0.9255798867351476, "West Virginia": 0.8235842945820717, "Wisconsin": 0.8243155412383917, "Wyoming": 0.5311689457552973}