{"Alabama": 0.9844103597056056, "Alaska": 0.608095421567461, "Arizona": 0.8073221678160922, "Arkansas": 0.9636314347266798, "California": 0.8532140085035205, "Colorado": 0.775866726370389, "Connecticut": 0.8029824557733892, "Delaware": 0.817355715401929, "Florida": 0.7544704824077377, "Georgia": 0.9460735583287841, "Hawaii": 0.6155121519936452, "Idaho": 0.8866236435871528, "Illinois": 0.8876225627717907, "Indiana": 0.8867499280697243, "Iowa": 0.9258147019733179, "Kansas": 0.9129460585624828, "Kentucky": 0.9428637568397038, "Louisiana": 0.839365400950788, "Maine": 0.8807576818724132, "Maryland": 0.7638108425154957, "Massachusetts": 0.7790100012601722, "Michigan": 0.8625164361837523, "Minnesota": 0.90251197638132, "Mississippi": 0.9504521333522801, "Missouri": 0.9084347093137685, "Montana": 0.7382833359174035, "Nebraska": 0.8976710515105187, "Nevada": 0.4850087030291624, "New Hampshire": 0.881567619644718, "New Jersey": 0.8244520676027154, "New Mexico": 0.7546987693067666, "New York": 0.7206567484136494, "North Dakota": 0.7470290235774343, "Ohio": 0.9115093156794162, "Oklahoma": 0.8512949054561215, "Oregon": 0.8874767602205127, "Pennsylvania": 0.8907856376700073, "Rhode Island": 0.8252645545503056, "South Carolina": 0.9786551886230868, "South Dakota": 0.8263160803813344, "Tennessee": 0.9638347714361035, "Texas": 0.8775339156494982, "Utah": 0.8755122095489554, "Vermont": 0.8642526558258373, "Virginia": 0.8631106550417187, "Washington": 0.8784412165605645, "West Virginia": 0.8216910153870833, "Wisconsin": 0.9380234010503608, "Wyoming": 0.6233196690305255}