{"Alabama": 0.9861574495589264, "Alaska": 0.6321892460782469, "Arizona": 0.8245486123399512, "Arkansas": 0.9666643708602778, "California": 0.8610405366598791, "Colorado": 0.7876879491568315, "Connecticut": 0.8177302185950052, "Delaware": 0.8300697561234903, "Florida": 0.7627907548007621, "Georgia": 0.9461303657080429, "Hawaii": 0.6359088795865698, "Idaho": 0.9077410826831729, "Illinois": 0.899468842266183, "Indiana": 0.8956473181895307, "Iowa": 0.9370152594001586, "Kansas": 0.9269102218698144, "Kentucky": 0.9498013780975604, "Louisiana": 0.8605022889334614, "Maine": 0.887079557084021, "Maryland": 0.7785906478685108, "Massachusetts": 0.7927444067143021, "Michigan": 0.87673657286604, "Minnesota": 0.9150739328445288, "Mississippi": 0.9494742433020581, "Missouri": 0.9220751580629537, "Montana": 0.7636030049921555, "Nebraska": 0.902636089554484, "Nevada": 0.4919286064549337, "New Hampshire": 0.8932660060076659, "New Jersey": 0.8276228865152443, "New Mexico": 0.7771227737951097, "New York": 0.731644868260442, "North Dakota": 0.7684560542878778, "Ohio": 0.9250297620377328, "Oklahoma": 0.8704709932462869, "Oregon": 0.9013716362663106, "Pennsylvania": 0.900496447388459, "Rhode Island": 0.8393383969823675, "South Carolina": 0.976592838775348, "South Dakota": 0.8399680715681336, "Tennessee": 0.9651658741852208, "Texas": 0.8895095010651712, "Utah": 0.8911028442925528, "Vermont": 0.8770755034533756, "Virginia": 0.8625306482175236, "Washington": 0.8937052243864437, "West Virginia": 0.8399909616820803, "Wisconsin": 0.9477800656478601, "Wyoming": 0.6487447935421152}