{"Alabama": 0.9876338467090633, "Alaska": 0.6326218484510067, "Arizona": 0.8712438644698048, "Arkansas": 0.965150849382018, "California": 0.9031782620509974, "Colorado": 0.8415567346623871, "Connecticut": 0.8543055208117687, "Delaware": 0.8362464669719515, "Florida": 0.8407261232634741, "Georgia": 0.959441159827786, "Hawaii": 0.6753393110375897, "Idaho": 0.946948083532686, "Illinois": 0.9324202343238394, "Indiana": 0.9117916939042232, "Iowa": 0.9500307249031511, "Kansas": 0.9530344322744323, "Kentucky": 0.9606968157202468, "Louisiana": 0.9050431227346895, "Maine": 0.9098212086454951, "Maryland": 0.8399688048469758, "Massachusetts": 0.8318308791972107, "Michigan": 0.9063037214352861, "Minnesota": 0.9399240564579037, "Mississippi": 0.9511167821555009, "Missouri": 0.9490945708979822, "Montana": 0.8346711763171225, "Nebraska": 0.938905944024001, "Nevada": 0.5863255890309487, "New Hampshire": 0.9198170236974739, "New Jersey": 0.8716687920381491, "New Mexico": 0.84821545218211, "New York": 0.789003521999074, "North Dakota": 0.851226029541128, "Ohio": 0.9469381256414249, "Oklahoma": 0.9127909770397048, "Oregon": 0.9309477451118101, "Pennsylvania": 0.9241648880453457, "Rhode Island": 0.778388704086807, "South Carolina": 0.9822422964191051, "South Dakota": 0.8859349359377163, "Tennessee": 0.9707467281233721, "Texas": 0.9246976985956846, "Utah": 0.9188407027112647, "Vermont": 0.8304769306505728, "Virginia": 0.8904047303262246, "Washington": 0.9198384700730746, "West Virginia": 0.8750741522643432, "Wisconsin": 0.9546709067743099, "Wyoming": 0.5013487791655477}