{"Alabama": 0.9873435763652236, "Alaska": 0.7672896798643634, "Arizona": 0.8864359432160448, "Arkansas": 0.9641385155440481, "California": 0.9104210966283705, "Colorado": 0.8555245724033711, "Connecticut": 0.864544882304573, "Delaware": 0.8579055278195272, "Florida": 0.857096987620533, "Georgia": 0.9643583426207258, "Hawaii": 0.710266098926086, "Idaho": 0.9527859554773097, "Illinois": 0.9422779409302859, "Indiana": 0.9130501015203449, "Iowa": 0.9527472437395286, "Kansas": 0.9576485202593455, "Kentucky": 0.9649520756208017, "Louisiana": 0.9170018887419019, "Maine": 0.9204720076849762, "Maryland": 0.8552170772810909, "Massachusetts": 0.8457681467286725, "Michigan": 0.9148492733470001, "Minnesota": 0.9456195904311357, "Mississippi": 0.9496648443805804, "Missouri": 0.9568008749199928, "Montana": 0.8541058060924391, "Nebraska": 0.9413081461757774, "Nevada": 0.6141421415940388, "New Hampshire": 0.9266518973078538, "New Jersey": 0.8873240923631492, "New Mexico": 0.8631540601287755, "New York": 0.8068098725310652, "North Dakota": 0.8677427722406351, "Ohio": 0.951849372051634, "Oklahoma": 0.916294417172166, "Oregon": 0.9350017605148155, "Pennsylvania": 0.9286598732880511, "Rhode Island": 0.8917296360263404, "South Carolina": 0.9803421707514338, "South Dakota": 0.8981152272128224, "Tennessee": 0.9753114944108912, "Texas": 0.9313365838437415, "Utah": 0.9302521009017308, "Vermont": 0.9027669410676751, "Virginia": 0.8949222662352474, "Washington": 0.9281040237848723, "West Virginia": 0.8839552768073461, "Wisconsin": 0.9535454515152479, "Wyoming": 0.6393969341874043}