{"Alabama": 0.9868769895808797, "Alaska": 0.7833195673323576, "Arizona": 0.8998240385125269, "Arkansas": 0.963215346620125, "California": 0.9205552057832084, "Colorado": 0.8693720229309193, "Connecticut": 0.8797549953136007, "Delaware": 0.87081353859181, "Florida": 0.875552713413425, "Georgia": 0.9670753862960662, "Hawaii": 0.7809524510351283, "Idaho": 0.9600222099061093, "Illinois": 0.9477101613018462, "Indiana": 0.9139769406919596, "Iowa": 0.9522155509976082, "Kansas": 0.9641738799929522, "Kentucky": 0.9679704041645077, "Louisiana": 0.9292354490075063, "Maine": 0.9226091338428556, "Maryland": 0.8679449222472738, "Massachusetts": 0.8573982226149528, "Michigan": 0.926010307919089, "Minnesota": 0.9508250569323569, "Mississippi": 0.9495426949428712, "Missouri": 0.9665964390124316, "Montana": 0.8702262044115169, "Nebraska": 0.9425605795873877, "Nevada": 0.6433821091217146, "New Hampshire": 0.933268196541914, "New Jersey": 0.8953247117277758, "New Mexico": 0.8796359271483607, "New York": 0.8189147636291966, "North Dakota": 0.8853579900201805, "Ohio": 0.9567961938070333, "Oklahoma": 0.9290919965122495, "Oregon": 0.9470672971536609, "Pennsylvania": 0.9336237564585963, "Rhode Island": 0.7539338132191004, "South Carolina": 0.9781622212678782, "South Dakota": 0.9100642760908714, "Tennessee": 0.9765445078799577, "Texas": 0.9407616620334145, "Utah": 0.9418832435510087, "Vermont": 0.9142811950447729, "Virginia": 0.8971167621391083, "Washington": 0.9388923603476227, "West Virginia": 0.8915751171862621, "Wisconsin": 0.9524368398674516, "Wyoming": 0.6439321835403136}