{"Alabama": 0.9853956256174718, "Alaska": 0.7933004376174628, "Arizona": 0.9064944080554107, "Arkansas": 0.9634275952540811, "California": 0.92429527346724, "Colorado": 0.8789660859679993, "Connecticut": 0.8896784749972749, "Delaware": 0.7406646670342681, "Florida": 0.8853452010109202, "Georgia": 0.9667983836902647, "Hawaii": 0.7950698985437834, "Idaho": 0.9612861340103689, "Illinois": 0.9495139021092028, "Indiana": 0.9132895432251326, "Iowa": 0.9515369584916074, "Kansas": 0.9666358626084728, "Kentucky": 0.9671669445607826, "Louisiana": 0.9387864638317984, "Maine": 0.9279192607471242, "Maryland": 0.8776028457818312, "Massachusetts": 0.8638188027417888, "Michigan": 0.9330047486060938, "Minnesota": 0.9539500486967016, "Mississippi": 0.953233871973652, "Missouri": 0.9717740686800723, "Montana": 0.8820715362130013, "Nebraska": 0.9407274809456851, "Nevada": 0.6554033021355666, "New Hampshire": 0.9398689108213192, "New Jersey": 0.8988803320416477, "New Mexico": 0.8915609939552424, "New York": 0.8263881969449177, "North Dakota": 0.8973778449869106, "Ohio": 0.9564883515345299, "Oklahoma": 0.932668940613318, "Oregon": 0.9551418945871543, "Pennsylvania": 0.9339240428061122, "Rhode Island": 0.9040397000365851, "South Carolina": 0.9766991803411595, "South Dakota": 0.9163286225444697, "Tennessee": 0.9761963603838916, "Texas": 0.9458399085836057, "Utah": 0.9452682724586268, "Vermont": 0.9225820830845537, "Virginia": 0.8994685570311646, "Washington": 0.9482844609568293, "West Virginia": 0.8931245684605591, "Wisconsin": 0.9492425157161729, "Wyoming": 0.6998267945359775}