{"Alabama": 0.9811749300277723, "Alaska": 0.7954303677695708, "Arizona": 0.9175007607178098, "Arkansas": 0.9601257973153041, "California": 0.9294216347619167, "Colorado": 0.8904016652687047, "Connecticut": 0.8976074979713748, "Delaware": 0.8932811663215932, "Florida": 0.9052687251728929, "Georgia": 0.9687137528805931, "Hawaii": 0.8127163834063257, "Idaho": 0.9628655322366438, "Illinois": 0.9538698000980639, "Indiana": 0.9108733657836531, "Iowa": 0.9465037198689203, "Kansas": 0.9657723403161734, "Kentucky": 0.9649821956031238, "Louisiana": 0.9481463905163886, "Maine": 0.9330882292214023, "Maryland": 0.8901659144767683, "Massachusetts": 0.8727908092595251, "Michigan": 0.9362405381058986, "Minnesota": 0.9534350672097013, "Mississippi": 0.9551908785620213, "Missouri": 0.9771204814785117, "Montana": 0.8962141507016466, "Nebraska": 0.9419520751335375, "Nevada": 0.6745818980645036, "New Hampshire": 0.9440384380045942, "New Jersey": 0.9058106385809407, "New Mexico": 0.9013671298245642, "New York": 0.8362209770325818, "North Dakota": 0.902989226101986, "Ohio": 0.9545681478959132, "Oklahoma": 0.9316601618446, "Oregon": 0.9630068175081784, "Pennsylvania": 0.9339234349915563, "Rhode Island": 0.9082052106563935, "South Carolina": 0.9750825721490621, "South Dakota": 0.9199000152035075, "Tennessee": 0.9776649081850312, "Texas": 0.9512531962177704, "Utah": 0.9467468128658036, "Vermont": 0.9260387991989827, "Virginia": 0.9031253013753494, "Washington": 0.9572360925370408, "West Virginia": 0.8952042428693574, "Wisconsin": 0.9421355622911125, "Wyoming": 0.6748962160437169}