{"Alabama": 0.979162479971505, "Alaska": 0.7966966711699839, "Arizona": 0.9280670770663888, "Arkansas": 0.9581515580020734, "California": 0.9311363140377331, "Colorado": 0.8957895926212825, "Connecticut": 0.8971986328760312, "Delaware": 0.8995448509345426, "Florida": 0.917502669115825, "Georgia": 0.9688034987694938, "Hawaii": 0.8288908952832943, "Idaho": 0.9680515116779623, "Illinois": 0.9531370135897942, "Indiana": 0.9113663310764357, "Iowa": 0.9404845178694208, "Kansas": 0.9628106422286957, "Kentucky": 0.9641131931147052, "Louisiana": 0.9547757250331564, "Maine": 0.940309556836449, "Maryland": 0.9007822816747735, "Massachusetts": 0.8730504105902889, "Michigan": 0.9367460216278048, "Minnesota": 0.9496718776945732, "Mississippi": 0.9547851088150191, "Missouri": 0.9800579483993048, "Montana": 0.9075162475339059, "Nebraska": 0.9400569557936201, "Nevada": 0.6872852435664567, "New Hampshire": 0.9456489244342658, "New Jersey": 0.905781470640965, "New Mexico": 0.9083353201830621, "New York": 0.846138773006112, "North Dakota": 0.9083837421367472, "Ohio": 0.9537457560350532, "Oklahoma": 0.9275607581131081, "Oregon": 0.967362463860656, "Pennsylvania": 0.9353792822570255, "Rhode Island": 0.9075995189078301, "South Carolina": 0.9730514072032675, "South Dakota": 0.9198515556371694, "Tennessee": 0.9793427803378767, "Texas": 0.9536269230294695, "Utah": 0.9430820041573456, "Vermont": 0.9287575121977385, "Virginia": 0.9041785117228409, "Washington": 0.9596472716463972, "West Virginia": 0.8976774239117372, "Wisconsin": 0.9362133345806801, "Wyoming": 0.6802390974471428}