{"Alabama": 0.9784397160687736, "Alaska": 0.7924500270553909, "Arizona": 0.9338502303483488, "Arkansas": 0.9576595662279792, "California": 0.9324943814710427, "Colorado": 0.8963704514875965, "Connecticut": 0.895794137325613, "Delaware": 0.9006008132134067, "Florida": 0.926248912601893, "Georgia": 0.9685853607280602, "Hawaii": 0.8457690034381061, "Idaho": 0.972108961805642, "Illinois": 0.9557122713096786, "Indiana": 0.9182324489359289, "Iowa": 0.9415378253019464, "Kansas": 0.9600719477951659, "Kentucky": 0.9660800016717779, "Louisiana": 0.9478577671993359, "Maine": 0.9572285718813488, "Maryland": 0.9045862315908142, "Massachusetts": 0.8793869574265071, "Michigan": 0.9459759507654769, "Minnesota": 0.9490268901184462, "Mississippi": 0.9571221637026701, "Missouri": 0.9838702976637808, "Montana": 0.9093072432841252, "Nebraska": 0.9440084616631955, "Nevada": 0.6918340641628197, "New Hampshire": 0.9487194067191597, "New Jersey": 0.9125243854649274, "New Mexico": 0.9089413906806375, "New York": 0.8602096577014567, "North Dakota": 0.9126853004797664, "Ohio": 0.956867068271536, "Oklahoma": 0.9076336183720894, "Oregon": 0.9679510767367427, "Pennsylvania": 0.9391862960556367, "Rhode Island": 0.9105332007173828, "South Carolina": 0.973634139406917, "South Dakota": 0.9245409432560522, "Tennessee": 0.9820642548498275, "Texas": 0.9461477626464246, "Utah": 0.9411834795276928, "Vermont": 0.9322541116714068, "Virginia": 0.9015013392997626, "Washington": 0.9590375564885919, "West Virginia": 0.8882742679380465, "Wisconsin": 0.9373777251411836, "Wyoming": 0.6444842675963354}