{"Alabama": 0.9770633117860688, "Alaska": 0.8211960715417757, "Arizona": 0.9384727098319631, "Arkansas": 0.9600745494574884, "California": 0.9376476966646512, "Colorado": 0.9033589109353402, "Connecticut": 0.8944463521171367, "Delaware": 0.9036749643350334, "Florida": 0.935900586959155, "Georgia": 0.9711005094301305, "Hawaii": 0.8711280484574779, "Idaho": 0.9779076361871986, "Illinois": 0.9589361584653895, "Indiana": 0.9358048787743845, "Iowa": 0.9450200984616058, "Kansas": 0.9668372310805645, "Kentucky": 0.970324392413335, "Louisiana": 0.952855566294277, "Maine": 0.9657182982170728, "Maryland": 0.9163742334449108, "Massachusetts": 0.8908160566060813, "Michigan": 0.9616446875979443, "Minnesota": 0.9510346755421926, "Mississippi": 0.9583266295762255, "Missouri": 0.9864955317719099, "Montana": 0.9253719123766164, "Nebraska": 0.94909621099241, "Nevada": 0.7011993240412602, "New Hampshire": 0.9531573972835917, "New Jersey": 0.9259647798979431, "New Mexico": 0.9230810388612954, "New York": 0.8834125736148404, "North Dakota": 0.9204405780058561, "Ohio": 0.9653571417684627, "Oklahoma": 0.9208963514851308, "Oregon": 0.9716615561635965, "Pennsylvania": 0.9466435381091609, "Rhode Island": 0.9210225311457029, "South Carolina": 0.9720669247480764, "South Dakota": 0.9299378593520884, "Tennessee": 0.9837966282560546, "Texas": 0.9512209022755734, "Utah": 0.9377253688001752, "Vermont": 0.9392233452252999, "Virginia": 0.9009116590653489, "Washington": 0.9601317252345495, "West Virginia": 0.89766536102199, "Wisconsin": 0.9439382219834664, "Wyoming": 0.6879074396225594}