{"Alabama": 0.977596337019872, "Alaska": 0.8120167720962181, "Arizona": 0.9440934963054146, "Arkansas": 0.9561276266657488, "California": 0.9390576024000526, "Colorado": 0.9067841555450901, "Connecticut": 0.8949579864477633, "Delaware": 0.9083453094506309, "Florida": 0.9399099284436081, "Georgia": 0.974153096835162, "Hawaii": 0.8750801484205657, "Idaho": 0.9776964734954547, "Illinois": 0.9607903384179832, "Indiana": 0.9279147608748226, "Iowa": 0.9402330716976544, "Kansas": 0.9642380357844575, "Kentucky": 0.9690091759903805, "Louisiana": 0.9476627325219275, "Maine": 0.9506605937420742, "Maryland": 0.9182485407163421, "Massachusetts": 0.8955496887540801, "Michigan": 0.9604579186744808, "Minnesota": 0.9486311353279676, "Mississippi": 0.9579898467462954, "Missouri": 0.984508043809939, "Montana": 0.9196131728731404, "Nebraska": 0.9459864886955991, "Nevada": 0.6987275944357055, "New Hampshire": 0.9522949281207925, "New Jersey": 0.9319461187007774, "New Mexico": 0.9187572067508193, "New York": 0.8867255089436554, "North Dakota": 0.8939585818454583, "Ohio": 0.9629052137965504, "Oklahoma": 0.9010723417403658, "Oregon": 0.9682743623403031, "Pennsylvania": 0.9448779535754585, "Rhode Island": 0.9202842931997571, "South Carolina": 0.9744110840060123, "South Dakota": 0.9255501941167046, "Tennessee": 0.9841282205997723, "Texas": 0.9487478684645216, "Utah": 0.9464329614409128, "Vermont": 0.9328739474410814, "Virginia": 0.9003793394073427, "Washington": 0.9563235375259238, "West Virginia": 0.8855608514439538, "Wisconsin": 0.9416906179883582, "Wyoming": 0.666875545820829}