{"Alabama": 0.9778987755555302, "Alaska": 0.8078661389569934, "Arizona": 0.9465697506526954, "Arkansas": 0.9559086351560645, "California": 0.9394996387773294, "Colorado": 0.9094883011126942, "Connecticut": 0.8901975718841358, "Delaware": 0.9041722288198174, "Florida": 0.9418327885194201, "Georgia": 0.976418279515615, "Hawaii": 0.8754485766549076, "Idaho": 0.9773904574800012, "Illinois": 0.9598463692564742, "Indiana": 0.9214237509101209, "Iowa": 0.9340132834285708, "Kansas": 0.9652800838164949, "Kentucky": 0.9677499729136975, "Louisiana": 0.9478462996922782, "Maine": 0.9476929473553373, "Maryland": 0.9180534811564088, "Massachusetts": 0.8920935397473917, "Michigan": 0.9572382578144616, "Minnesota": 0.9465385277924884, "Mississippi": 0.9580791121517513, "Missouri": 0.982989937220011, "Montana": 0.9174185104929287, "Nebraska": 0.9433968251753078, "Nevada": 0.7023161672921627, "New Hampshire": 0.9496443282722495, "New Jersey": 0.9305474826130078, "New Mexico": 0.9163013478728441, "New York": 0.8845257082327576, "North Dakota": 0.8630186236093583, "Ohio": 0.9607355734904842, "Oklahoma": 0.9086967415315977, "Oregon": 0.9656020303304267, "Pennsylvania": 0.9413058509399291, "Rhode Island": 0.916411473608841, "South Carolina": 0.9768278196443259, "South Dakota": 0.9225760948010059, "Tennessee": 0.9839466490462248, "Texas": 0.9502505792798013, "Utah": 0.9452352847261395, "Vermont": 0.9294107497688832, "Virginia": 0.9035329861115202, "Washington": 0.9540191714251955, "West Virginia": 0.8795522653539068, "Wisconsin": 0.9349893800920583, "Wyoming": 0.6526288886325576}