{"Alabama": 0.9777885946515986, "Alaska": 0.7884896617728142, "Arizona": 0.9496050800011888, "Arkansas": 0.9503955810347449, "California": 0.9451858774835284, "Colorado": 0.9098154555150203, "Connecticut": 0.8933639954554017, "Delaware": 0.8983844134308951, "Florida": 0.9415489121473223, "Georgia": 0.9763293374052848, "Hawaii": 0.8749339559071978, "Idaho": 0.9764210891312921, "Illinois": 0.9586303150635642, "Indiana": 0.9164783477848193, "Iowa": 0.9330958042690215, "Kansas": 0.9584033796120642, "Kentucky": 0.9647635390027433, "Louisiana": 0.940930231606106, "Maine": 0.9548688843625148, "Maryland": 0.916919547374014, "Massachusetts": 0.8851611314342914, "Michigan": 0.9543159870107343, "Minnesota": 0.9448359733814545, "Mississippi": 0.9566646815045203, "Missouri": 0.9793419635564357, "Montana": 0.9102777499166121, "Nebraska": 0.9430553532374385, "Nevada": 0.7127743501366238, "New Hampshire": 0.9519685281266468, "New Jersey": 0.9304595192130145, "New Mexico": 0.9071621290803153, "New York": 0.8842733549385952, "North Dakota": 0.8117720791768724, "Ohio": 0.9590496516051874, "Oklahoma": 0.8663660516532686, "Oregon": 0.9668349860424528, "Pennsylvania": 0.9388154129833222, "Rhode Island": 0.9179656923670133, "South Carolina": 0.9771009821489035, "South Dakota": 0.919884740867475, "Tennessee": 0.9825521440622051, "Texas": 0.9392152088318414, "Utah": 0.9468174022994996, "Vermont": 0.9291139581232312, "Virginia": 0.9065397168587807, "Washington": 0.9518997777070873, "West Virginia": 0.8688067290376668, "Wisconsin": 0.9306263682229104, "Wyoming": 0.6240292859723524}