{"Alabama": 0.9762204831012421, "Alaska": 0.7948485605606392, "Arizona": 0.9509168594365967, "Arkansas": 0.9522258468625348, "California": 0.9466086851525873, "Colorado": 0.9063629375718997, "Connecticut": 0.8951205654948016, "Delaware": 0.8961754630171224, "Florida": 0.9425517487435868, "Georgia": 0.9773331243411103, "Hawaii": 0.8787164276128339, "Idaho": 0.9780132735737325, "Illinois": 0.9577344673502238, "Indiana": 0.9135013555643016, "Iowa": 0.9308871659684724, "Kansas": 0.9569081919322842, "Kentucky": 0.9662265871071138, "Louisiana": 0.940256564760707, "Maine": 0.94472552593541, "Maryland": 0.917597989651842, "Massachusetts": 0.8831436437368064, "Michigan": 0.9520615281916917, "Minnesota": 0.941317853646752, "Mississippi": 0.9560745463649373, "Missouri": 0.9784381384691954, "Montana": 0.9064487448743265, "Nebraska": 0.9426514645198153, "Nevada": 0.7252224545628444, "New Hampshire": 0.9531967533130231, "New Jersey": 0.9304471564365133, "New Mexico": 0.9040699318921842, "New York": 0.8848145587285003, "North Dakota": 0.7996487026097941, "Ohio": 0.9576114237423831, "Oklahoma": 0.8567807823546555, "Oregon": 0.9673593595886599, "Pennsylvania": 0.9377564099256709, "Rhode Island": 0.9171037512742484, "South Carolina": 0.9780925877782766, "South Dakota": 0.9165818037555933, "Tennessee": 0.982330837643363, "Texas": 0.9352106108631837, "Utah": 0.9473288647299972, "Vermont": 0.9292613088333065, "Virginia": 0.9101990533049762, "Washington": 0.9522289594776109, "West Virginia": 0.8704853776838802, "Wisconsin": 0.9303475349034935, "Wyoming": 0.6414990574865711}