{"Alabama": 0.9745099181652753, "Alaska": 0.7857452764154613, "Arizona": 0.9522305592043142, "Arkansas": 0.9524076898511313, "California": 0.9477584766406459, "Colorado": 0.9075240068933864, "Connecticut": 0.8958096872873428, "Delaware": 0.8920645491978453, "Florida": 0.9450998698376204, "Georgia": 0.9776517062663048, "Hawaii": 0.8805135222671502, "Idaho": 0.976734784606491, "Illinois": 0.9583061819760801, "Indiana": 0.9085043725362819, "Iowa": 0.9297813162250761, "Kansas": 0.9569045794125597, "Kentucky": 0.9647056870191261, "Louisiana": 0.936906189026352, "Maine": 0.943414022733024, "Maryland": 0.9156497976354194, "Massachusetts": 0.8788635805771132, "Michigan": 0.9486947173874681, "Minnesota": 0.9382984137859084, "Mississippi": 0.953959950965165, "Missouri": 0.9780165123487743, "Montana": 0.9043115720746382, "Nebraska": 0.9423238475536424, "Nevada": 0.7296957994705146, "New Hampshire": 0.9564571176644087, "New Jersey": 0.9312503814498073, "New Mexico": 0.8978860967105912, "New York": 0.8826926741738773, "North Dakota": 0.7776466992611569, "Ohio": 0.955483714851704, "Oklahoma": 0.8474178860496805, "Oregon": 0.9669286116662217, "Pennsylvania": 0.9337982269938384, "Rhode Island": 0.9166077190616777, "South Carolina": 0.9790244919658592, "South Dakota": 0.9136286202221033, "Tennessee": 0.9820577135491393, "Texas": 0.9333088110556155, "Utah": 0.9474835390269253, "Vermont": 0.9268048780059657, "Virginia": 0.916034545893332, "Washington": 0.9523384231118363, "West Virginia": 0.8714248957646777, "Wisconsin": 0.9277985661552761, "Wyoming": 0.6270270862691631}