{"Alabama": 0.9480112105456958, "Alaska": 0.7323792916423761, "Arizona": 0.885944238338542, "Arkansas": 0.899135990528788, "California": 0.9213072038113798, "Colorado": 0.8901436197321676, "Connecticut": 0.818988726237998, "Delaware": 0.8975925291920146, "Florida": 0.883489733013468, "Hawaii": 0.7740926758780717, "Idaho": 0.9243845734397812, "Illinois": 0.9199926376566546, "Indiana": 0.8076634290688482, "Iowa": 0.9150033596807057, "Kansas": 0.9249915388934753, "Kentucky": 0.919718494158965, "Louisiana": 0.9030241638511992, "Maine": 0.8979426462581855, "Maryland": 0.8821219556401853, "Massachusetts": 0.8259495764672349, "Michigan": 0.8204814986085709, "Minnesota": 0.9162766599130993, "Mississippi": 0.8760854203199505, "Missouri": 0.9378337355346068, "Montana": 0.8404848992224185, "Nebraska": 0.9581874695083754, "Nevada": 0.5869847174100635, "New Hampshire": 0.8662712609592413, "New Jersey": 0.9328071606403161, "New Mexico": 0.8618140782878425, "New York": 0.8167496008010966, "North Carolina": 0.9460735583287841, "North Dakota": 0.8343516092250615, "Ohio": 0.8785377650107908, "Oklahoma": 0.9012002481606568, "Oregon": 0.904594324525364, "Pennsylvania": 0.8960964987017743, "Rhode Island": 0.8172918228686619, "South Carolina": 0.953272947421381, "South Dakota": 0.8650780962039576, "Tennessee": 0.945639671888682, "Texas": 0.9424731997843093, "Utah": 0.9252564945696651, "Vermont": 0.8627731779036295, "Virginia": 0.9460784132858433, "Washington": 0.9072328409047505, "West Virginia": 0.856863402358554, "Wisconsin": 0.8683737945546595, "Wyoming": 0.7218517892056212}