{"Alabama": 0.9464522729097985, "Alaska": 0.7515158656047288, "Arizona": 0.8990117268182262, "Arkansas": 0.8944884385675452, "California": 0.9241031733370343, "Colorado": 0.8961841681674757, "Connecticut": 0.8273607165741885, "Delaware": 0.8973631125299794, "Florida": 0.8870233542967833, "Hawaii": 0.7804862353258442, "Idaho": 0.9315627623906696, "Illinois": 0.9261870949682056, "Indiana": 0.8014685672358469, "Iowa": 0.9102557170166304, "Kansas": 0.927053138903657, "Kentucky": 0.9145435320007024, "Louisiana": 0.9161096888724015, "Maine": 0.8916129959620606, "Maryland": 0.8889357188105859, "Massachusetts": 0.8342981678628343, "Michigan": 0.8201281390555326, "Minnesota": 0.9147049551043938, "Mississippi": 0.8666546836116558, "Missouri": 0.9386599870885566, "Montana": 0.8486376459069274, "Nebraska": 0.9511431899563675, "Nevada": 0.5863892904262888, "New Hampshire": 0.8705372366828922, "New Jersey": 0.9307967603962672, "New Mexico": 0.8730455890973913, "New York": 0.8188859013465576, "North Carolina": 0.9461303657080429, "North Dakota": 0.8387910424380123, "Ohio": 0.8827611756349224, "Oklahoma": 0.9089795756464035, "Oregon": 0.9080049217081917, "Pennsylvania": 0.8973263398772208, "Rhode Island": 0.8248426501820102, "South Carolina": 0.9507019241151077, "South Dakota": 0.8606184459079401, "Tennessee": 0.9424364260496971, "Texas": 0.9487682834850861, "Utah": 0.9329576229653294, "Vermont": 0.8594064015936416, "Virginia": 0.9429088729105431, "Washington": 0.91969554219765, "West Virginia": 0.8618969673579608, "Wisconsin": 0.867512386483472, "Wyoming": 0.7331522361422004}