{"Alabama": 0.846584521241954, "Alaska": 0.7582951822242658, "Arizona": 0.9093307515119124, "Arkansas": 0.8933083045681056, "California": 0.9359735750530774, "Colorado": 0.9048810534885656, "Connecticut": 0.8366677681425779, "Delaware": 0.8692509119782434, "Florida": 0.9059739543248873, "Hawaii": 0.758847967701892, "Idaho": 0.9471848661945149, "Illinois": 0.9375598094160812, "Indiana": 0.8170880026689584, "Iowa": 0.9042911473707674, "Kansas": 0.9280265423225246, "Kentucky": 0.9129015861553982, "Louisiana": 0.9170393039742568, "Maine": 0.8910594063931244, "Maryland": 0.9008803546075503, "Massachusetts": 0.8387400582204576, "Michigan": 0.8370149595164667, "Minnesota": 0.917488635084666, "Mississippi": 0.8816784908650745, "Missouri": 0.9409801861958823, "Montana": 0.864029556407733, "Nebraska": 0.9545169841261625, "Nevada": 0.6262255402353281, "New Hampshire": 0.8797770383004616, "New Jersey": 0.9365257927377361, "New Mexico": 0.8867885875725688, "New York": 0.8239970236647647, "North Carolina": 0.9334593583775236, "North Dakota": 0.855115724939468, "Ohio": 0.8886856057880396, "Oklahoma": 0.9139498403045057, "Oregon": 0.9075942283367379, "Pennsylvania": 0.8997534209070668, "Rhode Island": 0.8165856920594541, "South Carolina": 0.9499946793799169, "South Dakota": 0.8700954280906572, "Tennessee": 0.9488242987085176, "Texas": 0.9561857024196687, "Utah": 0.9404607250894221, "Vermont": 0.8488735380172591, "Virginia": 0.940948372220103, "Washington": 0.9285871692485634, "West Virginia": 0.855924415210674, "Wisconsin": 0.8711413442942044, "Wyoming": 0.665522404707026}