{"Alabama": 0.9529052631785124, "Alaska": 0.8233607110725427, "Arizona": 0.929968070792171, "Arkansas": 0.8989496170772511, "California": 0.9503504936493251, "Colorado": 0.9238794226713135, "Connecticut": 0.8514935291379828, "Delaware": 0.8863658722555445, "Florida": 0.926429157926336, "Hawaii": 0.8109377574518355, "Idaho": 0.9560408227374595, "Illinois": 0.9508226506687066, "Indiana": 0.8264699956315774, "Iowa": 0.9081497757596048, "Kansas": 0.9392040892605844, "Kentucky": 0.9218573842666583, "Louisiana": 0.9322525835984391, "Maine": 0.8996062939244215, "Maryland": 0.9157645727216722, "Massachusetts": 0.8581305343119782, "Michigan": 0.8617602489858414, "Minnesota": 0.9191743308782634, "Mississippi": 0.8920837163460444, "Missouri": 0.9473674846313047, "Montana": 0.8886105680436094, "Nebraska": 0.948231434314369, "Nevada": 0.6805980152505151, "New Hampshire": 0.9013190834074047, "New Jersey": 0.946103775092624, "New Mexico": 0.9049930454139176, "New York": 0.8397077826855923, "North Carolina": 0.9643583426207258, "North Dakota": 0.8727822751680393, "Ohio": 0.9037033775891938, "Oklahoma": 0.9220829754205706, "Oregon": 0.9151182376241385, "Pennsylvania": 0.9065542012298978, "Rhode Island": 0.8601823634545671, "South Carolina": 0.9555182342927682, "South Dakota": 0.8797578169402873, "Tennessee": 0.9537465870660022, "Texas": 0.963021272547135, "Utah": 0.9491017331240374, "Vermont": 0.8667229122279173, "Virginia": 0.943792612778564, "Washington": 0.943123425664456, "West Virginia": 0.8656456122695666, "Wisconsin": 0.8798915689391352, "Wyoming": 0.7092103956981022}