{"Alabama": 0.9507091550832394, "Alaska": 0.8189161582062089, "Arizona": 0.9346460613561218, "Arkansas": 0.8988878828422815, "California": 0.9529807545556984, "Colorado": 0.9241213788312443, "Connecticut": 0.8555779237283141, "Delaware": 0.8893679080816081, "Florida": 0.936044692389347, "Hawaii": 0.8539422335452106, "Idaho": 0.9538657834974253, "Illinois": 0.9516320886441321, "Indiana": 0.8249759670636916, "Iowa": 0.897659837674679, "Kansas": 0.9356692633500352, "Kentucky": 0.9204325157444374, "Louisiana": 0.9334511293796764, "Maine": 0.887957463914345, "Maryland": 0.9148048637159037, "Massachusetts": 0.8561022588385, "Michigan": 0.868589161757013, "Minnesota": 0.9138498723460162, "Mississippi": 0.8865692601178482, "Missouri": 0.9458144547665487, "Montana": 0.8865870019228519, "Nebraska": 0.9408419910792172, "Nevada": 0.6977632438467456, "New Hampshire": 0.8951841246065614, "New Jersey": 0.9448027102066644, "New Mexico": 0.9053758390199247, "New York": 0.8378949061671754, "North Carolina": 0.9670753862960662, "North Dakota": 0.8717044945547978, "Ohio": 0.9045321778939134, "Oklahoma": 0.9282424184097281, "Oregon": 0.9152224241467553, "Pennsylvania": 0.9021892352229498, "Rhode Island": 0.7974225451623774, "South Carolina": 0.9594065746834636, "South Dakota": 0.8753696249884152, "Tennessee": 0.9539561231604712, "Texas": 0.9647196862260436, "Utah": 0.9504492562634037, "Vermont": 0.8639225189204144, "Virginia": 0.9361915259029887, "Washington": 0.9438544710481436, "West Virginia": 0.8614839599021714, "Wisconsin": 0.8748850008829511, "Wyoming": 0.6949037516046438}