{"Alabama": 0.9463450807419779, "Alaska": 0.816748767665025, "Arizona": 0.9387165716052199, "Arkansas": 0.8994591611552288, "California": 0.9546940262833385, "Colorado": 0.9251741770601609, "Connecticut": 0.8582749064629978, "Delaware": 0.7700758169539559, "Florida": 0.9425439011117615, "Hawaii": 0.8596130899449514, "Idaho": 0.9517643238270849, "Illinois": 0.9506855796669861, "Indiana": 0.8252558085028426, "Iowa": 0.8892821681131916, "Kansas": 0.9300244104181644, "Kentucky": 0.9187383231592335, "Louisiana": 0.9348656455831206, "Maine": 0.8847955667740568, "Maryland": 0.916802531640957, "Massachusetts": 0.8531837815304362, "Michigan": 0.8760130182869172, "Minnesota": 0.9092208276875245, "Mississippi": 0.8888618185176153, "Missouri": 0.9455325507211881, "Montana": 0.8869723964865075, "Nebraska": 0.9319986642793819, "Nevada": 0.7050147119493073, "New Hampshire": 0.8951353701540129, "New Jersey": 0.9414638283701442, "New Mexico": 0.9066669363700396, "New York": 0.8350789704156336, "North Carolina": 0.9667983836902647, "North Dakota": 0.8723143619489957, "Ohio": 0.901105585979264, "Oklahoma": 0.9260309401927824, "Oregon": 0.9175642804440199, "Pennsylvania": 0.8938306423318892, "Rhode Island": 0.8564477463362473, "South Carolina": 0.9622870639166046, "South Dakota": 0.8709584258563016, "Tennessee": 0.9530878911180466, "Texas": 0.9655986272998178, "Utah": 0.9501742698898015, "Vermont": 0.8620008748818495, "Virginia": 0.9322759314632648, "Washington": 0.944813183808033, "West Virginia": 0.8555175867016347, "Wisconsin": 0.8684762603153994, "Wyoming": 0.7160482053040415}