{"Alabama": 0.9593448035971464, "Alaska": 0.7949720956267056, "Arizona": 0.9461520014845006, "Arkansas": 0.8970175718558583, "California": 0.9708359898686665, "Colorado": 0.9217975566585307, "Connecticut": 0.9073837256286291, "Delaware": 0.783838859926748, "Florida": 0.9147811729978135, "Hawaii": 0.8026834857549249, "Idaho": 0.9350068965119006, "Illinois": 0.9678933251075248, "Indiana": 0.8999661579459226, "Iowa": 0.8859763698370394, "Kansas": 0.9321086116731293, "Kentucky": 0.9247177151045028, "Louisiana": 0.9360145160059709, "Maine": 0.8932150379889201, "Maryland": 0.8918913562027622, "Massachusetts": 0.8771620230522337, "Michigan": 0.9498727151432029, "Minnesota": 0.9340956354130461, "Mississippi": 0.914671600979577, "Missouri": 0.9547472082242174, "Montana": 0.8160877547529982, "Nebraska": 0.9121956948162002, "Nevada": 0.674898244193318, "New Hampshire": 0.9420998339152095, "New Jersey": 0.9399012637179683, "New Mexico": 0.8769876936121359, "New York": 0.8375094082037563, "North Carolina": 0.9709308369826494, "North Dakota": 0.787634893903723, "Ohio": 0.9444512128738397, "Oklahoma": 0.9132421412704615, "Oregon": 0.9544771704244099, "Pennsylvania": 0.919818425718576, "Rhode Island": 0.8914279679829769, "South Carolina": 0.9699970525487309, "South Dakota": 0.8274338326247331, "Tennessee": 0.9683057744513596, "Texas": 0.9740359253706597, "Utah": 0.9745156415490427, "Vermont": 0.8969511054925479, "Virginia": 0.9335970261294364, "Washington": 0.9677170329843665, "West Virginia": 0.8625919545408611, "Wisconsin": 0.8958070907375001, "Wyoming": 0.6700886490207681}