{"Alabama": 0.956339591690973, "Alaska": 0.7963946926119094, "Arizona": 0.9490777000715304, "Arkansas": 0.8946235134215235, "California": 0.9710976241410249, "Colorado": 0.9253693003225308, "Connecticut": 0.9062428600874974, "Delaware": 0.8941053918983901, "Florida": 0.922781201038676, "Hawaii": 0.8153307403086728, "Idaho": 0.9355365364178482, "Illinois": 0.9666531921358779, "Indiana": 0.894496987101124, "Iowa": 0.8805194309406553, "Kansas": 0.9279898599153319, "Kentucky": 0.9223530363032834, "Louisiana": 0.9410326661039157, "Maine": 0.8933174187057903, "Maryland": 0.8950645565374592, "Massachusetts": 0.875357063958233, "Michigan": 0.9446945566229626, "Minnesota": 0.9271071042281552, "Mississippi": 0.91636616859487, "Missouri": 0.9551780661950127, "Montana": 0.8284415646926887, "Nebraska": 0.910260570824869, "Nevada": 0.6895797608804467, "New Hampshire": 0.9414542876649085, "New Jersey": 0.9385079762391421, "New Mexico": 0.8824835586556731, "New York": 0.8344046689436639, "North Carolina": 0.9730542529720618, "North Dakota": 0.7922724495990437, "Ohio": 0.9380318022204516, "Oklahoma": 0.9102876053315977, "Oregon": 0.9549441921468088, "Pennsylvania": 0.9123555020566738, "Rhode Island": 0.8841862383577389, "South Carolina": 0.9710494502471654, "South Dakota": 0.8315664306589293, "Tennessee": 0.9686871045801693, "Texas": 0.9754240637945835, "Utah": 0.9713221208955517, "Vermont": 0.8933874921286974, "Virginia": 0.9313230871244031, "Washington": 0.9700039802016834, "West Virginia": 0.8583787480712879, "Wisconsin": 0.8881285715100047, "Wyoming": 0.6446314056595818}