{"Alabama": 0.9416501210519885, "Alaska": 0.8109287633658385, "Arizona": 0.942359140941613, "Arkansas": 0.8996707219567954, "California": 0.9564747850436032, "Colorado": 0.9285568781911562, "Connecticut": 0.8590291486653359, "Delaware": 0.893752492628572, "Florida": 0.9479165892026081, "Hawaii": 0.8693318338072563, "Idaho": 0.9491774023275318, "Illinois": 0.9496525034962585, "Indiana": 0.8263477633932577, "Iowa": 0.8829251544254152, "Kansas": 0.925431387995004, "Kentucky": 0.9184287064824006, "Louisiana": 0.938907108504906, "Maine": 0.8847878450623182, "Maryland": 0.9193718089647835, "Massachusetts": 0.8525057707274396, "Michigan": 0.8785872521358069, "Minnesota": 0.9026968312080348, "Mississippi": 0.8942465021238826, "Missouri": 0.9479230783662567, "Montana": 0.8935351147191793, "Nebraska": 0.9285862100758638, "Nevada": 0.7170308647926076, "New Hampshire": 0.8984265799756526, "New Jersey": 0.93944998874706, "New Mexico": 0.9084204749642898, "New York": 0.8320100292251417, "North Carolina": 0.9687137528805932, "North Dakota": 0.8696799959878035, "Ohio": 0.8967918562961552, "Oklahoma": 0.9179783645756009, "Oregon": 0.9205109703907981, "Pennsylvania": 0.8859815810214912, "Rhode Island": 0.8525212085318316, "South Carolina": 0.9638808177888011, "South Dakota": 0.8680770712568434, "Tennessee": 0.954665777054935, "Texas": 0.9650575698519213, "Utah": 0.9480077261721624, "Vermont": 0.8597382348077434, "Virginia": 0.9302374675533863, "Washington": 0.9452518965566783, "West Virginia": 0.8526337596267629, "Wisconsin": 0.8625035388502682, "Wyoming": 0.6840426167174625}