{"Alabama": 0.9541909790366176, "Alaska": 0.7986255238225445, "Arizona": 0.9557890757976071, "Arkansas": 0.8930250124893111, "California": 0.9702004159275166, "Colorado": 0.9285946624701038, "Connecticut": 0.9027965794322046, "Delaware": 0.901020399502717, "Florida": 0.9324833786890911, "Hawaii": 0.832188332842678, "Idaho": 0.9385431730310435, "Illinois": 0.9652619402503337, "Indiana": 0.8900534125896509, "Iowa": 0.8709715873871668, "Kansas": 0.9223846116088406, "Kentucky": 0.9197025592737147, "Louisiana": 0.9433059924615307, "Maine": 0.8972432449472151, "Maryland": 0.9024369606322484, "Massachusetts": 0.8719660872211917, "Michigan": 0.9397381087654147, "Minnesota": 0.9199569465202291, "Mississippi": 0.9153383796709897, "Missouri": 0.9561786682100546, "Montana": 0.8387315431417119, "Nebraska": 0.9076849644893302, "Nevada": 0.7030535823257744, "New Hampshire": 0.9407492010407943, "New Jersey": 0.9375321792715485, "New Mexico": 0.8866277218299432, "New York": 0.8419282482876359, "North Carolina": 0.9725575274927283, "North Dakota": 0.7882912874037404, "Ohio": 0.9346263208903919, "Oklahoma": 0.901626673794106, "Oregon": 0.952308744069834, "Pennsylvania": 0.9112453349273427, "Rhode Island": 0.8794766052913311, "South Carolina": 0.9703014171583525, "South Dakota": 0.8316213093679801, "Tennessee": 0.9699900866355757, "Texas": 0.9750601961628387, "Utah": 0.9643940762279414, "Vermont": 0.8890783163754068, "Virginia": 0.9310569843680037, "Washington": 0.9695573898868399, "West Virginia": 0.8556628019091079, "Wisconsin": 0.8787993521611006, "Wyoming": 0.6432157221234016}