{"Alabama": 0.9410661123980397, "Alaska": 0.805800784688831, "Arizona": 0.9495283969195147, "Arkansas": 0.9003938574663019, "California": 0.9566270054811036, "Colorado": 0.9296091267026826, "Connecticut": 0.852905059516982, "Delaware": 0.8949345206296366, "Florida": 0.9565607539309088, "Hawaii": 0.8907882653674455, "Idaho": 0.955752031143106, "Illinois": 0.9514316580813664, "Indiana": 0.8383859365565021, "Iowa": 0.8777704456805635, "Kansas": 0.9135127432035971, "Kentucky": 0.9215283521173255, "Louisiana": 0.9317559066145612, "Maine": 0.9068029882077527, "Maryland": 0.9263930025300994, "Massachusetts": 0.856789168724602, "Michigan": 0.8921504677500304, "Minnesota": 0.8944368335020442, "Mississippi": 0.9003352056817667, "Missouri": 0.9564515021189928, "Montana": 0.8975023131856236, "Nebraska": 0.9280279315588273, "Nevada": 0.7250889733513554, "New Hampshire": 0.8974840219656821, "New Jersey": 0.9429893753204421, "New Mexico": 0.9109331416218044, "New York": 0.8542335211209025, "North Carolina": 0.9685853607280601, "North Dakota": 0.8734762515806433, "Ohio": 0.900944309829392, "Oklahoma": 0.884883235993083, "Oregon": 0.9228453448448649, "Pennsylvania": 0.8899447077273562, "Rhode Island": 0.8524900380850413, "South Carolina": 0.9594778986451898, "South Dakota": 0.8659536434988664, "Tennessee": 0.9637873455242147, "Texas": 0.9551701296026459, "Utah": 0.9365939021619327, "Vermont": 0.8606599559991416, "Virginia": 0.9289775615446006, "Washington": 0.9406006911187147, "West Virginia": 0.840247972998742, "Wisconsin": 0.8578914641732209, "Wyoming": 0.6442979525150309}