{"Alabama": 0.9540112048129605, "Alaska": 0.795871170758368, "Arizona": 0.9573235980781651, "Arkansas": 0.8882119522858078, "California": 0.969430735279832, "Colorado": 0.9273430538451809, "Connecticut": 0.8981161219724966, "Delaware": 0.8953309078756547, "Florida": 0.9353261067735053, "Hawaii": 0.8442761746359294, "Idaho": 0.9374221427670754, "Illinois": 0.965757963459508, "Indiana": 0.8916606771392365, "Iowa": 0.8651783957361199, "Kansas": 0.9177152360497671, "Kentucky": 0.9189281424184232, "Louisiana": 0.9358553064738732, "Maine": 0.9132457799288717, "Maryland": 0.9061631667328355, "Massachusetts": 0.8765997364247186, "Michigan": 0.9435642775703155, "Minnesota": 0.9153810630095922, "Mississippi": 0.9164579481377862, "Missouri": 0.9577378526954454, "Montana": 0.8372216822050851, "Nebraska": 0.9093890207240443, "Nevada": 0.7033210870893173, "New Hampshire": 0.9396562977523438, "New Jersey": 0.9411066879973204, "New Mexico": 0.8858042161738613, "New York": 0.8533516821776479, "North Carolina": 0.9721175190750881, "North Dakota": 0.7918683742369651, "Ohio": 0.9349506640284784, "Oklahoma": 0.8802779021471651, "Oregon": 0.9492722051103721, "Pennsylvania": 0.9128905116951499, "Rhode Island": 0.8795792201821091, "South Carolina": 0.9670674623136564, "South Dakota": 0.8305954029110715, "Tennessee": 0.9716987336814716, "Texas": 0.9671048911267492, "Utah": 0.9594584744989393, "Vermont": 0.8894719185582425, "Virginia": 0.9288966914454622, "Washington": 0.9658752637837874, "West Virginia": 0.8428847735587985, "Wisconsin": 0.8748881537797993, "Wyoming": 0.6027238650855499}