{"Alabama": 0.9550638075646223, "Alaska": 0.8164368707851196, "Arizona": 0.9607707616044944, "Arkansas": 0.8898088805212052, "California": 0.9695127284133453, "Colorado": 0.9320208908615898, "Connecticut": 0.8936898964137735, "Delaware": 0.8949685914276191, "Florida": 0.9434952554563729, "Hawaii": 0.8661320902044044, "Idaho": 0.9372654324940799, "Illinois": 0.9655585231607734, "Indiana": 0.9022932727456833, "Iowa": 0.868231612063553, "Kansas": 0.9210263349712358, "Kentucky": 0.9213098868961097, "Louisiana": 0.9352403726558542, "Maine": 0.9180015029661419, "Maryland": 0.9157879248368802, "Massachusetts": 0.8813952752104092, "Michigan": 0.9524110092159563, "Minnesota": 0.9116764797005582, "Mississippi": 0.9153406800304645, "Missouri": 0.9574300516731593, "Montana": 0.8482420125543175, "Nebraska": 0.9072606793590198, "Nevada": 0.7102495466382607, "New Hampshire": 0.9400000084022971, "New Jersey": 0.9466775837429392, "New Mexico": 0.8922667849236885, "New York": 0.8688942785991416, "North Carolina": 0.9731954006441402, "North Dakota": 0.8001040036211096, "Ohio": 0.9387477094615734, "Oklahoma": 0.8863056684859842, "Oregon": 0.9426968647658441, "Pennsylvania": 0.9156345528743102, "Rhode Island": 0.8850032422388997, "South Carolina": 0.9647602907573358, "South Dakota": 0.8327902826242237, "Tennessee": 0.9731093777367082, "Texas": 0.967419278485137, "Utah": 0.9549440103107915, "Vermont": 0.8906021513570804, "Virginia": 0.9267040684184285, "Washington": 0.9620801219785367, "West Virginia": 0.8451627345466657, "Wisconsin": 0.8775912213751742, "Wyoming": 0.6428346671699989}