{"Alabama": 0.9473348743577997, "Alaska": 0.8227405732881532, "Arizona": 0.951857627344478, "Arkansas": 0.9070058984899483, "California": 0.9579773525504581, "Colorado": 0.9329261612497953, "Connecticut": 0.8522141312197967, "Delaware": 0.8956724063288899, "Florida": 0.9613747470183656, "Hawaii": 0.9047593280147023, "Idaho": 0.9618059576804817, "Illinois": 0.9552370911950169, "Indiana": 0.8679227111358679, "Iowa": 0.8895236147683665, "Kansas": 0.9261114183787494, "Kentucky": 0.9311608682883998, "Louisiana": 0.9320929810766098, "Maine": 0.9129181748434987, "Maryland": 0.9317464620720497, "Massachusetts": 0.8649779377861153, "Michigan": 0.9164274499434345, "Minnesota": 0.8977596889893239, "Mississippi": 0.9082486310404048, "Missouri": 0.9601173925284658, "Montana": 0.9084815849901638, "Nebraska": 0.9320539175988714, "Nevada": 0.7292086373345893, "New Hampshire": 0.9018602632721608, "New Jersey": 0.949012617504609, "New Mexico": 0.9171261831240823, "New York": 0.8715295372191102, "North Carolina": 0.9711005094301307, "North Dakota": 0.88113781260368, "Ohio": 0.9134891968146316, "Oklahoma": 0.8993708721138312, "Oregon": 0.9286374573619555, "Pennsylvania": 0.8977894626355699, "Rhode Island": 0.8635100983226622, "South Carolina": 0.9593930902359653, "South Dakota": 0.8756334064663448, "Tennessee": 0.9687194674679177, "Texas": 0.9585878843330172, "Utah": 0.9361533152602739, "Vermont": 0.8680325629360288, "Virginia": 0.9264580345902655, "Washington": 0.9402460681999439, "West Virginia": 0.8465710939372377, "Wisconsin": 0.8712286668891512, "Wyoming": 0.6836859921226635}