{"Alabama": 0.9480310735406365, "Alaska": 0.8104067517117778, "Arizona": 0.9518746948339488, "Arkansas": 0.906414163963857, "California": 0.9565845377781304, "Colorado": 0.929928134761112, "Connecticut": 0.8545724971682453, "Delaware": 0.8962434938318243, "Florida": 0.962497391697579, "Hawaii": 0.9028141345279241, "Idaho": 0.9587461728072187, "Illinois": 0.9583737075416913, "Indiana": 0.8623734981480178, "Iowa": 0.885551799491927, "Kansas": 0.9254943746399888, "Kentucky": 0.9332611914261523, "Louisiana": 0.9277275844145082, "Maine": 0.8975998157591767, "Maryland": 0.9317388848537399, "Massachusetts": 0.8714848048598612, "Michigan": 0.9175449496498784, "Minnesota": 0.900286589904413, "Mississippi": 0.9101140870363092, "Missouri": 0.9585383811550081, "Montana": 0.9019487785447003, "Nebraska": 0.92880642179983, "Nevada": 0.7189969980550318, "New Hampshire": 0.9020053054373725, "New Jersey": 0.952214390892699, "New Mexico": 0.9101679343816957, "New York": 0.8767160328259145, "North Carolina": 0.974153096835162, "North Dakota": 0.8559378461511016, "Ohio": 0.9139288279382487, "Oklahoma": 0.8791424032778058, "Oregon": 0.9271297349151997, "Pennsylvania": 0.9009019930431562, "Rhode Island": 0.8689137690582007, "South Carolina": 0.9609224951227359, "South Dakota": 0.8718409409127131, "Tennessee": 0.9694201630912421, "Texas": 0.9533904242507409, "Utah": 0.9407138953895879, "Vermont": 0.8654474288099627, "Virginia": 0.9216607288549818, "Washington": 0.9375975461977359, "West Virginia": 0.8381484524509137, "Wisconsin": 0.8722562049425235, "Wyoming": 0.6598411338037504}