{"Alabama": 0.9491982240768415, "Alaska": 0.8066899813014626, "Arizona": 0.9522387897027322, "Arkansas": 0.9112345712924039, "California": 0.9567379035252344, "Colorado": 0.9296215641846675, "Connecticut": 0.854728468131126, "Delaware": 0.8960911254165177, "Florida": 0.9626257929356481, "Hawaii": 0.899965428399951, "Idaho": 0.956858728035447, "Illinois": 0.9590715426777321, "Indiana": 0.8581548409157939, "Iowa": 0.8813075999727932, "Kansas": 0.9310494268550075, "Kentucky": 0.934756585111974, "Louisiana": 0.9284049901127218, "Maine": 0.8976436490980846, "Maryland": 0.9304320155986086, "Massachusetts": 0.8713604689787606, "Michigan": 0.9160410334679107, "Minnesota": 0.9025548684901908, "Mississippi": 0.9130544747528405, "Missouri": 0.9585634707329117, "Montana": 0.9017071164450491, "Nebraska": 0.9285678644971724, "Nevada": 0.7205692660832912, "New Hampshire": 0.8999616255379747, "New Jersey": 0.9512346452620298, "New Mexico": 0.9066764194425053, "New York": 0.8814185073481676, "North Carolina": 0.9764182795156152, "North Dakota": 0.8310933355129291, "Ohio": 0.9133636020745419, "Oklahoma": 0.8859058940486725, "Oregon": 0.9265700286749655, "Pennsylvania": 0.9015355159481783, "Rhode Island": 0.8709688612888413, "South Carolina": 0.960808892426419, "South Dakota": 0.8710655329465802, "Tennessee": 0.9695950959552435, "Texas": 0.9544012891732585, "Utah": 0.9400265012123192, "Vermont": 0.8656037355763296, "Virginia": 0.9226835102693453, "Washington": 0.9354478970169591, "West Virginia": 0.8369007412214113, "Wisconsin": 0.8683383301994816, "Wyoming": 0.6478132299225631}