{"Alabama": 0.9548214842588587, "Alaska": 0.8063759390520748, "Arizona": 0.9590230205758402, "Arkansas": 0.8932640289169382, "California": 0.9664766746651557, "Colorado": 0.9292749946258964, "Connecticut": 0.8910252919500896, "Delaware": 0.8932833067430663, "Florida": 0.9446834145510483, "Hawaii": 0.8632077612189419, "Idaho": 0.9264042266030788, "Illinois": 0.967982086032037, "Indiana": 0.8900308457029404, "Iowa": 0.8556852714769984, "Kansas": 0.9174877693759884, "Kentucky": 0.9223612899162572, "Louisiana": 0.9312809496239175, "Maine": 0.9036626969765074, "Maryland": 0.9150329601397088, "Massachusetts": 0.8851519910986588, "Michigan": 0.9511107442682459, "Minnesota": 0.9139819744308655, "Mississippi": 0.9187258236054026, "Missouri": 0.9546435335992675, "Montana": 0.8412064715630485, "Nebraska": 0.8967095463672212, "Nevada": 0.7027802935650636, "New Hampshire": 0.935155269200102, "New Jersey": 0.9483047027574057, "New Mexico": 0.8809154346841257, "New York": 0.8768185367789246, "North Carolina": 0.976629589483533, "North Dakota": 0.7547325837350982, "Ohio": 0.9355519319888143, "Oklahoma": 0.875861105205193, "Oregon": 0.937320692782774, "Pennsylvania": 0.9169078780044996, "Rhode Island": 0.888865977179135, "South Carolina": 0.9646394743353183, "South Dakota": 0.8221587878365125, "Tennessee": 0.9735685215566141, "Texas": 0.9627846415007079, "Utah": 0.9563342623868295, "Vermont": 0.8838387812959062, "Virginia": 0.9224012977924512, "Washington": 0.9551741965707204, "West Virginia": 0.8348954929753435, "Wisconsin": 0.868466398801857, "Wyoming": 0.6059347797625594}