{"Alabama": 0.9480294971160195, "Alaska": 0.786601744390305, "Arizona": 0.9523162248113328, "Arkansas": 0.9049931453464187, "California": 0.956561910343268, "Colorado": 0.927473650583279, "Connecticut": 0.8596507400612684, "Delaware": 0.8923221982677366, "Florida": 0.9615902599452577, "Hawaii": 0.8952552369655348, "Idaho": 0.9519778930355125, "Illinois": 0.9605199338267397, "Indiana": 0.8508939788722794, "Iowa": 0.8791057765831266, "Kansas": 0.9238478150749188, "Kentucky": 0.9284699747438007, "Louisiana": 0.9212282869550671, "Maine": 0.9060926387537914, "Maryland": 0.9303333103977408, "Massachusetts": 0.8644261289708651, "Michigan": 0.9124270781846809, "Minnesota": 0.9014100638053102, "Mississippi": 0.9092663671953414, "Missouri": 0.9537114721371777, "Montana": 0.8911241371852308, "Nebraska": 0.9276224997683782, "Nevada": 0.7258299487513397, "New Hampshire": 0.9017903830644104, "New Jersey": 0.9529533046219808, "New Mexico": 0.8955119283716201, "New York": 0.88594536957696, "North Carolina": 0.9763293374052848, "North Dakota": 0.7830398551284808, "Ohio": 0.9105279694350973, "Oklahoma": 0.8401730307796499, "Oregon": 0.9276919455491835, "Pennsylvania": 0.9008527590231846, "Rhode Island": 0.8758218440868759, "South Carolina": 0.959025546951853, "South Dakota": 0.8661988356606282, "Tennessee": 0.9671645531983866, "Texas": 0.9424931818402358, "Utah": 0.939185886820485, "Vermont": 0.8636415393151302, "Virginia": 0.9243525450551251, "Washington": 0.9270341619128686, "West Virginia": 0.8240665173777653, "Wisconsin": 0.8628199408217878, "Wyoming": 0.6153689208254246}