{"Alabama": 0.9541892199775464, "Alaska": 0.7879081043748826, "Arizona": 0.9591840372835012, "Arkansas": 0.8919985470129144, "California": 0.9643554209952531, "Colorado": 0.9274185704538151, "Connecticut": 0.8941977623349741, "Delaware": 0.8895864352005831, "Florida": 0.9431842880805398, "Hawaii": 0.8600490882775402, "Idaho": 0.9235649465086513, "Illinois": 0.9692552807855944, "Indiana": 0.883158866024897, "Iowa": 0.8562299964341864, "Kansas": 0.912871235755132, "Kentucky": 0.9180401356404143, "Louisiana": 0.924913341750723, "Maine": 0.9102705326609288, "Maryland": 0.9131766940459156, "Massachusetts": 0.8762830377797852, "Michigan": 0.9485728742723661, "Minnesota": 0.9125910615014955, "Mississippi": 0.917142491148726, "Missouri": 0.9499973143553129, "Montana": 0.8324004488653974, "Nebraska": 0.8997237106363584, "Nevada": 0.7081261518028314, "New Hampshire": 0.9334476473746102, "New Jersey": 0.9489658654858638, "New Mexico": 0.8682733757850299, "New York": 0.8804378308604895, "North Carolina": 0.9769792986161195, "North Dakota": 0.7155807497627711, "Ohio": 0.9319774838875722, "Oklahoma": 0.8360931406816696, "Oregon": 0.9403676509511615, "Pennsylvania": 0.9158061327344097, "Rhode Island": 0.8918612248237991, "South Carolina": 0.9630792160672115, "South Dakota": 0.8152761817937098, "Tennessee": 0.9723236725680179, "Texas": 0.952130681651966, "Utah": 0.9552002263212641, "Vermont": 0.879803916590642, "Virginia": 0.9236005839716976, "Washington": 0.9454806987575997, "West Virginia": 0.8217957456566944, "Wisconsin": 0.8638597187448953, "Wyoming": 0.573310056527466}