{"Alabama": 0.9498850821866709, "Alaska": 0.7939621118760303, "Arizona": 0.9599429120953926, "Arkansas": 0.8925176528815504, "California": 0.9627131576920325, "Colorado": 0.9226937277537001, "Connecticut": 0.8943735693453359, "Delaware": 0.8892530399349674, "Florida": 0.9439549865641761, "Hawaii": 0.8634362617366492, "Idaho": 0.9235892041648155, "Illinois": 0.9690900004609889, "Indiana": 0.877544465956426, "Iowa": 0.8484409946303988, "Kansas": 0.9133964081740901, "Kentucky": 0.9190777004752976, "Louisiana": 0.9242036334575138, "Maine": 0.9004673304340032, "Maryland": 0.9131159099229856, "Massachusetts": 0.8747462100227587, "Michigan": 0.9458130097522464, "Minnesota": 0.9087829509792437, "Mississippi": 0.9169273339170458, "Missouri": 0.9484113089698862, "Montana": 0.8264329758515941, "Nebraska": 0.8968187242850726, "Nevada": 0.7200379725709581, "New Hampshire": 0.933592675294709, "New Jersey": 0.9475870362749675, "New Mexico": 0.8631805285083071, "New York": 0.8808955551092355, "North Carolina": 0.9773286126012429, "North Dakota": 0.7053545078175735, "Ohio": 0.9300841075095132, "Oklahoma": 0.8253511735651062, "Oregon": 0.9372653005889733, "Pennsylvania": 0.9156029585383204, "Rhode Island": 0.8917141311792462, "South Carolina": 0.9626660834003113, "South Dakota": 0.8136475116921267, "Tennessee": 0.9723212439351732, "Texas": 0.9478810963128371, "Utah": 0.9539154191992104, "Vermont": 0.8772587744941954, "Virginia": 0.9256704834631702, "Washington": 0.9438703879388588, "West Virginia": 0.8241046062085992, "Wisconsin": 0.8599950822560879, "Wyoming": 0.5910514790024298}