{"Alabama": 0.9450730113606726, "Alaska": 0.7902450266224234, "Arizona": 0.9546902226108306, "Arkansas": 0.9085705927898238, "California": 0.9562073528640952, "Colorado": 0.9232621656604809, "Connecticut": 0.8624634920094185, "Delaware": 0.8926258588894822, "Florida": 0.9615937762222311, "Hawaii": 0.8969937213302103, "Idaho": 0.950692491597329, "Illinois": 0.9614789386167153, "Indiana": 0.8489084832927306, "Iowa": 0.8757332446077685, "Kansas": 0.9242989900086295, "Kentucky": 0.9305472233365769, "Louisiana": 0.9201021770941695, "Maine": 0.8953963462867276, "Maryland": 0.9303393796896922, "Massachusetts": 0.8643098485954465, "Michigan": 0.9112587815424017, "Minnesota": 0.8985713576426486, "Mississippi": 0.9096846311268668, "Missouri": 0.9523557817509644, "Montana": 0.8836165525129903, "Nebraska": 0.924849059786261, "Nevada": 0.7370276191894355, "New Hampshire": 0.9048577351167946, "New Jersey": 0.9515105434013225, "New Mexico": 0.8916097775726001, "New York": 0.8866511679398494, "North Carolina": 0.9773331243411103, "North Dakota": 0.7715523767158078, "Ohio": 0.910253938891045, "Oklahoma": 0.8301533522057081, "Oregon": 0.926749600942648, "Pennsylvania": 0.9016139712773876, "Rhode Island": 0.876531782659477, "South Carolina": 0.959499593140888, "South Dakota": 0.8633613868639789, "Tennessee": 0.9679888793324205, "Texas": 0.9387373136605408, "Utah": 0.9395402461828964, "Vermont": 0.8648122061188265, "Virginia": 0.9268179115997885, "Washington": 0.9260687137064295, "West Virginia": 0.8273429504906006, "Wisconsin": 0.8628539379208084, "Wyoming": 0.6311996846099727}