{"Alabama": 0.9499875114922006, "Alaska": 0.7843686109847446, "Arizona": 0.9579019998015639, "Arkansas": 0.8936263962088176, "California": 0.9621709306731094, "Colorado": 0.921726839745606, "Connecticut": 0.8928669570984036, "Delaware": 0.8829608311140076, "Florida": 0.943656027781445, "Hawaii": 0.8640826646804333, "Idaho": 0.9198591677328883, "Illinois": 0.9694068788952019, "Indiana": 0.8729962564190626, "Iowa": 0.8501630383319524, "Kansas": 0.9117617856293057, "Kentucky": 0.918566643133376, "Louisiana": 0.9197123470535824, "Maine": 0.8981499818951674, "Maryland": 0.9098830727101024, "Massachusetts": 0.8689279221941655, "Michigan": 0.941722591741329, "Minnesota": 0.9045411624448996, "Mississippi": 0.9127856149496444, "Missouri": 0.9481512488180165, "Montana": 0.8243903873994807, "Nebraska": 0.8965034202016091, "Nevada": 0.7232334367642008, "New Hampshire": 0.9358620622819376, "New Jersey": 0.9466802143168143, "New Mexico": 0.8561979944273219, "New York": 0.8761862364093047, "North Carolina": 0.9776276811047951, "North Dakota": 0.6891090835312176, "Ohio": 0.9274708445501967, "Oklahoma": 0.8184425937697379, "Oregon": 0.9355175911960848, "Pennsylvania": 0.9107356296305384, "Rhode Island": 0.8900900611410247, "South Carolina": 0.9639019203151081, "South Dakota": 0.8118416929568553, "Tennessee": 0.9727894766016422, "Texas": 0.9457298971023913, "Utah": 0.9527723056997558, "Vermont": 0.8729942674070804, "Virginia": 0.9306736186487284, "Washington": 0.9424220093336027, "West Virginia": 0.8250249684287395, "Wisconsin": 0.856215087757888, "Wyoming": 0.5779355193617047}