{"Alabama": 0.9427523254824157, "Alaska": 0.779557387636127, "Arizona": 0.9536424520076435, "Arkansas": 0.9087572013951436, "California": 0.9559319371290887, "Colorado": 0.922134346659974, "Connecticut": 0.8626593446707005, "Delaware": 0.8860886492920335, "Florida": 0.9611697083549703, "Hawaii": 0.8977363866612303, "Idaho": 0.9475890755441182, "Illinois": 0.9620577860482742, "Indiana": 0.8441102882667247, "Iowa": 0.872330410360933, "Kansas": 0.9244344958174037, "Kentucky": 0.9293530401650625, "Louisiana": 0.9152039023492649, "Maine": 0.892654846598825, "Maryland": 0.9281451399000471, "Massachusetts": 0.8590438213231847, "Michigan": 0.9062607698621474, "Minnesota": 0.8933403174798528, "Mississippi": 0.9080691696724261, "Missouri": 0.9505346780230325, "Montana": 0.878467352858908, "Nebraska": 0.9229370013608528, "Nevada": 0.7405103019994389, "New Hampshire": 0.9082776758589094, "New Jersey": 0.9507481988147722, "New Mexico": 0.8847332779125545, "New York": 0.8824580601271034, "North Carolina": 0.9776517062663048, "North Dakota": 0.7517363511370702, "Ohio": 0.906788154740017, "Oklahoma": 0.8198203065630412, "Oregon": 0.9244928910710055, "Pennsylvania": 0.8966024790061261, "Rhode Island": 0.874398119991895, "South Carolina": 0.9602799589033219, "South Dakota": 0.8584566547595475, "Tennessee": 0.9678190399104579, "Texas": 0.9363569852606788, "Utah": 0.938584202112453, "Vermont": 0.8620803803728981, "Virginia": 0.9323439282982064, "Washington": 0.9257000835167246, "West Virginia": 0.8288208314361462, "Wisconsin": 0.8585434900303133, "Wyoming": 0.6163021389202593}