{"Alabama": 0.5028186383998846, "Alaska": 0.6333105596165386, "Arizona": 0.6952852729540341, "Arkansas": 0.43614041841828577, "California": 0.5751474614738749, "Colorado": 0.7054592108396975, "Connecticut": 0.4221793707019934, "Delaware": 0.5705078042638249, "Florida": 0.6670497014367585, "Georgia": 0.5869847174100635, "Hawaii": 0.867290043659764, "Idaho": 0.6323502475076714, "Illinois": 0.5038994638576176, "Indiana": 0.44223129578716674, "Iowa": 0.5131036479480174, "Kansas": 0.5410341671429629, "Kentucky": 0.5376517780374119, "Louisiana": 0.6509947654010266, "Maine": 0.555224430007987, "Maryland": 0.5847994113826785, "Massachusetts": 0.4694568164752754, "Michigan": 0.4576497948706472, "Minnesota": 0.5122143485366334, "Mississippi": 0.5191309670116584, "Missouri": 0.5832919509900425, "Montana": 0.7272046019650773, "Nebraska": 0.5720833789673564, "New Hampshire": 0.5212992457672732, "New Jersey": 0.5189007105204038, "New Mexico": 0.7174040533350977, "New York": 0.45172232565153064, "North Carolina": 0.4850087030291624, "North Dakota": 0.59211004600438, "Ohio": 0.491284275229175, "Oklahoma": 0.572030152099244, "Oregon": 0.5912455721194493, "Pennsylvania": 0.4710866460401142, "Rhode Island": 0.4812003483549369, "South Carolina": 0.5783738203369669, "South Dakota": 0.6134771289112553, "Tennessee": 0.5279706202657009, "Texas": 0.6217360758731895, "Utah": 0.6227296354953835, "Vermont": 0.6150777672133544, "Virginia": 0.6045774629317723, "Washington": 0.5853775740162908, "West Virginia": 0.5691361009209828, "Wisconsin": 0.4519606077053394, "Wyoming": 0.7601033818732588}