{"Alabama": 0.5057500939678645, "Alaska": 0.6467680116902647, "Arizona": 0.6808687326820436, "Arkansas": 0.4305276855530277, "California": 0.5685081365630308, "Colorado": 0.6920354154954739, "Connecticut": 0.4218131481957531, "Delaware": 0.5520061042036246, "Florida": 0.6446326564368643, "Georgia": 0.5863892904262887, "Hawaii": 0.8642218584565294, "Idaho": 0.6183879676557091, "Illinois": 0.5010443447738393, "Indiana": 0.4312428514828979, "Iowa": 0.5026233215818945, "Kansas": 0.526833016686089, "Kentucky": 0.5268505319521547, "Louisiana": 0.647118229652601, "Maine": 0.5414941511190862, "Maryland": 0.5659028327703712, "Massachusetts": 0.4680712416857001, "Michigan": 0.445407222248433, "Minnesota": 0.5049626967928458, "Mississippi": 0.5378877101523782, "Missouri": 0.5776111515735373, "Montana": 0.7130495735460551, "Nebraska": 0.5620263255175062, "New Hampshire": 0.5165496220563084, "New Jersey": 0.5081717549763695, "New Mexico": 0.7090216914369679, "New York": 0.4474307784121446, "North Carolina": 0.4919286064549337, "North Dakota": 0.579101536041125, "Ohio": 0.48654658056044153, "Oklahoma": 0.5703481278822174, "Oregon": 0.5829510391505629, "Pennsylvania": 0.4674459742067119, "Rhode Island": 0.49053315905351297, "South Carolina": 0.5915713005721834, "South Dakota": 0.5987836570187697, "Tennessee": 0.5233681623374993, "Texas": 0.6174527077606361, "Utah": 0.6110828777210436, "Vermont": 0.6010500114444706, "Virginia": 0.5886218207762598, "Washington": 0.5847243263492429, "West Virginia": 0.5545389375910527, "Wisconsin": 0.4535703494715923, "Wyoming": 0.7576907964544695}