{"Alabama": 0.19081393213562362, "Alaska": 0.7005968320115867, "Arizona": 0.7072805386069086, "Arkansas": 0.47208108048570535, "California": 0.619112365344253, "Colorado": 0.7139719373430496, "Connecticut": 0.46117946900365575, "Delaware": 0.5745893842089914, "Florida": 0.683655490921096, "Georgia": 0.626225540235328, "Hawaii": 0.87700359196411, "Idaho": 0.6450893403462885, "Illinois": 0.5503739611808586, "Indiana": 0.47622063243705537, "Iowa": 0.5237580976378786, "Kansas": 0.5548096552955105, "Kentucky": 0.5567101819696821, "Louisiana": 0.6796257659398108, "Maine": 0.5774606147737774, "Maryland": 0.5993785670432485, "Massachusetts": 0.5058285196571829, "Michigan": 0.4946053363148236, "Minnesota": 0.5453338512310808, "Mississippi": 0.6013833859195898, "Missouri": 0.6153645447506695, "Montana": 0.7329451406388907, "Nebraska": 0.5861550427321348, "New Hampshire": 0.5529701414393419, "New Jersey": 0.5446465590456735, "New Mexico": 0.7394301885418069, "New York": 0.4857222766765151, "North Carolina": 0.5475224169231131, "North Dakota": 0.5995858167877046, "Ohio": 0.5266933911514351, "Oklahoma": 0.6152264820250389, "Oregon": 0.6079138745294344, "Pennsylvania": 0.5045482461452562, "Rhode Island": 0.5366131823454582, "South Carolina": 0.6367298082423776, "South Dakota": 0.6251111657897677, "Tennessee": 0.5796319508106044, "Texas": 0.6547937367954182, "Utah": 0.6438807591432122, "Vermont": 0.6017741088053254, "Virginia": 0.6250616042228135, "Washington": 0.6157205195706451, "West Virginia": 0.5784092083725239, "Wisconsin": 0.4987668460537274, "Wyoming": 0.7183619343147098}