{"Alabama": 0.5781312227538623, "Alaska": 0.684301923923516, "Arizona": 0.72640939433291, "Arkansas": 0.4996343664952921, "California": 0.64731143968847, "Colorado": 0.7402650365678204, "Connecticut": 0.48906596194691115, "Delaware": 0.5957453618759699, "Florida": 0.7040656494069644, "Georgia": 0.6517252329536536, "Hawaii": 0.8821068983567755, "Idaho": 0.662246151418919, "Illinois": 0.5774094178023983, "Indiana": 0.5029395245805446, "Iowa": 0.5482449811930472, "Kansas": 0.5794635084308846, "Kentucky": 0.5803706843012444, "Louisiana": 0.6933171529676306, "Maine": 0.5988834387744576, "Maryland": 0.6219838752050107, "Massachusetts": 0.5372877838586243, "Michigan": 0.5312620606614297, "Minnesota": 0.5691002205214777, "Mississippi": 0.6509683250772008, "Missouri": 0.6394598871403028, "Montana": 0.74778345045996, "Nebraska": 0.5963582311030333, "New Hampshire": 0.5971650171361887, "New Jersey": 0.5729762062158666, "New Mexico": 0.7494229709162163, "New York": 0.5038326315603937, "North Carolina": 0.5863255890309487, "North Dakota": 0.6153781653077355, "Ohio": 0.5580632367171322, "Oklahoma": 0.6391511581595681, "Oregon": 0.6326245046029697, "Pennsylvania": 0.5321360366581853, "Rhode Island": 0.4902858378440735, "South Carolina": 0.6738730329029579, "South Dakota": 0.64553002550013, "Tennessee": 0.6033461651361341, "Texas": 0.6777271271770225, "Utah": 0.6706258387576604, "Vermont": 0.610730184716928, "Virginia": 0.6468834445740651, "Washington": 0.6394956531282916, "West Virginia": 0.5943979366267848, "Wisconsin": 0.5279573586999459, "Wyoming": 0.6794457003837193}