{"Alabama": 0.6049060326119325, "Alaska": 0.7021511703398643, "Arizona": 0.737382314872363, "Arkansas": 0.5160830296599368, "California": 0.6693798685509227, "Colorado": 0.7526967799028769, "Connecticut": 0.5119995482025274, "Delaware": 0.6151911890449373, "Florida": 0.7146167406005548, "Georgia": 0.6805980152505153, "Hawaii": 0.8881212382683017, "Idaho": 0.6806103148956058, "Illinois": 0.5986631340821542, "Indiana": 0.5200148825576586, "Iowa": 0.5649351651755651, "Kansas": 0.5992092299824522, "Kentucky": 0.600466784756609, "Louisiana": 0.709497819490764, "Maine": 0.6179114272578277, "Maryland": 0.6372271673503002, "Massachusetts": 0.5548520862783481, "Michigan": 0.5524498363234732, "Minnesota": 0.5817678641018068, "Mississippi": 0.6728717548882455, "Missouri": 0.6559348071007238, "Montana": 0.7631335474547729, "Nebraska": 0.6068060723063491, "New Hampshire": 0.6184960518288853, "New Jersey": 0.5958763071456606, "New Mexico": 0.7539192156550691, "New York": 0.5164477498687726, "North Carolina": 0.6141421415940388, "North Dakota": 0.6183713156575309, "Ohio": 0.5763237771064922, "Oklahoma": 0.6518780937878706, "Oregon": 0.6371218324680326, "Pennsylvania": 0.5477260726995945, "Rhode Island": 0.5949180884903278, "South Carolina": 0.7008787276695738, "South Dakota": 0.6513650016962191, "Tennessee": 0.6277837741925641, "Texas": 0.6951934077216243, "Utah": 0.6790613613861692, "Vermont": 0.6357632615417858, "Virginia": 0.6651492167110277, "Washington": 0.6605267931390105, "West Virginia": 0.6122178290398155, "Wisconsin": 0.5494086926521723, "Wyoming": 0.7664526152383162}