{"Alabama": 0.56744413665443, "Alaska": 0.708017407606186, "Arizona": 0.7511162340874954, "Arkansas": 0.46214075847102987, "California": 0.6617090152131436, "Colorado": 0.7593861989992613, "Connecticut": 0.5183181769568723, "Delaware": 0.6368840684283881, "Florida": 0.7399845191558171, "Georgia": 0.6660289482883442, "Hawaii": 0.9023754111386888, "Idaho": 0.639363534723944, "Illinois": 0.5812291521043615, "Indiana": 0.4833484862043383, "Iowa": 0.494262936705742, "Kansas": 0.543653997148906, "Kentucky": 0.5439564275357754, "Louisiana": 0.7107802139965717, "Maine": 0.6099288800443293, "Maryland": 0.649420222895976, "Massachusetts": 0.5575133651197273, "Michigan": 0.5443510859548767, "Minnesota": 0.5510387129823339, "Mississippi": 0.606318912681961, "Missouri": 0.6241167604834253, "Montana": 0.7296510901492855, "Nebraska": 0.5602704303855532, "New Hampshire": 0.6194520179550913, "New Jersey": 0.603488864046751, "New Mexico": 0.7493832706092463, "New York": 0.5221601517720202, "North Carolina": 0.5890481692916153, "North Dakota": 0.5360658129891008, "Ohio": 0.5508407137275728, "Oklahoma": 0.6118888640035647, "Oregon": 0.6023570285927926, "Pennsylvania": 0.5350793862157146, "Rhode Island": 0.5843502663784486, "South Carolina": 0.6727163188745626, "South Dakota": 0.579061453023421, "Tennessee": 0.583156035293981, "Texas": 0.6864814763029065, "Utah": 0.6640324778478941, "Vermont": 0.6204762384858542, "Virginia": 0.6702396297415304, "Washington": 0.6503409510754444, "West Virginia": 0.6009131685657837, "Wisconsin": 0.4925309421169779, "Wyoming": 0.7559087886133506}