{"Alabama": 0.6212764659068154, "Alaska": 0.6963161922126473, "Arizona": 0.7523872072050276, "Arkansas": 0.5331325703973241, "California": 0.686535484268594, "Colorado": 0.7653169862037039, "Connecticut": 0.5240798403934525, "Delaware": 0.6374558881339489, "Florida": 0.7397994020531227, "Georgia": 0.6977632438467456, "Hawaii": 0.8995449721801576, "Idaho": 0.6964939241701624, "Illinois": 0.6097716152907503, "Indiana": 0.5271690041745756, "Iowa": 0.5655881278357563, "Kansas": 0.604128751176842, "Kentucky": 0.615997242444935, "Louisiana": 0.7224466230383357, "Maine": 0.619260597219058, "Maryland": 0.6471946754899686, "Massachusetts": 0.5624342939799913, "Michigan": 0.5673254118208327, "Minnesota": 0.5895192751494313, "Mississippi": 0.676358828873139, "Missouri": 0.6672560299354319, "Montana": 0.7713642879941053, "Nebraska": 0.6124630043592459, "New Hampshire": 0.6320981446979903, "New Jersey": 0.605798063853661, "New Mexico": 0.7564288295506105, "New York": 0.5198322771485945, "North Carolina": 0.6433821091217147, "North Dakota": 0.6206396198293211, "Ohio": 0.587361844007432, "Oklahoma": 0.6647375743821727, "Oregon": 0.6417253349408206, "Pennsylvania": 0.5533842424136147, "Rhode Island": 0.6410926704825753, "South Carolina": 0.7281146894910094, "South Dakota": 0.6538492541442753, "Tennessee": 0.6390963548988948, "Texas": 0.7081542769815276, "Utah": 0.6893990121527849, "Vermont": 0.6425153481691148, "Virginia": 0.6814242622425808, "Washington": 0.6729615471987153, "West Virginia": 0.6180830713613666, "Wisconsin": 0.5557065898399614, "Wyoming": 0.7661360721571866}