{"Alabama": 0.6246605777960655, "Alaska": 0.6948566989904398, "Arizona": 0.759385371035551, "Arkansas": 0.549246166118352, "California": 0.6951069387995841, "Colorado": 0.7691575285201651, "Connecticut": 0.5293972214507012, "Delaware": 0.49440109603992816, "Florida": 0.7485627189246856, "Georgia": 0.7050147119493073, "Hawaii": 0.9021618388339242, "Idaho": 0.7041490674941058, "Illinois": 0.6099605432965123, "Indiana": 0.5287130299126518, "Iowa": 0.5639526304927975, "Kansas": 0.5997673881610266, "Kentucky": 0.6194382377009396, "Louisiana": 0.7228905371978427, "Maine": 0.6210917510146216, "Maryland": 0.6545116622983908, "Massachusetts": 0.5591107885712322, "Michigan": 0.5709512002891972, "Minnesota": 0.589589669302357, "Mississippi": 0.676016224939961, "Missouri": 0.6713228159831143, "Montana": 0.771687320284447, "Nebraska": 0.6069466355740741, "New Hampshire": 0.6318053486702918, "New Jersey": 0.6065001511451107, "New Mexico": 0.756378416712756, "New York": 0.5159061768051322, "North Carolina": 0.6554033021355666, "North Dakota": 0.6172034466257403, "Ohio": 0.5847888381833616, "Oklahoma": 0.6661963701034691, "Oregon": 0.6444566222908101, "Pennsylvania": 0.5487359858210065, "Rhode Island": 0.5967081662064508, "South Carolina": 0.7402318068143049, "South Dakota": 0.6510184748959473, "Tennessee": 0.6464140507395217, "Texas": 0.7109720574976361, "Utah": 0.6922874150035665, "Vermont": 0.6390441466464557, "Virginia": 0.6845404181859046, "Washington": 0.6795532630567946, "West Virginia": 0.6232722097998935, "Wisconsin": 0.5548490303754361, "Wyoming": 0.759731680219034}