{"Alabama": 0.5711197742956308, "Alaska": 0.7062114874816567, "Arizona": 0.7588598958282474, "Arkansas": 0.4789262531643903, "California": 0.6728661640327456, "Colorado": 0.7640115094734651, "Connecticut": 0.5241226972428955, "Delaware": 0.5008193397966072, "Florida": 0.749003573024893, "Georgia": 0.674898244193318, "Hawaii": 0.9048966980694775, "Idaho": 0.6541347420758514, "Illinois": 0.5826389744035406, "Indiana": 0.48498522014849127, "Iowa": 0.4905820901068946, "Kansas": 0.5383830551147512, "Kentucky": 0.5519745551567337, "Louisiana": 0.7105655318499162, "Maine": 0.61288183847652, "Maryland": 0.6568586131473333, "Massachusetts": 0.5553819510074278, "Michigan": 0.5488273158375159, "Minnesota": 0.5515676329404072, "Mississippi": 0.6080044810052802, "Missouri": 0.6297881708754616, "Montana": 0.7339424369975243, "Nebraska": 0.5562244735308988, "New Hampshire": 0.6204416856156727, "New Jersey": 0.6051380761328365, "New Mexico": 0.7491590998821769, "New York": 0.5186374777733582, "North Carolina": 0.6043612912558837, "North Dakota": 0.5330032403482522, "Ohio": 0.5494032986508638, "Oklahoma": 0.6149273889405434, "Oregon": 0.6068044618166825, "Pennsylvania": 0.53232084812789, "Rhode Island": 0.5843351330246356, "South Carolina": 0.6875758240457109, "South Dakota": 0.5769878513485596, "Tennessee": 0.5938156269276229, "Texas": 0.690154164851626, "Utah": 0.6684759688025742, "Vermont": 0.6186436148758435, "Virginia": 0.6751958378471868, "Washington": 0.6573687296659102, "West Virginia": 0.6070279263983811, "Wisconsin": 0.4920310054967142, "Wyoming": 0.743971135285413}