{"Alabama": 0.6350108121402712, "Alaska": 0.6919369276069949, "Arizona": 0.7649679991643543, "Arkansas": 0.5662107219209623, "California": 0.705049298913691, "Colorado": 0.7782815242550349, "Connecticut": 0.5372129376552544, "Delaware": 0.6494518244468281, "Florida": 0.7591481994633155, "Georgia": 0.7170308647926077, "Hawaii": 0.9055174724627102, "Idaho": 0.7118073244623663, "Illinois": 0.617567059793244, "Indiana": 0.5364568122899905, "Iowa": 0.5686923299457294, "Kansas": 0.6051431382216773, "Kentucky": 0.6270312313499715, "Louisiana": 0.7180944836774954, "Maine": 0.6231366657970198, "Maryland": 0.6603230548297074, "Massachusetts": 0.5594050400645768, "Michigan": 0.5753348629894758, "Minnesota": 0.5835560858493108, "Mississippi": 0.6759875058245409, "Missouri": 0.6824176271142158, "Montana": 0.7756768473624261, "Nebraska": 0.6098968845823887, "New Hampshire": 0.6336957602691553, "New Jersey": 0.6148481120050823, "New Mexico": 0.761499727499867, "New York": 0.516714094217418, "North Carolina": 0.6745818980645039, "North Dakota": 0.6163770778177138, "Ohio": 0.5853544635926263, "Oklahoma": 0.6683696243497594, "Oregon": 0.6568048510413546, "Pennsylvania": 0.5473034186242697, "Rhode Island": 0.5947948516195664, "South Carolina": 0.7571155915640557, "South Dakota": 0.6531652535521897, "Tennessee": 0.6620492184398133, "Texas": 0.7183503855916036, "Utah": 0.702411710045659, "Vermont": 0.6401878245994443, "Virginia": 0.6925721599415642, "Washington": 0.6884015593692067, "West Virginia": 0.6319712482156125, "Wisconsin": 0.5556404267950061, "Wyoming": 0.7354656950731144}