{"Alabama": 0.5822098713681614, "Alaska": 0.7042609384939245, "Arizona": 0.7650655025077137, "Arkansas": 0.4964679603475235, "California": 0.6847773219574316, "Colorado": 0.7740048304998844, "Connecticut": 0.5330401618991735, "Delaware": 0.6501517632751755, "Florida": 0.7597493629051996, "Georgia": 0.6895797608804466, "Hawaii": 0.9080982506266319, "Idaho": 0.6662630558074814, "Illinois": 0.5920398330439658, "Indiana": 0.4928559347147196, "Iowa": 0.49806240994455403, "Kansas": 0.5449987100249293, "Kentucky": 0.5613264127024405, "Louisiana": 0.7060134834699726, "Maine": 0.6158447335180655, "Maryland": 0.6630030700735711, "Massachusetts": 0.557155686352037, "Michigan": 0.5546121671121514, "Minnesota": 0.54866527779009, "Mississippi": 0.6128739128974364, "Missouri": 0.6426944201809943, "Montana": 0.7415417414676879, "Nebraska": 0.5610928759514165, "New Hampshire": 0.6238658434145011, "New Jersey": 0.6141837401236095, "New Mexico": 0.7551913441968087, "New York": 0.520124242673658, "North Carolina": 0.6280376065785631, "North Dakota": 0.5395551532650524, "Ohio": 0.5522514346835469, "Oklahoma": 0.6201098010047557, "Oregon": 0.620592994031602, "Pennsylvania": 0.5326319864344599, "Rhode Island": 0.5851774856307657, "South Carolina": 0.7077748087669151, "South Dakota": 0.5841316015452719, "Tennessee": 0.6142069814470901, "Texas": 0.6989345771294473, "Utah": 0.6802125430315386, "Vermont": 0.6221882184565369, "Virginia": 0.6848780978936518, "Washington": 0.6661743493761124, "West Virginia": 0.6164790402334671, "Wisconsin": 0.4950253378225719, "Wyoming": 0.7215391709720735}