{"Alabama": 0.6473239961220656, "Alaska": 0.6919010151394102, "Arizona": 0.7610609040577916, "Arkansas": 0.5839213889530855, "California": 0.7079243209176392, "Colorado": 0.7754502920934486, "Connecticut": 0.5496985408770325, "Delaware": 0.6540653879224813, "Florida": 0.7589378459869622, "Georgia": 0.72658559024413, "Hawaii": 0.9138958853226982, "Idaho": 0.7156662373513635, "Illinois": 0.6276610763811177, "Indiana": 0.5510982886411938, "Iowa": 0.579741630671109, "Kansas": 0.6077726173211554, "Kentucky": 0.6420918781824473, "Louisiana": 0.7220012916595289, "Maine": 0.6281118204987207, "Maryland": 0.6646784542621205, "Massachusetts": 0.5624047874632231, "Michigan": 0.5859940156618829, "Minnesota": 0.5879781587903692, "Mississippi": 0.6975824786383517, "Missouri": 0.692062123504824, "Montana": 0.7774681889385727, "Nebraska": 0.6206298661243006, "New Hampshire": 0.6333078662657955, "New Jersey": 0.6215157348711616, "New Mexico": 0.7563669206417971, "New York": 0.5367556503731977, "North Carolina": 0.6872852435664567, "North Dakota": 0.6334902665505063, "Ohio": 0.5951275575674622, "Oklahoma": 0.6686130624860535, "Oregon": 0.6723944751400477, "Pennsylvania": 0.5603927157136176, "Rhode Island": 0.6018479865470352, "South Carolina": 0.7666247033704645, "South Dakota": 0.6568686692196416, "Tennessee": 0.6813105731644186, "Texas": 0.7261841238434463, "Utah": 0.7037921559117954, "Vermont": 0.6310147404390268, "Virginia": 0.6925014367311734, "Washington": 0.6938231676534714, "West Virginia": 0.6397649808117521, "Wisconsin": 0.563990204818221, "Wyoming": 0.7308813892539628}