{"Alabama": 0.5970856562071473, "Alaska": 0.7034517024033451, "Arizona": 0.761570458097949, "Arkansas": 0.5158084464682113, "California": 0.6898079325093207, "Colorado": 0.7717591645992388, "Connecticut": 0.5465238808360706, "Delaware": 0.6551277656569495, "Florida": 0.7595745309430639, "Georgia": 0.7030535823257744, "Hawaii": 0.9157822183581302, "Idaho": 0.6729148032056175, "Illinois": 0.6034445283490381, "Indiana": 0.5071341532744501, "Iowa": 0.5064388100922035, "Kansas": 0.5465374470675544, "Kentucky": 0.5767342883537129, "Louisiana": 0.7093983554374051, "Maine": 0.6203956709580946, "Maryland": 0.6673412170959673, "Massachusetts": 0.5613791169291471, "Michigan": 0.5658355539862, "Minnesota": 0.5544534362386473, "Mississippi": 0.638114281336002, "Missouri": 0.6534883961375991, "Montana": 0.7434346349549174, "Nebraska": 0.5722060923865747, "New Hampshire": 0.6244618765110357, "New Jersey": 0.6221969402091354, "New Mexico": 0.7478292502307904, "New York": 0.5400970421514885, "North Carolina": 0.6455159349866751, "North Dakota": 0.5490453201764357, "Ohio": 0.5635407916809604, "Oklahoma": 0.6178887364217501, "Oregon": 0.6365057278679027, "Pennsylvania": 0.5462279557846933, "Rhode Island": 0.5940913290815758, "South Carolina": 0.7212624402657475, "South Dakota": 0.5881053810074229, "Tennessee": 0.6370280441542279, "Texas": 0.7074021074324972, "Utah": 0.6831901090575113, "Vermont": 0.612739242894138, "Virginia": 0.6864473714695463, "Washington": 0.6721728863128349, "West Virginia": 0.6225870944458586, "Wisconsin": 0.5025506801517493, "Wyoming": 0.713189330724585}