{"Alabama": 0.6044286632642398, "Alaska": 0.7038083946653172, "Arizona": 0.7523720344636339, "Arkansas": 0.5255509271132709, "California": 0.688155588485556, "Colorado": 0.7653218551534129, "Connecticut": 0.5500007708691973, "Delaware": 0.6528971780813354, "Florida": 0.7599856455435305, "Georgia": 0.7033210870893173, "Hawaii": 0.9162844327509734, "Idaho": 0.6675904625577197, "Illinois": 0.6057544117563985, "Indiana": 0.5208145821885886, "Iowa": 0.5071618316032394, "Kansas": 0.547345222744731, "Kentucky": 0.587562266630527, "Louisiana": 0.708908022088638, "Maine": 0.6322559562621178, "Maryland": 0.6633286654123632, "Massachusetts": 0.5666506510276267, "Michigan": 0.5777200460740981, "Minnesota": 0.5530163608903047, "Mississippi": 0.6546164095165944, "Missouri": 0.6579045605138634, "Montana": 0.7422007117145044, "Nebraska": 0.5766658331734938, "New Hampshire": 0.6257592751542231, "New Jersey": 0.6281168310953721, "New Mexico": 0.7386448294507529, "New York": 0.556080210538618, "North Carolina": 0.6514688160520532, "North Dakota": 0.5628607190322877, "Ohio": 0.5699917833046081, "Oklahoma": 0.6139937598257907, "Oregon": 0.6416651107199384, "Pennsylvania": 0.5525375536219478, "Rhode Island": 0.6021998932926644, "South Carolina": 0.7201382234726009, "South Dakota": 0.590825373112897, "Tennessee": 0.6431259723725905, "Texas": 0.7099741553117653, "Utah": 0.6775357116488345, "Vermont": 0.6149333726265593, "Virginia": 0.6800894192324097, "Washington": 0.6650443995984517, "West Virginia": 0.6306009826889516, "Wisconsin": 0.5053525522869756, "Wyoming": 0.6911473778818776}