{"Alabama": 0.6532613151590051, "Alaska": 0.6932503821470153, "Arizona": 0.7521205439510765, "Arkansas": 0.5944294769634471, "California": 0.7060781666565703, "Colorado": 0.7690477004664218, "Connecticut": 0.5525996688396447, "Delaware": 0.6507946330591707, "Florida": 0.7595430671913262, "Georgia": 0.7250889733513555, "Hawaii": 0.914453717175568, "Idaho": 0.7127151264627013, "Illinois": 0.6294747167093462, "Indiana": 0.565993884235342, "Iowa": 0.5832782273402625, "Kansas": 0.6085077697190436, "Kentucky": 0.652455795269131, "Louisiana": 0.7203195446103204, "Maine": 0.6406416005505644, "Maryland": 0.6609467255907184, "Massachusetts": 0.5675522067758687, "Michigan": 0.5975026335684761, "Minnesota": 0.5857354367600827, "Mississippi": 0.7121922841397711, "Missouri": 0.6960001388510828, "Montana": 0.7775833315622708, "Nebraska": 0.6258330496650202, "New Hampshire": 0.6347832468309391, "New Jersey": 0.6276293224739289, "New Mexico": 0.7466900560684947, "New York": 0.55349048968793, "North Carolina": 0.6918340641628196, "North Dakota": 0.6478461405122556, "Ohio": 0.6003166373791532, "Oklahoma": 0.6630281008878961, "Oregon": 0.6769272225955284, "Pennsylvania": 0.5666191509629367, "Rhode Island": 0.6091709988601391, "South Carolina": 0.7658492751759088, "South Dakota": 0.6612552618769071, "Tennessee": 0.6849619497207902, "Texas": 0.7278071564873949, "Utah": 0.6988205545736985, "Vermont": 0.6336539937632764, "Virginia": 0.6853554187776296, "Washington": 0.6878118471499511, "West Virginia": 0.6468260191714487, "Wisconsin": 0.568089141543784, "Wyoming": 0.7095415556819433}