{"Alabama": 0.6687022856306848, "Alaska": 0.688429268196089, "Arizona": 0.7540492064308248, "Arkansas": 0.6108210415334907, "California": 0.7143034890314407, "Colorado": 0.7638322657646874, "Connecticut": 0.5676952125357725, "Delaware": 0.6686557766104014, "Florida": 0.7618077743974436, "Georgia": 0.7292086373345892, "Hawaii": 0.9147782511842102, "Idaho": 0.6990241622348121, "Illinois": 0.64879465090528, "Indiana": 0.6012792475850229, "Iowa": 0.6046691326815906, "Kansas": 0.6326979833906241, "Kentucky": 0.6718580319290111, "Louisiana": 0.7219405475775541, "Maine": 0.6507266876718917, "Maryland": 0.6596431241101072, "Massachusetts": 0.583526327625021, "Michigan": 0.6334906750676771, "Minnesota": 0.5998957620267606, "Mississippi": 0.7165152531914006, "Missouri": 0.7059302374750869, "Montana": 0.7732919348428644, "Nebraska": 0.6406167910423083, "New Hampshire": 0.6421886990290968, "New Jersey": 0.648921463818309, "New Mexico": 0.7417427928336527, "New York": 0.5827810320518341, "North Carolina": 0.7011993240412602, "North Dakota": 0.6656252978836734, "Ohio": 0.6262988543962056, "Oklahoma": 0.6882111644394993, "Oregon": 0.6832494436532348, "Pennsylvania": 0.5836834122833701, "Rhode Island": 0.6238991710090058, "South Carolina": 0.7723027175168473, "South Dakota": 0.6792257334393578, "Tennessee": 0.6972260146851516, "Texas": 0.7343247540310358, "Utah": 0.6992145219408963, "Vermont": 0.6349402936186143, "Virginia": 0.6809813277541874, "Washington": 0.6780629387266865, "West Virginia": 0.6519890205041294, "Wisconsin": 0.5969665358174716, "Wyoming": 0.7186317155434631}