{"Alabama": 0.6214483531347154, "Alaska": 0.6968596775290935, "Arizona": 0.7533764257803583, "Arkansas": 0.5452157533649994, "California": 0.6960312789929548, "Colorado": 0.7594762498816837, "Connecticut": 0.5648506737862994, "Delaware": 0.6708603134785525, "Florida": 0.7617141977941837, "Georgia": 0.7102495466382607, "Hawaii": 0.9159268045517547, "Idaho": 0.6520197302555282, "Illinois": 0.6269980305813199, "Indiana": 0.5537399450659151, "Iowa": 0.5301564992093007, "Kansas": 0.5721335448995054, "Kentucky": 0.6102877094575634, "Louisiana": 0.7106953852871343, "Maine": 0.6419569065242746, "Maryland": 0.6609733570153603, "Massachusetts": 0.581937112533, "Michigan": 0.614567127519642, "Minnesota": 0.5666013785360102, "Mississippi": 0.6603519484140911, "Missouri": 0.6705710407081714, "Montana": 0.7349012950710426, "Nebraska": 0.5888792887414419, "New Hampshire": 0.6336991933167041, "New Jersey": 0.6481409091794997, "New Mexico": 0.731516365679429, "New York": 0.5839043957399972, "North Carolina": 0.6654056920724013, "North Dakota": 0.5841278885282593, "Ohio": 0.598244158354349, "Oklahoma": 0.6401446604711549, "Oregon": 0.6462461497082624, "Pennsylvania": 0.5698311049910709, "Rhode Island": 0.6177458517144796, "South Carolina": 0.7293135277774738, "South Dakota": 0.6103788175612115, "Tennessee": 0.6596781147006746, "Texas": 0.71706942939429, "Utah": 0.6781719306575369, "Vermont": 0.6160672496421163, "Virginia": 0.6754747088413012, "Washington": 0.6543543181912618, "West Virginia": 0.6352153768525037, "Wisconsin": 0.5334947185901365, "Wyoming": 0.6979356494252585}