{"Alabama": 0.616312341062705, "Alaska": 0.6877989696384066, "Arizona": 0.7431296778295589, "Arkansas": 0.5379684472512253, "California": 0.693461796569089, "Colorado": 0.7495308343945574, "Connecticut": 0.5598648351186942, "Delaware": 0.6698722685022068, "Florida": 0.7597804572934838, "Georgia": 0.7011200518816808, "Hawaii": 0.9159676202871638, "Idaho": 0.6385128021804342, "Illinois": 0.6237991925850548, "Indiana": 0.539089835966121, "Iowa": 0.5154996285135789, "Kansas": 0.5722165655847704, "Kentucky": 0.6083088786417647, "Louisiana": 0.7016967095318323, "Maine": 0.630474742351752, "Maryland": 0.6491716585915835, "Massachusetts": 0.5867163411766332, "Michigan": 0.6080435645634967, "Minnesota": 0.5645910400698521, "Mississippi": 0.6545505119986627, "Missouri": 0.6680201479367339, "Montana": 0.7226477326180102, "Nebraska": 0.5758087730867387, "New Hampshire": 0.633078180954668, "New Jersey": 0.647456010193633, "New Mexico": 0.7236735971370226, "New York": 0.5904716912201201, "North Carolina": 0.6634978928005278, "North Dakota": 0.5651396861279216, "Ohio": 0.5949418856770261, "Oklahoma": 0.6256192632661888, "Oregon": 0.6437198311992024, "Pennsylvania": 0.5706095154335084, "Rhode Island": 0.6216826657109868, "South Carolina": 0.7241453688677087, "South Dakota": 0.5999273037954752, "Tennessee": 0.6556569929807531, "Texas": 0.7036344484682594, "Utah": 0.6677238399454734, "Vermont": 0.6158670875566109, "Virginia": 0.663879083436919, "Washington": 0.6447527108926444, "West Virginia": 0.6311495488475798, "Wisconsin": 0.5297691203808752, "Wyoming": 0.6770925478195235}