{"Alabama": 0.6610545080021573, "Alaska": 0.6802139476429593, "Arizona": 0.7441135779109059, "Arkansas": 0.6026951234952692, "California": 0.7111204679363101, "Colorado": 0.7539891407083993, "Connecticut": 0.5631585075155539, "Delaware": 0.6687747971967671, "Florida": 0.760107079896418, "Georgia": 0.7189969980550318, "Hawaii": 0.9149551392158924, "Idaho": 0.6859228676949968, "Illinois": 0.645595821081826, "Indiana": 0.5885929606211745, "Iowa": 0.5919136837803276, "Kansas": 0.6338408174404068, "Kentucky": 0.6689201781737931, "Louisiana": 0.7125179495569446, "Maine": 0.6400018370191533, "Maryland": 0.648408485638374, "Massachusetts": 0.58920831335754, "Michigan": 0.6286933137065162, "Minnesota": 0.5978816738532604, "Mississippi": 0.7075941401140348, "Missouri": 0.7017344296032356, "Montana": 0.7606632114795205, "Nebraska": 0.6308485498479078, "New Hampshire": 0.6418109110246037, "New Jersey": 0.6489603083866102, "New Mexico": 0.7343432807366789, "New York": 0.5900374184878515, "North Carolina": 0.6987275944357055, "North Dakota": 0.6445539741042734, "Ohio": 0.6235781639935705, "Oklahoma": 0.6699232660355191, "Oregon": 0.680076318553813, "Pennsylvania": 0.5849895917017802, "Rhode Island": 0.6280006346133669, "South Carolina": 0.7646394547441954, "South Dakota": 0.6704229618943222, "Tennessee": 0.6909172310436972, "Texas": 0.7197197223816271, "Utah": 0.6903115314216332, "Vermont": 0.6356560344329664, "Virginia": 0.6696983263341928, "Washington": 0.6684475740530353, "West Virginia": 0.6470653385741588, "Wisconsin": 0.5950084641495451, "Wyoming": 0.6990985864689031}