{"Alabama": 0.6628052307803214, "Alaska": 0.6816054620002732, "Arizona": 0.7480730733648003, "Arkansas": 0.6093431470183811, "California": 0.7147080279699415, "Colorado": 0.758412476126053, "Connecticut": 0.5692882467580145, "Delaware": 0.6714668210307432, "Florida": 0.7684590938789833, "Georgia": 0.7205692660832911, "Hawaii": 0.9195911840690487, "Idaho": 0.6902288738661382, "Illinois": 0.6479450877648552, "Indiana": 0.586950073809656, "Iowa": 0.5902839188208847, "Kansas": 0.6407913086986455, "Kentucky": 0.6698966747491628, "Louisiana": 0.7191172833836763, "Maine": 0.6438987460135928, "Maryland": 0.6494682619838673, "Massachusetts": 0.5967056176685813, "Michigan": 0.6258373248894035, "Minnesota": 0.6016943757472085, "Mississippi": 0.7080739734063655, "Missouri": 0.6996780059895773, "Montana": 0.7653443646589606, "Nebraska": 0.6341807391107269, "New Hampshire": 0.6430337590577065, "New Jersey": 0.6521572122618308, "New Mexico": 0.7336977436340754, "New York": 0.6044480465859291, "North Carolina": 0.7023161672921628, "North Dakota": 0.6330087507249792, "Ohio": 0.6261980445081247, "Oklahoma": 0.6774994900668425, "Oregon": 0.683124845720493, "Pennsylvania": 0.5897314847622914, "Rhode Island": 0.6358696219345261, "South Carolina": 0.7623418555042104, "South Dakota": 0.6690297709513178, "Tennessee": 0.6912056536228278, "Texas": 0.7228249834262552, "Utah": 0.6904139567799219, "Vermont": 0.6372604220752178, "Virginia": 0.6726652363139528, "Washington": 0.6667843679846837, "West Virginia": 0.6562815778555984, "Wisconsin": 0.5904298080923689, "Wyoming": 0.6934601532761727}