{"Alabama": 0.6195605072592321, "Alaska": 0.6897033573518351, "Arizona": 0.7471993468201318, "Arkansas": 0.5479225496799686, "California": 0.6980814917308991, "Colorado": 0.7539621606003772, "Connecticut": 0.5664281572131894, "Delaware": 0.6727152620320701, "Florida": 0.7682376609905454, "Georgia": 0.7027802935650636, "Hawaii": 0.9201928273467226, "Idaho": 0.6390853367941439, "Illinois": 0.6263820668547345, "Indiana": 0.5393341352922432, "Iowa": 0.5145071956304645, "Kansas": 0.5794388907938411, "Kentucky": 0.6103828184299698, "Louisiana": 0.7083503445740192, "Maine": 0.6338803638638343, "Maryland": 0.6503297919753157, "Massachusetts": 0.5943813460247204, "Michigan": 0.6033816751022802, "Minnesota": 0.5687775055124398, "Mississippi": 0.659659666166558, "Missouri": 0.6670333914463721, "Montana": 0.7269563618012472, "Nebraska": 0.5775620988326148, "New Hampshire": 0.6342963413630299, "New Jersey": 0.6508439605893801, "New Mexico": 0.7216896798817377, "New York": 0.6048155961762036, "North Carolina": 0.6674191075846068, "North Dakota": 0.5570643789632305, "Ohio": 0.5972830797445797, "Oklahoma": 0.634868124773162, "Oregon": 0.6465351018768561, "Pennsylvania": 0.5753946148667527, "Rhode Island": 0.6291365804275343, "South Carolina": 0.7207705256536164, "South Dakota": 0.5961680241000593, "Tennessee": 0.6576063013187762, "Texas": 0.7073664656838756, "Utah": 0.6681002439124651, "Vermont": 0.6161980944381831, "Virginia": 0.6674399751392204, "Washington": 0.642782835470929, "West Virginia": 0.6410888893735284, "Wisconsin": 0.524374358801297, "Wyoming": 0.6696655326825752}