{"Alabama": 0.626817805744479, "Alaska": 0.6836684785002229, "Arizona": 0.7482648498167044, "Arkansas": 0.5633514098147516, "California": 0.6889579495136754, "Colorado": 0.7577500710364095, "Connecticut": 0.5742338283453235, "Delaware": 0.6722378497833921, "Florida": 0.7773163708751873, "Georgia": 0.7081261518028314, "Hawaii": 0.9262568853308226, "Idaho": 0.6421648699782168, "Illinois": 0.6315359521617309, "Indiana": 0.5392613967649388, "Iowa": 0.5208576310744405, "Kansas": 0.5860946469511445, "Kentucky": 0.6115184967364977, "Louisiana": 0.7161339770986461, "Maine": 0.6485566693013811, "Maryland": 0.6583001093205118, "Massachusetts": 0.5910076459407141, "Michigan": 0.604349335793868, "Minnesota": 0.5729729696784182, "Mississippi": 0.6688402173421697, "Missouri": 0.6644684335548404, "Montana": 0.7307015227012797, "Nebraska": 0.582884916849157, "New Hampshire": 0.64156121693399, "New Jersey": 0.6560864504060929, "New Mexico": 0.7251476386601788, "New York": 0.6142400332648804, "North Carolina": 0.6784904164168736, "North Dakota": 0.5491404940027945, "Ohio": 0.6005192675860889, "Oklahoma": 0.6219824471698934, "Oregon": 0.6552313507426446, "Pennsylvania": 0.5824693914641862, "Rhode Island": 0.6440877013523691, "South Carolina": 0.7240668914897955, "South Dakota": 0.5937566550120107, "Tennessee": 0.6645330113222381, "Texas": 0.7098147490971976, "Utah": 0.6709602144352059, "Vermont": 0.6164545253327028, "Virginia": 0.6738678295336549, "Washington": 0.6298081696530244, "West Virginia": 0.644873300589364, "Wisconsin": 0.5238027973082123, "Wyoming": 0.6591513928850619}