{"Alabama": 0.6702363666790403, "Alaska": 0.675952128706571, "Arizona": 0.7491064214524201, "Arkansas": 0.6201122300326246, "California": 0.7019986244423901, "Colorado": 0.7619535413847951, "Connecticut": 0.5761725617847279, "Delaware": 0.6710821690618887, "Florida": 0.7774694576584228, "Georgia": 0.7258299487513397, "Hawaii": 0.925209562029848, "Idaho": 0.6932863116805589, "Illinois": 0.6529947612379732, "Indiana": 0.5862592407513492, "Iowa": 0.5948332988530562, "Kansas": 0.6458194380937129, "Kentucky": 0.6712369135408944, "Louisiana": 0.7266120332487421, "Maine": 0.6585411532097426, "Maryland": 0.6574470147420918, "Massachusetts": 0.5919088861919861, "Michigan": 0.6263938507547124, "Minnesota": 0.6051614680589902, "Mississippi": 0.7156551535571475, "Missouri": 0.69516722294787, "Montana": 0.7690933684268453, "Nebraska": 0.6355010410990584, "New Hampshire": 0.6503147548337752, "New Jersey": 0.6568869548942103, "New Mexico": 0.7380459333972631, "New York": 0.613709763578556, "North Carolina": 0.7127743501366238, "North Dakota": 0.6191060965302123, "Ohio": 0.6304689483588151, "Oklahoma": 0.6622592172864766, "Oregon": 0.689258716902455, "Pennsylvania": 0.5965405598864804, "Rhode Island": 0.6505260649135647, "South Carolina": 0.7655828534366288, "South Dakota": 0.6695765522853634, "Tennessee": 0.6979051306058249, "Texas": 0.7246415065640358, "Utah": 0.6928775756360663, "Vermont": 0.6391672793006998, "Virginia": 0.6787290244957138, "Washington": 0.6532590894046015, "West Virginia": 0.659040806235792, "Wisconsin": 0.5886533723899905, "Wyoming": 0.6839157895772952}