{"Alabama": 0.6812584908139704, "Alaska": 0.6799410985066902, "Arizona": 0.7566925833259041, "Arkansas": 0.6362993189609759, "California": 0.7088395061299633, "Colorado": 0.7678773999796044, "Connecticut": 0.5887475372659992, "Delaware": 0.6771547810999504, "Florida": 0.7879616939409934, "Georgia": 0.7370276191894355, "Hawaii": 0.9282186487099607, "Idaho": 0.696259099197337, "Illinois": 0.661941389321769, "Indiana": 0.5903867781280318, "Iowa": 0.605168980432401, "Kansas": 0.6530689504951172, "Kentucky": 0.681238516452991, "Louisiana": 0.7350024837335113, "Maine": 0.6592205119880403, "Maryland": 0.6677885756264801, "Massachusetts": 0.5974228154930029, "Michigan": 0.6308081971799605, "Minnesota": 0.6093113397970755, "Mississippi": 0.7250412190137621, "Missouri": 0.701767930945951, "Montana": 0.7735109221968866, "Nebraska": 0.6446389490098533, "New Hampshire": 0.6624670452263614, "New Jersey": 0.6633729981580653, "New Mexico": 0.7468159524876233, "New York": 0.6270233123403363, "North Carolina": 0.7252224545628444, "North Dakota": 0.6163434804542433, "Ohio": 0.6404469126317853, "Oklahoma": 0.665780941697013, "Oregon": 0.699180867931273, "Pennsylvania": 0.607560250607209, "Rhode Island": 0.657635193663274, "South Carolina": 0.7748130699719489, "South Dakota": 0.675382368046576, "Tennessee": 0.7094172403911355, "Texas": 0.7352793303810896, "Utah": 0.7012676002709325, "Vermont": 0.6516638576296707, "Virginia": 0.6895667582675234, "Washington": 0.6615248062293103, "West Virginia": 0.6659063827475901, "Wisconsin": 0.5965301195704885, "Wyoming": 0.7009405732767789}