{"Alabama": 0.6365889809349659, "Alaska": 0.687837875317407, "Arizona": 0.7561950695233415, "Arkansas": 0.5785695006175475, "California": 0.697408223179221, "Colorado": 0.7642297040448077, "Connecticut": 0.587174901816353, "Delaware": 0.6788794988016376, "Florida": 0.7880865880204535, "Georgia": 0.7200379725709581, "Hawaii": 0.9292448528283095, "Idaho": 0.6463692061854737, "Illinois": 0.641639504304547, "Indiana": 0.5435976633433249, "Iowa": 0.528754296189036, "Kansas": 0.5957079777892151, "Kentucky": 0.6215857278667754, "Louisiana": 0.724840119821407, "Maine": 0.6488545993227739, "Maryland": 0.6688098692547162, "Massachusetts": 0.5970681338675758, "Michigan": 0.608262975483975, "Minnesota": 0.5789045984115058, "Mississippi": 0.6803598550179009, "Missouri": 0.6711849381189754, "Montana": 0.7351745802868744, "Nebraska": 0.5916306527674307, "New Hampshire": 0.6536736053311518, "New Jersey": 0.663076513689639, "New Mexico": 0.7336585229990645, "New York": 0.6276693090938933, "North Carolina": 0.6916988480810825, "North Dakota": 0.5492580308084205, "Ohio": 0.6109426220513242, "Oklahoma": 0.6265849771858062, "Oregon": 0.6650988244765063, "Pennsylvania": 0.5941391055918184, "Rhode Island": 0.6518204080741318, "South Carolina": 0.7334902384647225, "South Dakota": 0.6019434696605026, "Tennessee": 0.6762329873359461, "Texas": 0.7214995141450014, "Utah": 0.6805592416422235, "Vermont": 0.6279713688910908, "Virginia": 0.68497287184924, "Washington": 0.6398373863143703, "West Virginia": 0.652278556230243, "Wisconsin": 0.5309204436680176, "Wyoming": 0.6777511421279881}