{"Alabama": 0.6412291670215494, "Alaska": 0.6885969225546827, "Arizona": 0.7584689102045714, "Arkansas": 0.5859616647140694, "California": 0.7019771409623432, "Colorado": 0.7621655033894058, "Connecticut": 0.5893468706345897, "Delaware": 0.6753018161939511, "Florida": 0.7906706712435618, "Georgia": 0.7232334367642008, "Hawaii": 0.9304581135122907, "Idaho": 0.6508372917660363, "Illinois": 0.6428249527643438, "Indiana": 0.5402839860886033, "Iowa": 0.5320801165863451, "Kansas": 0.5960790104979626, "Kentucky": 0.6219813677789958, "Louisiana": 0.7271894364101897, "Maine": 0.6521413365831207, "Maryland": 0.6691754882286044, "Massachusetts": 0.5939085844197645, "Michigan": 0.603124083188666, "Minnesota": 0.5764922233421336, "Mississippi": 0.6794943087030102, "Missouri": 0.6749080376958612, "Montana": 0.7338232997362756, "Nebraska": 0.5938111573672594, "New Hampshire": 0.6559569637909639, "New Jersey": 0.6595891837565069, "New Mexico": 0.7383935640472279, "New York": 0.6294149105042242, "North Carolina": 0.6960227452330496, "North Dakota": 0.5467993567595756, "Ohio": 0.6103504870234794, "Oklahoma": 0.6265529001648754, "Oregon": 0.6665759327901439, "Pennsylvania": 0.5929609372534709, "Rhode Island": 0.6558973184533158, "South Carolina": 0.73328410094661, "South Dakota": 0.6033041188497315, "Tennessee": 0.6821805318651967, "Texas": 0.7241282786246005, "Utah": 0.6814435100182864, "Vermont": 0.632946822219401, "Virginia": 0.6889914305651234, "Washington": 0.6449515547061676, "West Virginia": 0.6541282996008904, "Wisconsin": 0.527646633854014, "Wyoming": 0.6688835019432545}