{"Alabama": 0.6842954373450908, "Alaska": 0.6806848159410173, "Arizona": 0.758656174472647, "Arkansas": 0.6431420118347372, "California": 0.7132903892951993, "Colorado": 0.7655454971642454, "Connecticut": 0.5901319528889075, "Delaware": 0.6733683015353674, "Florida": 0.7904311101731009, "Georgia": 0.7405103019994389, "Hawaii": 0.9297203476420669, "Idaho": 0.7005192732415791, "Illinois": 0.6623340528851698, "Indiana": 0.5875980479118635, "Iowa": 0.6044328553967302, "Kansas": 0.6536557019011578, "Kentucky": 0.6823829627645639, "Louisiana": 0.7372898282771434, "Maine": 0.6625998822092121, "Maryland": 0.6680808552707016, "Massachusetts": 0.593759878105266, "Michigan": 0.6262398697748626, "Minnesota": 0.6060388156165942, "Mississippi": 0.7270913384353108, "Missouri": 0.7047255950230134, "Montana": 0.7701909750860156, "Nebraska": 0.6457706102141435, "New Hampshire": 0.6651676881060606, "New Jersey": 0.6595991601800582, "New Mexico": 0.7501027297779209, "New York": 0.6285872712870515, "North Carolina": 0.7296957994705146, "North Dakota": 0.610464300546838, "Ohio": 0.6396208474335293, "Oklahoma": 0.6633351100193047, "Oregon": 0.6996820497615077, "Pennsylvania": 0.6059380505924052, "Rhode Island": 0.6622067140764715, "South Carolina": 0.7739439837306983, "South Dakota": 0.6751798040393748, "Tennessee": 0.7151614217247062, "Texas": 0.7370293137751653, "Utah": 0.701589502041533, "Vermont": 0.6564622427012936, "Virginia": 0.6937474211095933, "Washington": 0.6655883725241141, "West Virginia": 0.667625539250984, "Wisconsin": 0.5927472845790421, "Wyoming": 0.6916051881397762}