{"Alabama": 0.9402106947704261, "Alaska": 0.58137105498852, "Arizona": 0.8849296463121598, "Arkansas": 0.9443520934271045, "California": 0.9175621991341326, "Colorado": 0.8268031119609235, "Connecticut": 0.9372244897927715, "Delaware": 0.8162578318697881, "Florida": 0.8072842243175861, "Georgia": 0.8785377650107908, "Hawaii": 0.6429653762216727, "Idaho": 0.9048116574227514, "Illinois": 0.9594184179771297, "Indiana": 0.9776681772455473, "Iowa": 0.9641731185347087, "Kansas": 0.9735659801392311, "Kentucky": 0.9706213092101413, "Louisiana": 0.8433749292937093, "Maine": 0.8868512408358391, "Maryland": 0.8092788109997718, "Massachusetts": 0.8949006766243969, "Michigan": 0.9866970998847133, "Minnesota": 0.9767103940324977, "Mississippi": 0.9550750869204078, "Missouri": 0.9590136445317528, "Montana": 0.7910172245592026, "Nebraska": 0.9032637257048981, "Nevada": 0.491284275229175, "New Hampshire": 0.9774806676741576, "New Jersey": 0.8388692128819537, "New Mexico": 0.8242401087265964, "New York": 0.8108797316495977, "North Carolina": 0.9115093156794162, "North Dakota": 0.8228781269791776, "Oklahoma": 0.9179593240249232, "Oregon": 0.9711732325954577, "Pennsylvania": 0.9564347996213277, "Rhode Island": 0.930601778627187, "South Carolina": 0.8697148297440943, "South Dakota": 0.9021391381460183, "Tennessee": 0.9678978619507671, "Texas": 0.9122924360108035, "Utah": 0.9228128600096897, "Vermont": 0.9436388950819582, "Virginia": 0.8691909153326302, "Washington": 0.9632718184465712, "West Virginia": 0.8778747319088144, "Wisconsin": 0.9831571256989018, "Wyoming": 0.6312659343533469}