{"Alabama": 0.9432672369854541, "Alaska": 0.6062933752745657, "Arizona": 0.8819087438080251, "Arkansas": 0.9439542580401993, "California": 0.9110885413281807, "Colorado": 0.8165501644562669, "Connecticut": 0.9332965926106551, "Delaware": 0.825660128544068, "Florida": 0.8037685717217044, "Georgia": 0.8827611756349223, "Hawaii": 0.6527027759576072, "Idaho": 0.9116329414870467, "Illinois": 0.9580152183431653, "Indiana": 0.9743500782845983, "Iowa": 0.9646092430156852, "Kansas": 0.9718986848844379, "Kentucky": 0.9733994255049193, "Louisiana": 0.8509302318740283, "Maine": 0.8888317161077618, "Maryland": 0.8088343750176396, "Massachusetts": 0.8896239711958426, "Michigan": 0.9847855278379303, "Minnesota": 0.9749552562849428, "Mississippi": 0.9503157822424662, "Missouri": 0.9585518322822238, "Montana": 0.7989311540872014, "Nebraska": 0.9037685431335291, "Nevada": 0.48654658056044153, "New Hampshire": 0.9699270195635703, "New Jersey": 0.839683639977362, "New Mexico": 0.8261846516482002, "New York": 0.811522152070973, "North Carolina": 0.9250297620377328, "North Dakota": 0.8261897022231965, "Oklahoma": 0.9215749842172697, "Oregon": 0.970934427408003, "Pennsylvania": 0.9544825422091127, "Rhode Island": 0.930418452549544, "South Carolina": 0.8782573651190786, "South Dakota": 0.9026416776130752, "Tennessee": 0.9692136725852831, "Texas": 0.910101315824911, "Utah": 0.9210929164029159, "Vermont": 0.9371984616000845, "Virginia": 0.859563623977754, "Washington": 0.9544638587026425, "West Virginia": 0.8842184617934438, "Wisconsin": 0.9814385618169553, "Wyoming": 0.6368602583748151}