{"Alabama": 0.9466366410956831, "Alaska": 0.6190684625046292, "Arizona": 0.8752981220803818, "Arkansas": 0.949035830462968, "California": 0.910852249421496, "Colorado": 0.8052979953239603, "Connecticut": 0.9284670748722801, "Delaware": 0.819057720766564, "Florida": 0.7944316031113879, "Georgia": 0.8826471647868088, "Hawaii": 0.6567367788795276, "Idaho": 0.9181414717210005, "Illinois": 0.9546810376233263, "Indiana": 0.9751615558984901, "Iowa": 0.9677762429769813, "Kansas": 0.9716907032838956, "Kentucky": 0.9772032509097524, "Louisiana": 0.8515987647509851, "Maine": 0.8929916258461387, "Maryland": 0.807538214255114, "Massachusetts": 0.8835442578923801, "Michigan": 0.9837892580759386, "Minnesota": 0.9737475906176492, "Mississippi": 0.9531003409657174, "Missouri": 0.9577840502894887, "Montana": 0.8034085086432071, "Nebraska": 0.9107143211776999, "Nevada": 0.4963279396731345, "New Hampshire": 0.9712002074718182, "New Jersey": 0.8423585381672761, "New Mexico": 0.8276325957045907, "New York": 0.8107596790676874, "North Carolina": 0.93482961180409, "North Dakota": 0.8390383392657043, "Oklahoma": 0.9259712313612068, "Oregon": 0.972398329907796, "Pennsylvania": 0.956043428913004, "Rhode Island": 0.9324814849624936, "South Carolina": 0.8916432008125427, "South Dakota": 0.9075668536565376, "Tennessee": 0.9698750366127384, "Texas": 0.908814680154086, "Utah": 0.9191345351052066, "Vermont": 0.9374293296544225, "Virginia": 0.8493169427302367, "Washington": 0.945159585582274, "West Virginia": 0.8905751430958834, "Wisconsin": 0.9823702161305086, "Wyoming": 0.636379359829575}