{"Alabama": 0.95616832751611, "Alaska": 0.6397465172979814, "Arizona": 0.88299388507804, "Arkansas": 0.9458283883240336, "California": 0.9146549138162593, "Colorado": 0.8298855279445057, "Connecticut": 0.9366267652425655, "Delaware": 0.8249386385895966, "Florida": 0.8378229802914271, "Georgia": 0.8999025527944665, "Hawaii": 0.6742956529357244, "Idaho": 0.9330468819240597, "Illinois": 0.9603913886592884, "Indiana": 0.9702168362422205, "Iowa": 0.9694235195538178, "Kansas": 0.9774351913156966, "Kentucky": 0.9800661784921222, "Louisiana": 0.8865683696731538, "Maine": 0.9156120270315237, "Maryland": 0.8382870902264465, "Massachusetts": 0.8945743550702028, "Michigan": 0.9833927563979133, "Minnesota": 0.980388886763974, "Mississippi": 0.9510509953467852, "Missouri": 0.9674938157463429, "Montana": 0.8422540699307542, "Nebraska": 0.924456417889977, "Nevada": 0.5580632367171322, "New Hampshire": 0.9579825095587285, "New Jersey": 0.8712793587181648, "New Mexico": 0.8619867846320033, "New York": 0.8501278916988138, "North Carolina": 0.9469381256414251, "North Dakota": 0.8943693499701181, "Oklahoma": 0.93344116804603, "Oregon": 0.9798587465872376, "Pennsylvania": 0.9646619595375409, "Rhode Island": 0.8811647511012173, "South Carolina": 0.909053006708672, "South Dakota": 0.9246817253105, "Tennessee": 0.9704105529883175, "Texas": 0.9197476511190477, "Utah": 0.9249135636122501, "Vermont": 0.8802475019894033, "Virginia": 0.8644503856625163, "Washington": 0.9478018911823645, "West Virginia": 0.9106895762946846, "Wisconsin": 0.9821763129137697, "Wyoming": 0.5503763789813225}