{"Alabama": 0.9571858759222037, "Alaska": 0.7355894216226493, "Arizona": 0.8842752967675952, "Arkansas": 0.9494341574162772, "California": 0.9096395235234932, "Colorado": 0.8355590977340132, "Connecticut": 0.9375831524975727, "Delaware": 0.8396661632987175, "Florida": 0.8369625607332367, "Georgia": 0.9037033775891941, "Hawaii": 0.6939791671413074, "Idaho": 0.9327268540368003, "Illinois": 0.9621831987869716, "Indiana": 0.9676310149552354, "Iowa": 0.9702621370913926, "Kansas": 0.9760058276368101, "Kentucky": 0.9806738465273278, "Louisiana": 0.8958742467456794, "Maine": 0.9229242587371516, "Maryland": 0.8439664459578254, "Massachusetts": 0.8974171704277193, "Michigan": 0.9844303517187496, "Minnesota": 0.9816987090007698, "Mississippi": 0.9529724505821017, "Missouri": 0.9703345706516683, "Montana": 0.8489583258905696, "Nebraska": 0.9252057504350059, "Nevada": 0.5763237771064921, "New Hampshire": 0.9553172224909924, "New Jersey": 0.8826995338293769, "New Mexico": 0.8677868129865229, "New York": 0.8594071750296839, "North Carolina": 0.951849372051634, "North Dakota": 0.9039267314434308, "Oklahoma": 0.9287016678911513, "Oregon": 0.9817707845960105, "Pennsylvania": 0.9658958130822601, "Rhode Island": 0.9505984965153815, "South Carolina": 0.9113823717923383, "South Dakota": 0.9311512022810966, "Tennessee": 0.9725103937891202, "Texas": 0.9209082242748459, "Utah": 0.9303715738195161, "Vermont": 0.9390444410003828, "Virginia": 0.8623861160172555, "Washington": 0.9456001487802159, "West Virginia": 0.9142707772578009, "Wisconsin": 0.982759002608895, "Wyoming": 0.6065982746779737}