{"Alabama": 0.9572396239873617, "Alaska": 0.7450889723852796, "Arizona": 0.8804957888225451, "Arkansas": 0.9504591119061245, "California": 0.9049295569419389, "Colorado": 0.8366063651995141, "Connecticut": 0.9397951865923635, "Delaware": 0.844851962120308, "Florida": 0.8407753067476249, "Georgia": 0.9045321778939134, "Hawaii": 0.7398956879488188, "Idaho": 0.9291396074989883, "Illinois": 0.962547621546244, "Indiana": 0.9649460085823123, "Iowa": 0.9704888550088367, "Kansas": 0.9799759086028568, "Kentucky": 0.9810861314528093, "Louisiana": 0.903154476472092, "Maine": 0.919705065701598, "Maryland": 0.8428213765317657, "Massachusetts": 0.8966174639227599, "Michigan": 0.9854059963060677, "Minnesota": 0.9831059419343245, "Mississippi": 0.9546013933987424, "Missouri": 0.9733241546178094, "Montana": 0.84888769951163, "Nebraska": 0.9266860595632932, "Nevada": 0.5873618440074319, "New Hampshire": 0.9518908537283199, "New Jersey": 0.883617548812093, "New Mexico": 0.8696487692640884, "New York": 0.8620389582679417, "North Carolina": 0.9567961938070333, "North Dakota": 0.9122434128464124, "Oklahoma": 0.9333061600024556, "Oregon": 0.9831867580278131, "Pennsylvania": 0.9664212163101581, "Rhode Island": 0.7740081393205075, "South Carolina": 0.9136876629913249, "South Dakota": 0.93532151161349, "Tennessee": 0.9726537486910638, "Texas": 0.9234177467237024, "Utah": 0.9284950439743196, "Vermont": 0.9364552561347488, "Virginia": 0.85402101437747, "Washington": 0.9432615325432164, "West Virginia": 0.9137410856096115, "Wisconsin": 0.9821195583470419, "Wyoming": 0.6004232448149814}