{"Alabama": 0.972883883838295, "Alaska": 0.7502506399126976, "Arizona": 0.8583733933894828, "Arkansas": 0.961884254802735, "California": 0.9191324819157324, "Colorado": 0.8256172219913215, "Connecticut": 0.9411142789625594, "Delaware": 0.870873558163109, "Florida": 0.8021584586194859, "Georgia": 0.9516820688166686, "Hawaii": 0.6924711522890031, "Idaho": 0.9056705867599061, "Illinois": 0.9731835946438091, "Indiana": 0.9728803701610287, "Iowa": 0.9561953526110366, "Kansas": 0.9729015681105372, "Kentucky": 0.9684145176357332, "Louisiana": 0.9134908974144714, "Maine": 0.9257937996172376, "Maryland": 0.8196239141607429, "Massachusetts": 0.8975778463940713, "Michigan": 0.9939661076685713, "Minnesota": 0.9848849422146044, "Mississippi": 0.9573481286115655, "Missouri": 0.9726806071159367, "Montana": 0.7679891812332394, "Nebraska": 0.936605944747107, "Nevada": 0.5508407137275728, "New Hampshire": 0.951524111926151, "New Jersey": 0.9075742991969314, "New Mexico": 0.8216793287810991, "New York": 0.8556534238285347, "North Carolina": 0.9851584753406369, "North Dakota": 0.8123081741912445, "Oklahoma": 0.9085824810308516, "Oregon": 0.9776928362210546, "Pennsylvania": 0.9739571333233292, "Rhode Island": 0.9517071754349861, "South Carolina": 0.9523472906974315, "South Dakota": 0.8710032010179891, "Tennessee": 0.9787880814611415, "Texas": 0.9265165353040066, "Utah": 0.936589667682405, "Vermont": 0.9352201420226841, "Virginia": 0.8660230281985795, "Washington": 0.9422433117833517, "West Virginia": 0.9040416050154699, "Wisconsin": 0.9807403851107726, "Wyoming": 0.6208535391074387}