{"Alabama": 0.9700407109270468, "Alaska": 0.7539604278160001, "Arizona": 0.8423578351516684, "Arkansas": 0.9633340324725861, "California": 0.9090774817977691, "Colorado": 0.8179668082669893, "Connecticut": 0.940116997645042, "Delaware": 0.8107384053200375, "Florida": 0.7946495540339285, "Georgia": 0.9444512128738397, "Hawaii": 0.6952348529371388, "Idaho": 0.8935291322322835, "Illinois": 0.9720335487899026, "Indiana": 0.9713968586111983, "Iowa": 0.9531546351536008, "Kansas": 0.9745939561352358, "Kentucky": 0.970509689951467, "Louisiana": 0.9139122637625463, "Maine": 0.9204669238087183, "Maryland": 0.8153486139166519, "Massachusetts": 0.8944957925407944, "Michigan": 0.9937676698535957, "Minnesota": 0.9852032696871916, "Mississippi": 0.9559888986806839, "Missouri": 0.970299648645421, "Montana": 0.7676048892409032, "Nebraska": 0.937112883118164, "Nevada": 0.5494032986508638, "New Hampshire": 0.9481992451155264, "New Jersey": 0.9056996820149997, "New Mexico": 0.8205069169194165, "New York": 0.8544058755004553, "North Carolina": 0.982253076345799, "North Dakota": 0.821431456138263, "Oklahoma": 0.906220982020421, "Oregon": 0.977476065809482, "Pennsylvania": 0.9720467272851276, "Rhode Island": 0.9492484836951944, "South Carolina": 0.9460234829777905, "South Dakota": 0.8718203370118508, "Tennessee": 0.9779478907681017, "Texas": 0.9225204126457845, "Utah": 0.9252317039554517, "Vermont": 0.9334039356287428, "Virginia": 0.8564206957737094, "Washington": 0.9408459157401621, "West Virginia": 0.8983978722725771, "Wisconsin": 0.9794120772155962, "Wyoming": 0.6010388173781573}