{"Alabama": 0.9666868630509585, "Alaska": 0.75968678750188, "Arizona": 0.8347220286217812, "Arkansas": 0.9631770086710126, "California": 0.9019687313978045, "Colorado": 0.8132144157359863, "Connecticut": 0.9397448862987268, "Delaware": 0.866575058224841, "Florida": 0.7978050405827956, "Georgia": 0.9380318022204516, "Hawaii": 0.6979684299121036, "Idaho": 0.8840389763561932, "Illinois": 0.9716928299281671, "Indiana": 0.9698937620427363, "Iowa": 0.9540550622723958, "Kansas": 0.9758981903468072, "Kentucky": 0.9713816649744452, "Louisiana": 0.9050534109541748, "Maine": 0.9221630671307692, "Maryland": 0.8133348560606991, "Massachusetts": 0.895017633790019, "Michigan": 0.9937513159305168, "Minnesota": 0.9861934274644638, "Mississippi": 0.9529267127608863, "Missouri": 0.9700930359034731, "Montana": 0.7726897410290484, "Nebraska": 0.9420762237580179, "Nevada": 0.552251434683547, "New Hampshire": 0.9469527731896135, "New Jersey": 0.9049006915387472, "New Mexico": 0.8180714960024287, "New York": 0.8544494140494225, "North Carolina": 0.9783789049203677, "North Dakota": 0.8309548092277087, "Oklahoma": 0.9053379211353143, "Oregon": 0.9757631862729036, "Pennsylvania": 0.9722393689965525, "Rhode Island": 0.9442372659946799, "South Carolina": 0.9368874059431651, "South Dakota": 0.8810908004948833, "Tennessee": 0.9763624044176655, "Texas": 0.9200048604012694, "Utah": 0.9103286147157015, "Vermont": 0.9309787707828181, "Virginia": 0.8484669731296403, "Washington": 0.9407387805867538, "West Virginia": 0.8935221757743823, "Wisconsin": 0.9783871264896304, "Wyoming": 0.5669428142090095}