{"Alabama": 0.9552713245322086, "Alaska": 0.7465227265194117, "Arizona": 0.8575994097152586, "Arkansas": 0.9521028296429059, "California": 0.8888084895821674, "Colorado": 0.8253347875055735, "Connecticut": 0.9395474887613835, "Delaware": 0.8469247068732494, "Florida": 0.8355356406008241, "Georgia": 0.8967918562961552, "Hawaii": 0.7454142274381051, "Idaho": 0.8992638710668978, "Illinois": 0.9627864853801608, "Indiana": 0.9626328752180119, "Iowa": 0.9666260701067405, "Kansas": 0.9829479473761397, "Kentucky": 0.9803250016053984, "Louisiana": 0.896367489772575, "Maine": 0.9174310536524608, "Maryland": 0.8390537042033699, "Massachusetts": 0.8966137094760255, "Michigan": 0.9883237777986756, "Minnesota": 0.9847954733221623, "Mississippi": 0.9506991822951915, "Missouri": 0.9696745108325562, "Montana": 0.8430748509820909, "Nebraska": 0.9333285846102962, "Nevada": 0.5853544635926263, "New Hampshire": 0.9476087126942526, "New Jersey": 0.8866597599350358, "New Mexico": 0.8616127811462538, "New York": 0.8658632196103865, "North Carolina": 0.9545681478959134, "North Dakota": 0.9203637646019817, "Oklahoma": 0.9234273812566676, "Oregon": 0.9792108818381638, "Pennsylvania": 0.9671784660114848, "Rhode Island": 0.9433821608983632, "South Carolina": 0.9038289620731584, "South Dakota": 0.9344926752642372, "Tennessee": 0.9702669484750083, "Texas": 0.9169699245475851, "Utah": 0.8990838748940451, "Vermont": 0.9326982287870859, "Virginia": 0.8437235136916377, "Washington": 0.9398299478741479, "West Virginia": 0.9038599729287486, "Wisconsin": 0.9806172129974309, "Wyoming": 0.6008204144222583}