{"Alabama": 0.9535392714248889, "Alaska": 0.7531381349937897, "Arizona": 0.8682219063845272, "Arkansas": 0.9547118530820178, "California": 0.8906542784394612, "Colorado": 0.8265736169910092, "Connecticut": 0.9376545248618503, "Delaware": 0.8597248929441694, "Florida": 0.8504054642147825, "Georgia": 0.8986194688438401, "Hawaii": 0.7538429379284496, "Idaho": 0.9023993178065157, "Illinois": 0.9649413373558133, "Indiana": 0.9632905449588303, "Iowa": 0.9672547689492066, "Kansas": 0.9846091655862395, "Kentucky": 0.9799671333309622, "Louisiana": 0.9035388348983974, "Maine": 0.9252155846434849, "Maryland": 0.8479146080012736, "Massachusetts": 0.8988289243759144, "Michigan": 0.9891043192479179, "Minnesota": 0.9855153483618491, "Mississippi": 0.9494549581361872, "Missouri": 0.9707535627778983, "Montana": 0.8460999198821987, "Nebraska": 0.9375941992362109, "Nevada": 0.595127557567462, "New Hampshire": 0.9522567241239714, "New Jersey": 0.88908683008019, "New Mexico": 0.864443538535253, "New York": 0.8731590297941024, "North Carolina": 0.9537457560350532, "North Dakota": 0.9248391554321437, "Oklahoma": 0.9210873921772267, "Oregon": 0.9778590663087912, "Pennsylvania": 0.9703105094474352, "Rhode Island": 0.9432451175703706, "South Carolina": 0.9047027932531908, "South Dakota": 0.936383450385623, "Tennessee": 0.9683452703079946, "Texas": 0.916096683142823, "Utah": 0.8899964351346483, "Vermont": 0.9369813165856453, "Virginia": 0.8458653063179458, "Washington": 0.936670417860143, "West Virginia": 0.905957171488276, "Wisconsin": 0.979443756283672, "Wyoming": 0.5943057572707783}