{"Alabama": 0.9633327761518173, "Alaska": 0.7647478736896588, "Arizona": 0.8446928157040634, "Arkansas": 0.9646244119669212, "California": 0.9021926208867482, "Colorado": 0.8133485111519638, "Connecticut": 0.9378339911419084, "Delaware": 0.8772488676876251, "Florida": 0.8124874522293065, "Georgia": 0.934626320890392, "Hawaii": 0.7072583585611649, "Idaho": 0.8902963803697435, "Illinois": 0.9726563650831441, "Indiana": 0.9696877290069036, "Iowa": 0.9522508676662763, "Kansas": 0.9766008096455817, "Kentucky": 0.9712403821836079, "Louisiana": 0.9109705782069573, "Maine": 0.9289810804638626, "Maryland": 0.8200017143930975, "Massachusetts": 0.895684538121148, "Michigan": 0.9938540176673599, "Minnesota": 0.9866005707316714, "Mississippi": 0.9521159744353425, "Missouri": 0.971319502908695, "Montana": 0.7790002407863259, "Nebraska": 0.9448253474155007, "Nevada": 0.5635407916809605, "New Hampshire": 0.9521204005627177, "New Jersey": 0.9014708762597778, "New Mexico": 0.8206284837635098, "New York": 0.8586512561437023, "North Carolina": 0.9751292998900084, "North Dakota": 0.8315263274465439, "Oklahoma": 0.9016484748203727, "Oregon": 0.9748534175107024, "Pennsylvania": 0.9742468778147343, "Rhode Island": 0.942888564021137, "South Carolina": 0.9324084057944299, "South Dakota": 0.885897527986153, "Tennessee": 0.9748089720215484, "Texas": 0.9184326399423596, "Utah": 0.9019790929410249, "Vermont": 0.9356356482990431, "Virginia": 0.8472883179007865, "Washington": 0.9390745705891695, "West Virginia": 0.8933254176231813, "Wisconsin": 0.9759481567693872, "Wyoming": 0.5571254256451856}