{"Alabama": 0.9505624975692076, "Alaska": 0.7519587630353517, "Arizona": 0.8832377992892787, "Arkansas": 0.9539676012339687, "California": 0.8925648198141648, "Colorado": 0.8264955368092954, "Connecticut": 0.933931759735387, "Delaware": 0.8657707966505414, "Florida": 0.8680234647054208, "Georgia": 0.9009443098293921, "Hawaii": 0.7632155382567999, "Idaho": 0.9118858896259312, "Illinois": 0.9651766872865806, "Indiana": 0.9646331493651812, "Iowa": 0.9619814389990706, "Kansas": 0.9833176378339764, "Kentucky": 0.9775758218349898, "Louisiana": 0.8992105585371961, "Maine": 0.944206018276406, "Maryland": 0.854192206311765, "Massachusetts": 0.9016552527645181, "Michigan": 0.9902313176407219, "Minnesota": 0.9855057906980339, "Mississippi": 0.9437603069813181, "Missouri": 0.9705710836363269, "Montana": 0.851688529261797, "Nebraska": 0.9377358238721989, "Nevada": 0.6003166373791532, "New Hampshire": 0.9520956528458996, "New Jersey": 0.8925057032564738, "New Mexico": 0.8655031270936386, "New York": 0.879724456768244, "North Carolina": 0.9568670682715358, "North Dakota": 0.9242102303702093, "Oklahoma": 0.9000346329834655, "Oregon": 0.9776066029098351, "Pennsylvania": 0.972631391814152, "Rhode Island": 0.9432072031773576, "South Carolina": 0.9087848487217389, "South Dakota": 0.9363067187577467, "Tennessee": 0.9666463573060323, "Texas": 0.9054124513209284, "Utah": 0.8950970295082983, "Vermont": 0.9406204507364716, "Virginia": 0.8440327890995898, "Washington": 0.9375361273034817, "West Virginia": 0.8965265278179347, "Wisconsin": 0.9772682297084443, "Wyoming": 0.5609800588921346}