{"Alabama": 0.9485362838985035, "Alaska": 0.7918350975012313, "Arizona": 0.9043170821323813, "Arkansas": 0.954418883648576, "California": 0.9029437702483859, "Colorado": 0.8481493093789845, "Connecticut": 0.934135437645374, "Delaware": 0.8822576271210463, "Florida": 0.891130578408702, "Georgia": 0.9134891968146314, "Hawaii": 0.7988836462941179, "Idaho": 0.9339269828486921, "Illinois": 0.9670186964990294, "Indiana": 0.9690493240431042, "Iowa": 0.9586423106509775, "Kansas": 0.9829464686637343, "Kentucky": 0.9766063196512675, "Louisiana": 0.9139713952669692, "Maine": 0.9601440083875943, "Maryland": 0.8803511806678167, "Massachusetts": 0.9146206218214186, "Michigan": 0.9909226666953813, "Minnesota": 0.9883663466774424, "Mississippi": 0.9461174947337662, "Missouri": 0.9766532953661766, "Montana": 0.8845354318268981, "Nebraska": 0.9425387873052039, "Nevada": 0.6262988543962056, "New Hampshire": 0.9562606158407058, "New Jersey": 0.9115595057757244, "New Mexico": 0.8941780230966364, "New York": 0.9048683645305018, "North Carolina": 0.9653571417684627, "North Dakota": 0.9311169461467413, "Oklahoma": 0.9124275255475608, "Oregon": 0.9818590063478227, "Pennsylvania": 0.9787719227353676, "Rhode Island": 0.9529761155982993, "South Carolina": 0.914565961160124, "South Dakota": 0.9397577052407158, "Tennessee": 0.9686756414127234, "Texas": 0.9183500682070407, "Utah": 0.9045573864230164, "Vermont": 0.9490893719260067, "Virginia": 0.8531049913965862, "Washington": 0.9497753795953093, "West Virginia": 0.9127233653014821, "Wisconsin": 0.9753209835251228, "Wyoming": 0.6276120146208156}