{"Alabama": 0.955388123765808, "Alaska": 0.8014058609255201, "Arizona": 0.8862535932176165, "Arkansas": 0.9600704040546895, "California": 0.9123896039726952, "Colorado": 0.8384048745406281, "Connecticut": 0.9366083082908062, "Delaware": 0.8917996560060761, "Florida": 0.8578981947025126, "Georgia": 0.9387477094615735, "Hawaii": 0.7595923745036105, "Idaho": 0.9173475462973785, "Illinois": 0.9732941049217543, "Indiana": 0.9704135553098847, "Iowa": 0.9420644904284058, "Kansas": 0.9739747504117421, "Kentucky": 0.9678408323114738, "Louisiana": 0.9195946836848501, "Maine": 0.9581209261501991, "Maryland": 0.85594475007555, "Massachusetts": 0.9092209705981614, "Michigan": 0.992688925150118, "Minnesota": 0.9875707469557717, "Mississippi": 0.9460491691741489, "Missouri": 0.975861598458394, "Montana": 0.8215996814260006, "Nebraska": 0.9441894899244274, "Nevada": 0.598244158354349, "New Hampshire": 0.9584504428796548, "New Jersey": 0.9158840980015102, "New Mexico": 0.8549098121803693, "New York": 0.886963173718689, "North Carolina": 0.9797566446412687, "North Dakota": 0.8472087508527487, "Oklahoma": 0.8945836649367329, "Oregon": 0.9766987420228163, "Pennsylvania": 0.9808198793326346, "Rhode Island": 0.9494910014678989, "South Carolina": 0.9335855838345342, "South Dakota": 0.8906270967282912, "Tennessee": 0.9740786869812764, "Texas": 0.920739491463817, "Utah": 0.9149264426590697, "Vermont": 0.9470276508401926, "Virginia": 0.8520790970482995, "Washington": 0.9522981602395774, "West Virginia": 0.8997808464662733, "Wisconsin": 0.9689015004083417, "Wyoming": 0.5909894935006188}