{"Alabama": 0.9478859119997419, "Alaska": 0.7886437444616407, "Arizona": 0.9092118280375137, "Arkansas": 0.9557524328520441, "California": 0.8994734601601043, "Colorado": 0.8514166981558523, "Connecticut": 0.9358293228281572, "Delaware": 0.8854345538228864, "Florida": 0.89050863367318, "Georgia": 0.9139288279382487, "Hawaii": 0.7955647426504152, "Idaho": 0.9384567002979998, "Illinois": 0.967051434804183, "Indiana": 0.9656182354939905, "Iowa": 0.9572425454362242, "Kansas": 0.9802252294974356, "Kentucky": 0.9765728254180325, "Louisiana": 0.9140491325575728, "Maine": 0.9494265473942667, "Maryland": 0.8823440776065699, "Massachusetts": 0.9192362346308682, "Michigan": 0.9897237678241215, "Minnesota": 0.9885335305359789, "Mississippi": 0.9470459674593863, "Missouri": 0.9767329719446627, "Montana": 0.8819047824736278, "Nebraska": 0.9419906425939458, "Nevada": 0.6235781639935705, "New Hampshire": 0.9540047919243282, "New Jersey": 0.9133359285781295, "New Mexico": 0.8942254307365851, "New York": 0.9079300060156343, "North Carolina": 0.9629052137965504, "North Dakota": 0.9109126010048285, "Oklahoma": 0.8932144831035227, "Oregon": 0.9805315530976964, "Pennsylvania": 0.9789178310446359, "Rhode Island": 0.9545486916252395, "South Carolina": 0.9125086612657936, "South Dakota": 0.9379020438842904, "Tennessee": 0.9676807359720514, "Texas": 0.9168968956194601, "Utah": 0.9102148343145738, "Vermont": 0.9467209356109009, "Virginia": 0.8495095973815987, "Washington": 0.9485260404531445, "West Virginia": 0.905989558927391, "Wisconsin": 0.9754946904539659, "Wyoming": 0.6139877309863064}