{"Alabama": 0.955041468719797, "Alaska": 0.7975382776524425, "Arizona": 0.8902581811326493, "Arkansas": 0.9612289782467021, "California": 0.9081043162167964, "Colorado": 0.84074282668633, "Connecticut": 0.9371937300380725, "Delaware": 0.8899003766423441, "Florida": 0.8558225438092205, "Georgia": 0.9366573026548377, "Hawaii": 0.7554119579674023, "Idaho": 0.9207291070528469, "Illinois": 0.9728002351661701, "Indiana": 0.9665932110865041, "Iowa": 0.9383528677166197, "Kansas": 0.9714037371575035, "Kentucky": 0.9680235073744222, "Louisiana": 0.9198792307799558, "Maine": 0.9484964059279163, "Maryland": 0.8571384266025888, "Massachusetts": 0.9125718790434886, "Michigan": 0.9925427059444174, "Minnesota": 0.9877937014778846, "Mississippi": 0.9470281451076578, "Missouri": 0.974540545697341, "Montana": 0.8178265182499619, "Nebraska": 0.940103976902084, "Nevada": 0.5949418856770261, "New Hampshire": 0.9558877062593533, "New Jersey": 0.915431236113857, "New Mexico": 0.8542261788310619, "New York": 0.8877934745276214, "North Carolina": 0.9774940395337054, "North Dakota": 0.8279114953583506, "Oklahoma": 0.8773128770642863, "Oregon": 0.9752433127822987, "Pennsylvania": 0.9805664836727349, "Rhode Island": 0.9497347845801852, "South Carolina": 0.9311308877935741, "South Dakota": 0.8863794905160275, "Tennessee": 0.972747284809358, "Texas": 0.9186748457373793, "Utah": 0.9204150953237296, "Vermont": 0.9451510707598827, "Virginia": 0.8467560181581494, "Washington": 0.9507061439025699, "West Virginia": 0.8932738704760513, "Wisconsin": 0.9685115369977102, "Wyoming": 0.5769277062678795}