{"Alabama": 0.9503222340299083, "Alaska": 0.7875256857403093, "Arizona": 0.9095645436931178, "Arkansas": 0.9581340095683201, "California": 0.8957787999317158, "Colorado": 0.8543414854542855, "Connecticut": 0.932736809157039, "Delaware": 0.8812638059804289, "Florida": 0.8883984114115976, "Georgia": 0.9133636020745419, "Hawaii": 0.7900897933304631, "Idaho": 0.9440370212615143, "Illinois": 0.9657834727129226, "Indiana": 0.9636195571774897, "Iowa": 0.9566491385778121, "Kansas": 0.9808751375950189, "Kentucky": 0.9767244235778298, "Louisiana": 0.9164474012815793, "Maine": 0.9488043493856637, "Maryland": 0.8813191692702665, "Massachusetts": 0.9158426974459905, "Michigan": 0.9879316230360955, "Minnesota": 0.9882887107047179, "Mississippi": 0.9506619196367954, "Missouri": 0.9765557438727498, "Montana": 0.8799007087817623, "Nebraska": 0.9413547605723852, "Nevada": 0.6261980445081247, "New Hampshire": 0.9539933094905152, "New Jersey": 0.9083065884022068, "New Mexico": 0.8942097579344448, "New York": 0.9021712032810559, "North Carolina": 0.9607355734904844, "North Dakota": 0.8841535745058162, "Oklahoma": 0.8998602827447145, "Oregon": 0.9806039466778587, "Pennsylvania": 0.9778954744252889, "Rhode Island": 0.9518585966795087, "South Carolina": 0.9145261714289671, "South Dakota": 0.9401214251643145, "Tennessee": 0.9671702503477924, "Texas": 0.9180918539494556, "Utah": 0.9108359212925199, "Vermont": 0.9475444605322626, "Virginia": 0.8526044951216892, "Washington": 0.9506712657215509, "West Virginia": 0.9005085270169606, "Wisconsin": 0.9750261140758242, "Wyoming": 0.6068449210059574}