{"Alabama": 0.9576272592283558, "Alaska": 0.8036465528880461, "Arizona": 0.8894585260347051, "Arkansas": 0.9656639766022523, "California": 0.904093186959612, "Colorado": 0.8438637543988332, "Connecticut": 0.9331384315922352, "Delaware": 0.8834075307543867, "Florida": 0.8531963221266382, "Georgia": 0.9355519319888143, "Hawaii": 0.7496260517667321, "Idaho": 0.9230215412446792, "Illinois": 0.971396129155958, "Indiana": 0.9658088884342738, "Iowa": 0.9385547141986978, "Kansas": 0.9717689282854246, "Kentucky": 0.9687635937885605, "Louisiana": 0.9221608532218368, "Maine": 0.9482920648153177, "Maryland": 0.8548524552793287, "Massachusetts": 0.9084640722271204, "Michigan": 0.9915380601032797, "Minnesota": 0.9884534954032175, "Mississippi": 0.950991095536093, "Missouri": 0.9747437620647008, "Montana": 0.8166073297796729, "Nebraska": 0.9397375741541473, "Nevada": 0.5972830797445798, "New Hampshire": 0.9556857508244152, "New Jersey": 0.9089399483348882, "New Mexico": 0.8536486937814247, "New York": 0.8812144259033564, "North Carolina": 0.9760312652828882, "North Dakota": 0.807369275935405, "Oklahoma": 0.8872823386781414, "Oregon": 0.9756145512189864, "Pennsylvania": 0.9794431966669497, "Rhode Island": 0.947290048726746, "South Carolina": 0.9330667568679587, "South Dakota": 0.8884738440594501, "Tennessee": 0.9721309347847352, "Texas": 0.9193642830889813, "Utah": 0.9209840911268304, "Vermont": 0.9458648848134706, "Virginia": 0.8486054583957735, "Washington": 0.9533752008341143, "West Virginia": 0.8880733835732934, "Wisconsin": 0.9676938541654037, "Wyoming": 0.5709329643097361}