{"Alabama": 0.9495732235409958, "Alaska": 0.7713188463754614, "Arizona": 0.9095956316611221, "Arkansas": 0.9583637173811305, "California": 0.9082407721027732, "Colorado": 0.8480832167094622, "Connecticut": 0.9332224675676654, "Delaware": 0.8751299775677588, "Florida": 0.8810393316529779, "Georgia": 0.9105279694350973, "Hawaii": 0.7811266675252333, "Idaho": 0.9422652963145627, "Illinois": 0.9624850730873379, "Indiana": 0.9616726183602263, "Iowa": 0.9575244730082196, "Kansas": 0.9754883953664379, "Kentucky": 0.978577905669823, "Louisiana": 0.9077326767173939, "Maine": 0.9550956801096837, "Maryland": 0.8723301783681293, "Massachusetts": 0.9081778217359966, "Michigan": 0.9855852020158316, "Minnesota": 0.9871702626927714, "Mississippi": 0.9500579045564935, "Missouri": 0.9767955253310744, "Montana": 0.8742860462066893, "Nebraska": 0.9435465898557213, "Nevada": 0.6304689483588151, "New Hampshire": 0.9504072718230631, "New Jersey": 0.9020812757627362, "New Mexico": 0.8837177287543999, "New York": 0.8940962347445813, "North Carolina": 0.9590496516051874, "North Dakota": 0.8325244377380462, "Oklahoma": 0.8633084791509078, "Oregon": 0.9784515452014745, "Pennsylvania": 0.9748005147087281, "Rhode Island": 0.9496443809074036, "South Carolina": 0.9125229967701636, "South Dakota": 0.9400366654129534, "Tennessee": 0.9672486081031497, "Texas": 0.9057551895511397, "Utah": 0.906405064205496, "Vermont": 0.9460653420331454, "Virginia": 0.8476531694799135, "Washington": 0.9570492783910427, "West Virginia": 0.8895947716890437, "Wisconsin": 0.9751705458449677, "Wyoming": 0.5779350885737558}