{"Alabama": 0.9575740276451027, "Alaska": 0.7870452401880087, "Arizona": 0.8889025473702618, "Arkansas": 0.9703736646071403, "California": 0.9118774094764804, "Colorado": 0.8375377521352306, "Connecticut": 0.9317799460237302, "Delaware": 0.8771106862594855, "Florida": 0.8442703081353722, "Georgia": 0.9319774838875722, "Hawaii": 0.7417328642515223, "Idaho": 0.9249910762708414, "Illinois": 0.9679874719716394, "Indiana": 0.9649188640671331, "Iowa": 0.9429495401763558, "Kansas": 0.9700683218988657, "Kentucky": 0.9713425492459168, "Louisiana": 0.9138301405384929, "Maine": 0.9525852186783702, "Maryland": 0.8427853122670974, "Massachusetts": 0.8983242252202531, "Michigan": 0.9900692111483305, "Minnesota": 0.9878349284555428, "Mississippi": 0.9519793740539524, "Missouri": 0.9753184507155297, "Montana": 0.8117643505043575, "Nebraska": 0.9451384320092565, "Nevada": 0.6005192675860889, "New Hampshire": 0.9508643921828027, "New Jersey": 0.9001285949964988, "New Mexico": 0.8422895941021218, "New York": 0.8721530256873229, "North Carolina": 0.9737798406263087, "North Dakota": 0.766328708043739, "Oklahoma": 0.8556825601359047, "Oregon": 0.9760342701965681, "Pennsylvania": 0.9759453875798803, "Rhode Island": 0.9435637902361345, "South Carolina": 0.931258235252553, "South Dakota": 0.8883102995774146, "Tennessee": 0.9721161118117303, "Texas": 0.9078916479542658, "Utah": 0.9168140984821294, "Vermont": 0.9460181673349405, "Virginia": 0.8424657222897745, "Washington": 0.9573267733620621, "West Virginia": 0.8769236814067247, "Wisconsin": 0.9692125170849903, "Wyoming": 0.5424743948033218}