{"Alabama": 0.9505518130188673, "Alaska": 0.7763117856507009, "Arizona": 0.9073036765546595, "Arkansas": 0.960639886744835, "California": 0.9104368411065659, "Colorado": 0.8396089805053751, "Connecticut": 0.9338214514406085, "Delaware": 0.8723501593802625, "Florida": 0.8774437900584249, "Georgia": 0.910253938891045, "Hawaii": 0.7832639566091698, "Idaho": 0.943048081237443, "Illinois": 0.9594202907196175, "Indiana": 0.9613681559692167, "Iowa": 0.9558750839564952, "Kansas": 0.972104742366251, "Kentucky": 0.9794130451946391, "Louisiana": 0.9067460389382369, "Maine": 0.9448748440613635, "Maryland": 0.8691433205168337, "Massachusetts": 0.9031742374128033, "Michigan": 0.9833767214396683, "Minnesota": 0.9855112197878619, "Mississippi": 0.9468874744630958, "Missouri": 0.9783104088940258, "Montana": 0.8723924577645644, "Nebraska": 0.9433027918093, "Nevada": 0.6404469126317853, "New Hampshire": 0.94920529603259, "New Jersey": 0.9000457716291317, "New Mexico": 0.8786036102337133, "New York": 0.891520416108969, "North Carolina": 0.9576114237423831, "North Dakota": 0.8188292221771717, "Oklahoma": 0.852900138724237, "Oregon": 0.9785058746859532, "Pennsylvania": 0.973277007724178, "Rhode Island": 0.9485366869741458, "South Carolina": 0.9130153377614775, "South Dakota": 0.9381988111790499, "Tennessee": 0.9667513227856518, "Texas": 0.8997043865695423, "Utah": 0.9040745597532638, "Vermont": 0.9445741443426615, "Virginia": 0.8512300720484794, "Washington": 0.9574989986909329, "West Virginia": 0.8921201576973369, "Wisconsin": 0.9756498007660478, "Wyoming": 0.5917769101753144}