{"Alabama": 0.9502620142902645, "Alaska": 0.7631296268189366, "Arizona": 0.90638427141592, "Arkansas": 0.9600701480260085, "California": 0.9099312757768095, "Colorado": 0.838796258961927, "Connecticut": 0.932391653245655, "Delaware": 0.8672740998909847, "Florida": 0.8762936437946752, "Georgia": 0.906788154740017, "Hawaii": 0.7808986472789708, "Idaho": 0.9423076022956237, "Illinois": 0.9570584023816645, "Indiana": 0.9594908663352139, "Iowa": 0.9547449838417918, "Kansas": 0.9700621929466583, "Kentucky": 0.9772979818060322, "Louisiana": 0.9054328171300511, "Maine": 0.9437393013226676, "Maryland": 0.8648699144347525, "Massachusetts": 0.8987143626164417, "Michigan": 0.9820453978508079, "Minnesota": 0.9844405697948814, "Mississippi": 0.9471539752943882, "Missouri": 0.9778420236724554, "Montana": 0.8704260719149217, "Nebraska": 0.941953426724142, "Nevada": 0.6396208474335293, "New Hampshire": 0.9502868585111155, "New Jersey": 0.8979439712465984, "New Mexico": 0.871838240736251, "New York": 0.8876590827724861, "North Carolina": 0.955483714851704, "North Dakota": 0.7969175696922107, "Oklahoma": 0.8455622981373754, "Oregon": 0.9781012681103651, "Pennsylvania": 0.9710262675005982, "Rhode Island": 0.9469867867455521, "South Carolina": 0.9133252856052995, "South Dakota": 0.9360322763219154, "Tennessee": 0.9653153129739535, "Texas": 0.8967816421392478, "Utah": 0.9006105727697435, "Vermont": 0.9400415991254021, "Virginia": 0.8547583767905214, "Washington": 0.9544278478227407, "West Virginia": 0.8935290900916937, "Wisconsin": 0.9751958288427778, "Wyoming": 0.5771324299535198}