{"Alabama": 0.9577893248006277, "Alaska": 0.7845530247312221, "Arizona": 0.884263443280581, "Arkansas": 0.9710023322984032, "California": 0.9120139807869811, "Colorado": 0.8290012437776231, "Connecticut": 0.9288332432379388, "Delaware": 0.868123283467246, "Florida": 0.839540818415868, "Georgia": 0.9274708445501968, "Hawaii": 0.7425796606765539, "Idaho": 0.9250896563769967, "Illinois": 0.9632969816978032, "Indiana": 0.9622774156044329, "Iowa": 0.9412101091248947, "Kansas": 0.9660902698342054, "Kentucky": 0.969466638601331, "Louisiana": 0.9114036826076536, "Maine": 0.9419513077700579, "Maryland": 0.8335783431258939, "Massachusetts": 0.8884438453420824, "Michigan": 0.9876871608457386, "Minnesota": 0.9854656810476181, "Mississippi": 0.947270998345716, "Missouri": 0.9757738403629062, "Montana": 0.8098313899851171, "Nebraska": 0.944012960092779, "Nevada": 0.6103504870234795, "New Hampshire": 0.9505512328479251, "New Jersey": 0.8957965396898468, "New Mexico": 0.8285502600097782, "New York": 0.8648010831261651, "North Carolina": 0.9710887413826512, "North Dakota": 0.7336474432823987, "Oklahoma": 0.8401370447448588, "Oregon": 0.975821124575449, "Pennsylvania": 0.9725339690980387, "Rhode Island": 0.941848635027864, "South Carolina": 0.9317859419532082, "South Dakota": 0.886128371459921, "Tennessee": 0.9699850508761586, "Texas": 0.8987972461243127, "Utah": 0.9114893144942484, "Vermont": 0.9404252184526287, "Virginia": 0.8482331385747017, "Washington": 0.9542004127376019, "West Virginia": 0.8782984608759672, "Wisconsin": 0.9690842474750514, "Wyoming": 0.5449726575814905}