{"Alabama": 0.8598689577729605, "Alaska": 0.7612974632941062, "Arizona": 0.8005065537758682, "Arkansas": 0.8659082973133565, "California": 0.8037559043896516, "Colorado": 0.7869710071522755, "Connecticut": 0.8442946776180471, "Delaware": 0.8446864566605223, "Florida": 0.7690620470467442, "Georgia": 0.8282440456862589, "Hawaii": 0.7307685324313112, "Idaho": 0.9216584380499293, "Illinois": 0.8513406862649665, "Indiana": 0.8209007261881387, "Iowa": 0.9467217113031812, "Kansas": 0.9372278626472502, "Kentucky": 0.9221009132087832, "Louisiana": 0.88782069189693, "Maine": 0.9167145681343161, "Maryland": 0.7699074412817163, "Massachusetts": 0.7959791958016673, "Michigan": 0.8450397510490215, "Minnesota": 0.9218954784728288, "Mississippi": 0.8882723706608276, "Missouri": 0.9389828275976847, "Montana": 0.9160249170839876, "Nebraska": 0.9621394370682618, "Nevada": 0.5790614530234212, "New Hampshire": 0.8793391752522327, "New Jersey": 0.8081914894958646, "New Mexico": 0.8562421457793955, "New York": 0.8081735734421901, "North Carolina": 0.8509724138831635, "North Dakota": 0.9767971370997278, "Ohio": 0.871003201017989, "Oklahoma": 0.9243274200121698, "Oregon": 0.9224202005615543, "Pennsylvania": 0.8875884356328096, "Rhode Island": 0.8573875533179774, "South Carolina": 0.8345292206285874, "Tennessee": 0.8714100567323415, "Texas": 0.8772061545545642, "Utah": 0.8573599142645723, "Vermont": 0.9057848692985033, "Virginia": 0.7765505314109131, "Washington": 0.8881049589747063, "West Virginia": 0.9173400622836541, "Wisconsin": 0.8750242947344061, "Wyoming": 0.7432040596894341}