{"Alabama": 0.8598501041011977, "Alaska": 0.7647212809782038, "Arizona": 0.7901633072149175, "Arkansas": 0.8726908772606948, "California": 0.799065522485322, "Colorado": 0.7855628771433495, "Connecticut": 0.8491671999925942, "Delaware": 0.7712876469629935, "Florida": 0.758231395076457, "Georgia": 0.827433832624733, "Hawaii": 0.7331958805403497, "Idaho": 0.9109655703581022, "Illinois": 0.8526936093242596, "Indiana": 0.8246756169350796, "Iowa": 0.9461999339428, "Kansas": 0.9334924545760909, "Kentucky": 0.9212206702838213, "Louisiana": 0.884395127563232, "Maine": 0.9158264631755342, "Maryland": 0.7675415074850239, "Massachusetts": 0.7951374002747448, "Michigan": 0.8508051687766871, "Minnesota": 0.9237928836935426, "Mississippi": 0.8924867280397759, "Missouri": 0.939375000741831, "Montana": 0.9092622060442019, "Nebraska": 0.9602188570860095, "Nevada": 0.5769878513485596, "New Hampshire": 0.882380386486864, "New Jersey": 0.8108380590034864, "New Mexico": 0.854108081830286, "New York": 0.8057819191202663, "North Carolina": 0.8580892499298598, "North Dakota": 0.9757887089657494, "Ohio": 0.8718203370118507, "Oklahoma": 0.9197782331978726, "Oregon": 0.9226705772443303, "Pennsylvania": 0.887905966978245, "Rhode Island": 0.8576665493247054, "South Carolina": 0.8381820003747296, "Tennessee": 0.8760016400846463, "Texas": 0.875261932412028, "Utah": 0.8508556642658588, "Vermont": 0.9069454972130504, "Virginia": 0.7731292854714257, "Washington": 0.8875176250892385, "West Virginia": 0.9119904710328264, "Wisconsin": 0.8775459587666273, "Wyoming": 0.7200784196352774}