{"Alabama": 0.866002536343837, "Alaska": 0.7628462178999025, "Arizona": 0.7898387881498257, "Arkansas": 0.8845152756844482, "California": 0.7978540821114827, "Colorado": 0.7845887404407327, "Connecticut": 0.8578322982135593, "Delaware": 0.8632297910745522, "Florida": 0.7706037403944296, "Georgia": 0.8315664306589294, "Hawaii": 0.7297821860045773, "Idaho": 0.9005837432729, "Illinois": 0.8596533954357632, "Indiana": 0.8378648024115793, "Iowa": 0.9501888845108794, "Kansas": 0.9344286974159731, "Kentucky": 0.9253254245646436, "Louisiana": 0.876017938565899, "Maine": 0.9171197258356608, "Maryland": 0.7669399801952402, "Massachusetts": 0.7998265411718151, "Michigan": 0.8629785807239247, "Minnesota": 0.9256103311462842, "Mississippi": 0.9043966982534719, "Missouri": 0.9413964344792648, "Montana": 0.9011506440571345, "Nebraska": 0.9609844074627589, "Nevada": 0.5841316015452719, "New Hampshire": 0.8920882237812159, "New Jersey": 0.8164113698095334, "New Mexico": 0.8391454991813856, "New York": 0.8075541952020142, "North Carolina": 0.8713554878134805, "North Dakota": 0.9710073312157099, "Ohio": 0.8810908004948834, "Oklahoma": 0.9102696884183676, "Oregon": 0.9256480546023836, "Pennsylvania": 0.8928262873375159, "Rhode Island": 0.8634530031347668, "South Carolina": 0.8483968189961161, "Tennessee": 0.8884213535779165, "Texas": 0.8716897483408347, "Utah": 0.8472990108239208, "Vermont": 0.9095935674961906, "Virginia": 0.7715970715507221, "Washington": 0.8883327460711888, "West Virginia": 0.9096416485054761, "Wisconsin": 0.8849365136209012, "Wyoming": 0.6756611843238363}