{"Alabama": 0.8755089738079675, "Alaska": 0.7361382113486435, "Arizona": 0.8082524737456733, "Arkansas": 0.9038090982669439, "California": 0.7943359061566886, "Colorado": 0.7767914682252077, "Connecticut": 0.8644759864736828, "Delaware": 0.8729922903655027, "Florida": 0.7968704453144281, "Georgia": 0.8305954029110716, "Hawaii": 0.7256431052603457, "Idaho": 0.9151879986754476, "Illinois": 0.8655475631631577, "Indiana": 0.8539710962343368, "Iowa": 0.9548814980202331, "Kansas": 0.9276727733293998, "Kentucky": 0.9309960077376483, "Louisiana": 0.8670216299095576, "Maine": 0.9209977308159402, "Maryland": 0.7620920625181439, "Massachusetts": 0.7965445998694283, "Michigan": 0.8741989662315478, "Minnesota": 0.9244622820365805, "Mississippi": 0.9121063562621422, "Missouri": 0.9410067994971908, "Montana": 0.8950506630453154, "Nebraska": 0.9609463035470421, "Nevada": 0.5908253731128968, "New Hampshire": 0.8922238985950005, "New Jersey": 0.8096685487792373, "New Mexico": 0.8225467392832942, "New York": 0.8101231343562344, "North Carolina": 0.8804052151683721, "North Dakota": 0.9655405970463307, "Ohio": 0.8860383053929044, "Oklahoma": 0.8856396774489133, "Oregon": 0.9247984369723891, "Pennsylvania": 0.8912985222054626, "Rhode Island": 0.8603661400726743, "South Carolina": 0.8521305579094126, "Tennessee": 0.8965229213489885, "Texas": 0.862487570280855, "Utah": 0.8545215915980655, "Vermont": 0.9078202261108685, "Virginia": 0.7536836860220237, "Washington": 0.8824924301444512, "West Virginia": 0.8923890558831549, "Wisconsin": 0.8903672959364624, "Wyoming": 0.6281042290762949}