{"Alabama": 0.8762970198127287, "Alaska": 0.7540886185089116, "Arizona": 0.8224490003435262, "Arkansas": 0.9046170393479509, "California": 0.795591087724336, "Colorado": 0.7896720286212578, "Connecticut": 0.8636971746101223, "Delaware": 0.8780766221993505, "Florida": 0.8058334976470807, "Georgia": 0.8327902826242238, "Hawaii": 0.7495901959103675, "Idaho": 0.9259161789507903, "Illinois": 0.8696113923747896, "Indiana": 0.8647574864500387, "Iowa": 0.9566941645461948, "Kansas": 0.9298663990534934, "Kentucky": 0.9336015348792173, "Louisiana": 0.8733057367213886, "Maine": 0.9198674768621377, "Maryland": 0.7713834518102313, "Massachusetts": 0.7975672978256769, "Michigan": 0.8796830621972899, "Minnesota": 0.9233510694755983, "Mississippi": 0.9145172404753903, "Missouri": 0.9434048779481675, "Montana": 0.9118769837200419, "Nebraska": 0.963820361216942, "Nevada": 0.6103788175612115, "New Hampshire": 0.8911894255074222, "New Jersey": 0.8161315121616093, "New Mexico": 0.8389483980482513, "New York": 0.8202368491361529, "North Carolina": 0.8821221114895411, "North Dakota": 0.9667732386320157, "Ohio": 0.8906270967282911, "Oklahoma": 0.9015535610510388, "Oregon": 0.9259033365810843, "Pennsylvania": 0.8895714898739179, "Rhode Island": 0.8536671734555352, "South Carolina": 0.8562746052092524, "Tennessee": 0.899245827083285, "Texas": 0.8752419900179877, "Utah": 0.8630399554381649, "Vermont": 0.9037426703554126, "Virginia": 0.7489542136917808, "Washington": 0.8838137138677367, "West Virginia": 0.8903110272187307, "Wisconsin": 0.8939635949096495, "Wyoming": 0.6895546083853566}