{"Alabama": 0.8716803355100634, "Alaska": 0.7505030265781645, "Arizona": 0.8211187724067073, "Arkansas": 0.9038596214102125, "California": 0.7864322239632895, "Colorado": 0.7863240545181531, "Connecticut": 0.8581634792177623, "Delaware": 0.8758489835553518, "Florida": 0.8001356341475598, "Georgia": 0.8229472469352563, "Hawaii": 0.7443399997890289, "Idaho": 0.9291062924614224, "Illinois": 0.8616929651613583, "Indiana": 0.8547620764131401, "Iowa": 0.9535848717845763, "Kansas": 0.929164670911919, "Kentucky": 0.9286844971319819, "Louisiana": 0.87045954453543, "Maine": 0.9144320095755601, "Maryland": 0.7685407260385155, "Massachusetts": 0.7985560411782633, "Michigan": 0.8696167950939098, "Minnesota": 0.9198427129935919, "Mississippi": 0.9130655743822771, "Missouri": 0.9418489201424557, "Montana": 0.9097559457103586, "Nebraska": 0.9642389547424579, "Nevada": 0.5999273037954752, "New Hampshire": 0.8884271347400421, "New Jersey": 0.8136225621774293, "New Mexico": 0.841284342314999, "New York": 0.8190543564980013, "North Carolina": 0.8746743079858549, "North Dakota": 0.9580680458156927, "Ohio": 0.8863794905160276, "Oklahoma": 0.8831971876444493, "Oregon": 0.9223185651221237, "Pennsylvania": 0.8865459343222959, "Rhode Island": 0.8508098527626983, "South Carolina": 0.8440258948101349, "Tennessee": 0.8947316894899918, "Texas": 0.8680803891621102, "Utah": 0.8548820449599358, "Vermont": 0.902006981162093, "Virginia": 0.7432266452674494, "Washington": 0.8782454747146362, "West Virginia": 0.8832486371755753, "Wisconsin": 0.8873838207558138, "Wyoming": 0.67820690306188}