{"Alabama": 0.8780493770569665, "Alaska": 0.7512963087496848, "Arizona": 0.820771909663529, "Arkansas": 0.9112924880908594, "California": 0.7843336848209703, "Colorado": 0.7861753477865532, "Connecticut": 0.8575784775946895, "Delaware": 0.8661787602151574, "Florida": 0.7976800283664714, "Georgia": 0.8221587878365125, "Hawaii": 0.7360262157669538, "Idaho": 0.9367531576386025, "Illinois": 0.8590878569303055, "Indiana": 0.8555256592993828, "Iowa": 0.9566225630388723, "Kansas": 0.9373926175475334, "Kentucky": 0.9300586371035368, "Louisiana": 0.8718035673694642, "Maine": 0.9151835005765235, "Maryland": 0.7636732390355124, "Massachusetts": 0.7948529128333696, "Michigan": 0.8666570023671507, "Minnesota": 0.9189026410188089, "Mississippi": 0.9172462047378047, "Missouri": 0.940065748415692, "Montana": 0.9055061235320835, "Nebraska": 0.9655083007088808, "Nevada": 0.5961680241000593, "New Hampshire": 0.8905279086187734, "New Jersey": 0.8073035413307865, "New Mexico": 0.8398927469129082, "New York": 0.8112471339301089, "North Carolina": 0.8735482373900793, "North Dakota": 0.9358753753509117, "Ohio": 0.8884738440594501, "Oklahoma": 0.8882556119288931, "Oregon": 0.9235432351979039, "Pennsylvania": 0.8850889426371126, "Rhode Island": 0.8476878590354279, "South Carolina": 0.8450196689551714, "Tennessee": 0.8923863141817057, "Texas": 0.8651385842648005, "Utah": 0.8537519239047433, "Vermont": 0.9041377085591383, "Virginia": 0.7420584792014341, "Washington": 0.8781946269994083, "West Virginia": 0.8760900967412677, "Wisconsin": 0.8877968023833038, "Wyoming": 0.6686904549906565}