{"Alabama": 0.8693384924530061, "Alaska": 0.729907790563702, "Arizona": 0.8187222719882852, "Arkansas": 0.912520602549015, "California": 0.7921810186620829, "Colorado": 0.7761860944275537, "Connecticut": 0.8568694407470379, "Delaware": 0.8616326471192922, "Florida": 0.7890684377822653, "Georgia": 0.8152761817937098, "Hawaii": 0.7233674785651305, "Idaho": 0.9365380712092923, "Illinois": 0.8503030731206637, "Indiana": 0.8523001294633097, "Iowa": 0.955430766129404, "Kansas": 0.931395408041926, "Kentucky": 0.926833795622693, "Louisiana": 0.8586215057893679, "Maine": 0.9168704337109688, "Maryland": 0.7547336153963496, "Massachusetts": 0.7893300426819617, "Michigan": 0.8601657478637803, "Minnesota": 0.9181697651340828, "Mississippi": 0.912426400237347, "Missouri": 0.9383505807861212, "Montana": 0.8978927233193233, "Nebraska": 0.9632496020986995, "Nevada": 0.5937566550120107, "New Hampshire": 0.8890224405481815, "New Jersey": 0.8007518187011253, "New Mexico": 0.8350477888236433, "New York": 0.803792537452283, "North Carolina": 0.8679261887119586, "North Dakota": 0.8900919086752944, "Ohio": 0.8883102995774146, "Oklahoma": 0.8534729889733118, "Oregon": 0.9164018662531138, "Pennsylvania": 0.8836549079552192, "Rhode Island": 0.8466367966461598, "South Carolina": 0.8349886742777433, "Tennessee": 0.8848798653295654, "Texas": 0.8496080958251838, "Utah": 0.847530159437747, "Vermont": 0.9010185224683526, "Virginia": 0.7388687936238563, "Washington": 0.8861429599647245, "West Virginia": 0.8666196326178512, "Wisconsin": 0.8843992184917969, "Wyoming": 0.6406185911055108}