{"Alabama": 0.8709757801627578, "Alaska": 0.7366455356025414, "Arizona": 0.8173914280068952, "Arkansas": 0.9153742868354686, "California": 0.7961701726410872, "Colorado": 0.7734537215138738, "Connecticut": 0.8640521292472014, "Delaware": 0.8621388320677763, "Florida": 0.7867370835280179, "Georgia": 0.8136475116921267, "Hawaii": 0.72047961175375, "Idaho": 0.9354026573472145, "Illinois": 0.8482954584537418, "Indiana": 0.8491843623757279, "Iowa": 0.9565043336618445, "Kansas": 0.9264297639285562, "Kentucky": 0.9221709675600273, "Louisiana": 0.8569825056495224, "Maine": 0.9125324077022858, "Maryland": 0.7541393493536643, "Massachusetts": 0.788358237826487, "Michigan": 0.8576143187417417, "Minnesota": 0.9193715200348511, "Mississippi": 0.9061448799960926, "Missouri": 0.9376490143665057, "Montana": 0.9002017706511625, "Nebraska": 0.9641796710586136, "Nevada": 0.6019434696605026, "New Hampshire": 0.8896144266783558, "New Jersey": 0.802639410660903, "New Mexico": 0.8327961750853906, "New York": 0.8069735992390168, "North Carolina": 0.868615442385711, "North Dakota": 0.8786331661663641, "Ohio": 0.8875349359588736, "Oklahoma": 0.845729690357177, "Oregon": 0.9145706774080952, "Pennsylvania": 0.8835588127418643, "Rhode Island": 0.8454681211872754, "South Carolina": 0.8348759560560175, "Tennessee": 0.8789565081002262, "Texas": 0.8485079129752359, "Utah": 0.84840127459373, "Vermont": 0.9016355684346464, "Virginia": 0.7487476590480346, "Washington": 0.8872530779610509, "West Virginia": 0.8671933679405499, "Wisconsin": 0.887468783243677, "Wyoming": 0.656688451348478}