{"Alabama": 0.870794540336368, "Alaska": 0.7321201010679906, "Arizona": 0.8177715446120732, "Arkansas": 0.9164267768383223, "California": 0.796240066558934, "Colorado": 0.7712639075042227, "Connecticut": 0.8611130379846683, "Delaware": 0.858974239292828, "Florida": 0.7872800700513424, "Georgia": 0.8118416929568553, "Hawaii": 0.7204009747504748, "Idaho": 0.9374399179522603, "Illinois": 0.8457385698386924, "Indiana": 0.8457494123156956, "Iowa": 0.956659979913314, "Kansas": 0.9279813120504815, "Kentucky": 0.9184996396784865, "Louisiana": 0.856488921610299, "Maine": 0.9093479243945612, "Maryland": 0.7491662982169729, "Massachusetts": 0.7837272693291535, "Michigan": 0.8560007702304585, "Minnesota": 0.9177533138906991, "Mississippi": 0.9098665806952292, "Missouri": 0.9358501479537721, "Montana": 0.9008108579295621, "Nebraska": 0.9642689421052623, "Nevada": 0.6033041188497315, "New Hampshire": 0.8896915608354634, "New Jersey": 0.801383360118686, "New Mexico": 0.82565756259086, "New York": 0.8039354390940501, "North Carolina": 0.8690712034960884, "North Dakota": 0.8593560495835237, "Ohio": 0.886128371459921, "Oklahoma": 0.8368788699811144, "Oregon": 0.9127938344369253, "Pennsylvania": 0.8824636784422836, "Rhode Island": 0.8440292565688262, "South Carolina": 0.8330072350205597, "Tennessee": 0.8765615609587056, "Texas": 0.8439006803210235, "Utah": 0.8467919698875312, "Vermont": 0.9016414705978418, "Virginia": 0.7539611262792612, "Washington": 0.8878433745446106, "West Virginia": 0.865956241079146, "Wisconsin": 0.8878517425065241, "Wyoming": 0.6437169350068991}