{"Alabama": 0.8704634150713965, "Alaska": 0.8167898316482912, "Arizona": 0.9288926223755513, "Arkansas": 0.7957205977157896, "California": 0.9615641155976611, "Colorado": 0.932325200154744, "Connecticut": 0.9549150683487888, "Delaware": 0.9371480494203476, "Florida": 0.9137202777185419, "Georgia": 0.9430275821359063, "Hawaii": 0.7929482904477042, "Idaho": 0.8742585679300156, "Illinois": 0.9693286740466086, "Indiana": 0.8039977211406363, "Iowa": 0.831123479955045, "Kansas": 0.8900214868694684, "Kentucky": 0.8418773739487913, "Louisiana": 0.9160020410462202, "Maine": 0.9022079686924028, "Maryland": 0.9517500370271795, "Massachusetts": 0.9542709268255658, "Michigan": 0.9043156525470829, "Minnesota": 0.9287619846733259, "Mississippi": 0.8022763718128982, "Missouri": 0.9229935270332338, "Montana": 0.8102714476328773, "Nebraska": 0.8913554711176518, "Nevada": 0.603488864046751, "New Hampshire": 0.9221952273700693, "New Mexico": 0.8949379747434245, "New York": 0.951175874868341, "North Carolina": 0.8867700892531417, "North Dakota": 0.7902819662998208, "Ohio": 0.9075742991969316, "Oklahoma": 0.8692024098131357, "Oregon": 0.9195540673397525, "Pennsylvania": 0.9433221691068103, "Rhode Island": 0.9239774835551943, "South Carolina": 0.8537797138843977, "South Dakota": 0.8081914894958645, "Tennessee": 0.8850816354879698, "Texas": 0.9491897652881178, "Utah": 0.9432882920096753, "Vermont": 0.8803693447590363, "Virginia": 0.9384436977361992, "Washington": 0.9568183814931276, "West Virginia": 0.8633922550394165, "Wisconsin": 0.8274488661333779, "Wyoming": 0.645374499911887}