{"Alabama": 0.8648367004894754, "Alaska": 0.8189637021652592, "Arizona": 0.9175242901779934, "Arkansas": 0.7995191424577937, "California": 0.9601288921811897, "Colorado": 0.9308670228165762, "Connecticut": 0.9560458103884724, "Delaware": 0.8896452003061349, "Florida": 0.9100395919952285, "Georgia": 0.9399012637179683, "Hawaii": 0.7964925668273678, "Idaho": 0.8715193255429426, "Illinois": 0.9689689512013064, "Indiana": 0.7992468983690363, "Iowa": 0.8212055102025672, "Kansas": 0.8847837743722514, "Kentucky": 0.8458902875901095, "Louisiana": 0.9135301820136014, "Maine": 0.9023182346438223, "Maryland": 0.9520868829909288, "Massachusetts": 0.9545950479980759, "Michigan": 0.9070931714846955, "Minnesota": 0.9272113398368863, "Mississippi": 0.8028450240666712, "Missouri": 0.9240995000648217, "Montana": 0.8157664428929641, "Nebraska": 0.8908869309251829, "Nevada": 0.6051380761328365, "New Hampshire": 0.9232641131228086, "New Mexico": 0.8942475033007063, "New York": 0.9536075402431572, "North Carolina": 0.8915492400348595, "North Dakota": 0.7982880577682046, "Ohio": 0.9056996820149996, "Oklahoma": 0.8663152083247834, "Oregon": 0.9177451748824186, "Pennsylvania": 0.9425354798714801, "Rhode Island": 0.9250926717220248, "South Carolina": 0.8561566353384287, "South Dakota": 0.8108380590034864, "Tennessee": 0.8850857723084642, "Texas": 0.9476611389201914, "Utah": 0.9385305513071011, "Vermont": 0.8803339492387267, "Virginia": 0.9372388756750647, "Washington": 0.9543556108396838, "West Virginia": 0.8603200768655933, "Wisconsin": 0.822876316791959, "Wyoming": 0.6314299974806031}