{"Alabama": 0.8608672494397942, "Alaska": 0.8190585876095449, "Arizona": 0.9138596673054814, "Arkansas": 0.8013903753343851, "California": 0.9592927245813919, "Colorado": 0.9309888495237492, "Connecticut": 0.9561033010123867, "Delaware": 0.9363040948142403, "Florida": 0.914564267904121, "Georgia": 0.9385079762391422, "Hawaii": 0.8015147380547706, "Idaho": 0.8664836432871026, "Illinois": 0.9683113616701099, "Indiana": 0.7964378724093022, "Iowa": 0.819154856893049, "Kansas": 0.8809219559333841, "Kentucky": 0.8467103992894679, "Louisiana": 0.90798589601638, "Maine": 0.9047959521588296, "Maryland": 0.953415778475765, "Massachusetts": 0.9558366101465378, "Michigan": 0.9096891919903558, "Minnesota": 0.9276958722816817, "Mississippi": 0.8049733115801829, "Missouri": 0.9259220893377875, "Montana": 0.8247554076535307, "Nebraska": 0.8942842267725335, "Nevada": 0.6141837401236095, "New Hampshire": 0.9264536950564305, "New Mexico": 0.8969602815501014, "New York": 0.9542754229158293, "North Carolina": 0.899374353264897, "North Dakota": 0.8080434664783889, "Ohio": 0.9049006915387473, "Oklahoma": 0.8590468482604598, "Oregon": 0.9153257622213795, "Pennsylvania": 0.9406133024505603, "Rhode Island": 0.9254129910664279, "South Carolina": 0.8559008680383935, "South Dakota": 0.8164113698095335, "Tennessee": 0.8888279565526908, "Texas": 0.9442690930494002, "Utah": 0.9287554661799459, "Vermont": 0.8812223631004238, "Virginia": 0.9380155048498868, "Washington": 0.9488960829279536, "West Virginia": 0.8554130745809203, "Wisconsin": 0.8193376818073065, "Wyoming": 0.5982449757071926}