{"Alabama": 0.8551295079690318, "Alaska": 0.8123643070907904, "Arizona": 0.9210382829671775, "Arkansas": 0.8022194605408924, "California": 0.9606277429046808, "Colorado": 0.9322676736561071, "Connecticut": 0.9521263809362798, "Delaware": 0.9418202727094138, "Florida": 0.9244542595770692, "Georgia": 0.9375321792715486, "Hawaii": 0.8037016774750724, "Idaho": 0.8686772699754454, "Illinois": 0.9645381098896817, "Indiana": 0.7913448674887513, "Iowa": 0.8079384838058191, "Kansas": 0.8700531638276777, "Kentucky": 0.8412762228671512, "Louisiana": 0.8993852398430364, "Maine": 0.9004599515635033, "Maryland": 0.9556734672419867, "Massachusetts": 0.9534508445305907, "Michigan": 0.9062843873380325, "Minnesota": 0.9232452941414192, "Mississippi": 0.8018860300484411, "Missouri": 0.9232771205472318, "Montana": 0.8219806363461211, "Nebraska": 0.8880013087752001, "Nevada": 0.6221969402091354, "New Hampshire": 0.9248163862016633, "New Mexico": 0.8966719291395125, "New York": 0.9571858155548946, "North Carolina": 0.8985764776905133, "North Dakota": 0.7960287176016987, "Ohio": 0.9014708762597778, "Oklahoma": 0.8444878428310859, "Oregon": 0.9101681800895978, "Pennsylvania": 0.9376040242473459, "Rhode Island": 0.9210402263973876, "South Carolina": 0.8517025031742622, "South Dakota": 0.8127668904727494, "Tennessee": 0.8885040424193658, "Texas": 0.936828466756989, "Utah": 0.9169759753166891, "Vermont": 0.8750249390255922, "Virginia": 0.9399337373004432, "Washington": 0.9411965053966806, "West Virginia": 0.8460749448039377, "Wisconsin": 0.8084570320970635, "Wyoming": 0.5828054523279248}