{"Alabama": 0.8575992295286706, "Alaska": 0.8038835613764169, "Arizona": 0.9354221370115128, "Arkansas": 0.7994993006404943, "California": 0.9614087989701722, "Colorado": 0.9336234021536759, "Connecticut": 0.9500565782030349, "Delaware": 0.9464990445371623, "Florida": 0.9379464491868436, "Georgia": 0.9411066879973204, "Hawaii": 0.8098071858186315, "Idaho": 0.877696235496482, "Illinois": 0.9641239861065171, "Indiana": 0.7965863329461776, "Iowa": 0.8007889882576333, "Kansas": 0.8635434337575816, "Kentucky": 0.8424305655833195, "Louisiana": 0.8936746385089587, "Maine": 0.9125045418672364, "Maryland": 0.9561205303328294, "Massachusetts": 0.9541752064108078, "Michigan": 0.9112875064189767, "Minnesota": 0.9203681816272961, "Mississippi": 0.8034354477189677, "Missouri": 0.9250035652320677, "Montana": 0.8226888882076818, "Nebraska": 0.8867945180623066, "Nevada": 0.6281168310953721, "New Hampshire": 0.9242972342130827, "New Mexico": 0.8918633191152919, "New York": 0.9594547114495355, "North Carolina": 0.903839631419599, "North Dakota": 0.7908066704413141, "Ohio": 0.9028137913672077, "Oklahoma": 0.8179110746318071, "Oregon": 0.9133697661697389, "Pennsylvania": 0.9365376648098227, "Rhode Island": 0.9192592565020996, "South Carolina": 0.8549719190259931, "South Dakota": 0.8096685487792373, "Tennessee": 0.8937508876698889, "Texas": 0.9286119153209383, "Utah": 0.9283444713740138, "Vermont": 0.8750758247330365, "Virginia": 0.9394756746067311, "Washington": 0.9385604268456996, "West Virginia": 0.8291993475261187, "Wisconsin": 0.80521715302937, "Wyoming": 0.5454231056363084}