{"Alabama": 0.8648066024625057, "Alaska": 0.8131850023912142, "Arizona": 0.9502587250320681, "Arkansas": 0.8085162498746353, "California": 0.9621274970153423, "Colorado": 0.943061864216381, "Connecticut": 0.9483208575535772, "Delaware": 0.9484844430911318, "Florida": 0.9457364552146328, "Georgia": 0.9466775837429392, "Hawaii": 0.826809873666445, "Idaho": 0.8903868350308767, "Illinois": 0.9692043913288568, "Indiana": 0.8202286798029113, "Iowa": 0.8123903149076811, "Kansas": 0.8730851676380401, "Kentucky": 0.854301767020475, "Louisiana": 0.8886382191108425, "Maine": 0.9129728440438881, "Maryland": 0.9590736122090263, "Massachusetts": 0.9539213449681804, "Michigan": 0.9273355270860243, "Minnesota": 0.9225406884632354, "Mississippi": 0.8107341542046355, "Missouri": 0.9289646756096744, "Montana": 0.8337519865208304, "Nebraska": 0.8840351266903042, "Nevada": 0.6481409091794997, "New Hampshire": 0.9248264745801226, "New Mexico": 0.8973876782132008, "New York": 0.9619596253020752, "North Carolina": 0.9157384401347978, "North Dakota": 0.7923284575560311, "Ohio": 0.91588409800151, "Oklahoma": 0.8292595149166916, "Oregon": 0.9180313136643842, "Pennsylvania": 0.9382937976574971, "Rhode Island": 0.922809063646043, "South Carolina": 0.862029730245798, "South Dakota": 0.8161315121616093, "Tennessee": 0.9042550696689574, "Texas": 0.9326038434093319, "Utah": 0.9390496211921832, "Vermont": 0.8751799603913888, "Virginia": 0.9358883108581147, "Washington": 0.9406082378361615, "West Virginia": 0.8283200295807083, "Wisconsin": 0.8190751727002177, "Wyoming": 0.5924523174813975}