{"Alabama": 0.8681340245282017, "Alaska": 0.8137461248603244, "Arizona": 0.9582712227614159, "Arkansas": 0.8165657924091876, "California": 0.9612688824894299, "Colorado": 0.9512473102561164, "Connecticut": 0.9473777924429622, "Delaware": 0.9524829981824597, "Florida": 0.9514453086659774, "Georgia": 0.9483047027574057, "Hawaii": 0.8238606386699335, "Idaho": 0.8950513503463104, "Illinois": 0.9655271610055044, "Indiana": 0.800032266052329, "Iowa": 0.8015631841580586, "Kansas": 0.8736155776354094, "Kentucky": 0.853031738344194, "Louisiana": 0.895474056050867, "Maine": 0.9023002745519758, "Maryland": 0.9627769356603898, "Massachusetts": 0.9538763738539341, "Michigan": 0.9116828917477806, "Minnesota": 0.9217610438854605, "Mississippi": 0.820422295581251, "Missouri": 0.9327729532523134, "Montana": 0.8389731008578449, "Nebraska": 0.8767872895392695, "Nevada": 0.6508439605893802, "New Hampshire": 0.9238807478953103, "New Mexico": 0.8936782198101454, "New York": 0.9640076195643711, "North Carolina": 0.9180713209019059, "North Dakota": 0.754166726878743, "Ohio": 0.9089399483348882, "Oklahoma": 0.8241988809678944, "Oregon": 0.9158060113502594, "Pennsylvania": 0.9369320097594973, "Rhode Island": 0.9232480690076461, "South Carolina": 0.8642546211165809, "South Dakota": 0.8073035413307865, "Tennessee": 0.9036373264599055, "Texas": 0.9361902663548608, "Utah": 0.9452811867221884, "Vermont": 0.8719086679199437, "Virginia": 0.9388094877018072, "Washington": 0.9385817617534006, "West Virginia": 0.8212296786046429, "Wisconsin": 0.8044470135796826, "Wyoming": 0.5780977636285093}