{"Alabama": 0.8617606528082807, "Alaska": 0.798701745416859, "Arizona": 0.9584798539673177, "Arkansas": 0.8193692639251533, "California": 0.9689871078425147, "Colorado": 0.9498357813683236, "Connecticut": 0.9470159982637779, "Delaware": 0.9524171652538992, "Florida": 0.952221196507355, "Georgia": 0.9489658654858638, "Hawaii": 0.823205466399735, "Idaho": 0.8908212139192188, "Illinois": 0.9627067339384979, "Indiana": 0.7866114526700183, "Iowa": 0.7986511334233125, "Kansas": 0.8661976089619785, "Kentucky": 0.8446090700678116, "Louisiana": 0.8933446454505333, "Maine": 0.9131191081790981, "Maryland": 0.9626521572062109, "Massachusetts": 0.9487846379514826, "Michigan": 0.9042862674487923, "Minnesota": 0.9183448613635447, "Mississippi": 0.8171091060022424, "Missouri": 0.9350140280592901, "Montana": 0.834975749601742, "Nebraska": 0.8816421449658264, "Nevada": 0.6560864504060928, "New Hampshire": 0.9226767363265471, "New Mexico": 0.8863697968621481, "New York": 0.9664077074661321, "North Carolina": 0.9174311999890163, "North Dakota": 0.7143738351549562, "Ohio": 0.9001285949964989, "Oklahoma": 0.7845259934235878, "Oregon": 0.916016771172629, "Pennsylvania": 0.93550294840274, "Rhode Island": 0.9267364581265372, "South Carolina": 0.8579870232047724, "South Dakota": 0.8007518187011254, "Tennessee": 0.9000045600488557, "Texas": 0.9264616503505011, "Utah": 0.9407763563112955, "Vermont": 0.8668576340196813, "Virginia": 0.9396251303253971, "Washington": 0.9341449724126264, "West Virginia": 0.8123116875811162, "Wisconsin": 0.7950673573734384, "Wyoming": 0.5494472234424016}