{"Alabama": 0.8570703809932815, "Alaska": 0.8059117129128286, "Arizona": 0.9578114757100104, "Arkansas": 0.8213596432610866, "California": 0.9697297928478501, "Colorado": 0.9458835341384942, "Connecticut": 0.9476819220080845, "Delaware": 0.9531154175633894, "Florida": 0.952002016707606, "Georgia": 0.9475870362749674, "Hawaii": 0.8230437789721857, "Idaho": 0.8880786630948084, "Illinois": 0.9626767579716587, "Indiana": 0.7803785750029812, "Iowa": 0.7903762824109954, "Kansas": 0.867899520386469, "Kentucky": 0.8424179578532871, "Louisiana": 0.894076770375486, "Maine": 0.9029959829676732, "Maryland": 0.9623584539108991, "Massachusetts": 0.9492087755560215, "Michigan": 0.8979945219484966, "Minnesota": 0.9175975890119371, "Mississippi": 0.8145322606158285, "Missouri": 0.9326118432799831, "Montana": 0.8324167870234281, "Nebraska": 0.8772829431173038, "Nevada": 0.663076513689639, "New Hampshire": 0.9239130592143324, "New Mexico": 0.8800567009746381, "New York": 0.9676275170219414, "North Carolina": 0.9169224438595504, "North Dakota": 0.7073363261892042, "Ohio": 0.8972534097804885, "Oklahoma": 0.773662007572307, "Oregon": 0.9118763784221852, "Pennsylvania": 0.9369966018758641, "Rhode Island": 0.9277348049216411, "South Carolina": 0.8568663323610864, "South Dakota": 0.802639410660903, "Tennessee": 0.8977439879225673, "Texas": 0.9236427887596543, "Utah": 0.9424260879180307, "Vermont": 0.8653956017655401, "Virginia": 0.9442774492737801, "Washington": 0.9323777080435353, "West Virginia": 0.8166184983818617, "Wisconsin": 0.7898461618401943, "Wyoming": 0.569065603555802}