{"Alabama": 0.8569967750464901, "Alaska": 0.7983111264253071, "Arizona": 0.9574518978997334, "Arkansas": 0.8241991057098489, "California": 0.9695648415414684, "Colorado": 0.9432472080746306, "Connecticut": 0.9499548855771229, "Delaware": 0.9479841854406064, "Florida": 0.9513981938425862, "Georgia": 0.9466802143168143, "Hawaii": 0.8214742603680678, "Idaho": 0.8896870463778388, "Illinois": 0.963445899751648, "Indiana": 0.7749961690042635, "Iowa": 0.7937198216644515, "Kansas": 0.8692587058656842, "Kentucky": 0.8392633155058092, "Louisiana": 0.8922371095229439, "Maine": 0.9038484659909408, "Maryland": 0.962991654357434, "Massachusetts": 0.9483081429537755, "Michigan": 0.8931563485778141, "Minnesota": 0.9164147498573255, "Mississippi": 0.8099782174491403, "Missouri": 0.9343596070038345, "Montana": 0.8358213338867297, "Nebraska": 0.8780810432796292, "Nevada": 0.659589183756507, "New Hampshire": 0.9267642014360788, "New Mexico": 0.8798334906288658, "New York": 0.9664970964274588, "North Carolina": 0.9175887178401126, "North Dakota": 0.6942396700063878, "Ohio": 0.8957965396898468, "Oklahoma": 0.7678278798982843, "Oregon": 0.912952453312068, "Pennsylvania": 0.9373612324164907, "Rhode Island": 0.9281557932441146, "South Carolina": 0.8576836186604687, "South Dakota": 0.801383360118686, "Tennessee": 0.8983308815135767, "Texas": 0.9213920773169012, "Utah": 0.9400253843002166, "Vermont": 0.86657649711461, "Virginia": 0.948021795224015, "Washington": 0.9345686474022836, "West Virginia": 0.8239263336702727, "Wisconsin": 0.7869801359493749, "Wyoming": 0.5555543634102161}