{"Alabama": 0.9359929664584236, "Alaska": 0.660945204800182, "Arizona": 0.8979957052590718, "Arkansas": 0.9298166771762749, "California": 0.941849123936534, "Colorado": 0.8713522212159528, "Connecticut": 0.9601618173085422, "Delaware": 0.8952090586298713, "Florida": 0.8589329503009725, "Georgia": 0.9162766599130993, "Hawaii": 0.7142327502340766, "Idaho": 0.928271921422645, "Illinois": 0.9814601213908384, "Indiana": 0.9233615501900179, "Iowa": 0.9785286195746061, "Kansas": 0.9878585850001829, "Kentucky": 0.9646123998751348, "Louisiana": 0.894294032004106, "Maine": 0.9315590450728638, "Maryland": 0.8825564079353373, "Massachusetts": 0.937436014234517, "Michigan": 0.9429736066219065, "Mississippi": 0.9218422085013998, "Missouri": 0.9892702956553487, "Montana": 0.8549444606457126, "Nebraska": 0.9580929288457011, "Nevada": 0.5122143485366334, "New Hampshire": 0.9674232709991648, "New Jersey": 0.9158067277255114, "New Mexico": 0.8747063524200259, "New York": 0.8991735358335191, "North Carolina": 0.90251197638132, "North Dakota": 0.895944845829954, "Ohio": 0.9767103940324977, "Oklahoma": 0.9414393583223893, "Oregon": 0.9701362291115723, "Pennsylvania": 0.9833934247769931, "Rhode Island": 0.9444864473727218, "South Carolina": 0.8663662383993691, "South Dakota": 0.9488601515727175, "Tennessee": 0.9571240540967483, "Texas": 0.9411873211256783, "Utah": 0.9438408766962846, "Vermont": 0.944158136858899, "Virginia": 0.9149320283645282, "Washington": 0.9715608135454291, "West Virginia": 0.9139532314651972, "Wisconsin": 0.9571444431837135, "Wyoming": 0.6809489064318919}