{"Alabama": 0.9379919350314717, "Alaska": 0.7012683370908219, "Arizona": 0.8814962630083617, "Arkansas": 0.9304858156083419, "California": 0.9321877763845456, "Colorado": 0.8509799485600386, "Connecticut": 0.9613409227954548, "Delaware": 0.895471154148266, "Florida": 0.8306515931450696, "Georgia": 0.9121781102870234, "Hawaii": 0.7164782335588689, "Idaho": 0.936750830129712, "Illinois": 0.9787035691302961, "Indiana": 0.9138534096028434, "Iowa": 0.9757721403059231, "Kansas": 0.9866879015719993, "Kentucky": 0.9610077258461474, "Louisiana": 0.9052140308454336, "Maine": 0.9437209024714345, "Maryland": 0.8839259070189353, "Massachusetts": 0.9346997166918195, "Michigan": 0.9359767453596035, "Mississippi": 0.91732097143231, "Missouri": 0.9870734950779042, "Montana": 0.8704138536334555, "Nebraska": 0.9604294886332048, "Nevada": 0.5131597643763128, "New Hampshire": 0.9641810290670864, "New Jersey": 0.9155716984444678, "New Mexico": 0.8793894053533422, "New York": 0.9039611598787015, "North Carolina": 0.9218278875361944, "North Dakota": 0.9144872378509447, "Ohio": 0.9737475906176492, "Oklahoma": 0.9426054913824927, "Oregon": 0.9727270376191343, "Pennsylvania": 0.9860802158983852, "Rhode Island": 0.9559932179282209, "South Carolina": 0.8736922805919094, "South Dakota": 0.9553365828097863, "Tennessee": 0.9472154213601222, "Texas": 0.9333723857026571, "Utah": 0.9381959914110908, "Vermont": 0.9437403420469082, "Virginia": 0.8968935472041553, "Washington": 0.9657458519294138, "West Virginia": 0.9279792172981736, "Wisconsin": 0.9545868830286601, "Wyoming": 0.688186476282656}