{"Alabama": 0.8557609865953513, "Alaska": 0.7220809953706817, "Arizona": 0.8862743819050114, "Arkansas": 0.9280888581424874, "California": 0.9306525530251888, "Colorado": 0.8575249245286348, "Connecticut": 0.959442082033641, "Delaware": 0.8816509273186708, "Florida": 0.8583089707903783, "Georgia": 0.917488635084666, "Hawaii": 0.6981731928783605, "Idaho": 0.9433983158839332, "Illinois": 0.9773165201232239, "Indiana": 0.9223831370082094, "Iowa": 0.9753882995451801, "Kansas": 0.9852284678549026, "Kentucky": 0.9635293497215713, "Louisiana": 0.9105853398532598, "Maine": 0.9486711423608022, "Maryland": 0.8870333463974776, "Massachusetts": 0.9308359809368061, "Michigan": 0.9424923872401412, "Mississippi": 0.9266171139839271, "Missouri": 0.9888671034904942, "Montana": 0.8817904085918443, "Nebraska": 0.9597766512008135, "Nevada": 0.5453338512310808, "New Hampshire": 0.9637982444563349, "New Jersey": 0.9189416863610075, "New Mexico": 0.8810895565040664, "New York": 0.907819999663271, "North Carolina": 0.9246715872296232, "North Dakota": 0.9289665395020225, "Ohio": 0.9781066304392905, "Oklahoma": 0.9348750234556673, "Oregon": 0.97475756574725, "Pennsylvania": 0.9851596164132512, "Rhode Island": 0.9421832862019798, "South Carolina": 0.8876169467699644, "South Dakota": 0.9584270558832317, "Tennessee": 0.9516951913113142, "Texas": 0.9360910114384267, "Utah": 0.9450569781463966, "Vermont": 0.9450861319785974, "Virginia": 0.8980428316225313, "Washington": 0.9683351793150025, "West Virginia": 0.9236536468272936, "Wisconsin": 0.9587224035190441, "Wyoming": 0.6359115546263371}