{"Alabama": 0.9432057609081254, "Alaska": 0.7033750874666923, "Arizona": 0.8899582211325878, "Arkansas": 0.9269252627377086, "California": 0.9300872649209334, "Colorado": 0.8703725055775124, "Connecticut": 0.9622714380118308, "Delaware": 0.8942172452818317, "Florida": 0.8669358097735124, "Georgia": 0.917867913969863, "Hawaii": 0.7181887707306038, "Idaho": 0.945050801450494, "Illinois": 0.9776022699560283, "Indiana": 0.91759561152508, "Iowa": 0.9747880784329847, "Kansas": 0.9854891163671297, "Kentucky": 0.9645297679525908, "Louisiana": 0.9216118553531315, "Maine": 0.9530035730473884, "Maryland": 0.8934266916494062, "Massachusetts": 0.9363899508116625, "Michigan": 0.9448367854835042, "Mississippi": 0.9239987019510355, "Missouri": 0.9891789383739863, "Montana": 0.8927890372226087, "Nebraska": 0.9611148940943128, "Nevada": 0.5691002205214777, "New Hampshire": 0.9636745585651014, "New Jersey": 0.9231189227082047, "New Mexico": 0.8959080381667752, "New York": 0.9185214425994204, "North Carolina": 0.9399240564579037, "North Dakota": 0.9423611457788041, "Ohio": 0.9803888867639737, "Oklahoma": 0.9393306894220882, "Oregon": 0.9754969981952532, "Pennsylvania": 0.9867435908989974, "Rhode Island": 0.8904493002623999, "South Carolina": 0.8938199166933694, "South Dakota": 0.9617757264080211, "Tennessee": 0.9480679543146143, "Texas": 0.9392507387054781, "Utah": 0.9453340771062189, "Vermont": 0.8776827279831386, "Virginia": 0.8994281523313553, "Washington": 0.968607795255466, "West Virginia": 0.9320058475263688, "Wisconsin": 0.9607938036926571, "Wyoming": 0.5800620371052947}