{"Alabama": 0.9454603433925416, "Alaska": 0.7851478958273402, "Arizona": 0.8937365090790358, "Arkansas": 0.9308332566921941, "California": 0.9259516963196918, "Colorado": 0.8753033550338365, "Connecticut": 0.9638764369585824, "Delaware": 0.9065656630661295, "Florida": 0.8611129622381276, "Georgia": 0.9191743308782634, "Hawaii": 0.7289424875308027, "Idaho": 0.9448804275200717, "Illinois": 0.9781711571644365, "Indiana": 0.9165435927240643, "Iowa": 0.9748786401254814, "Kansas": 0.9833838582241033, "Kentucky": 0.9654653380943474, "Louisiana": 0.9263512067892837, "Maine": 0.9575975197329414, "Maryland": 0.894853909866815, "Massachusetts": 0.9363662679770403, "Michigan": 0.9485158511243826, "Mississippi": 0.9252118095310176, "Missouri": 0.9889156622004227, "Montana": 0.8948792273032538, "Nebraska": 0.959527332335394, "Nevada": 0.5817678641018068, "New Hampshire": 0.9624143390546501, "New Jersey": 0.9299145498455521, "New Mexico": 0.8990342941586521, "New York": 0.9226711431208008, "North Carolina": 0.9456195904311357, "North Dakota": 0.9474642732730671, "Ohio": 0.9816987090007698, "Oklahoma": 0.9332166872190034, "Oregon": 0.9796261961388187, "Pennsylvania": 0.9876644278158943, "Rhode Island": 0.9694015520506195, "South Carolina": 0.8947662834408945, "South Dakota": 0.9644306387236425, "Tennessee": 0.9533577412147538, "Texas": 0.9390565479191221, "Utah": 0.9478961609946503, "Vermont": 0.9500814396911418, "Virginia": 0.8940610840573252, "Washington": 0.9668369550452027, "West Virginia": 0.9319868995866444, "Wisconsin": 0.9628183644607676, "Wyoming": 0.6530407861095107}