{"Alabama": 0.9542204899232516, "Alaska": 0.772947806498233, "Arizona": 0.8692651434581345, "Arkansas": 0.9409525721785751, "California": 0.9257256984032439, "Colorado": 0.8571267655575223, "Connecticut": 0.9616828220705945, "Delaware": 0.9120124982706918, "Florida": 0.8210584997322135, "Georgia": 0.9397015771152651, "Hawaii": 0.7122845979561759, "Idaho": 0.9286624009437815, "Illinois": 0.9735506889661384, "Indiana": 0.9362346302255683, "Iowa": 0.9646955701984523, "Kansas": 0.9813031056764407, "Kentucky": 0.9615657177172886, "Louisiana": 0.9276365004576411, "Maine": 0.9524051316645251, "Maryland": 0.8577358737512794, "Massachusetts": 0.9226768679745714, "Michigan": 0.9744011940427756, "Mississippi": 0.9357188843525548, "Missouri": 0.9893402956970031, "Montana": 0.8289728336187818, "Nebraska": 0.9648693192715777, "Nevada": 0.5510387129823339, "New Hampshire": 0.9610127112776599, "New Jersey": 0.9287619846733259, "New Mexico": 0.859240904961384, "New York": 0.9005915122872213, "North Carolina": 0.9641912431971971, "North Dakota": 0.8770458385832641, "Ohio": 0.9848849422146044, "Oklahoma": 0.9230596961137953, "Oregon": 0.9851195995739921, "Pennsylvania": 0.9848903433369715, "Rhode Island": 0.9605863453606628, "South Carolina": 0.92264524079174, "South Dakota": 0.9218954784728288, "Tennessee": 0.9582841951936397, "Texas": 0.9383034455940946, "Utah": 0.9452806681308948, "Vermont": 0.9519583643759852, "Virginia": 0.8854964295639404, "Washington": 0.9631368032840294, "West Virginia": 0.9234420126790295, "Wisconsin": 0.9630063091606772, "Wyoming": 0.6531548107380386}