{"Alabama": 0.9431605375326239, "Alaska": 0.7888556353046973, "Arizona": 0.8894945304908088, "Arkansas": 0.9324131339947491, "California": 0.9214439886211632, "Colorado": 0.8735999292588026, "Connecticut": 0.9656488701173435, "Delaware": 0.9079073768974724, "Florida": 0.8614251778195855, "Georgia": 0.9138498723460162, "Hawaii": 0.7617725236514021, "Idaho": 0.9396629513365491, "Illinois": 0.974471540396666, "Indiana": 0.9154056263539762, "Iowa": 0.9717685056870589, "Kansas": 0.9837135803386251, "Kentucky": 0.9640489115929393, "Louisiana": 0.9283766702211063, "Maine": 0.9536207075163848, "Maryland": 0.8903558617812795, "Massachusetts": 0.9345546374622579, "Michigan": 0.9546807581411226, "Mississippi": 0.9241872601276289, "Missouri": 0.9887820754292698, "Montana": 0.8912430516533714, "Nebraska": 0.957321814861431, "Nevada": 0.5895192751494313, "New Hampshire": 0.9609273349888416, "New Jersey": 0.9273674942685807, "New Mexico": 0.8996269124826753, "New York": 0.9210277364387467, "North Carolina": 0.950825056932357, "North Dakota": 0.9508189908500277, "Ohio": 0.9831059419343245, "Oklahoma": 0.9333935327948728, "Oregon": 0.9795232349698549, "Pennsylvania": 0.9867084128984981, "Rhode Island": 0.8443041185467692, "South Carolina": 0.8954088517396062, "South Dakota": 0.9643714430959381, "Tennessee": 0.9501495959969322, "Texas": 0.9380646047135327, "Utah": 0.9437156342465173, "Vermont": 0.9484436071604246, "Virginia": 0.8843477349449467, "Washington": 0.9636976537361143, "West Virginia": 0.9287719019424014, "Wisconsin": 0.9627614356393603, "Wyoming": 0.6431448491581044}