{"Alabama": 0.9526501463475923, "Alaska": 0.7742388849286751, "Arizona": 0.8540386940607987, "Arkansas": 0.9449146697167589, "California": 0.9178188253293403, "Colorado": 0.8512667888475698, "Connecticut": 0.9613834973467479, "Delaware": 0.8437777627713893, "Florida": 0.8132514053951775, "Georgia": 0.934095635413046, "Hawaii": 0.7164412901113133, "Idaho": 0.9174496629142331, "Illinois": 0.972978839468528, "Indiana": 0.9367042983221683, "Iowa": 0.9626735272638771, "Kansas": 0.9810019012710582, "Kentucky": 0.9633059396034428, "Louisiana": 0.9257011686814741, "Maine": 0.9475140053679132, "Maryland": 0.8520836398592346, "Massachusetts": 0.9186476623716808, "Michigan": 0.97617172817017, "Mississippi": 0.9379457491705293, "Missouri": 0.9878866189893124, "Montana": 0.8271853000931004, "Nebraska": 0.9643038478229533, "Nevada": 0.5515676329404072, "New Hampshire": 0.9600293348581604, "New Jersey": 0.9272113398368863, "New Mexico": 0.8565428286353928, "New York": 0.8975061469807594, "North Carolina": 0.9659168127409503, "North Dakota": 0.8828477549036405, "Ohio": 0.9852032696871916, "Oklahoma": 0.9205384738042134, "Oregon": 0.9844408260961178, "Pennsylvania": 0.9830640302462667, "Rhode Island": 0.9588716483336878, "South Carolina": 0.9214598842797164, "South Dakota": 0.9237928836935426, "Tennessee": 0.9597695788823365, "Texas": 0.9348939178581356, "Utah": 0.9363594634189176, "Vermont": 0.9501793718495742, "Virginia": 0.876975511496921, "Washington": 0.9608718331406674, "West Virginia": 0.9169987546320597, "Wisconsin": 0.9632728942982396, "Wyoming": 0.6329104801973656}