{"Alabama": 0.9425248611872112, "Alaska": 0.7881299988175599, "Arizona": 0.8762878651566129, "Arkansas": 0.9354407277032849, "California": 0.9151421704659416, "Colorado": 0.8690445059824207, "Connecticut": 0.9663546865115846, "Delaware": 0.8312380124763773, "Florida": 0.8541608815631336, "Georgia": 0.9092208276875243, "Hawaii": 0.7665568738511154, "Idaho": 0.9262523949798186, "Illinois": 0.9736126807680787, "Indiana": 0.9172821004073579, "Iowa": 0.9705180499769841, "Kansas": 0.9836196424471176, "Kentucky": 0.9637315992891633, "Louisiana": 0.9253172785061832, "Maine": 0.9494474496079981, "Maryland": 0.8855356592904567, "Massachusetts": 0.9310130021260781, "Michigan": 0.9599043390080215, "Mississippi": 0.9271213067108308, "Missouri": 0.9872798324862332, "Montana": 0.8866426444770108, "Nebraska": 0.9564489334471403, "Nevada": 0.589589669302357, "New Hampshire": 0.9602687672422079, "New Jersey": 0.9265854099320233, "New Mexico": 0.8962578642574479, "New York": 0.9191655679285263, "North Carolina": 0.9539500486967016, "North Dakota": 0.9540837039147495, "Ohio": 0.9839407935612896, "Oklahoma": 0.9296622134465, "Oregon": 0.9786245535502232, "Pennsylvania": 0.9852254694868761, "Rhode Island": 0.9663575953044766, "South Carolina": 0.8968778504984461, "South Dakota": 0.9647248596597999, "Tennessee": 0.9517824035920436, "Texas": 0.9349320456060601, "Utah": 0.9344706220775492, "Vermont": 0.9473739765757766, "Virginia": 0.8784778375456529, "Washington": 0.9610817243758512, "West Virginia": 0.9231736854306729, "Wisconsin": 0.9634544649819271, "Wyoming": 0.6704886563400226}