{"Alabama": 0.9477452688274564, "Alaska": 0.7723257289288152, "Arizona": 0.8463112430940238, "Arkansas": 0.943574424642943, "California": 0.9105109722559539, "Colorado": 0.8433291218282334, "Connecticut": 0.9631266860969445, "Delaware": 0.9082658792202297, "Florida": 0.8200657554743989, "Georgia": 0.9271071042281553, "Hawaii": 0.713350273170517, "Idaho": 0.9043862387670105, "Illinois": 0.9723657994724695, "Indiana": 0.9355854791957959, "Iowa": 0.9597915667439305, "Kansas": 0.9782713518133379, "Kentucky": 0.9603614088814689, "Louisiana": 0.913569428515721, "Maine": 0.9476023050282979, "Maryland": 0.850197905889505, "Massachusetts": 0.9212087740044811, "Michigan": 0.9792250851310802, "Mississippi": 0.933663405767411, "Missouri": 0.9847623336590305, "Montana": 0.8247788768074289, "Nebraska": 0.9633688916519941, "Nevada": 0.54866527779009, "New Hampshire": 0.9596716682053087, "New Jersey": 0.9276958722816817, "New Mexico": 0.8497809850304545, "New York": 0.9001207440491951, "North Carolina": 0.9651083455546812, "North Dakota": 0.8858761313570173, "Ohio": 0.9861934274644637, "Oklahoma": 0.9132167772714475, "Oregon": 0.9819175554661869, "Pennsylvania": 0.9841287319754571, "Rhode Island": 0.9592602264929493, "South Carolina": 0.9138266239343323, "South Dakota": 0.9256103311462842, "Tennessee": 0.9586525243096308, "Texas": 0.9271314434647412, "Utah": 0.9201344403787612, "Vermont": 0.9476519185071097, "Virginia": 0.8683925327768804, "Washington": 0.9571114952798931, "West Virginia": 0.9102568326173379, "Wisconsin": 0.9609862303129911, "Wyoming": 0.5872457183557848}