{"Alabama": 0.9312582265610032, "Alaska": 0.7756400004853946, "Arizona": 0.8718107595599233, "Arkansas": 0.9365318132760453, "California": 0.9052958135404183, "Colorado": 0.8544751893747391, "Connecticut": 0.9655668794644225, "Delaware": 0.9112545079060503, "Florida": 0.8679310518391562, "Georgia": 0.8986643535377394, "Hawaii": 0.7630603234244682, "Idaho": 0.9069316883428808, "Illinois": 0.971428251223481, "Indiana": 0.9185555607173562, "Iowa": 0.9632257637854359, "Kansas": 0.977484424110568, "Kentucky": 0.957893719504236, "Louisiana": 0.9103871839887673, "Maine": 0.9507311952125311, "Maryland": 0.8861763152663795, "Massachusetts": 0.9351311450236716, "Michigan": 0.9680527612283998, "Mississippi": 0.9188424588353413, "Missouri": 0.9804908632422531, "Montana": 0.8741066779324942, "Nebraska": 0.9546224650992744, "Nevada": 0.5879781587903692, "New Hampshire": 0.9598191701355953, "New Jersey": 0.9272584047796141, "New Mexico": 0.8841239512835446, "New York": 0.9289492500209868, "North Carolina": 0.9496718776945732, "North Dakota": 0.9517074398927704, "Ohio": 0.9855153483618491, "Oklahoma": 0.9102071539315266, "Oregon": 0.9735729515608424, "Pennsylvania": 0.9879977302029017, "Rhode Island": 0.9682942192442404, "South Carolina": 0.8829146166245371, "South Dakota": 0.9584001090339365, "Tennessee": 0.9467734940156254, "Texas": 0.9183926423182468, "Utah": 0.8995839359813138, "Vermont": 0.9468502815423129, "Virginia": 0.8679172707190441, "Washington": 0.946190929091257, "West Virginia": 0.914984136331628, "Wisconsin": 0.9596261281513764, "Wyoming": 0.603839579776654}