{"Alabama": 0.9417368486327752, "Alaska": 0.7697246325903777, "Arizona": 0.8508246548988887, "Arkansas": 0.9450374720051726, "California": 0.9080011742460777, "Colorado": 0.8373246521821597, "Connecticut": 0.9612668130561262, "Delaware": 0.9128333994656083, "Florida": 0.8288363530278823, "Georgia": 0.9199569465202291, "Hawaii": 0.7161124273418706, "Idaho": 0.9037464295406994, "Illinois": 0.9711963566424558, "Indiana": 0.9349425721039474, "Iowa": 0.9552920505393206, "Kansas": 0.9750364743044383, "Kentucky": 0.9579126974903354, "Louisiana": 0.91177069144054, "Maine": 0.9496582121641606, "Maryland": 0.8519661099643443, "Massachusetts": 0.9224009627836912, "Michigan": 0.9804948025638093, "Mississippi": 0.9302159755699454, "Missouri": 0.9822195481860156, "Montana": 0.8222154390946375, "Nebraska": 0.9616712038062584, "Nevada": 0.5544534362386473, "New Hampshire": 0.9607448324917662, "New Jersey": 0.9232452941414193, "New Mexico": 0.8479780509198582, "New York": 0.9043797640291906, "North Carolina": 0.9608170114566398, "North Dakota": 0.8828480993620393, "Ohio": 0.9866005707316714, "Oklahoma": 0.9043977737771419, "Oregon": 0.9792645649177554, "Pennsylvania": 0.9855356643106266, "Rhode Island": 0.9600016550030395, "South Carolina": 0.9044247694812567, "South Dakota": 0.9261991845013969, "Tennessee": 0.955159328534144, "Texas": 0.9199523548987982, "Utah": 0.9056691037186153, "Vermont": 0.95016932649123, "Virginia": 0.8627828166331551, "Washington": 0.9501670004973312, "West Virginia": 0.907927547170554, "Wisconsin": 0.958214697807835, "Wyoming": 0.5692333568511394}