{"Alabama": 0.9365273536171446, "Alaska": 0.7567514215217558, "Arizona": 0.8586541106140553, "Arkansas": 0.9437293634349971, "California": 0.9036211489546766, "Colorado": 0.8301496408890945, "Connecticut": 0.9589489770089827, "Delaware": 0.9139276890765454, "Florida": 0.8415809024106293, "Georgia": 0.9153810630095924, "Hawaii": 0.7169148620578203, "Idaho": 0.9054784614354259, "Illinois": 0.9701247684698773, "Indiana": 0.9375341762041206, "Iowa": 0.9495103354182517, "Kansas": 0.9703374595419437, "Kentucky": 0.9557435451967667, "Louisiana": 0.9002240414283638, "Maine": 0.9590841559852348, "Maryland": 0.8497202087188178, "Massachusetts": 0.92197635358267, "Michigan": 0.9802784655777739, "Mississippi": 0.9230911483504406, "Missouri": 0.9792667757007911, "Montana": 0.8190421963242774, "Nebraska": 0.9594877708067556, "Nevada": 0.5530163608903048, "New Hampshire": 0.957405331939232, "New Jersey": 0.9203681816272961, "New Mexico": 0.838441219486374, "New York": 0.9053591936982167, "North Carolina": 0.9598033221840954, "North Dakota": 0.8774852735958014, "Ohio": 0.9865281681744555, "Oklahoma": 0.8779722355814169, "Oregon": 0.977333843971263, "Pennsylvania": 0.9857212322590478, "Rhode Island": 0.9577230521897379, "South Carolina": 0.9024290292696924, "South Dakota": 0.9244622820365805, "Tennessee": 0.9530488631130556, "Texas": 0.90367658358583, "Utah": 0.9089570382040388, "Vermont": 0.9487712247232957, "Virginia": 0.8527189855702063, "Washington": 0.9464970392288445, "West Virginia": 0.8913803359369558, "Wisconsin": 0.9566992785754782, "Wyoming": 0.5242747429065014}