{"Alabama": 0.9253860077783411, "Alaska": 0.7626133802355491, "Arizona": 0.8798150077482055, "Arkansas": 0.9350484114998037, "California": 0.9004681268433511, "Colorado": 0.8462007242292399, "Connecticut": 0.9623632569740428, "Delaware": 0.9148598655751722, "Florida": 0.8811034668872869, "Georgia": 0.8944368335020442, "Hawaii": 0.7634399397474875, "Idaho": 0.9107162360203732, "Illinois": 0.9700617504933017, "Indiana": 0.9232905632978918, "Iowa": 0.9586017860684568, "Kansas": 0.9718949959194725, "Kentucky": 0.9554880441308156, "Louisiana": 0.8984059743448813, "Maine": 0.9611675209016611, "Maryland": 0.883162299373637, "Massachusetts": 0.9352552706727894, "Michigan": 0.9704262192260947, "Mississippi": 0.9111928057613761, "Missouri": 0.9770675123350715, "Montana": 0.8711494058459278, "Nebraska": 0.9521764266386478, "Nevada": 0.5857354367600828, "New Hampshire": 0.9556391750974831, "New Jersey": 0.9255242494778126, "New Mexico": 0.8749982603356964, "New York": 0.9315897050040888, "North Carolina": 0.9490268901184461, "North Dakota": 0.9449532446289476, "Ohio": 0.9855057906980339, "Oklahoma": 0.8804036463636528, "Oregon": 0.9723099550984649, "Pennsylvania": 0.9884089636464715, "Rhode Island": 0.9664956667051017, "South Carolina": 0.8819829467416161, "South Dakota": 0.956709929205466, "Tennessee": 0.944382942629369, "Texas": 0.9009206812293745, "Utah": 0.9030612595571663, "Vermont": 0.9461882286588309, "Virginia": 0.8583678350401692, "Washington": 0.9414396639842598, "West Virginia": 0.8983003226116014, "Wisconsin": 0.9589157763675288, "Wyoming": 0.5588590260433646}