{"Alabama": 0.9196281846821093, "Alaska": 0.7825384621759123, "Arizona": 0.893384378911118, "Arkansas": 0.9328800446290602, "California": 0.9022067291845983, "Colorado": 0.854713765466008, "Connecticut": 0.9595978032139655, "Delaware": 0.9180195239797133, "Florida": 0.8897009538083088, "Georgia": 0.8977596889893239, "Hawaii": 0.7810472440495011, "Idaho": 0.9230376433484665, "Illinois": 0.970950181595096, "Indiana": 0.9365148548187501, "Iowa": 0.9555888557396093, "Kansas": 0.9704827216852486, "Kentucky": 0.9542730808460064, "Louisiana": 0.8966738625758517, "Maine": 0.9617782314680509, "Maryland": 0.8921175996840623, "Massachusetts": 0.939086294880742, "Michigan": 0.9744324573550246, "Mississippi": 0.9102327560835032, "Missouri": 0.9752957474483168, "Montana": 0.885197931681781, "Nebraska": 0.9498774044859437, "Nevada": 0.5998957620267606, "New Hampshire": 0.9514725688128385, "New Jersey": 0.9328499461014513, "New Mexico": 0.8874601069790703, "New York": 0.9434343367530184, "North Carolina": 0.9510346755421926, "North Dakota": 0.937391175130401, "Ohio": 0.9883663466774424, "Oklahoma": 0.8872819029654381, "Oregon": 0.9746993327153556, "Pennsylvania": 0.9885047919178347, "Rhode Island": 0.9673088117088394, "South Carolina": 0.8819306704217279, "South Dakota": 0.9524167102158444, "Tennessee": 0.9450607373292285, "Texas": 0.9044607590427507, "Utah": 0.9083299598151905, "Vermont": 0.9443234461601571, "Virginia": 0.8531788509552958, "Washington": 0.9455768267643138, "West Virginia": 0.9001524677422043, "Wisconsin": 0.9627362746307284, "Wyoming": 0.6068154188706274}