{"Alabama": 0.9282732815201231, "Alaska": 0.7740723726830306, "Arizona": 0.8824476308234495, "Arkansas": 0.9431877761522515, "California": 0.9003542518819746, "Colorado": 0.8444100173098048, "Connecticut": 0.9581306394973412, "Delaware": 0.9153170909100189, "Florida": 0.852952408288026, "Georgia": 0.911650677313865, "Hawaii": 0.7372006578245217, "Idaho": 0.9243865750498181, "Illinois": 0.9690427631696603, "Indiana": 0.9379611746852077, "Iowa": 0.9459999218670232, "Kansas": 0.9668965368119795, "Kentucky": 0.9538104054524704, "Louisiana": 0.8987398847674484, "Maine": 0.9486866681923828, "Maryland": 0.8633745485639891, "Massachusetts": 0.9275703651875458, "Michigan": 0.9767198746426345, "Mississippi": 0.9200072874058908, "Missouri": 0.9780060282742044, "Montana": 0.8357564824085542, "Nebraska": 0.9563805034016994, "Nevada": 0.5645910400698521, "New Hampshire": 0.9513104284917003, "New Jersey": 0.9243287075674874, "New Mexico": 0.8553339905596227, "New York": 0.9175136088570006, "North Carolina": 0.9559248923085122, "North Dakota": 0.860046684470274, "Ohio": 0.9877937014778846, "Oklahoma": 0.8653977823663093, "Oregon": 0.9767113356569546, "Pennsylvania": 0.9841500834842166, "Rhode Island": 0.9563226600941853, "South Carolina": 0.8946839730724295, "South Dakota": 0.919842712993592, "Tennessee": 0.9513518030008175, "Texas": 0.9051692627424128, "Utah": 0.9175214063208209, "Vermont": 0.9443030079621085, "Virginia": 0.8433022384498235, "Washington": 0.9502845066189965, "West Virginia": 0.8855125403025538, "Wisconsin": 0.956223899775406, "Wyoming": 0.5609568811607012}