{"Alabama": 0.9192615754799014, "Alaska": 0.7811369684676356, "Arizona": 0.9029643633810601, "Arkansas": 0.9341070812225911, "California": 0.9000215716719318, "Colorado": 0.8608214463150933, "Connecticut": 0.9627098448042708, "Delaware": 0.9225165155051741, "Florida": 0.8916961210480583, "Georgia": 0.900286589904413, "Hawaii": 0.7796021424072691, "Idaho": 0.9310469967752892, "Illinois": 0.9711797548653813, "Indiana": 0.9305216076490038, "Iowa": 0.9550141587239778, "Kansas": 0.9684726546967589, "Kentucky": 0.9530760604948926, "Louisiana": 0.8989716507064272, "Maine": 0.9519149488495868, "Maryland": 0.8954229628144142, "Massachusetts": 0.9434786272186828, "Michigan": 0.9708843602019303, "Mississippi": 0.911105576645491, "Missouri": 0.9769222726319466, "Montana": 0.8840754787149597, "Nebraska": 0.9523409340757479, "Nevada": 0.5978816738532604, "New Hampshire": 0.9507064253902272, "New Jersey": 0.9359334327876053, "New Mexico": 0.889230798594783, "New York": 0.9466311025241909, "North Carolina": 0.9486311353279676, "North Dakota": 0.9182911197475778, "Ohio": 0.9885335305359789, "Oklahoma": 0.8692130209421758, "Oregon": 0.9742347807247158, "Pennsylvania": 0.9882943901179537, "Rhode Island": 0.9680846739567428, "South Carolina": 0.8797406587211207, "South Dakota": 0.9512815138283396, "Tennessee": 0.9452000930935277, "Texas": 0.9055984608349018, "Utah": 0.9150522122193974, "Vermont": 0.9414059514288958, "Virginia": 0.8516401454918923, "Washington": 0.9458158354521395, "West Virginia": 0.8931401372391338, "Wisconsin": 0.9610089844098648, "Wyoming": 0.5949075526725484}