{"Alabama": 0.9331543148135206, "Alaska": 0.7814534514316592, "Arizona": 0.8849310890186044, "Arkansas": 0.947039381306155, "California": 0.8993401844824537, "Colorado": 0.8510440596861484, "Connecticut": 0.9580712028056632, "Delaware": 0.9129230239419638, "Florida": 0.8542457556311119, "Georgia": 0.9139819744308654, "Hawaii": 0.7307383136549626, "Idaho": 0.9275393044814382, "Illinois": 0.9703548880558909, "Indiana": 0.9359942328859139, "Iowa": 0.9459741039205578, "Kansas": 0.969440381735995, "Kentucky": 0.9534515077358893, "Louisiana": 0.9028111952021468, "Maine": 0.9480185577183593, "Maryland": 0.8634023134637923, "Massachusetts": 0.9258155582115459, "Michigan": 0.9747450611433789, "Mississippi": 0.9241108374548795, "Missouri": 0.9787290003567537, "Montana": 0.8317461550737697, "Nebraska": 0.95658196438776, "Nevada": 0.5687775055124397, "New Hampshire": 0.9522555569766314, "New Jersey": 0.9217610438854607, "New Mexico": 0.8543923570310744, "New York": 0.9133237161977534, "North Carolina": 0.9551580096194676, "North Dakota": 0.8311710950753681, "Ohio": 0.9884534954032175, "Oklahoma": 0.8746936900132816, "Oregon": 0.9760099053815418, "Pennsylvania": 0.9836778478820152, "Rhode Island": 0.955115638630009, "South Carolina": 0.8984812294885239, "South Dakota": 0.9189026410188089, "Tennessee": 0.9509266503356122, "Texas": 0.9085166964595043, "Utah": 0.9217580326731962, "Vermont": 0.9436441050386866, "Virginia": 0.8473759116260938, "Washington": 0.9525792233454156, "West Virginia": 0.8778331860360756, "Wisconsin": 0.9550507386488233, "Wyoming": 0.555435547259751}