{"Alabama": 0.9239476418287083, "Alaska": 0.7811535487269573, "Arizona": 0.9059869312407716, "Arkansas": 0.9371966430093821, "California": 0.8988521484827139, "Colorado": 0.8670673259936906, "Connecticut": 0.9624724030880243, "Delaware": 0.9220412678744009, "Florida": 0.8933482991736355, "Georgia": 0.9025548684901908, "Hawaii": 0.7732386026605352, "Idaho": 0.9381048672120087, "Illinois": 0.9719469322003724, "Indiana": 0.9259839378806773, "Iowa": 0.9558002985020566, "Kansas": 0.9720408775228974, "Kentucky": 0.9529674516518699, "Louisiana": 0.9029388441902065, "Maine": 0.950738339778637, "Maryland": 0.8964084900879176, "Massachusetts": 0.9415424186696468, "Michigan": 0.9663939589618958, "Mississippi": 0.9153754576414421, "Missouri": 0.9782661402770141, "Montana": 0.8815655304097962, "Nebraska": 0.9543573551029734, "Nevada": 0.6016943757472086, "New Hampshire": 0.9507038265343547, "New Jersey": 0.9342269726356092, "New Mexico": 0.889005325477596, "New York": 0.9429977422006213, "North Carolina": 0.9465385277924884, "North Dakota": 0.8873762900913236, "Ohio": 0.9882887107047179, "Oklahoma": 0.8770705361810788, "Oregon": 0.9737370819669094, "Pennsylvania": 0.9874646894645989, "Rhode Island": 0.9662183842654741, "South Carolina": 0.882978839967181, "South Dakota": 0.9526931654206213, "Tennessee": 0.9447191094436648, "Texas": 0.90929913322689, "Utah": 0.9187430137452866, "Vermont": 0.9409407130181303, "Virginia": 0.8568219817496829, "Washington": 0.9474721020318402, "West Virginia": 0.8859377650579786, "Wisconsin": 0.9599627924871924, "Wyoming": 0.5889773149234182}