{"Alabama": 0.9195313444594049, "Alaska": 0.7690729639817258, "Arizona": 0.9078774933910962, "Arkansas": 0.9385366677908378, "California": 0.917963171161214, "Colorado": 0.8639471372948978, "Connecticut": 0.9641927731820324, "Delaware": 0.9198670444551476, "Florida": 0.8891003867389348, "Georgia": 0.9014100638053102, "Hawaii": 0.765858959713625, "Idaho": 0.9382062354067643, "Illinois": 0.9680116577797687, "Indiana": 0.9200945053080121, "Iowa": 0.9544987459071552, "Kansas": 0.9650770922501775, "Kentucky": 0.9525242218970873, "Louisiana": 0.896528653828605, "Maine": 0.9612204748017898, "Maryland": 0.8935027455883906, "Massachusetts": 0.9405390533957884, "Michigan": 0.9630012426265148, "Mississippi": 0.9121380487097068, "Missouri": 0.9818951796458768, "Montana": 0.8786152841117141, "Nebraska": 0.9571602246608979, "Nevada": 0.6051614680589902, "New Hampshire": 0.9505705924872481, "New Jersey": 0.9319402939417363, "New Mexico": 0.8841227194194582, "New York": 0.9399575037885002, "North Carolina": 0.9448359733814545, "North Dakota": 0.8321740488566306, "Ohio": 0.9871702626927714, "Oklahoma": 0.837480021144821, "Oregon": 0.9727616577155573, "Pennsylvania": 0.9871083928742262, "Rhode Island": 0.9675729230425109, "South Carolina": 0.8774336256385684, "South Dakota": 0.9533647941382459, "Tennessee": 0.942298021240685, "Texas": 0.8972239658352827, "Utah": 0.9148423169180783, "Vermont": 0.943745539671702, "Virginia": 0.857442647876965, "Washington": 0.9589061902271628, "West Virginia": 0.8775945956089455, "Wisconsin": 0.9579083752396303, "Wyoming": 0.5628629666586015}