{"Alabama": 0.9292795457075526, "Alaska": 0.7698365820900164, "Arizona": 0.8879011690252742, "Arkansas": 0.9501086711465506, "California": 0.9148489391573021, "Colorado": 0.8486004382978092, "Connecticut": 0.9592445237740382, "Delaware": 0.911962410487772, "Florida": 0.8502293914110425, "Georgia": 0.9125910615014954, "Hawaii": 0.7253057124717123, "Idaho": 0.9296119996116439, "Illinois": 0.9668146820492224, "Indiana": 0.9313705472574291, "Iowa": 0.9459699615725536, "Kansas": 0.9642264703254453, "Kentucky": 0.9530396269670873, "Louisiana": 0.8967947001580134, "Maine": 0.957982454992848, "Maryland": 0.8591139739842572, "Massachusetts": 0.923745532394046, "Michigan": 0.9724704279273977, "Mississippi": 0.9218335904060918, "Missouri": 0.9820167141115974, "Montana": 0.829553569314464, "Nebraska": 0.9604891503708187, "Nevada": 0.5729729696784182, "New Hampshire": 0.9512018128418865, "New Jersey": 0.9183448613635448, "New Mexico": 0.8494806084546386, "New York": 0.9103469251510098, "North Carolina": 0.9528641848039244, "North Dakota": 0.7833769772298695, "Ohio": 0.9878349284555428, "Oklahoma": 0.8389621091154057, "Oregon": 0.975962349447547, "Pennsylvania": 0.9835241815256438, "Rhode Island": 0.9556036856185249, "South Carolina": 0.8935505605858707, "South Dakota": 0.9181697651340829, "Tennessee": 0.9486895020736642, "Texas": 0.8975433658764362, "Utah": 0.9183884758916686, "Vermont": 0.9470273369783394, "Virginia": 0.8476155438559018, "Washington": 0.9629019572689183, "West Virginia": 0.8692077226105189, "Wisconsin": 0.9528232467727985, "Wyoming": 0.5296032141715465}