{"Alabama": 0.9181775231399039, "Alaska": 0.7770047185637526, "Arizona": 0.9035935057846146, "Arkansas": 0.9405350932600676, "California": 0.9198486544041328, "Colorado": 0.8557302346527862, "Connecticut": 0.9660956509542523, "Delaware": 0.9177055949938907, "Florida": 0.8837500512343326, "Georgia": 0.8985713576426486, "Hawaii": 0.7634003063085539, "Idaho": 0.937453717829031, "Illinois": 0.9644824042019493, "Indiana": 0.9167471323218483, "Iowa": 0.9523069931581827, "Kansas": 0.9606799579940558, "Kentucky": 0.95021615832917, "Louisiana": 0.8960599544832758, "Maine": 0.9519930822424795, "Maryland": 0.8915133278091657, "Massachusetts": 0.9390460562049479, "Michigan": 0.9578745437816594, "Mississippi": 0.9053947303802624, "Missouri": 0.9822756531609917, "Montana": 0.8789590119640335, "Nebraska": 0.9571906879370564, "Nevada": 0.6093113397970755, "New Hampshire": 0.9499220926553912, "New Jersey": 0.9313994602272108, "New Mexico": 0.8786862956383291, "New York": 0.9398876756720425, "North Carolina": 0.941317853646752, "North Dakota": 0.8205155301571642, "Ohio": 0.9855112197878619, "Oklahoma": 0.8254037843226455, "Oregon": 0.97130007736065, "Pennsylvania": 0.987520383128715, "Rhode Island": 0.967684005685846, "South Carolina": 0.8742112529108654, "South Dakota": 0.9533664768621339, "Tennessee": 0.937942898921871, "Texas": 0.8910737199168137, "Utah": 0.9129122211341156, "Vermont": 0.9441046034747537, "Virginia": 0.863224930720608, "Washington": 0.9588846585073241, "West Virginia": 0.8815716590766038, "Wisconsin": 0.9563254994369714, "Wyoming": 0.578202149631741}