{"Alabama": 0.9278048527232806, "Alaska": 0.7802006731747221, "Arizona": 0.8843564616665303, "Arkansas": 0.9505673980071605, "California": 0.9161549670455911, "Colorado": 0.841346665259276, "Connecticut": 0.9613664247708625, "Delaware": 0.9084597896317719, "Florida": 0.8462064753043118, "Georgia": 0.9087829509792437, "Hawaii": 0.7244869729657949, "Idaho": 0.9304670682231152, "Illinois": 0.9636920769083629, "Indiana": 0.9276270457392312, "Iowa": 0.9414689732582893, "Kansas": 0.9606422734458412, "Kentucky": 0.9507472949581666, "Louisiana": 0.8966185188191281, "Maine": 0.9498250166199256, "Maryland": 0.8573324922745256, "Massachusetts": 0.922555947624057, "Michigan": 0.968759032656155, "Mississippi": 0.915975712101021, "Missouri": 0.9824654858275387, "Montana": 0.8316661054675302, "Nebraska": 0.9600711950565742, "Nevada": 0.5789045984115058, "New Hampshire": 0.9509269067254177, "New Jersey": 0.9175975890119371, "New Mexico": 0.844426440387102, "New York": 0.9110610751555672, "North Carolina": 0.9498900258996865, "North Dakota": 0.7725802818619573, "Ohio": 0.9863087399358367, "Oklahoma": 0.8274408111677719, "Oregon": 0.9747115570166107, "Pennsylvania": 0.9840249986508111, "Rhode Island": 0.9566759288457524, "South Carolina": 0.8904007666415613, "South Dakota": 0.9193715200348511, "Tennessee": 0.9447853291396453, "Texas": 0.8919144626376045, "Utah": 0.9169016917331504, "Vermont": 0.9474167561975375, "Virginia": 0.8534806306571888, "Washington": 0.9631490667534416, "West Virginia": 0.8728590332947349, "Wisconsin": 0.9506303732473981, "Wyoming": 0.5468091978302325}