{"Alabama": 0.9259617549850129, "Alaska": 0.7728993757306815, "Arizona": 0.8813117145105771, "Arkansas": 0.9500512571707568, "California": 0.9161571890097246, "Colorado": 0.840931418202238, "Connecticut": 0.9596746319828127, "Delaware": 0.9043122697112819, "Florida": 0.8438395652764713, "Georgia": 0.9045411624448995, "Hawaii": 0.7219325304234923, "Idaho": 0.9299083803554274, "Illinois": 0.9607038940914655, "Indiana": 0.9235712023696148, "Iowa": 0.942523748922918, "Kansas": 0.9590478382212705, "Kentucky": 0.9453363472046175, "Louisiana": 0.896353735931569, "Maine": 0.9489650520484828, "Maryland": 0.855434648145089, "Massachusetts": 0.9214329825922678, "Michigan": 0.9669619251249729, "Mississippi": 0.913278631223902, "Missouri": 0.9817821849308486, "Montana": 0.8342581438398358, "Nebraska": 0.9589770395385137, "Nevada": 0.5764922233421336, "New Hampshire": 0.9517245633641183, "New Jersey": 0.9164147498573256, "New Mexico": 0.8400609775192458, "New York": 0.9087989582250084, "North Carolina": 0.9476875371860435, "North Dakota": 0.7529081963901031, "Ohio": 0.9854656810476182, "Oklahoma": 0.8198017904206325, "Oregon": 0.974798260717849, "Pennsylvania": 0.9844314043895522, "Rhode Island": 0.9569744192653542, "South Carolina": 0.8879156947543058, "South Dakota": 0.9177533138906993, "Tennessee": 0.9411048347190956, "Texas": 0.8874721574714419, "Utah": 0.9131877218542892, "Vermont": 0.9472352378946455, "Virginia": 0.8589195160747506, "Washington": 0.961988518055061, "West Virginia": 0.875224528310219, "Wisconsin": 0.9497047612321092, "Wyoming": 0.5343102138730917}