{"Alabama": 0.9155269546088078, "Alaska": 0.7673639886787852, "Arizona": 0.9008828326927923, "Arkansas": 0.9398028987458816, "California": 0.9193117675214794, "Colorado": 0.8549004321599426, "Connecticut": 0.9653736065842824, "Delaware": 0.9122888984108378, "Florida": 0.8806788943089455, "Georgia": 0.893340317479853, "Hawaii": 0.7593149192693197, "Idaho": 0.9382360826026358, "Illinois": 0.9608734820781273, "Indiana": 0.9121432249233132, "Iowa": 0.9509048660582065, "Kansas": 0.9591530088394381, "Kentucky": 0.9444897223550726, "Louisiana": 0.8957836743852388, "Maine": 0.9515835407494195, "Maryland": 0.8902414885178008, "Massachusetts": 0.937978701895315, "Michigan": 0.9550550013218885, "Mississippi": 0.9036010341419973, "Missouri": 0.9816448925610621, "Montana": 0.880235894184497, "Nebraska": 0.9560149971935559, "Nevada": 0.6060388156165943, "New Hampshire": 0.9506048505487149, "New Jersey": 0.9293088294395763, "New Mexico": 0.8753936349726442, "New York": 0.9380343945680999, "North Carolina": 0.9382984137859084, "North Dakota": 0.7990334069950303, "Ohio": 0.9844405697948815, "Oklahoma": 0.8158231793841512, "Oregon": 0.9714217111146303, "Pennsylvania": 0.9876560309508974, "Rhode Island": 0.9671146588686054, "South Carolina": 0.8711915199648059, "South Dakota": 0.9508205906833851, "Tennessee": 0.9336945066973774, "Texas": 0.8865003801782585, "Utah": 0.9085689811601432, "Vermont": 0.9442038793955467, "Virginia": 0.8686285159495344, "Washington": 0.9584535838922773, "West Virginia": 0.8848296105662474, "Wisconsin": 0.9553525523411173, "Wyoming": 0.5640620189246326}