{"Alabama": 0.9248779686843779, "Alaska": 0.7097143359286103, "Arizona": 0.9432138961313883, "Arkansas": 0.8980673858582968, "California": 0.964439235159671, "Colorado": 0.926551351415221, "Connecticut": 0.9329433696445945, "Delaware": 0.8659747173053326, "Florida": 0.8888923260415021, "Georgia": 0.9072328409047505, "Hawaii": 0.7555383874548903, "Idaho": 0.9662652216412153, "Illinois": 0.9553344477450834, "Indiana": 0.9171671257718498, "Iowa": 0.9501981456591065, "Kansas": 0.9746120011590964, "Kentucky": 0.9538633577636677, "Louisiana": 0.9071402727508919, "Maine": 0.9223390823682847, "Maryland": 0.9052220016002005, "Massachusetts": 0.9134642680164945, "Michigan": 0.9476793859876569, "Minnesota": 0.9715608135454291, "Mississippi": 0.9142997531354883, "Missouri": 0.972775470579387, "Montana": 0.892240402906708, "Nebraska": 0.9312080112599899, "Nevada": 0.5853775740162908, "New Hampshire": 0.9764272722550374, "New Jersey": 0.8900578167227711, "New Mexico": 0.9190055326215993, "New York": 0.8599227657244732, "North Carolina": 0.8784412165605645, "North Dakota": 0.8859264939524678, "Ohio": 0.9632718184465712, "Oklahoma": 0.9438700413451382, "Oregon": 0.9957438378455801, "Pennsylvania": 0.9485074046027796, "Rhode Island": 0.9098195567055591, "South Carolina": 0.8590505515311584, "South Dakota": 0.9326437198894498, "Tennessee": 0.947947554200306, "Texas": 0.9600661520455172, "Utah": 0.9637329278914581, "Vermont": 0.9641925238124661, "Virginia": 0.9396160322771008, "West Virginia": 0.9058052756880841, "Wisconsin": 0.9244507546282736, "Wyoming": 0.7368514567474669}