{"Alabama": 0.9294787339575084, "Alaska": 0.7479493255206043, "Arizona": 0.9417397666584671, "Arkansas": 0.890890892659671, "California": 0.9661593314825396, "Colorado": 0.9310846424644833, "Connecticut": 0.9313895960596642, "Delaware": 0.8800426315540323, "Florida": 0.8853462049891534, "Georgia": 0.91969554219765, "Hawaii": 0.7716994818600166, "Idaho": 0.9727664136438205, "Illinois": 0.9568249877649162, "Indiana": 0.8983360710151794, "Iowa": 0.9458041622288871, "Kansas": 0.9738753525484296, "Kentucky": 0.9494788531340905, "Louisiana": 0.9230353858929081, "Maine": 0.9286126797652815, "Maryland": 0.9156943003658564, "Massachusetts": 0.9158593488786196, "Michigan": 0.9338837923559671, "Minnesota": 0.9705468249043548, "Mississippi": 0.9043437641732209, "Missouri": 0.9739914816620322, "Montana": 0.9083671000783649, "Nebraska": 0.9363486836535939, "Nevada": 0.5847243263492429, "New Hampshire": 0.9714289449703659, "New Jersey": 0.8999528948921879, "New Mexico": 0.9291666754851262, "New York": 0.8717269734292313, "North Carolina": 0.8937052243864437, "North Dakota": 0.896699434241316, "Ohio": 0.9544638587026425, "Oklahoma": 0.9476957044767019, "Oregon": 0.9933812494372536, "Pennsylvania": 0.9490831470376574, "Rhode Island": 0.9112250830614936, "South Carolina": 0.8694575521170387, "South Dakota": 0.9324689154463919, "Tennessee": 0.9417135862432338, "Texas": 0.9642996113208859, "Utah": 0.9661105739804638, "Vermont": 0.9581830544331353, "Virginia": 0.9441696433826486, "West Virginia": 0.9137388428059271, "Wisconsin": 0.9143088822497941, "Wyoming": 0.7554035698503284}