{"Alabama": 0.9286491234263947, "Alaska": 0.7620968950020899, "Arizona": 0.9390849458655414, "Arkansas": 0.8834024089606222, "California": 0.9712195934894385, "Colorado": 0.9343404607223744, "Connecticut": 0.9287760974978444, "Delaware": 0.8813721038254021, "Florida": 0.8852385142367767, "Georgia": 0.9287057365626777, "Hawaii": 0.7819749190836781, "Idaho": 0.9752962378922623, "Illinois": 0.955331404510022, "Indiana": 0.8819111680277855, "Iowa": 0.9384657979592779, "Kansas": 0.9708020255960533, "Kentucky": 0.9408875947515649, "Louisiana": 0.9265867999779877, "Maine": 0.9323598132928407, "Maryland": 0.9265972627710679, "Massachusetts": 0.9158638120245083, "Michigan": 0.9252607503517487, "Minnesota": 0.9657458519294136, "Mississippi": 0.9001164306089109, "Missouri": 0.9739561345279936, "Montana": 0.9157342399629872, "Nebraska": 0.9376784342144743, "Nevada": 0.5933886940444626, "New Hampshire": 0.9650392878140374, "New Jersey": 0.9092216393516556, "New Mexico": 0.9338164219571662, "New York": 0.8800288857340189, "North Carolina": 0.9011652541272555, "North Dakota": 0.9027785707925545, "Ohio": 0.945159585582274, "Oklahoma": 0.9513617929084591, "Oregon": 0.98919282729927, "Pennsylvania": 0.9463608902383069, "Rhode Island": 0.9112498628749872, "South Carolina": 0.8765808655982922, "South Dakota": 0.9289352699513674, "Tennessee": 0.9361584663574422, "Texas": 0.9668603376600867, "Utah": 0.9680026157081096, "Vermont": 0.9508106370316107, "Virginia": 0.9485838711430749, "West Virginia": 0.9166191855121278, "Wisconsin": 0.9022748260511426, "Wyoming": 0.7573897091027475}