{"Alabama": 0.8259794057306067, "Alaska": 0.7755699081973485, "Arizona": 0.9364128824107235, "Arkansas": 0.8793349680580607, "California": 0.9730110025324474, "Colorado": 0.9362294954189955, "Connecticut": 0.9319149591380297, "Delaware": 0.8559766818525804, "Florida": 0.9047664107083128, "Georgia": 0.9285871692485634, "Hawaii": 0.7668014352172782, "Idaho": 0.973218967293893, "Illinois": 0.9570668220696334, "Indiana": 0.8900439668691112, "Iowa": 0.9326407003621371, "Kansas": 0.9688259536859849, "Kentucky": 0.939677384771662, "Louisiana": 0.9235902673192354, "Maine": 0.9382799716390653, "Maryland": 0.9322783310643017, "Massachusetts": 0.924288756624945, "Michigan": 0.9333163533722082, "Minnesota": 0.9683351793150025, "Mississippi": 0.9071364384572231, "Missouri": 0.9727799795012041, "Montana": 0.9235695802300261, "Nebraska": 0.9280985361228713, "Nevada": 0.6157205195706451, "New Hampshire": 0.9661687256528049, "New Jersey": 0.9161429128697767, "New Mexico": 0.9329602811752999, "New York": 0.890375230789264, "North Carolina": 0.8950640113564128, "North Dakota": 0.9106370021629865, "Ohio": 0.9483863995911839, "Oklahoma": 0.9410624966866544, "Oregon": 0.9855576657867041, "Pennsylvania": 0.9495162980103443, "Rhode Island": 0.9075193542741546, "South Carolina": 0.8831925911738998, "South Dakota": 0.9281015947325685, "Tennessee": 0.9359646646669759, "Texas": 0.9642029659577055, "Utah": 0.9659759824746718, "Vermont": 0.9510912887987377, "Virginia": 0.9488642635788418, "West Virginia": 0.9099046567201865, "Wisconsin": 0.9068051155331078, "Wyoming": 0.6892771516894087}