{"Alabama": 0.9387921573078676, "Alaska": 0.8414079070535909, "Arizona": 0.945659516929056, "Arkansas": 0.8800294927446928, "California": 0.9762069460464902, "Colorado": 0.9511709726844367, "Connecticut": 0.93337689893695, "Delaware": 0.8915273907585544, "Florida": 0.9178848779281578, "Georgia": 0.9431234256644561, "Hawaii": 0.8105877795715629, "Idaho": 0.9767558552322381, "Illinois": 0.9609666459473559, "Indiana": 0.8733171457646772, "Iowa": 0.9286843729650452, "Kansas": 0.9655839977029548, "Kentucky": 0.9371719464454142, "Louisiana": 0.9412251249056734, "Maine": 0.9498412045926921, "Maryland": 0.9473525481342323, "Massachusetts": 0.9317524064092323, "Michigan": 0.9320423032770948, "Minnesota": 0.966836955045203, "Mississippi": 0.9058898459617925, "Missouri": 0.9771982652861189, "Montana": 0.9409257726181397, "Nebraska": 0.9309291869720383, "Nevada": 0.6605267931390106, "New Hampshire": 0.9686553704743722, "New Jersey": 0.9391498478895193, "New Mexico": 0.9503818964710177, "New York": 0.9082971120028992, "North Carolina": 0.9281040237848726, "North Dakota": 0.928365548232868, "Ohio": 0.945600148780216, "Oklahoma": 0.9420022792958543, "Oregon": 0.9796786372305698, "Pennsylvania": 0.9530618778071249, "Rhode Island": 0.9322671881793603, "South Carolina": 0.8985224942425459, "South Dakota": 0.9330368574284562, "Tennessee": 0.9396115609824061, "Texas": 0.9679964620828756, "Utah": 0.9711602329265423, "Vermont": 0.9493532471718342, "Virginia": 0.9551299533613709, "West Virginia": 0.917851272265187, "Wisconsin": 0.9063250273663129, "Wyoming": 0.7312696055536405}