{"Alabama": 0.9402297455328855, "Alaska": 0.8433988487677402, "Arizona": 0.9477150060334096, "Arkansas": 0.8815395127474346, "California": 0.9781890075200125, "Colorado": 0.9536683816591971, "Connecticut": 0.9351680321356398, "Delaware": 0.898259193034595, "Florida": 0.9267900396759313, "Georgia": 0.9438544710481436, "Hawaii": 0.8351269167694864, "Idaho": 0.9764067186044976, "Illinois": 0.9585852180916441, "Indiana": 0.8676310766944014, "Iowa": 0.9216229141895124, "Kansas": 0.9628577960180111, "Kentucky": 0.933556538433236, "Louisiana": 0.9447128318283973, "Maine": 0.9449002371019154, "Maryland": 0.948564187886943, "Massachusetts": 0.9311842255393085, "Michigan": 0.9343131844575195, "Minnesota": 0.9636976537361143, "Mississippi": 0.9025447250607546, "Missouri": 0.9766678720572843, "Montana": 0.9392184602180468, "Nebraska": 0.9293000534984737, "Nevada": 0.6729615471987151, "New Hampshire": 0.9670698287080314, "New Jersey": 0.9414614752399081, "New Mexico": 0.9517414899322721, "New York": 0.9069840307401537, "North Carolina": 0.9388923603476227, "North Dakota": 0.9279417974358416, "Ohio": 0.9432615325432164, "Oklahoma": 0.9427413977672805, "Oregon": 0.9776621539538629, "Pennsylvania": 0.950462789121627, "Rhode Island": 0.860604937428449, "South Carolina": 0.9083819371977293, "South Dakota": 0.9300212330671263, "Tennessee": 0.9385110852297699, "Texas": 0.9695778581749178, "Utah": 0.9710459818382495, "Vermont": 0.9473609546500058, "Virginia": 0.9531625605785187, "West Virginia": 0.913589797329365, "Wisconsin": 0.9020680599126304, "Wyoming": 0.7229045186581495}