{"Alabama": 0.9402278063566287, "Alaska": 0.8512461417628582, "Arizona": 0.9392028994454448, "Arkansas": 0.8789956019720224, "California": 0.9789316789475916, "Colorado": 0.9477598092025272, "Connecticut": 0.9384819318912707, "Delaware": 0.9199334359250562, "Florida": 0.9073275185253932, "Georgia": 0.966446673371348, "Hawaii": 0.8111632357624137, "Idaho": 0.9591695762329531, "Illinois": 0.9596639885612185, "Indiana": 0.8740712186626738, "Iowa": 0.9062533334272148, "Kansas": 0.9524093988193528, "Kentucky": 0.9195126234036654, "Louisiana": 0.9559128971979589, "Maine": 0.95734783761623, "Maryland": 0.9377138968912024, "Massachusetts": 0.9305463830655779, "Michigan": 0.9450068492205005, "Minnesota": 0.9631368032840295, "Mississippi": 0.9003816664556917, "Missouri": 0.9755988049368565, "Montana": 0.8918548589299289, "Nebraska": 0.9364795028862275, "Nevada": 0.6503409510754444, "New Hampshire": 0.9701826033043337, "New Jersey": 0.9568183814931277, "New Mexico": 0.9316805459951212, "New York": 0.9069058209586948, "North Carolina": 0.9450474267680847, "North Dakota": 0.8593934802101523, "Ohio": 0.9422433117833519, "Oklahoma": 0.9283089438989609, "Oregon": 0.9760931538311278, "Pennsylvania": 0.9563214293610348, "Rhode Island": 0.932384642271651, "South Carolina": 0.9258369917013034, "South Dakota": 0.8881049589747062, "Tennessee": 0.9363589393927622, "Texas": 0.9732138105369856, "Utah": 0.9714599188562231, "Vermont": 0.95288736388699, "Virginia": 0.9596850444080721, "West Virginia": 0.9187111946551612, "Wisconsin": 0.8947620661933311, "Wyoming": 0.7293934118178037}