{"Alabama": 0.941992587017376, "Alaska": 0.8408548455243694, "Arizona": 0.9427213838221302, "Arkansas": 0.8888917617772444, "California": 0.9769424013167683, "Colorado": 0.9526461025338863, "Connecticut": 0.9340782522672277, "Delaware": 0.7798606230278515, "Florida": 0.9260509618367802, "Georgia": 0.9448131838080328, "Hawaii": 0.839192131251088, "Idaho": 0.9735234315273953, "Illinois": 0.9566615166918296, "Indiana": 0.8709464442343757, "Iowa": 0.916685039663533, "Kansas": 0.9591688121288574, "Kentucky": 0.9342919183161468, "Louisiana": 0.9425977394739737, "Maine": 0.9427523644769693, "Maryland": 0.9457011944191692, "Massachusetts": 0.9255272110340587, "Michigan": 0.9399885435570611, "Minnesota": 0.9610817243758509, "Mississippi": 0.9096784290734702, "Missouri": 0.9763480442923782, "Montana": 0.9371912573001446, "Nebraska": 0.9238719901301378, "Nevada": 0.6795532630567945, "New Hampshire": 0.9692428235124741, "New Jersey": 0.9377966465472947, "New Mexico": 0.9496904740450546, "New York": 0.8990954045164697, "North Carolina": 0.9482844609568292, "North Dakota": 0.9277255605951984, "Ohio": 0.9417123385383793, "Oklahoma": 0.9398077851442769, "Oregon": 0.9780816783029278, "Pennsylvania": 0.9449070234407234, "Rhode Island": 0.9248022483712448, "South Carolina": 0.9180578564316165, "South Dakota": 0.928532471150501, "Tennessee": 0.9430409728594785, "Texas": 0.9681329055388391, "Utah": 0.9701979596551294, "Vermont": 0.9474174697455683, "Virginia": 0.9510786365306315, "West Virginia": 0.9072227096708103, "Wisconsin": 0.902103394807948, "Wyoming": 0.738238313028343}