{"Alabama": 0.9407758905937937, "Alaska": 0.8512991348618971, "Arizona": 0.9327109676238163, "Arkansas": 0.8878996541832863, "California": 0.977605310057092, "Colorado": 0.9462456632762694, "Connecticut": 0.9370943158914862, "Delaware": 0.8118786260272775, "Florida": 0.9060723452938628, "Georgia": 0.9677170329843665, "Hawaii": 0.8154302288460289, "Idaho": 0.9595658447017616, "Illinois": 0.958994307359092, "Indiana": 0.8756249776697854, "Iowa": 0.9001985066940191, "Kansas": 0.9479911071282734, "Kentucky": 0.9231222637565709, "Louisiana": 0.954826357339983, "Maine": 0.9555403121271596, "Maryland": 0.9348732804266735, "Massachusetts": 0.925670833592345, "Michigan": 0.9483733962870409, "Minnesota": 0.9608718331406675, "Mississippi": 0.9066469520492452, "Missouri": 0.9761053059011816, "Montana": 0.893134237878673, "Nebraska": 0.9323247359146077, "Nevada": 0.6573687296659102, "New Hampshire": 0.9719908539356201, "New Jersey": 0.9543556108396838, "New Mexico": 0.9300019566616569, "New York": 0.8991636016052781, "North Carolina": 0.9544822482177877, "North Dakota": 0.8606291019076574, "Ohio": 0.9408459157401621, "Oklahoma": 0.926509322372841, "Oregon": 0.9766469335027472, "Pennsylvania": 0.951779662409239, "Rhode Island": 0.9293256103662367, "South Carolina": 0.933773081827894, "South Dakota": 0.8875176250892385, "Tennessee": 0.941822740077228, "Texas": 0.9719095179384127, "Utah": 0.9705878846635259, "Vermont": 0.9527037316060606, "Virginia": 0.9566493001437213, "West Virginia": 0.9120705604219517, "Wisconsin": 0.8943551039917552, "Wyoming": 0.7127349600183572}