{"Alabama": 0.9474850249322647, "Alaska": 0.8248615453385305, "Arizona": 0.9428445471400576, "Arkansas": 0.896054038347096, "California": 0.9730637687247025, "Colorado": 0.9496448402944566, "Connecticut": 0.9312016091427143, "Delaware": 0.8949693087543095, "Florida": 0.9324798141965527, "Georgia": 0.9452518965566783, "Hawaii": 0.8350921193327162, "Idaho": 0.9716690828379584, "Illinois": 0.9536882333807478, "Indiana": 0.8794162828179007, "Iowa": 0.9149805467300779, "Kansas": 0.9562398656200867, "Kentucky": 0.9350192595117636, "Louisiana": 0.9420092204760768, "Maine": 0.9388295423962376, "Maryland": 0.940664451574651, "Massachusetts": 0.9175414345504479, "Michigan": 0.9427933236068371, "Minnesota": 0.955140059691642, "Mississippi": 0.9190848550912561, "Missouri": 0.9745995651317313, "Montana": 0.9354251209133014, "Nebraska": 0.9203781056722624, "Nevada": 0.6884015593692066, "New Hampshire": 0.9709459811850388, "New Jersey": 0.9316743920976397, "New Mexico": 0.9457074949506067, "New York": 0.8879345353538874, "North Carolina": 0.9572360925370409, "North Dakota": 0.9212749584621225, "Ohio": 0.9398299478741479, "Oklahoma": 0.9293973011446407, "Oregon": 0.9803629400116276, "Pennsylvania": 0.9374809827168791, "Rhode Island": 0.9174017196447775, "South Carolina": 0.9258189931989135, "South Dakota": 0.9233690672580024, "Tennessee": 0.949651708683798, "Texas": 0.9639216748877706, "Utah": 0.9673300218291883, "Vermont": 0.9469187220112543, "Virginia": 0.9480531043453376, "West Virginia": 0.8989464222761292, "Wisconsin": 0.9026761032160779, "Wyoming": 0.7009836197367821}