{"Alabama": 0.9458017357842304, "Alaska": 0.8423082747341909, "Arizona": 0.9310845795398034, "Arkansas": 0.8973932132897022, "California": 0.9746825741708539, "Colorado": 0.9423633820279506, "Connecticut": 0.9343649614175171, "Delaware": 0.9166624062063627, "Florida": 0.911498097684996, "Georgia": 0.9700039802016833, "Hawaii": 0.8107520698135618, "Idaho": 0.9607296514153547, "Illinois": 0.9578479639398833, "Indiana": 0.8830231535335957, "Iowa": 0.9019070012636183, "Kansas": 0.946916543007442, "Kentucky": 0.9257938282770791, "Louisiana": 0.9530405667346623, "Maine": 0.9525769555942816, "Maryland": 0.9288555616891103, "Massachusetts": 0.9186401261086412, "Michigan": 0.9501711164914883, "Minnesota": 0.9571114952798933, "Mississippi": 0.9168123226428339, "Missouri": 0.9762764709463648, "Montana": 0.8942882159267582, "Nebraska": 0.9313018348885757, "Nevada": 0.6661743493761124, "New Hampshire": 0.9730819870380477, "New Jersey": 0.9488960829279536, "New Mexico": 0.9259499182528449, "New York": 0.8874821968026564, "North Carolina": 0.9659721997472931, "North Dakota": 0.8605776871397156, "Ohio": 0.9407387805867538, "Oklahoma": 0.9191274523682958, "Oregon": 0.9789993960539326, "Pennsylvania": 0.9461307244431638, "Rhode Island": 0.923598030948921, "South Carolina": 0.942290477001556, "South Dakota": 0.8883327460711887, "Tennessee": 0.9510492302407862, "Texas": 0.9677998666704984, "Utah": 0.9684174581967375, "Vermont": 0.9519983794776918, "Virginia": 0.9522194914789663, "West Virginia": 0.9037678122824261, "Wisconsin": 0.896958736019303, "Wyoming": 0.6775360673566884}