{"Alabama": 0.9491400307315305, "Alaska": 0.8284066092856472, "Arizona": 0.9328627833843033, "Arkansas": 0.902009980542602, "California": 0.9740243175035648, "Colorado": 0.9408275352609986, "Connecticut": 0.9280661924928191, "Delaware": 0.9151039374877257, "Florida": 0.9104771534384121, "Georgia": 0.96955738988684, "Hawaii": 0.809203099152555, "Idaho": 0.9649180263883936, "Illinois": 0.9536257404778553, "Indiana": 0.8865145410272935, "Iowa": 0.8928137006502699, "Kansas": 0.9401450327219049, "Kentucky": 0.924663675862408, "Louisiana": 0.9494650256200368, "Maine": 0.9475355504253717, "Maryland": 0.9288390802268618, "Massachusetts": 0.9118496320886923, "Michigan": 0.9481846276750064, "Minnesota": 0.9501670004973312, "Mississippi": 0.9190505057747652, "Missouri": 0.9727776326555015, "Montana": 0.8910975734887929, "Nebraska": 0.9241451301353616, "Nevada": 0.6721728863128349, "New Hampshire": 0.9699096374429775, "New Jersey": 0.9411965053966806, "New Mexico": 0.922950513443911, "New York": 0.8824723921625932, "North Carolina": 0.9709688598870387, "North Dakota": 0.844996871802282, "Ohio": 0.9390745705891695, "Oklahoma": 0.9044906798575686, "Oregon": 0.9780594981130629, "Pennsylvania": 0.9411369213215576, "Rhode Island": 0.9153332766668039, "South Carolina": 0.9427537967011392, "South Dakota": 0.8798794885042842, "Tennessee": 0.9536717574484351, "Texas": 0.963721076094585, "Utah": 0.9617557784819193, "Vermont": 0.948860089216566, "Virginia": 0.9512383669931304, "West Virginia": 0.891820322603878, "Wisconsin": 0.8932238897532928, "Wyoming": 0.6673229946068822}