{"Alabama": 0.9494703272561293, "Alaska": 0.8098341536818389, "Arizona": 0.9451623268488256, "Arkansas": 0.8968982471899137, "California": 0.9709348723403177, "Colorado": 0.9485069727105149, "Connecticut": 0.9244107794187928, "Delaware": 0.8915656621177633, "Florida": 0.931090891953908, "Georgia": 0.9438406221174299, "Hawaii": 0.8329589905029147, "Idaho": 0.9731870650721245, "Illinois": 0.9474182607851397, "Indiana": 0.8841420406769885, "Iowa": 0.9057845485623713, "Kansas": 0.9494463372353341, "Kentucky": 0.9323731804453985, "Louisiana": 0.9379967525271466, "Maine": 0.9326934241320312, "Maryland": 0.9416042839161531, "Massachusetts": 0.91002517930546, "Michigan": 0.9409789121034736, "Minnesota": 0.946190929091257, "Mississippi": 0.919239117707203, "Missouri": 0.9692287591536888, "Montana": 0.9311847113110998, "Nebraska": 0.9116776023851512, "Nevada": 0.6938231676534714, "New Hampshire": 0.9672043945031923, "New Jersey": 0.9248959627317104, "New Mexico": 0.9439012187238142, "New York": 0.8838687046548481, "North Carolina": 0.9596472716463972, "North Dakota": 0.9113513693361583, "Ohio": 0.936670417860143, "Oklahoma": 0.9166335538005593, "Oregon": 0.9797063040901346, "Pennsylvania": 0.9311143786131214, "Rhode Island": 0.9077613260226134, "South Carolina": 0.9270153918944823, "South Dakota": 0.9133708506473227, "Tennessee": 0.9495566110896164, "Texas": 0.9597147988097722, "Utah": 0.9597487457658272, "Vermont": 0.9437536444819749, "Virginia": 0.9478917443847132, "West Virginia": 0.8882114812188074, "Wisconsin": 0.8978892619352995, "Wyoming": 0.6941232875834171}