{"Alabama": 0.9500424540735063, "Alaska": 0.8185223248015709, "Arizona": 0.9305354179037783, "Arkansas": 0.9031975016361199, "California": 0.9701237993784062, "Colorado": 0.9356027766435897, "Connecticut": 0.9206467401012401, "Delaware": 0.9066310315900933, "Florida": 0.9125831434443175, "Georgia": 0.9658752637837874, "Hawaii": 0.812570868238713, "Idaho": 0.9663049896598584, "Illinois": 0.9507957825130386, "Indiana": 0.8923243517392445, "Iowa": 0.8918273749671912, "Kansas": 0.9383223060838536, "Kentucky": 0.9291888772479807, "Louisiana": 0.9395062911050818, "Maine": 0.9550735937641937, "Maryland": 0.9267566883151627, "Massachusetts": 0.9128889800447159, "Michigan": 0.9515805380132338, "Minnesota": 0.9464970392288446, "Mississippi": 0.9213941656464173, "Missouri": 0.9725908107612099, "Montana": 0.8900173486462694, "Nebraska": 0.9264684241932256, "Nevada": 0.6650443995984516, "New Hampshire": 0.9689909030052708, "New Jersey": 0.9385604268456996, "New Mexico": 0.917681492785543, "New York": 0.885698250304779, "North Carolina": 0.9703944695750071, "North Dakota": 0.8509511444575157, "Ohio": 0.9396902537313575, "Oklahoma": 0.8836693312980389, "Oregon": 0.9782367265643672, "Pennsylvania": 0.9412265608612767, "Rhode Island": 0.9124373275013182, "South Carolina": 0.9406415103842583, "South Dakota": 0.8824924301444511, "Tennessee": 0.9553189125122463, "Texas": 0.952752163830744, "Utah": 0.9562223700000063, "Vermont": 0.9507578831592107, "Virginia": 0.9451500156213247, "West Virginia": 0.8784980247249796, "Wisconsin": 0.8929791286347957, "Wyoming": 0.6279075177028598}