{"Alabama": 0.952318894442738, "Alaska": 0.8354374858272672, "Arizona": 0.9262973054923531, "Arkansas": 0.9123174740269863, "California": 0.9689380022968966, "Colorado": 0.9304512496685803, "Connecticut": 0.9153199410485637, "Delaware": 0.8974059575818693, "Florida": 0.9087098833261439, "Georgia": 0.9620801219785365, "Hawaii": 0.821345287086214, "Idaho": 0.9648668925468982, "Illinois": 0.9527110423822424, "Indiana": 0.9131772458318755, "Iowa": 0.9003395017332928, "Kansas": 0.9477871591320433, "Kentucky": 0.9393785219149581, "Louisiana": 0.9313286838167977, "Maine": 0.9562289423887962, "Maryland": 0.9280679454780392, "Massachusetts": 0.9171975897264437, "Michigan": 0.9667800991500548, "Minnesota": 0.9504719516639424, "Mississippi": 0.9215378012459335, "Missouri": 0.9724740793117038, "Montana": 0.892031897636058, "Nebraska": 0.9282645667459969, "Nevada": 0.6543543181912618, "New Hampshire": 0.9700733357261778, "New Jersey": 0.9406082378361617, "New Mexico": 0.9206951175852028, "New York": 0.8964061949805323, "North Carolina": 0.9721094439635943, "North Dakota": 0.8562939511210717, "Ohio": 0.9522981602395773, "Oklahoma": 0.8916860584536527, "Oregon": 0.9797298461677209, "Pennsylvania": 0.9469632017998385, "Rhode Island": 0.9164306563845189, "South Carolina": 0.9380410383425871, "South Dakota": 0.8838137138677367, "Tennessee": 0.9590326292906672, "Texas": 0.9471875803060641, "Utah": 0.9465609180134957, "Vermont": 0.9522702308495912, "Virginia": 0.9380917084791723, "West Virginia": 0.8804353288350636, "Wisconsin": 0.9080114802799893, "Wyoming": 0.6544615366863614}