{"Alabama": 0.9506550992157784, "Alaska": 0.8220845594537878, "Arizona": 0.9398347436713234, "Arkansas": 0.8998736343375967, "California": 0.9677387547255758, "Colorado": 0.9390472577830724, "Connecticut": 0.9137964208223377, "Delaware": 0.8788249553156751, "Florida": 0.931745653753238, "Georgia": 0.9402460681999439, "Hawaii": 0.8451708914658468, "Idaho": 0.9705504920098506, "Illinois": 0.9465612379883049, "Indiana": 0.9148478561539143, "Iowa": 0.9080196602536189, "Kansas": 0.9534780526031604, "Kentucky": 0.9417598531141631, "Louisiana": 0.9213456318981242, "Maine": 0.9455700443188451, "Maryland": 0.9435594342390254, "Massachusetts": 0.9208288094941306, "Michigan": 0.9634279680819116, "Minnesota": 0.9455768267643138, "Mississippi": 0.9194176921814482, "Missouri": 0.9658505647836605, "Montana": 0.9299712784568213, "Nebraska": 0.9143112178255502, "Nevada": 0.6780629387266867, "New Hampshire": 0.9697522142555632, "New Jersey": 0.9329004169281343, "New Mexico": 0.9423258190123688, "New York": 0.9057367031435782, "North Carolina": 0.9601317252345496, "North Dakota": 0.9133746404606644, "Ohio": 0.9497753795953094, "Oklahoma": 0.9001890059868528, "Oregon": 0.9811849090848088, "Pennsylvania": 0.9395986080607214, "Rhode Island": 0.9144127257971245, "South Carolina": 0.9247998720281867, "South Dakota": 0.9131836002054728, "Tennessee": 0.9515943869468824, "Texas": 0.9438982349011754, "Utah": 0.94463990336158, "Vermont": 0.9484447833190363, "Virginia": 0.9380448158663562, "West Virginia": 0.8789334237605793, "Wisconsin": 0.9115807785097675, "Wyoming": 0.6817098415746454}