{"Alabama": 0.9483115806592309, "Alaska": 0.8306791374532774, "Arizona": 0.9260345744784549, "Arkansas": 0.9095101438090577, "California": 0.9693035857793268, "Colorado": 0.9297929601478282, "Connecticut": 0.9150834457712084, "Delaware": 0.8965100527521893, "Florida": 0.9062798455418446, "Georgia": 0.9568830703869873, "Hawaii": 0.8201173815059308, "Idaho": 0.9642564907463765, "Illinois": 0.9509059348261549, "Indiana": 0.9039394443403256, "Iowa": 0.8930712506075683, "Kansas": 0.9426978395050049, "Kentucky": 0.9364864507306037, "Louisiana": 0.9239602575577746, "Maine": 0.9485996887291919, "Maryland": 0.9288877200899573, "Massachusetts": 0.9233778127730426, "Michigan": 0.9657031879334557, "Minnesota": 0.9502845066189967, "Mississippi": 0.917792264960923, "Missouri": 0.967389696703565, "Montana": 0.8876718453650154, "Nebraska": 0.9228199926602785, "Nevada": 0.6447527108926444, "New Hampshire": 0.9688560864385635, "New Jersey": 0.9438223940718228, "New Mexico": 0.9173344213446286, "New York": 0.8998693910738385, "North Carolina": 0.9679964311823984, "North Dakota": 0.8350900524484443, "Ohio": 0.9507061439025699, "Oklahoma": 0.8694508376047971, "Oregon": 0.9798084145588235, "Pennsylvania": 0.9466002655320701, "Rhode Island": 0.9158711752056417, "South Carolina": 0.9318930167715096, "South Dakota": 0.8782454747146361, "Tennessee": 0.9550696382355094, "Texas": 0.9391488150431784, "Utah": 0.9493511281015287, "Vermont": 0.9513740550854293, "Virginia": 0.9366276793669789, "West Virginia": 0.8729182182314503, "Wisconsin": 0.9041393989232906, "Wyoming": 0.6319396063925048}