{"Alabama": 0.9460912593218394, "Alaska": 0.8186243777150696, "Arizona": 0.9396913831591142, "Arkansas": 0.8975248733044506, "California": 0.9686923119031863, "Colorado": 0.938737029749774, "Connecticut": 0.9143390586509473, "Delaware": 0.8828660294983697, "Florida": 0.9302325414482201, "Georgia": 0.9375975461977359, "Hawaii": 0.8448922902502334, "Idaho": 0.9704348092306634, "Illinois": 0.9454227689622358, "Indiana": 0.9063510989036753, "Iowa": 0.9031991810313127, "Kansas": 0.9479821237131966, "Kentucky": 0.9387709924858718, "Louisiana": 0.9139680463000001, "Maine": 0.939423859346815, "Maryland": 0.9449533916908057, "Massachusetts": 0.9281302436878555, "Michigan": 0.9627887305483938, "Minnesota": 0.9458158354521395, "Mississippi": 0.9152308450222334, "Missouri": 0.9614219104677062, "Montana": 0.9263138255929076, "Nebraska": 0.9120446372878444, "Nevada": 0.6684475740530353, "New Hampshire": 0.9689571366931905, "New Jersey": 0.9384581959130297, "New Mexico": 0.9391839891870368, "New York": 0.9111557778500334, "North Carolina": 0.9563235375259238, "North Dakota": 0.8915796134750147, "Ohio": 0.9485260404531445, "Oklahoma": 0.8762752591190804, "Oregon": 0.9812022157196523, "Pennsylvania": 0.9400138642660297, "Rhode Island": 0.9145171689175836, "South Carolina": 0.9189071842294224, "South Dakota": 0.9094768765544521, "Tennessee": 0.9478260464691207, "Texas": 0.9362712234271939, "Utah": 0.9481745866438689, "Vermont": 0.9476967017556777, "Virginia": 0.9377966495041083, "West Virginia": 0.8715985799031744, "Wisconsin": 0.9088449085188394, "Wyoming": 0.6600735933668469}