{"Alabama": 0.950255465617809, "Alaska": 0.8309354227873104, "Arizona": 0.9216470683110256, "Arkansas": 0.9165049128420238, "California": 0.9669449163523122, "Colorado": 0.9265352418097293, "Connecticut": 0.9123423735902249, "Delaware": 0.8935433679034918, "Florida": 0.9017881070675072, "Georgia": 0.9551741965707204, "Hawaii": 0.809670921650789, "Idaho": 0.9610536806228619, "Illinois": 0.9505727163197871, "Indiana": 0.9053363048782289, "Iowa": 0.89493709972503, "Kansas": 0.9456587028491645, "Kentucky": 0.9379272442465975, "Louisiana": 0.9211202028436012, "Maine": 0.9467470597549894, "Maryland": 0.9219812935034803, "Massachusetts": 0.9215067102050458, "Michigan": 0.9648748971014689, "Minnesota": 0.9525792233454156, "Mississippi": 0.9210706961641622, "Missouri": 0.9669336909002718, "Montana": 0.8813173670840322, "Nebraska": 0.9233064709858716, "Nevada": 0.642782835470929, "New Hampshire": 0.9694777933626746, "New Jersey": 0.9385817617534006, "New Mexico": 0.9098617275260505, "New York": 0.8959221125383389, "North Carolina": 0.9674893911772398, "North Dakota": 0.807340407870636, "Ohio": 0.9533752008341144, "Oklahoma": 0.8774292648768172, "Oregon": 0.9813316501964293, "Pennsylvania": 0.947047405396815, "Rhode Island": 0.9163226240000861, "South Carolina": 0.9344656156021061, "South Dakota": 0.8781946269994082, "Tennessee": 0.9534652136104259, "Texas": 0.934637499007265, "Utah": 0.9475216842845787, "Vermont": 0.9494593529449716, "Virginia": 0.9344591976797281, "West Virginia": 0.8687509839606224, "Wisconsin": 0.9062337230493906, "Wyoming": 0.6136388250715822}