{"Alabama": 0.9461978369014195, "Alaska": 0.8116607696116115, "Arizona": 0.9362054487812996, "Arkansas": 0.9015129019371727, "California": 0.9660242310440925, "Colorado": 0.9355759744430531, "Connecticut": 0.9114880389765473, "Delaware": 0.8817594419571004, "Florida": 0.9267197755448969, "Georgia": 0.9354478970169591, "Hawaii": 0.8354131852911263, "Idaho": 0.9703580823148044, "Illinois": 0.9444850120443437, "Indiana": 0.9055923456395226, "Iowa": 0.9043211065749173, "Kansas": 0.9497334209131865, "Kentucky": 0.9391681392295386, "Louisiana": 0.9104777077155108, "Maine": 0.9370547602688459, "Maryland": 0.9393463692032558, "Massachusetts": 0.9266241903404833, "Michigan": 0.9612963440918048, "Minnesota": 0.9474721020318402, "Mississippi": 0.9165679034502934, "Missouri": 0.9604438514955823, "Montana": 0.9211732611177679, "Nebraska": 0.9123426771743102, "Nevada": 0.6667843679846839, "New Hampshire": 0.9694606215645765, "New Jersey": 0.9343128839232145, "New Mexico": 0.932905872092909, "New York": 0.9083920944988007, "North Carolina": 0.9540191714251957, "North Dakota": 0.8615053605163878, "Ohio": 0.9506712657215511, "Oklahoma": 0.8821680459167786, "Oregon": 0.9827393954296729, "Pennsylvania": 0.9402535481057022, "Rhode Island": 0.9148032813402606, "South Carolina": 0.9210221183048739, "South Dakota": 0.910806476860624, "Tennessee": 0.9454100566791971, "Texas": 0.9319352463894052, "Utah": 0.945488759449239, "Vermont": 0.9455292912307304, "Virginia": 0.9367868961130162, "West Virginia": 0.8676597176513413, "Wisconsin": 0.9105778362576132, "Wyoming": 0.64184527947558}