{"Alabama": 0.9376343479525312, "Alaska": 0.8018738570324877, "Arizona": 0.9301988801148776, "Arkansas": 0.9088114830443909, "California": 0.9658805777781574, "Colorado": 0.9207145379878646, "Connecticut": 0.9216659912794333, "Delaware": 0.8802959783089428, "Florida": 0.918474177592704, "Georgia": 0.9270341619128686, "Hawaii": 0.8176158538152843, "Idaho": 0.9662725846957271, "Illinois": 0.9447063046372762, "Indiana": 0.9063955478009588, "Iowa": 0.9095405674026644, "Kansas": 0.9485323855308925, "Kentucky": 0.9398232200600593, "Louisiana": 0.9095444998277793, "Maine": 0.9501004441783382, "Maryland": 0.935056263010297, "Massachusetts": 0.9305959100282679, "Michigan": 0.9644196794265306, "Minnesota": 0.9589061902271628, "Mississippi": 0.9159306358359782, "Missouri": 0.9650056737170827, "Montana": 0.9154687150747249, "Nebraska": 0.9195114587057575, "Nevada": 0.6532590894046015, "New Hampshire": 0.9682221653130734, "New Jersey": 0.9321376726491688, "New Mexico": 0.9258558833440269, "New York": 0.9179712886514223, "North Carolina": 0.9518997777070873, "North Dakota": 0.8218531076809646, "Ohio": 0.9570492783910427, "Oklahoma": 0.8431421013444377, "Oregon": 0.9872220801478253, "Pennsylvania": 0.9527819541701468, "Rhode Island": 0.9306912644284174, "South Carolina": 0.9047591826502376, "South Dakota": 0.916029692982689, "Tennessee": 0.9428369983169025, "Texas": 0.9161761082286414, "Utah": 0.9364492772749456, "Vermont": 0.9514623785561087, "Virginia": 0.9263403559510228, "West Virginia": 0.869633000830895, "Wisconsin": 0.9160012809882498, "Wyoming": 0.6077957439432938}