{"Alabama": 0.9408987496523842, "Alaska": 0.8195328531093045, "Arizona": 0.9159163903246456, "Arkansas": 0.9262011999601061, "California": 0.9653191431533223, "Colorado": 0.9120388896032018, "Connecticut": 0.9196110872122072, "Delaware": 0.8927087253389369, "Florida": 0.8935424346580266, "Georgia": 0.9454806987575998, "Hawaii": 0.7947606906213556, "Idaho": 0.9618916903502766, "Illinois": 0.9488257463574333, "Indiana": 0.9038028823471383, "Iowa": 0.9022748733992626, "Kansas": 0.9464798280845467, "Kentucky": 0.9386830385051235, "Louisiana": 0.9193346469956738, "Maine": 0.9598572663545059, "Maryland": 0.9162972817572236, "Massachusetts": 0.9234375782996995, "Michigan": 0.965922781499851, "Minnesota": 0.9629019572689183, "Mississippi": 0.9208733760366686, "Missouri": 0.9728950532002093, "Montana": 0.8803364331437066, "Nebraska": 0.9346113879311336, "Nevada": 0.6298081696530244, "New Hampshire": 0.9664073880046495, "New Jersey": 0.9341449724126264, "New Mexico": 0.9050273587969928, "New York": 0.9042818955316347, "North Carolina": 0.9631858751621672, "North Dakota": 0.7788938859245245, "Ohio": 0.9573267733620622, "Oklahoma": 0.8424384733276324, "Oregon": 0.9871376395058344, "Pennsylvania": 0.957375086590111, "Rhode Island": 0.9289813283418439, "South Carolina": 0.9178521198259032, "South Dakota": 0.8861429599647244, "Tennessee": 0.9498202697091324, "Texas": 0.9190270442508078, "Utah": 0.9374648548036029, "Vermont": 0.956259346160259, "Virginia": 0.923698070914694, "West Virginia": 0.8713852774070655, "Wisconsin": 0.909069942219009, "Wyoming": 0.5817100808961547}