{"Alabama": 0.9415122922611893, "Alaska": 0.830814086845597, "Arizona": 0.9134012190103412, "Arkansas": 0.9300275729210533, "California": 0.9651361314363128, "Colorado": 0.9069081153611878, "Connecticut": 0.9220585611627209, "Delaware": 0.8889865670000594, "Florida": 0.8920474659689718, "Georgia": 0.9438703879388588, "Hawaii": 0.7964536182052075, "Idaho": 0.9622668649641222, "Illinois": 0.9473847781834912, "Indiana": 0.9030711546672091, "Iowa": 0.9005925231290332, "Kansas": 0.9463773930010633, "Kentucky": 0.9389937160096195, "Louisiana": 0.9225507090659215, "Maine": 0.9586761942903265, "Maryland": 0.9132025449825923, "Massachusetts": 0.9214822307115086, "Michigan": 0.9645366005106164, "Minnesota": 0.9631490667534416, "Mississippi": 0.9206090152776809, "Missouri": 0.9732202768306156, "Montana": 0.8822650516418584, "Nebraska": 0.9331439858610197, "Nevada": 0.6398373863143703, "New Hampshire": 0.9690222508704385, "New Jersey": 0.9323777080435351, "New Mexico": 0.8990961929197959, "New York": 0.9038518395552116, "North Carolina": 0.9644002967400434, "North Dakota": 0.7715659807063986, "Ohio": 0.957900583157675, "Oklahoma": 0.8336642884518749, "Oregon": 0.9865190173329551, "Pennsylvania": 0.9586139699970271, "Rhode Island": 0.9281671925773511, "South Carolina": 0.9201149480061726, "South Dakota": 0.8872530779610509, "Tennessee": 0.9492053815834122, "Texas": 0.915853663119654, "Utah": 0.9406173844532221, "Vermont": 0.9583184070135259, "Virginia": 0.9262973535853813, "West Virginia": 0.8770952701623959, "Wisconsin": 0.9105053093621437, "Wyoming": 0.6015136120100226}