{"Alabama": 0.9391640748067489, "Alaska": 0.8098968073779306, "Arizona": 0.9269083160171191, "Arkansas": 0.9142005907113406, "California": 0.9649850524702024, "Colorado": 0.9145670442570212, "Connecticut": 0.9233570367338042, "Delaware": 0.8776370812450051, "Florida": 0.9162391407972341, "Georgia": 0.9260687137064295, "Hawaii": 0.818271028810166, "Idaho": 0.9664504868540121, "Illinois": 0.9421950981746579, "Indiana": 0.9060376414464246, "Iowa": 0.9112415164376918, "Kansas": 0.9484494141678064, "Kentucky": 0.9413745004571442, "Louisiana": 0.9125510738383938, "Maine": 0.9494863156671, "Maryland": 0.9317457195152512, "Massachusetts": 0.9276975006681091, "Michigan": 0.9628174806671624, "Minnesota": 0.9588846585073241, "Mississippi": 0.9153827258207157, "Missouri": 0.9660803799403045, "Montana": 0.917757257355223, "Nebraska": 0.9194646095986243, "Nevada": 0.6615248062293103, "New Hampshire": 0.9702208723368281, "New Jersey": 0.929983076357381, "New Mexico": 0.9203899586015144, "New York": 0.9165600291279619, "North Carolina": 0.9522289594776109, "North Dakota": 0.8156441561719059, "Ohio": 0.9574989986909329, "Oklahoma": 0.8349885257643468, "Oregon": 0.9868568356048532, "Pennsylvania": 0.9536612491525686, "Rhode Island": 0.9283138945216763, "South Carolina": 0.907263593318175, "South Dakota": 0.917864602257432, "Tennessee": 0.9424153085167399, "Texas": 0.9125647059042277, "Utah": 0.9385119139461504, "Vermont": 0.953243797563889, "Virginia": 0.9284831077988571, "West Virginia": 0.8760238306432117, "Wisconsin": 0.9180886595379651, "Wyoming": 0.6259234889613646}