{"Alabama": 0.9370687556935369, "Alaska": 0.805680196004647, "Arizona": 0.9269945992092331, "Arkansas": 0.9150792615882399, "California": 0.9646790415177321, "Colorado": 0.9169003126395913, "Connecticut": 0.9248694599153712, "Delaware": 0.8741877058790124, "Florida": 0.9181647919961619, "Georgia": 0.9257000835167246, "Hawaii": 0.8192360152423093, "Idaho": 0.9692475042090405, "Illinois": 0.9409121569477704, "Indiana": 0.8981121140515296, "Iowa": 0.9118764414570507, "Kansas": 0.9464179339374676, "Kentucky": 0.9380026794934386, "Louisiana": 0.9142866922068437, "Maine": 0.9516766915190917, "Maryland": 0.9318738944555408, "Massachusetts": 0.9255798867351476, "Michigan": 0.9583547317250315, "Minnesota": 0.9584535838922772, "Mississippi": 0.9152912810641124, "Missouri": 0.9677684448345163, "Montana": 0.9217040394350731, "Nebraska": 0.9203033819462731, "Nevada": 0.6655883725241141, "New Hampshire": 0.9720710201690088, "New Jersey": 0.9318508684353366, "New Mexico": 0.9178112403969159, "New York": 0.9162168695405453, "North Carolina": 0.9523384231118363, "North Dakota": 0.7999533082418384, "Ohio": 0.9544278478227407, "Oklahoma": 0.8268107731754443, "Oregon": 0.9862951324814914, "Pennsylvania": 0.9516107104105249, "Rhode Island": 0.927535858989989, "South Carolina": 0.907579951116433, "South Dakota": 0.9183361342925015, "Tennessee": 0.9404346205254399, "Texas": 0.9115570818888339, "Utah": 0.9392916463648876, "Vermont": 0.9517980382532478, "Virginia": 0.9334419871376267, "West Virginia": 0.8809578688566833, "Wisconsin": 0.9155786067125833, "Wyoming": 0.6189695499740926}