{"Alabama": 0.9384706017446154, "Alaska": 0.8272261408831035, "Arizona": 0.9140667013347537, "Arkansas": 0.9287248593074185, "California": 0.9650737815806902, "Colorado": 0.9096068670072625, "Connecticut": 0.9234209256627147, "Delaware": 0.8862889783266302, "Florida": 0.8949904563702933, "Georgia": 0.9424220093336027, "Hawaii": 0.7990588121510044, "Idaho": 0.9632883873425563, "Illinois": 0.945832787144962, "Indiana": 0.8945770261293193, "Iowa": 0.9018790363802898, "Kansas": 0.9436539184373653, "Kentucky": 0.9335483374281242, "Louisiana": 0.9232895015461781, "Maine": 0.9594298086371627, "Maryland": 0.9133564968147582, "Massachusetts": 0.9198323569699224, "Michigan": 0.9601088160518144, "Minnesota": 0.9619885180550609, "Mississippi": 0.9179617025473762, "Missouri": 0.9736046592335464, "Montana": 0.8880829080638235, "Nebraska": 0.9321308647252919, "Nevada": 0.6449515547061676, "New Hampshire": 0.9711102536165245, "New Jersey": 0.9345686474022837, "New Mexico": 0.8966170214023719, "New York": 0.9034079560744153, "North Carolina": 0.9633222505678368, "North Dakota": 0.7576474740941154, "Ohio": 0.954200412737602, "Oklahoma": 0.8267123640935815, "Oregon": 0.985875090131705, "Pennsylvania": 0.9566655867424817, "Rhode Island": 0.9278299286072218, "South Carolina": 0.9188203003173172, "South Dakota": 0.8878433745446106, "Tennessee": 0.9462734054496877, "Texas": 0.9145473582252385, "Utah": 0.9410835038409874, "Vermont": 0.9572934538089913, "Virginia": 0.9313302552962127, "West Virginia": 0.8812228905765577, "Wisconsin": 0.9063831929046089, "Wyoming": 0.5956016830802136}