{"Alabama": 0.8058220480447726, "Alaska": 0.894658747139036, "Arizona": 0.8945533084764609, "Arkansas": 0.7622223879132306, "California": 0.8462008064484567, "Colorado": 0.9004169331748885, "Connecticut": 0.7828895349558062, "Delaware": 0.848642209974935, "Florida": 0.914836676119309, "Georgia": 0.8404848992224185, "Hawaii": 0.9059671842566207, "Idaho": 0.937224204011344, "Illinois": 0.8126123192949519, "Indiana": 0.7138803543676379, "Iowa": 0.8597508546893488, "Kansas": 0.8845506065287336, "Kentucky": 0.8558619095108021, "Louisiana": 0.9609329227207227, "Maine": 0.9215148311500426, "Maryland": 0.9116601891219974, "Massachusetts": 0.8050687313678002, "Michigan": 0.7371439008201177, "Minnesota": 0.8549444606457126, "Mississippi": 0.7805066951542822, "Missouri": 0.8983321967442874, "Nebraska": 0.9056095288818246, "Nevada": 0.7272046019650773, "New Hampshire": 0.8476801703659629, "New Jersey": 0.8361688961246314, "New Mexico": 0.9781311701092441, "New York": 0.8229429657834086, "North Carolina": 0.7382833359174035, "North Dakota": 0.9606625021806582, "Ohio": 0.7910172245592026, "Oklahoma": 0.9166537034074876, "Oregon": 0.888429326576827, "Pennsylvania": 0.8517906426826484, "Rhode Island": 0.8000713692653728, "South Carolina": 0.7797567657869792, "South Dakota": 0.9429662387205683, "Tennessee": 0.8128857502840496, "Texas": 0.9172734487222308, "Utah": 0.8912648437269952, "Vermont": 0.8894037935526318, "Virginia": 0.8864304334803956, "Washington": 0.892240402906708, "West Virginia": 0.9391832009628431, "Wisconsin": 0.7465079351316946, "Wyoming": 0.9160234166072319}