{"Alabama": 0.8172484061523259, "Alaska": 0.9095034503105334, "Arizona": 0.8945146523233133, "Arkansas": 0.7693508341431924, "California": 0.8554522197123011, "Colorado": 0.8977162673445862, "Connecticut": 0.8017612309785069, "Delaware": 0.8489171099695876, "Florida": 0.8968245752727187, "Georgia": 0.8486376459069274, "Hawaii": 0.9024378879023734, "Idaho": 0.9335848230698074, "Illinois": 0.8294462864271208, "Indiana": 0.7121832905866817, "Iowa": 0.8587390485286724, "Kansas": 0.8896473223091328, "Kentucky": 0.8557461095841009, "Louisiana": 0.9677772364913297, "Maine": 0.9273361257698663, "Maryland": 0.9139064816745589, "Massachusetts": 0.8216286170301996, "Michigan": 0.7408516550659041, "Minnesota": 0.8653339072298238, "Mississippi": 0.7872220838770961, "Missouri": 0.9058703430801205, "Nebraska": 0.9112493195041917, "Nevada": 0.7130495735460552, "New Hampshire": 0.8617606461164203, "New Jersey": 0.8448344817309419, "New Mexico": 0.9804832128551275, "New York": 0.8377410119287377, "North Carolina": 0.7636030049921556, "North Dakota": 0.9616898764365069, "Ohio": 0.7989311540872015, "Oklahoma": 0.9210662132202224, "Oregon": 0.8987508844427737, "Pennsylvania": 0.864809214984574, "Rhode Island": 0.8242835355609627, "South Carolina": 0.7932574211457986, "South Dakota": 0.9397429646831521, "Tennessee": 0.8130644044609103, "Texas": 0.9217750680086001, "Utah": 0.8912983724521529, "Vermont": 0.8916240828923261, "Virginia": 0.8865969780811406, "Washington": 0.908367100078365, "West Virginia": 0.9424418043395966, "Wisconsin": 0.7562340702995832, "Wyoming": 0.9146701455732296}