{"Alabama": 0.8216271142244903, "Alaska": 0.9158032458410033, "Arizona": 0.8893290143540862, "Arkansas": 0.7723101670320136, "California": 0.8571184648920593, "Colorado": 0.8935003190281726, "Connecticut": 0.8105657559509656, "Delaware": 0.8539160274603977, "Florida": 0.8854900785360038, "Georgia": 0.8574523308153061, "Hawaii": 0.9034960010605341, "Idaho": 0.9332576028508196, "Illinois": 0.8388289595125704, "Indiana": 0.7136448433619113, "Iowa": 0.8565207969037306, "Kansas": 0.890202909222299, "Kentucky": 0.848373021213893, "Louisiana": 0.9705648829446838, "Maine": 0.9334707044689577, "Maryland": 0.9154038860931888, "Massachusetts": 0.821743781881244, "Michigan": 0.7488464677514054, "Minnesota": 0.8704138536334555, "Mississippi": 0.8053253842642735, "Missouri": 0.9104220116715024, "Nebraska": 0.9104238823555452, "Nevada": 0.7203899603609185, "New Hampshire": 0.8592826692165414, "New Jersey": 0.8517862495066948, "New Mexico": 0.9790447230660394, "New York": 0.8439332412336735, "North Carolina": 0.7800234429021605, "North Dakota": 0.9577239049018423, "Ohio": 0.8034085086432071, "Oklahoma": 0.922045067392855, "Oregon": 0.8982875833838494, "Pennsylvania": 0.8667200894235567, "Rhode Island": 0.8375041204798014, "South Carolina": 0.799115780834161, "South Dakota": 0.9369123407515175, "Tennessee": 0.8188444471317272, "Texas": 0.9211259836284216, "Utah": 0.8929041012793565, "Vermont": 0.8907199819569236, "Virginia": 0.8848287903464394, "Washington": 0.9157342399629872, "West Virginia": 0.9423096410462702, "Wisconsin": 0.761321387138363, "Wyoming": 0.9092945649538974}