{"Alabama": 0.6797883114201371, "Alaska": 0.8801676106956603, "Arizona": 0.8978286651830282, "Arkansas": 0.7816763020408729, "California": 0.8698218969720287, "Colorado": 0.903678999096479, "Connecticut": 0.8196774927548728, "Delaware": 0.8356595015700558, "Florida": 0.914916957397927, "Georgia": 0.864029556407733, "Hawaii": 0.8925166140807365, "Idaho": 0.9378385294868904, "Illinois": 0.8515835244661021, "Indiana": 0.7434965618947084, "Iowa": 0.8582236899279337, "Kansas": 0.8896417621084701, "Kentucky": 0.8614937322512743, "Louisiana": 0.9709087567013955, "Maine": 0.9406947163888522, "Maryland": 0.9203400166418805, "Massachusetts": 0.8311356762035641, "Michigan": 0.7799787014181906, "Minnesota": 0.8817904085918443, "Mississippi": 0.8347893377018999, "Missouri": 0.9212071931202058, "Nebraska": 0.903385372325903, "Nevada": 0.7329451406388908, "New Hampshire": 0.8756813745090225, "New Jersey": 0.8576002984041851, "New Mexico": 0.9787744172530635, "New York": 0.8510360111886042, "North Carolina": 0.8066417861837779, "North Dakota": 0.9518514826905675, "Ohio": 0.8254954659198189, "Oklahoma": 0.9195672375902018, "Oregon": 0.8991616654974832, "Pennsylvania": 0.8755360709277173, "Rhode Island": 0.8293261289748726, "South Carolina": 0.8202238790095062, "South Dakota": 0.9335281107957206, "Tennessee": 0.8369654070239815, "Texas": 0.9303714967874224, "Utah": 0.9002290961725, "Vermont": 0.893712409869329, "Virginia": 0.8907913382180661, "Washington": 0.9235695802300261, "West Virginia": 0.9399835874426221, "Wisconsin": 0.7830405399009582, "Wyoming": 0.8202595661662077}