{"Alabama": 0.8488200228854594, "Alaska": 0.9211573109223452, "Arizona": 0.9058140354077463, "Arkansas": 0.7970370367880987, "California": 0.8852951799061815, "Colorado": 0.9168486364238249, "Connecticut": 0.8314732921617422, "Delaware": 0.8528696013395652, "Florida": 0.9171329186303439, "Georgia": 0.8733326642503426, "Hawaii": 0.8942326591633996, "Idaho": 0.9404126353135219, "Illinois": 0.865935565800877, "Indiana": 0.749514794188475, "Iowa": 0.8649569548456114, "Kansas": 0.8976279954913807, "Kentucky": 0.8707720357758024, "Louisiana": 0.9726712617789255, "Maine": 0.9473561826755938, "Maryland": 0.9226939306741022, "Massachusetts": 0.8518850139415235, "Michigan": 0.7988970231327529, "Minnesota": 0.8927890372226088, "Mississippi": 0.8514161084813859, "Missouri": 0.9279495133967343, "Nebraska": 0.9036662149964765, "Nevada": 0.74778345045996, "New Hampshire": 0.9029628891125616, "New Jersey": 0.8707101645248376, "New Mexico": 0.9801406591537415, "New York": 0.8607572636615605, "North Carolina": 0.8346711763171226, "North Dakota": 0.9515999161971103, "Ohio": 0.8422540699307542, "Oklahoma": 0.9303846430343125, "Oregon": 0.9088908963090222, "Pennsylvania": 0.8864569363284216, "Rhode Island": 0.7575560553569063, "South Carolina": 0.8398597354420707, "South Dakota": 0.9364425123630795, "Tennessee": 0.8435392920560466, "Texas": 0.9374964324569084, "Utah": 0.9095605598832954, "Vermont": 0.838223737495472, "Virginia": 0.8987580286357228, "Washington": 0.9349090466499144, "West Virginia": 0.939856130435675, "Wisconsin": 0.8003934725121177, "Wyoming": 0.7449704227871787}