{"Alabama": 0.8626633619774994, "Alaska": 0.9424103135862585, "Arizona": 0.9144988452109809, "Arkansas": 0.8050807932798363, "California": 0.8940646909220833, "Colorado": 0.9265613449756853, "Connecticut": 0.8354960029091179, "Delaware": 0.8708311212283194, "Florida": 0.9109481221484992, "Georgia": 0.8886105680436096, "Hawaii": 0.8966663625473582, "Idaho": 0.9469171379830204, "Illinois": 0.874259287730897, "Indiana": 0.7543711242633885, "Iowa": 0.8662761046697961, "Kansas": 0.903828706824322, "Kentucky": 0.8771666957441774, "Louisiana": 0.9741482378460615, "Maine": 0.9502934922726477, "Maryland": 0.9231337986022444, "Massachusetts": 0.8568344109299376, "Michigan": 0.8097064224513265, "Minnesota": 0.8948792273032538, "Mississippi": 0.8604056314594322, "Missouri": 0.9311423270308918, "Nebraska": 0.90497908437577, "Nevada": 0.7631335474547729, "New Hampshire": 0.9106803325599097, "New Jersey": 0.8807918496545624, "New Mexico": 0.9816197474953368, "New York": 0.861463254002288, "North Carolina": 0.8541058060924391, "North Dakota": 0.9483618703850696, "Ohio": 0.8489583258905696, "Oklahoma": 0.9304842150439968, "Oregon": 0.9115816016562609, "Pennsylvania": 0.8903300864720239, "Rhode Island": 0.8762630424933897, "South Carolina": 0.8526206399707429, "South Dakota": 0.9351136301842518, "Tennessee": 0.8607456489716415, "Texas": 0.9424248593671417, "Utah": 0.9111465957781678, "Vermont": 0.9183878421183974, "Virginia": 0.9018825805400634, "Washington": 0.9409257726181395, "West Virginia": 0.9391697307865211, "Wisconsin": 0.8105883304836405, "Wyoming": 0.8864418512974233}