{"Alabama": 0.8645604440186057, "Alaska": 0.9415249039972711, "Arizona": 0.9128866047609955, "Arkansas": 0.8118428110468815, "California": 0.8935120265380678, "Colorado": 0.9239376648467749, "Connecticut": 0.8370226042404564, "Delaware": 0.8792910534033949, "Florida": 0.9129111394368444, "Georgia": 0.8865870019228519, "Hawaii": 0.899970033594302, "Idaho": 0.9454791375019175, "Illinois": 0.8689721739072404, "Indiana": 0.7501842812282675, "Iowa": 0.8593228262667724, "Kansas": 0.8986277610159654, "Kentucky": 0.8766375945493838, "Louisiana": 0.9751214644591378, "Maine": 0.9492181602254305, "Maryland": 0.9178303229218653, "Massachusetts": 0.855086407489632, "Michigan": 0.815118799761419, "Minnesota": 0.8912430516533713, "Mississippi": 0.856943168070035, "Missouri": 0.9291041704677921, "Nebraska": 0.904190844853403, "Nevada": 0.7713642879941053, "New Hampshire": 0.9109304942913361, "New Jersey": 0.879242620384169, "New Mexico": 0.9814503539063585, "New York": 0.8557888668519954, "North Carolina": 0.8702262044115169, "North Dakota": 0.9460856642896713, "Ohio": 0.84888769951163, "Oklahoma": 0.9264348867112062, "Oregon": 0.9056116131944744, "Pennsylvania": 0.8888586255914275, "Rhode Island": 0.9019225313814692, "South Carolina": 0.865588886056673, "South Dakota": 0.9319647004200502, "Tennessee": 0.8578388762123554, "Texas": 0.9402165991509099, "Utah": 0.9081223452715248, "Vermont": 0.9212157902557242, "Virginia": 0.8974420097238281, "Washington": 0.9392184602180468, "West Virginia": 0.9401049032016775, "Wisconsin": 0.8097042612973845, "Wyoming": 0.8833173141354528}