{"Alabama": 0.7802986777443544, "Alaska": 0.8899833577003979, "Arizona": 0.8634495955894409, "Arkansas": 0.7275337404510314, "California": 0.8229658443396465, "Colorado": 0.8779189432062876, "Connecticut": 0.769138695455298, "Delaware": 0.825731527426375, "Florida": 0.8645849958644841, "Georgia": 0.8081463006243989, "Hawaii": 0.868444010298503, "Idaho": 0.9209861822249138, "Illinois": 0.7847231460695321, "Indiana": 0.6763356731365354, "Iowa": 0.8021060337223306, "Kansas": 0.8428586270592252, "Kentucky": 0.8157887132643912, "Louisiana": 0.9217339171182224, "Maine": 0.9041776282829702, "Maryland": 0.8660468223990159, "Massachusetts": 0.7813770153676903, "Michigan": 0.7571305138927577, "Minnesota": 0.8289728336187818, "Mississippi": 0.7885428550498783, "Missouri": 0.8790123085150351, "Nebraska": 0.874422179743695, "Nevada": 0.7296510901492856, "New Hampshire": 0.8492054358130557, "New Jersey": 0.8102714476328773, "New Mexico": 0.9617750389636965, "New York": 0.7962920961141653, "North Carolina": 0.771514150182427, "North Dakota": 0.9331355205035566, "Ohio": 0.7679891812332393, "Oklahoma": 0.9039252046293914, "Oregon": 0.8642469250469628, "Pennsylvania": 0.8164325849006614, "Rhode Island": 0.7946714766021981, "South Carolina": 0.7811793815916211, "South Dakota": 0.9160249170839876, "Tennessee": 0.7833646842782093, "Texas": 0.8911224032216656, "Utah": 0.8384299136344544, "Vermont": 0.8807120880841193, "Virginia": 0.8450580277479598, "Washington": 0.8918548589299289, "West Virginia": 0.9124567039686696, "Wisconsin": 0.7229096314617292, "Wyoming": 0.883797864860662}