{"Alabama": 0.7794402747840906, "Alaska": 0.8965884117644267, "Arizona": 0.8662358710534107, "Arkansas": 0.7393709620804776, "California": 0.8273159157707107, "Colorado": 0.884070399387141, "Connecticut": 0.774660431571933, "Delaware": 0.6877780651902344, "Florida": 0.8665034031591919, "Georgia": 0.8160877547529982, "Hawaii": 0.8765348043125257, "Idaho": 0.9222624661427149, "Illinois": 0.7877075631450825, "Indiana": 0.6778622486506207, "Iowa": 0.7909675662735105, "Kansas": 0.830866840190041, "Kentucky": 0.8156962621826761, "Louisiana": 0.9239014948693853, "Maine": 0.9104564356674969, "Maryland": 0.872874837384149, "Massachusetts": 0.7849695820625395, "Michigan": 0.7655449987594355, "Minnesota": 0.8271853000931004, "Mississippi": 0.7931833995315076, "Missouri": 0.8824238039653041, "Nebraska": 0.8656832833298587, "Nevada": 0.7339424369975243, "New Hampshire": 0.854397329628448, "New Jersey": 0.815766442892964, "New Mexico": 0.9655870186397716, "New York": 0.7957797239522753, "North Carolina": 0.7887985169270719, "North Dakota": 0.9247411062632531, "Ohio": 0.7676048892409032, "Oklahoma": 0.9028167398752427, "Oregon": 0.8642220053765439, "Pennsylvania": 0.8187814404930516, "Rhode Island": 0.8000067033131768, "South Carolina": 0.7938701517026556, "South Dakota": 0.9092622060442019, "Tennessee": 0.7922730370447321, "Texas": 0.8934027418240298, "Utah": 0.8406540354899739, "Vermont": 0.885759965419818, "Virginia": 0.8517299254036047, "Washington": 0.893134237878673, "West Virginia": 0.9139017083157533, "Wisconsin": 0.7198785496142823, "Wyoming": 0.8696756446283391}