{"Alabama": 0.7861500750757252, "Alaska": 0.8937070212032302, "Arizona": 0.8760990151431794, "Arkansas": 0.7526084690886978, "California": 0.8338647447514543, "Colorado": 0.8909794527025084, "Connecticut": 0.7821649011406808, "Delaware": 0.8482658307530724, "Florida": 0.8870529774548905, "Georgia": 0.8284415646926887, "Hawaii": 0.8776280823980676, "Idaho": 0.9230335500055762, "Illinois": 0.7960839647127429, "Indiana": 0.6871122422898108, "Iowa": 0.7889680030809019, "Kansas": 0.8277024326159036, "Kentucky": 0.8172246641556693, "Louisiana": 0.9274828680622239, "Maine": 0.9119086767056162, "Maryland": 0.8803345089389621, "Massachusetts": 0.7890680502174513, "Michigan": 0.7761615988014253, "Minnesota": 0.8247788768074289, "Mississippi": 0.8086463578789859, "Missouri": 0.8861768031113346, "Nebraska": 0.8628660020326153, "Nevada": 0.7415417414676879, "New Hampshire": 0.8638244776509381, "New Jersey": 0.8247554076535306, "New Mexico": 0.963082625458627, "New York": 0.798351389357859, "North Carolina": 0.8126326546492327, "North Dakota": 0.9226421915708036, "Ohio": 0.7726897410290484, "Oklahoma": 0.8976683565658566, "Oregon": 0.8705394101264123, "Pennsylvania": 0.8210768965442118, "Rhode Island": 0.8066045503062192, "South Carolina": 0.8131266920165221, "South Dakota": 0.9011506440571345, "Tennessee": 0.8131207563106453, "Texas": 0.8941687542147253, "Utah": 0.8492659280363193, "Vermont": 0.8898300182156279, "Virginia": 0.8590102780540618, "Washington": 0.8942882159267583, "West Virginia": 0.9169284852114824, "Wisconsin": 0.720290328359735, "Wyoming": 0.839055791815218}