{"Alabama": 0.8637278590960747, "Alaska": 0.9334112299056376, "Arizona": 0.9145136889397806, "Arkansas": 0.8316916284927327, "California": 0.8957039973055887, "Colorado": 0.9285397305739526, "Connecticut": 0.8382128806284217, "Delaware": 0.8904251503077701, "Florida": 0.9272846807051193, "Georgia": 0.8935351147191793, "Hawaii": 0.9038819425333537, "Idaho": 0.9435635843899999, "Illinois": 0.8671687431452116, "Indiana": 0.7549694033723744, "Iowa": 0.8475354710651946, "Kansas": 0.8844090545025413, "Kentucky": 0.8749315028258686, "Louisiana": 0.9712856872487924, "Maine": 0.9477028646972091, "Maryland": 0.9217805923816558, "Massachusetts": 0.8483475184693557, "Michigan": 0.8267787708508213, "Minnesota": 0.8799595442632858, "Mississippi": 0.8675144857817857, "Missouri": 0.9297058406170086, "Nebraska": 0.8933506942910943, "Nevada": 0.775676847362426, "New Hampshire": 0.9135010921880102, "New Jersey": 0.8803204493939564, "New Mexico": 0.9781488939374207, "New York": 0.8465385018914157, "North Carolina": 0.8962141507016467, "North Dakota": 0.9370073474886215, "Ohio": 0.8430748509820909, "Oklahoma": 0.9203196136784062, "Oregon": 0.9071294304893769, "Pennsylvania": 0.8804554634075282, "Rhode Island": 0.86901432002498, "South Carolina": 0.885015768213365, "South Dakota": 0.9196240344174788, "Tennessee": 0.8763377425024927, "Texas": 0.9369614459979043, "Utah": 0.9094789508619171, "Vermont": 0.9223826221993064, "Virginia": 0.9002283407352205, "Washington": 0.9354251209133014, "West Virginia": 0.9380968363398904, "Wisconsin": 0.8009759966156853, "Wyoming": 0.8521369835448577}