{"Alabama": 0.8027390874691033, "Alaska": 0.885618918856888, "Arizona": 0.88635756659101, "Arkansas": 0.7727889712415965, "California": 0.8364943939491575, "Colorado": 0.8897435669282318, "Connecticut": 0.7813933675081616, "Delaware": 0.8488054287088473, "Florida": 0.8907903782057941, "Georgia": 0.8387315431417119, "Hawaii": 0.8764339364175409, "Idaho": 0.9317593624682173, "Illinois": 0.7966334133824012, "Indiana": 0.6986168397398864, "Iowa": 0.7871319798531446, "Kansas": 0.8194172125426676, "Kentucky": 0.8247395970176692, "Louisiana": 0.9288478076743679, "Maine": 0.9122540719593705, "Maryland": 0.8794977327946281, "Massachusetts": 0.7813240641419203, "Michigan": 0.7841440065409533, "Minnesota": 0.8222154390946373, "Mississippi": 0.826946878422266, "Missouri": 0.8886628408110403, "Nebraska": 0.8602920590604448, "Nevada": 0.7434346349549174, "New Hampshire": 0.8642574993212185, "New Jersey": 0.8219806363461211, "New Mexico": 0.9607201031864518, "New York": 0.7961109495558208, "North Carolina": 0.831319548031199, "North Dakota": 0.9166612068648876, "Ohio": 0.7790002407863259, "Oklahoma": 0.8930746985511342, "Oregon": 0.8781134791423195, "Pennsylvania": 0.8214029414770337, "Rhode Island": 0.8051059483418527, "South Carolina": 0.8247019820924684, "South Dakota": 0.8944135743204862, "Tennessee": 0.8299688483695145, "Texas": 0.8977654883383148, "Utah": 0.8493400809760023, "Vermont": 0.8857894744449484, "Virginia": 0.8565460890969951, "Washington": 0.891097573488793, "West Virginia": 0.9185866522051475, "Wisconsin": 0.7217128231108247, "Wyoming": 0.8399287152598048}