{"Alabama": 0.8738204456695392, "Alaska": 0.9251133290859701, "Arizona": 0.9208955165996957, "Arkansas": 0.8469157344678667, "California": 0.8933529135782291, "Colorado": 0.9245364919669536, "Connecticut": 0.8335737915798755, "Delaware": 0.8878923066888811, "Florida": 0.9288155877065908, "Georgia": 0.8988486225499301, "Hawaii": 0.9008487994894984, "Idaho": 0.95245775552638, "Illinois": 0.8631759811782737, "Indiana": 0.767117374323491, "Iowa": 0.8450728276102734, "Kansas": 0.8769561732764495, "Kentucky": 0.8809218218582213, "Louisiana": 0.9711500145423738, "Maine": 0.9455909844228653, "Maryland": 0.9189406838830075, "Massachusetts": 0.8358786417648828, "Michigan": 0.8311486977030597, "Minnesota": 0.8741066779324942, "Mississippi": 0.8823717106710961, "Missouri": 0.9297601099603824, "Nebraska": 0.8905876961255261, "Nevada": 0.7774681889385727, "New Hampshire": 0.9106832474396676, "New Jersey": 0.8734996228490084, "New Mexico": 0.9727042799609986, "New York": 0.8417507792803909, "North Carolina": 0.9075162475339059, "North Dakota": 0.9347016365758083, "Ohio": 0.8460999198821988, "Oklahoma": 0.9149067373499765, "Oregon": 0.914215027127719, "Pennsylvania": 0.8772840177653892, "Rhode Island": 0.8620167064793952, "South Carolina": 0.8925123653482632, "South Dakota": 0.913201473041058, "Tennessee": 0.8891011425133487, "Texas": 0.9372210367552604, "Utah": 0.90658020855068, "Vermont": 0.9166152010503364, "Virginia": 0.89490853114534, "Washington": 0.9311847113110998, "West Virginia": 0.936148889267373, "Wisconsin": 0.8010153606547115, "Wyoming": 0.8514536831236541}