{"Alabama": 0.8774183931260467, "Alaska": 0.9238636417762551, "Arizona": 0.9210968189096214, "Arkansas": 0.8561749350569922, "California": 0.8898750732867753, "Colorado": 0.9211765021505854, "Connecticut": 0.829629105611067, "Delaware": 0.8848100835031957, "Florida": 0.9377731545790337, "Georgia": 0.8975023131856236, "Hawaii": 0.9088914403172861, "Idaho": 0.9554038144292847, "Illinois": 0.8636841867625029, "Indiana": 0.7817533999507099, "Iowa": 0.8460634272961075, "Kansas": 0.8757787537638683, "Kentucky": 0.8908034605471399, "Louisiana": 0.9696216324047044, "Maine": 0.9458524497570187, "Maryland": 0.9143497567747461, "Massachusetts": 0.8381449241376446, "Michigan": 0.8455232721024111, "Minnesota": 0.8711494058459278, "Mississippi": 0.8930008588669184, "Missouri": 0.9311085462344099, "Nebraska": 0.8921320798408311, "Nevada": 0.7775833315622708, "New Hampshire": 0.9108603788588464, "New Jersey": 0.8759808308957532, "New Mexico": 0.9721051646254448, "New York": 0.8513757223886496, "North Carolina": 0.9093072432841249, "North Dakota": 0.9435092131394143, "Ohio": 0.8516885292617968, "Oklahoma": 0.9048639108945035, "Oregon": 0.9161221226367272, "Pennsylvania": 0.8800373872579065, "Rhode Island": 0.8643820883152632, "South Carolina": 0.893510763700865, "South Dakota": 0.9142909209567379, "Tennessee": 0.8956353553578178, "Texas": 0.9346484253597576, "Utah": 0.9017724438913569, "Vermont": 0.918852231760695, "Virginia": 0.886366925038804, "Washington": 0.9275994181829139, "West Virginia": 0.9357762236348223, "Wisconsin": 0.8016504055546306, "Wyoming": 0.8238320109334056}