{"Alabama": 0.8072473823026249, "Alaska": 0.8810243581428479, "Arizona": 0.8844374062760783, "Arkansas": 0.7839328395311191, "California": 0.8310943588838321, "Colorado": 0.8844059281055634, "Connecticut": 0.7792609699448451, "Delaware": 0.846210460298583, "Florida": 0.8983426978364097, "Georgia": 0.8372216822050851, "Hawaii": 0.8822913463499488, "Idaho": 0.9351192658647138, "Illinois": 0.7967002003253262, "Indiana": 0.7112096836169643, "Iowa": 0.7869323918263617, "Kansas": 0.81616120796931, "Kentucky": 0.8349365001470761, "Louisiana": 0.9259058591369785, "Maine": 0.9153287526572605, "Maryland": 0.8733311161742774, "Massachusetts": 0.784188459748774, "Michigan": 0.7976504700598405, "Minnesota": 0.8190421963242775, "Mississippi": 0.8390158555919536, "Missouri": 0.8908499247287439, "Nebraska": 0.860862025510594, "Nevada": 0.7422007117145044, "New Hampshire": 0.8640872035714212, "New Jersey": 0.8226888882076818, "New Mexico": 0.9583679341936817, "New York": 0.8049515966298548, "North Carolina": 0.8330904106602159, "North Dakota": 0.9263911747599078, "Ohio": 0.7848722201305819, "Oklahoma": 0.8833128007964712, "Oregon": 0.8797140020617913, "Pennsylvania": 0.8237083213575868, "Rhode Island": 0.8086643970215763, "South Carolina": 0.8236667160158255, "South Dakota": 0.8950506630453153, "Tennessee": 0.8374166714624734, "Texas": 0.8936382272658424, "Utah": 0.8420666960458868, "Vermont": 0.8894144351693746, "Virginia": 0.847647530976065, "Washington": 0.8900173486462694, "West Virginia": 0.9178016847725673, "Wisconsin": 0.7210965131494744, "Wyoming": 0.809833313084973}