{"Alabama": 0.8284371883642526, "Alaska": 0.885149755685785, "Arizona": 0.8828403260700569, "Arkansas": 0.8153112755701936, "California": 0.8353282131654538, "Colorado": 0.8782859637712797, "Connecticut": 0.7849801505013628, "Delaware": 0.8477721788488174, "Florida": 0.8970314334063509, "Georgia": 0.8482420125543175, "Hawaii": 0.88858413355387, "Idaho": 0.9404893275199264, "Illinois": 0.8173977446109859, "Indiana": 0.75872106896031, "Iowa": 0.8151611083822333, "Kansas": 0.844523559771174, "Kentucky": 0.8666798177271612, "Louisiana": 0.9271943008225368, "Maine": 0.9235106397236749, "Maryland": 0.872217769999149, "Massachusetts": 0.7953295297992384, "Michigan": 0.8417101045317923, "Minnesota": 0.8380978452513457, "Mississippi": 0.8569983957329258, "Missouri": 0.9078090321679515, "Nebraska": 0.8776859065471594, "Nevada": 0.7349012950710426, "New Hampshire": 0.8734020852868425, "New Jersey": 0.8337519865208304, "New Mexico": 0.9602541877907557, "New York": 0.8232111348430923, "North Carolina": 0.852501709819536, "North Dakota": 0.9413485223607014, "Ohio": 0.8215996814260005, "Oklahoma": 0.9086419540377609, "Oregon": 0.8974206722380113, "Pennsylvania": 0.8413646840272901, "Rhode Island": 0.8234176209731762, "South Carolina": 0.8367523220784394, "South Dakota": 0.9118769837200419, "Tennessee": 0.8616217465458502, "Texas": 0.9014700201466966, "Utah": 0.8389046322749814, "Vermont": 0.8972866655822441, "Virginia": 0.8419079014099782, "Washington": 0.892031897636058, "West Virginia": 0.9231994858698985, "Wisconsin": 0.755214038224088, "Wyoming": 0.830661935480721}