{"Alabama": 0.8950515681179343, "Alaska": 0.9316281419212155, "Arizona": 0.9207698141067249, "Arkansas": 0.8809834326290942, "California": 0.8948884889621098, "Colorado": 0.9173090154088976, "Connecticut": 0.8343243582470941, "Delaware": 0.8862212473393839, "Florida": 0.9388122727821101, "Georgia": 0.9084815849901638, "Hawaii": 0.9169680821171398, "Idaho": 0.9596448279382194, "Illinois": 0.8823666171005787, "Indiana": 0.8317223460806459, "Iowa": 0.8702412394608359, "Kansas": 0.9006256915268479, "Kentucky": 0.9170427344550959, "Louisiana": 0.9701070660988524, "Maine": 0.9542951782853157, "Maryland": 0.915538682204217, "Massachusetts": 0.849841488503373, "Michigan": 0.8878792048080002, "Minnesota": 0.885197931681781, "Mississippi": 0.9078092368163726, "Missouri": 0.9437082388702002, "Nebraska": 0.9063325668824127, "Nevada": 0.7732919348428646, "New Hampshire": 0.9201913207604263, "New Jersey": 0.8893198341916108, "New Mexico": 0.9734102710276825, "New York": 0.8707096904212285, "North Carolina": 0.9253719123766164, "North Dakota": 0.9544853862379944, "Ohio": 0.8845354318268981, "Oklahoma": 0.9273178322782786, "Oregon": 0.930281550048535, "Pennsylvania": 0.896525185515294, "Rhode Island": 0.8782859163172324, "South Carolina": 0.9048446152529287, "South Dakota": 0.9276199894324569, "Tennessee": 0.9157251679874776, "Texas": 0.9411861498844498, "Utah": 0.8990582594022135, "Vermont": 0.9265749626747437, "Virginia": 0.8816597906151072, "Washington": 0.929971278456821, "West Virginia": 0.9401366846356284, "Wisconsin": 0.8359555163811323, "Wyoming": 0.8440667639853642}