{"Alabama": 0.8917903538152314, "Alaska": 0.9331088034703707, "Arizona": 0.9210885224625981, "Arkansas": 0.8795106976499043, "California": 0.8941909560845634, "Colorado": 0.9203270245038249, "Connecticut": 0.8384102771666415, "Delaware": 0.895120180984398, "Florida": 0.9374357586773295, "Georgia": 0.9019487785447003, "Hawaii": 0.9128754158844884, "Idaho": 0.9599617066400824, "Illinois": 0.8799816777958424, "Indiana": 0.8164213025920026, "Iowa": 0.8616893306208403, "Kansas": 0.90494573070506, "Kentucky": 0.9122809475456531, "Louisiana": 0.9708587531606824, "Maine": 0.9544009836880858, "Maryland": 0.9171529766520184, "Massachusetts": 0.859157004153986, "Michigan": 0.8798568992198953, "Minnesota": 0.8840754787149597, "Mississippi": 0.9060594391376594, "Missouri": 0.940026320486415, "Nebraska": 0.9019925184170656, "Nevada": 0.7606632114795205, "New Hampshire": 0.9197916228710579, "New Jersey": 0.8953673948890908, "New Mexico": 0.9756400933847975, "New York": 0.8793544900496728, "North Carolina": 0.9196131728731404, "North Dakota": 0.9503104210247497, "Ohio": 0.8819047824736278, "Oklahoma": 0.9202525752129437, "Oregon": 0.9281639463681276, "Pennsylvania": 0.8995060256264183, "Rhode Island": 0.8788630483679255, "South Carolina": 0.8943324261273086, "South Dakota": 0.9269150692924891, "Tennessee": 0.9121417523645453, "Texas": 0.9418069231441555, "Utah": 0.8997869673779395, "Vermont": 0.9255047017857982, "Virginia": 0.8802039361413168, "Washington": 0.9263138255929076, "West Virginia": 0.9391457838842077, "Wisconsin": 0.829467560158918, "Wyoming": 0.8372370783590241}