{"Alabama": 0.8250312061207269, "Alaska": 0.8860513807682796, "Arizona": 0.8825735272711384, "Arkansas": 0.8133924612827937, "California": 0.8349369145274552, "Colorado": 0.8808471251655046, "Connecticut": 0.7878702736605111, "Delaware": 0.8562377249410136, "Florida": 0.8957697087598394, "Georgia": 0.8405550003792637, "Hawaii": 0.8843248880538177, "Idaho": 0.9401411329570291, "Illinois": 0.8150140209565852, "Indiana": 0.7414748304979524, "Iowa": 0.8045381087617876, "Kansas": 0.8479782588169513, "Kentucky": 0.8613146622441933, "Louisiana": 0.9263209726095398, "Maine": 0.9193524806982036, "Maryland": 0.8736974114212495, "Massachusetts": 0.8038663544239334, "Michigan": 0.8298953252181881, "Minnesota": 0.8357564824085539, "Mississippi": 0.8559188680526921, "Missouri": 0.9056122191958266, "Nebraska": 0.8729189465631465, "Nevada": 0.7226477326180101, "New Hampshire": 0.8719963928237253, "New Jersey": 0.8395551180834548, "New Mexico": 0.9629824352533591, "New York": 0.8314405820058688, "North Carolina": 0.8465052148437193, "North Dakota": 0.9373562012718285, "Ohio": 0.817826518249962, "Oklahoma": 0.9015062368731577, "Oregon": 0.8947946333092481, "Pennsylvania": 0.8435936068342428, "Rhode Island": 0.8250823680787911, "South Carolina": 0.8264112240837955, "South Dakota": 0.9097559457103586, "Tennessee": 0.8586481552396961, "Texas": 0.90078120304453, "Utah": 0.8363391838993408, "Vermont": 0.8946715966831592, "Virginia": 0.8411138608128671, "Washington": 0.8876718453650154, "West Virginia": 0.9212995473721614, "Wisconsin": 0.7455757746114534, "Wyoming": 0.8233966141607529}