{"Alabama": 0.8286430497910293, "Alaska": 0.8862474956753001, "Arizona": 0.8838493402940919, "Arkansas": 0.8210609920183367, "California": 0.83585412779691, "Colorado": 0.8809659580798269, "Connecticut": 0.7878478089409252, "Delaware": 0.8571251255038573, "Florida": 0.8972387816484592, "Georgia": 0.8412064715630484, "Hawaii": 0.8845443426796755, "Idaho": 0.9403834304801428, "Illinois": 0.8128150664142031, "Indiana": 0.7368919164166894, "Iowa": 0.8016185455379313, "Kansas": 0.85148206009599, "Kentucky": 0.861677307563765, "Louisiana": 0.9268492920194505, "Maine": 0.9195954389305914, "Maryland": 0.8745102893535617, "Massachusetts": 0.8048048822407067, "Michigan": 0.8180088889637469, "Minnesota": 0.8317461550737698, "Mississippi": 0.8616838663728948, "Missouri": 0.9043508642913801, "Nebraska": 0.8728352304911375, "Nevada": 0.7269563618012473, "New Hampshire": 0.8715932636786399, "New Jersey": 0.8389731008578449, "New Mexico": 0.9638113715757054, "New York": 0.8297910488375667, "North Carolina": 0.8464643631478131, "North Dakota": 0.9260611925455736, "Ohio": 0.8166073297796729, "Oklahoma": 0.9022206360526425, "Oregon": 0.8923179733270623, "Pennsylvania": 0.843806071941111, "Rhode Island": 0.8242424866404058, "South Carolina": 0.8251024159381561, "South Dakota": 0.9055061235320835, "Tennessee": 0.8587818962266717, "Texas": 0.897637491631099, "Utah": 0.8338425056495378, "Vermont": 0.8949686067115976, "Virginia": 0.8433932354740737, "Washington": 0.8813173670840322, "West Virginia": 0.9189693963942175, "Wisconsin": 0.7376519491050594, "Wyoming": 0.8153275280887168}