{"Alabama": 0.8929657557157374, "Alaska": 0.9314072337224789, "Arizona": 0.9224154126852314, "Arkansas": 0.8831195950601567, "California": 0.894560863918707, "Colorado": 0.9213672981325202, "Connecticut": 0.8366849736519744, "Delaware": 0.8949912075633615, "Florida": 0.9394079072796074, "Georgia": 0.9017071164450491, "Hawaii": 0.9123193192622225, "Idaho": 0.9597321451409727, "Illinois": 0.8767706784128916, "Indiana": 0.8093479356785579, "Iowa": 0.8574775072360602, "Kansas": 0.9043591790186201, "Kentucky": 0.910679053358238, "Louisiana": 0.9714746598658863, "Maine": 0.9539113412477542, "Maryland": 0.9182966237887429, "Massachusetts": 0.8595160586314026, "Michigan": 0.8671917373653174, "Minnesota": 0.8815655304097962, "Mississippi": 0.9075807176791838, "Missouri": 0.9381589244687922, "Nebraska": 0.9013522707993158, "Nevada": 0.7653443646589606, "New Hampshire": 0.9189513464220748, "New Jersey": 0.8944434197631939, "New Mexico": 0.975224780210902, "New York": 0.8782052652139964, "North Carolina": 0.9174185104929287, "North Dakota": 0.937483394006307, "Ohio": 0.8799007087817623, "Oklahoma": 0.9222918231440198, "Oregon": 0.9258917752154686, "Pennsylvania": 0.8994238459675723, "Rhode Island": 0.8786404438622767, "South Carolina": 0.8934577209083487, "South Dakota": 0.9235123252710634, "Tennessee": 0.9104104595746647, "Texas": 0.9390153997111036, "Utah": 0.8970276099138916, "Vermont": 0.9259856648147355, "Virginia": 0.8832877509536704, "Washington": 0.9211732611177679, "West Virginia": 0.936797087239615, "Wisconsin": 0.8212524091900105, "Wyoming": 0.8291946927450764}