{"Alabama": 0.8148535171276216, "Alaska": 0.8834548113500817, "Arizona": 0.8789790906864565, "Arkansas": 0.8273363156662217, "California": 0.8432274200650178, "Colorado": 0.8757094563125034, "Connecticut": 0.7874739192230837, "Delaware": 0.8485463273418318, "Florida": 0.8906262346386166, "Georgia": 0.8324004488653974, "Hawaii": 0.8760797103626423, "Idaho": 0.9341629698250955, "Illinois": 0.8029075547027826, "Indiana": 0.728449643730967, "Iowa": 0.7955889865308069, "Kansas": 0.851854421459154, "Kentucky": 0.8514071244824695, "Louisiana": 0.9282657046372728, "Maine": 0.9215130430831583, "Maryland": 0.8703877112711592, "Massachusetts": 0.802514668584425, "Michigan": 0.8058116567966497, "Minnesota": 0.8295535693144639, "Mississippi": 0.8587051533588642, "Missouri": 0.9008120684250954, "Nebraska": 0.8730133165897026, "Nevada": 0.7307015227012797, "New Hampshire": 0.8683165671752013, "New Jersey": 0.834975749601742, "New Mexico": 0.9672264209835483, "New York": 0.8259860473927025, "North Carolina": 0.8407746473832874, "North Dakota": 0.9120220547660818, "Ohio": 0.8117643505043575, "Oklahoma": 0.8836121795721006, "Oregon": 0.8845840287484926, "Pennsylvania": 0.8452661826156351, "Rhode Island": 0.828047571972937, "South Carolina": 0.811248987751899, "South Dakota": 0.8978927233193233, "Tennessee": 0.8485022444220083, "Texas": 0.8926950249669457, "Utah": 0.828526538026047, "Vermont": 0.8882208390138226, "Virginia": 0.8378680997571006, "Washington": 0.8803364331437068, "West Virginia": 0.9258051109610608, "Wisconsin": 0.7279745297475978, "Wyoming": 0.8082156649171952}