{"Alabama": 0.8797911833216346, "Alaska": 0.9285033100168594, "Arizona": 0.9175846059187763, "Arkansas": 0.8864821975067583, "California": 0.8979674785738448, "Colorado": 0.9173499032613949, "Connecticut": 0.8355567184144232, "Delaware": 0.882664059728504, "Florida": 0.9326039153647492, "Georgia": 0.8911241371852308, "Hawaii": 0.9044858122009524, "Idaho": 0.9549556800899713, "Illinois": 0.8663975134038963, "Indiana": 0.7993302634059335, "Iowa": 0.8512734650068976, "Kansas": 0.905717652275835, "Kentucky": 0.9011535422306793, "Louisiana": 0.9740399112984468, "Maine": 0.9503415134705036, "Maryland": 0.912931477414194, "Massachusetts": 0.8538352347683413, "Michigan": 0.8562586001256662, "Minnesota": 0.8786152841117141, "Mississippi": 0.9046409691639342, "Missouri": 0.9331340205960936, "Nebraska": 0.8993816396093641, "Nevada": 0.7690933684268453, "New Hampshire": 0.915792286266355, "New Jersey": 0.8882415285077632, "New Mexico": 0.9776509191287659, "New York": 0.8745623684068325, "North Carolina": 0.9102777499166121, "North Dakota": 0.9219949384260231, "Ohio": 0.8742860462066893, "Oklahoma": 0.9037738489739174, "Oregon": 0.92117874338207, "Pennsylvania": 0.8986897762868917, "Rhode Island": 0.882152147740613, "South Carolina": 0.8780429852361429, "South Dakota": 0.9174213585819653, "Tennessee": 0.9001580881874204, "Texas": 0.9350608622044758, "Utah": 0.8921487019644156, "Vermont": 0.9215053843724711, "Virginia": 0.877156402496844, "Washington": 0.9154687150747249, "West Virginia": 0.9428728183859065, "Wisconsin": 0.8117150600581797, "Wyoming": 0.8221729112738084}