{"Alabama": 0.8104666786902961, "Alaska": 0.8852137673668435, "Arizona": 0.8688465621852628, "Arkansas": 0.8327637102235287, "California": 0.8465355944702121, "Colorado": 0.8702752795521236, "Connecticut": 0.7923312346622436, "Delaware": 0.8443193588821151, "Florida": 0.882800816438994, "Georgia": 0.8264329758515941, "Hawaii": 0.8706794719933694, "Idaho": 0.9282079871798102, "Illinois": 0.7989667933270767, "Indiana": 0.7253751716947958, "Iowa": 0.7982069836904421, "Kansas": 0.8506596945402124, "Kentucky": 0.8435436773611678, "Louisiana": 0.9249686256004386, "Maine": 0.9195633527583191, "Maryland": 0.8669966140351651, "Massachusetts": 0.8024946027792753, "Michigan": 0.797166221348289, "Minnesota": 0.8316661054675301, "Mississippi": 0.8571762276277815, "Missouri": 0.8976003726732794, "Nebraska": 0.8713828009221894, "Nevada": 0.7351745802868745, "New Hampshire": 0.8700820886577941, "New Jersey": 0.8324167870234283, "New Mexico": 0.964835861957558, "New York": 0.8267702510068524, "North Carolina": 0.8407012688238494, "North Dakota": 0.9096538730095368, "Ohio": 0.8105058708811197, "Oklahoma": 0.8748110994862534, "Oregon": 0.8836204850809241, "Pennsylvania": 0.8457993001388399, "Rhode Island": 0.8253590531153737, "South Carolina": 0.8086252565934454, "South Dakota": 0.9002017706511622, "Tennessee": 0.8405204831104067, "Texas": 0.887765838127796, "Utah": 0.8288910940549372, "Vermont": 0.8930362598407472, "Virginia": 0.840672686233788, "Washington": 0.8822650516418583, "West Virginia": 0.9263908016532816, "Wisconsin": 0.7340882305032288, "Wyoming": 0.820623406737312}