{"Alabama": 0.8741902156661234, "Alaska": 0.9296980656636408, "Arizona": 0.9075048916640326, "Arkansas": 0.8872953505613927, "California": 0.8986820753172473, "Colorado": 0.9118842897007453, "Connecticut": 0.8391415369504285, "Delaware": 0.8775186158476578, "Florida": 0.9259998570310558, "Georgia": 0.8836165525129903, "Hawaii": 0.8995443739754155, "Idaho": 0.9494640889014188, "Illinois": 0.8608030230660316, "Indiana": 0.7952700072447195, "Iowa": 0.8523736627877209, "Kansas": 0.9028464362702607, "Kentucky": 0.8929701270592358, "Louisiana": 0.9715004885564493, "Maine": 0.950892832472067, "Maryland": 0.909975138823211, "Massachusetts": 0.8529058746979045, "Michigan": 0.8472697468135023, "Minnesota": 0.8789590119640335, "Mississippi": 0.9024521285163979, "Missouri": 0.9294877521918511, "Nebraska": 0.897539388385686, "Nevada": 0.7735109221968866, "New Hampshire": 0.9169529611325062, "New Jersey": 0.8849651254726697, "New Mexico": 0.9749475001599975, "New York": 0.8747382441089065, "North Carolina": 0.9064487448743265, "North Dakota": 0.918371823642026, "Ohio": 0.8723924577645644, "Oklahoma": 0.8939225985625817, "Oregon": 0.9204207600684102, "Pennsylvania": 0.8979263556930405, "Rhode Island": 0.877002186231834, "South Carolina": 0.8732900760065424, "South Dakota": 0.9183087781921278, "Tennessee": 0.8912734277853074, "Texas": 0.9293404652273406, "Utah": 0.8895477338340558, "Vermont": 0.9248850316288949, "Virginia": 0.8787552272508204, "Washington": 0.917757257355223, "West Virginia": 0.9426485893336642, "Wisconsin": 0.814659955464493, "Wyoming": 0.8339126971894792}