{"Alabama": 0.8107148812403082, "Alaska": 0.8858338622238714, "Arizona": 0.870185842104138, "Arkansas": 0.8363268765555548, "California": 0.8492447896364198, "Colorado": 0.8726942851398568, "Connecticut": 0.8010067925070316, "Delaware": 0.8448778531046301, "Florida": 0.8846689474310798, "Georgia": 0.8243903873994807, "Hawaii": 0.8666977701950896, "Idaho": 0.9334932635844688, "Illinois": 0.8012935888580662, "Indiana": 0.718738736652436, "Iowa": 0.8026658044507182, "Kansas": 0.8556086821035697, "Kentucky": 0.8379731445974137, "Louisiana": 0.9262139229134027, "Maine": 0.9212295031769893, "Maryland": 0.8667619147959765, "Massachusetts": 0.8040830995139845, "Michigan": 0.7928707867618962, "Minnesota": 0.8342581438398358, "Mississippi": 0.8580218430062826, "Missouri": 0.8972380540569643, "Nebraska": 0.8724708666684569, "Nevada": 0.7338232997362756, "New Hampshire": 0.8728124504500769, "New Jersey": 0.8358213338867297, "New Mexico": 0.9624385140525041, "New York": 0.8293784188836573, "North Carolina": 0.8420252501390708, "North Dakota": 0.8997570404251145, "Ohio": 0.8098313899851171, "Oklahoma": 0.8675939648646875, "Oregon": 0.8850223270054154, "Pennsylvania": 0.8478294635896649, "Rhode Island": 0.8253358038369493, "South Carolina": 0.8074750994157249, "South Dakota": 0.9008108579295621, "Tennessee": 0.8382986799599922, "Texas": 0.8877308560589079, "Utah": 0.8326103158178121, "Vermont": 0.8977404157390768, "Virginia": 0.8457905370722293, "Washington": 0.8880829080638236, "West Virginia": 0.9281093523212757, "Wisconsin": 0.7359473701194432, "Wyoming": 0.810746831765127}