{"Alabama": 0.8715754484678473, "Alaska": 0.9265274130333296, "Arizona": 0.9072384091619204, "Arkansas": 0.8884026785163474, "California": 0.8974728304343422, "Colorado": 0.9131272595893124, "Connecticut": 0.8450117326680868, "Delaware": 0.8744818292829997, "Florida": 0.9252007868278038, "Georgia": 0.878467352858908, "Hawaii": 0.8921479655376696, "Idaho": 0.953052538758514, "Illinois": 0.8598301249225246, "Indiana": 0.7873053695843257, "Iowa": 0.8565014905218261, "Kansas": 0.9054377173478146, "Kentucky": 0.8867117331327411, "Louisiana": 0.970059596139035, "Maine": 0.9509262848664615, "Maryland": 0.9072056761965565, "Massachusetts": 0.8510145127964525, "Michigan": 0.8418276488523314, "Minnesota": 0.880235894184497, "Mississippi": 0.8986842504832576, "Missouri": 0.928529919053587, "Nebraska": 0.8978064443662904, "Nevada": 0.7701909750860156, "New Hampshire": 0.918325681804224, "New Jersey": 0.8844095743211987, "New Mexico": 0.9727903665358983, "New York": 0.8747209204542862, "North Carolina": 0.9043115720746382, "North Dakota": 0.9084598406277669, "Ohio": 0.8704260719149217, "Oklahoma": 0.886603871960781, "Oregon": 0.9212735490675651, "Pennsylvania": 0.8972123429646579, "Rhode Island": 0.8750215528941313, "South Carolina": 0.8699028276216586, "South Dakota": 0.919139222817532, "Tennessee": 0.8864953555109641, "Texas": 0.9276503441835927, "Utah": 0.8908589691990286, "Vermont": 0.9279408378357547, "Virginia": 0.8807498969535945, "Washington": 0.9217040394350731, "West Virginia": 0.9427611369269182, "Wisconsin": 0.8153817191445114, "Wyoming": 0.823964411345884}