{"Alabama": 0.8347819203670896, "Alaska": 0.7139599684225445, "Arizona": 0.8906373060044167, "Arkansas": 0.7713517865987986, "California": 0.9001591102140376, "Colorado": 0.9068523188059355, "Connecticut": 0.8909430068394391, "Florida": 0.8940446145731716, "Georgia": 0.8975925291920146, "Hawaii": 0.7676140984464684, "Idaho": 0.8773301941700095, "Illinois": 0.907944052441693, "Indiana": 0.7141443129568674, "Iowa": 0.8675191876666819, "Kansas": 0.8745410516123977, "Kentucky": 0.8279465421312926, "Louisiana": 0.8751597139975608, "Maine": 0.8808640695281441, "Maryland": 0.9204790338512379, "Massachusetts": 0.8797036181332227, "Michigan": 0.7649855961541884, "Minnesota": 0.8952090586298713, "Mississippi": 0.7634537204564502, "Missouri": 0.9012213769267071, "Montana": 0.848642209974935, "Nebraska": 0.9308833406936984, "Nevada": 0.5705078042638249, "New Hampshire": 0.8364955283997172, "New Jersey": 0.9249543648087867, "New Mexico": 0.8709880696955612, "New York": 0.9103503496823373, "North Carolina": 0.817355715401929, "North Dakota": 0.847604102087758, "Ohio": 0.8162578318697881, "Oklahoma": 0.8745438184177283, "Oregon": 0.857007578932628, "Pennsylvania": 0.8839349853617976, "Rhode Island": 0.8296642220910287, "South Carolina": 0.825906749681746, "South Dakota": 0.8843248070867745, "Tennessee": 0.83592739605093, "Texas": 0.9035787543074448, "Utah": 0.9167023397373906, "Vermont": 0.8226867552104538, "Virginia": 0.9155497128542603, "Washington": 0.8659747173053326, "West Virginia": 0.8324402323191233, "Wisconsin": 0.7856628036049141, "Wyoming": 0.7167477565914989}