{"Alabama": 0.8419071209778449, "Alaska": 0.7291034566867522, "Arizona": 0.8941713151315761, "Arkansas": 0.7761793719735716, "California": 0.899998197092722, "Colorado": 0.9021110067623936, "Connecticut": 0.9037540907699219, "Florida": 0.8843149586982383, "Georgia": 0.8973631125299794, "Hawaii": 0.7572718599564233, "Idaho": 0.8827968944692082, "Illinois": 0.9147690929791797, "Indiana": 0.7148277262068912, "Iowa": 0.8655210175631203, "Kansas": 0.8794399856368262, "Kentucky": 0.8256564369469255, "Louisiana": 0.8815120903049984, "Maine": 0.8792106944797792, "Maryland": 0.9152624885347711, "Massachusetts": 0.8819894337144846, "Michigan": 0.7671658198283955, "Minnesota": 0.897808319297883, "Mississippi": 0.7613948744441562, "Missouri": 0.9012325394441086, "Montana": 0.8489171099695876, "Nebraska": 0.9299702382560193, "Nevada": 0.5520061042036246, "New Hampshire": 0.8470830622253525, "New Jersey": 0.9227993817965129, "New Mexico": 0.871412923339129, "New York": 0.9043564259966372, "North Carolina": 0.8300697561234903, "North Dakota": 0.844854491522851, "Ohio": 0.825660128544068, "Oklahoma": 0.8762023447337631, "Oregon": 0.8651747323957215, "Pennsylvania": 0.886258950366028, "Rhode Island": 0.8368750867336756, "South Carolina": 0.8314997735040549, "South Dakota": 0.8861900123591047, "Tennessee": 0.8382611596550094, "Texas": 0.906172153020036, "Utah": 0.9231778179405801, "Vermont": 0.8220902298538846, "Virginia": 0.9112890447472656, "Washington": 0.8800426315540323, "West Virginia": 0.8344327252105858, "Wisconsin": 0.7931171039144987, "Wyoming": 0.7185657026347979}