{"Alabama": 0.8377399137465878, "Alaska": 0.7327149993460491, "Arizona": 0.8866335922475862, "Arkansas": 0.7675928388216573, "California": 0.8942471790416142, "Colorado": 0.8934499036460907, "Connecticut": 0.9090254019919711, "Florida": 0.8750136008510667, "Georgia": 0.8929862798997031, "Hawaii": 0.7565713127387012, "Idaho": 0.8812793908534371, "Illinois": 0.9149599765898175, "Indiana": 0.703347051084944, "Iowa": 0.8543068781147779, "Kansas": 0.8744938931841424, "Kentucky": 0.8145453232427727, "Louisiana": 0.8811851245029724, "Maine": 0.8825289694692896, "Maryland": 0.9147115253509446, "Massachusetts": 0.8827072227826778, "Michigan": 0.7625675189282771, "Minnesota": 0.895471154148266, "Mississippi": 0.7604895426645583, "Missouri": 0.8980959930964286, "Montana": 0.8539160274603976, "Nebraska": 0.9260091305836425, "Nevada": 0.5661364557328519, "New Hampshire": 0.8389899435370574, "New Jersey": 0.9258742052284319, "New Mexico": 0.8697748942034778, "New York": 0.9104488917444524, "North Carolina": 0.8280299911395738, "North Dakota": 0.8479474575718664, "Ohio": 0.8190577207665639, "Oklahoma": 0.8727659576502071, "Oregon": 0.8564725672597624, "Pennsylvania": 0.8811134900203568, "Rhode Island": 0.8435270992623324, "South Carolina": 0.8206482549309059, "South Dakota": 0.8877750183820365, "Tennessee": 0.8274797101280713, "Texas": 0.9019372000069061, "Utah": 0.9209995680153045, "Vermont": 0.8109634662762729, "Virginia": 0.9042915891006251, "Washington": 0.881372103825402, "West Virginia": 0.8331568640792517, "Wisconsin": 0.787386348859197, "Wyoming": 0.7128617083638576}