{"Alabama": 0.7424628136858331, "Alaska": 0.7411623994909792, "Arizona": 0.8654524847610395, "Arkansas": 0.7459893083703173, "California": 0.8682838710852824, "Colorado": 0.8705464638336714, "Connecticut": 0.9017539064962861, "Florida": 0.870001183756669, "Georgia": 0.8692509119782434, "Hawaii": 0.7181109042843906, "Idaho": 0.8580421609295606, "Illinois": 0.9056170827046605, "Indiana": 0.6941079719159582, "Iowa": 0.8411659682689646, "Kansas": 0.8473287851888495, "Kentucky": 0.7901660699922117, "Louisiana": 0.8498281597485382, "Maine": 0.8638592245720097, "Maryland": 0.8945059490668293, "Massachusetts": 0.8692010939237241, "Michigan": 0.7495729482354141, "Minnesota": 0.8816509273186708, "Mississippi": 0.7495640698293636, "Missouri": 0.883678247901153, "Montana": 0.8356595015700558, "Nebraska": 0.9108539640350432, "Nevada": 0.5745893842089914, "New Hampshire": 0.8180673323159999, "New Jersey": 0.9140300647884962, "New Mexico": 0.8439161957758357, "New York": 0.903857844166961, "North Carolina": 0.8160078068582804, "North Dakota": 0.8418322997218501, "Ohio": 0.8052726044845893, "Oklahoma": 0.8367642904590847, "Oregon": 0.8254900594121622, "Pennsylvania": 0.8663962248539215, "Rhode Island": 0.8323318891141446, "South Carolina": 0.8007746987287473, "South Dakota": 0.8814387065701911, "Tennessee": 0.8092099395295996, "Texas": 0.8778186326069618, "Utah": 0.9071446660696307, "Vermont": 0.7786506266028559, "Virginia": 0.8783021359411521, "Washington": 0.8559766818525804, "West Virginia": 0.8007858339593376, "Wisconsin": 0.7780622633862233, "Wyoming": 0.6702183348338224}