{"Alabama": 0.8242924770553314, "Alaska": 0.6968286586860608, "Arizona": 0.8695894330514358, "Arkansas": 0.7630752994117266, "California": 0.8725418329005799, "Colorado": 0.8811660430031105, "Connecticut": 0.9094355286219827, "Florida": 0.8687431065171566, "Georgia": 0.8688971301773725, "Hawaii": 0.7313563878256966, "Idaho": 0.8689741120779002, "Illinois": 0.9114181160397712, "Indiana": 0.709142175507842, "Iowa": 0.8586848802633851, "Kansas": 0.8651649227385569, "Kentucky": 0.8089660875418739, "Louisiana": 0.863253324575568, "Maine": 0.8741346209327919, "Maryland": 0.8902869353115437, "Massachusetts": 0.8757951429444065, "Michigan": 0.7690909271824085, "Minnesota": 0.8942172452818317, "Mississippi": 0.7681626054046568, "Missouri": 0.8936272475548256, "Montana": 0.8528696013395651, "Nebraska": 0.9152501712582571, "Nevada": 0.5957453618759698, "New Hampshire": 0.8489543300180455, "New Jersey": 0.9153968811981213, "New Mexico": 0.8503502428166166, "New York": 0.898698744563807, "North Carolina": 0.8362464669719515, "North Dakota": 0.8588275741695581, "Ohio": 0.8249386385895966, "Oklahoma": 0.8520045930570106, "Oregon": 0.8395241738605984, "Pennsylvania": 0.8759560302685989, "Rhode Island": 0.7715700832818383, "South Carolina": 0.8142190396730858, "South Dakota": 0.8955223673746182, "Tennessee": 0.814101009855007, "Texas": 0.8866910348964829, "Utah": 0.9182227842934626, "Vermont": 0.7639444472830608, "Virginia": 0.8788077174552614, "Washington": 0.8702802703809239, "West Virginia": 0.8151294347419705, "Wisconsin": 0.8006508461989716, "Wyoming": 0.6157253483299417}