{"Alabama": 0.8496144993019189, "Alaska": 0.7873087994199887, "Arizona": 0.8897064246046275, "Arkansas": 0.7920059451384945, "California": 0.8948482153542797, "Colorado": 0.9093476006907176, "Connecticut": 0.9165607281470082, "Florida": 0.8821886922239175, "Georgia": 0.8893679080816081, "Hawaii": 0.7815098352178295, "Idaho": 0.8914122305540413, "Illinois": 0.9221485924513158, "Indiana": 0.719901866724841, "Iowa": 0.8654646566172418, "Kansas": 0.8811665421708335, "Kentucky": 0.8320119777020539, "Louisiana": 0.8870000121453719, "Maine": 0.8896813337995216, "Maryland": 0.9117450816831485, "Massachusetts": 0.887941876045209, "Michigan": 0.8001099814192365, "Minnesota": 0.9079073768974724, "Mississippi": 0.7844804205254539, "Missouri": 0.9097836398105222, "Montana": 0.8792910534033948, "Nebraska": 0.9261577251998657, "Nevada": 0.6374558881339488, "New Hampshire": 0.8714320523402849, "New Jersey": 0.9316611957748118, "New Mexico": 0.8784004808878815, "New York": 0.9030373019107059, "North Carolina": 0.87081353859181, "North Dakota": 0.8778744788084958, "Ohio": 0.844851962120308, "Oklahoma": 0.8684515120657831, "Oregon": 0.8557886628297534, "Pennsylvania": 0.8940790685951056, "Rhode Island": 0.8664949932291063, "South Carolina": 0.8415450838473568, "South Dakota": 0.9003932887859473, "Tennessee": 0.8358585919600734, "Texas": 0.9082509125511623, "Utah": 0.9259968546484181, "Vermont": 0.8335870499838708, "Virginia": 0.8950434608392909, "Washington": 0.8982591930345949, "West Virginia": 0.830959193274352, "Wisconsin": 0.8168474420850723, "Wyoming": 0.6935072153646906}