{"Alabama": 0.8468562965140206, "Alaska": 0.7889440770462355, "Arizona": 0.920889196331399, "Arkansas": 0.7650416223983229, "California": 0.9125409109014778, "Colorado": 0.9240038771598069, "Connecticut": 0.9520676922140014, "Florida": 0.8860734987486487, "Georgia": 0.8906883364357887, "Hawaii": 0.7608071261653168, "Idaho": 0.8662724410608696, "Illinois": 0.9289799820351848, "Indiana": 0.7717023969006821, "Iowa": 0.8334852149771478, "Kansas": 0.8625321107379299, "Kentucky": 0.814917803784116, "Louisiana": 0.8965979184297654, "Maine": 0.9001198713804639, "Maryland": 0.9129377843441231, "Massachusetts": 0.910568952662704, "Michigan": 0.8615777609604486, "Minnesota": 0.912012498270692, "Mississippi": 0.7922559588745883, "Missouri": 0.9088527988310058, "Montana": 0.8257315274263749, "Nebraska": 0.8889303542233471, "Nevada": 0.6368840684283882, "New Hampshire": 0.913359150323927, "New Jersey": 0.9371480494203476, "New Mexico": 0.8740353021151801, "New York": 0.9132769471354794, "North Carolina": 0.8601504945290728, "North Dakota": 0.7918956711026268, "Ohio": 0.8708735581631089, "Oklahoma": 0.8500426584615508, "Oregon": 0.8797624215260751, "Pennsylvania": 0.9069976120728184, "Rhode Island": 0.8977036565283735, "South Carolina": 0.8426897127990843, "South Dakota": 0.8446864566605224, "Tennessee": 0.839318734434059, "Texas": 0.9215143833283869, "Utah": 0.9456901127869525, "Vermont": 0.8623956276647103, "Virginia": 0.9065003794796247, "Washington": 0.9199334359250563, "West Virginia": 0.8413924992851486, "Wisconsin": 0.8112195116870238, "Wyoming": 0.6824509718355328}