{"Alabama": 0.7381213844890766, "Alaska": 0.6781563071889453, "Arizona": 0.7660228644369488, "Arkansas": 0.6837962762351282, "California": 0.8238631108167012, "Colorado": 0.7782042602433937, "Connecticut": 0.8940587948630371, "Florida": 0.7641041408886972, "Georgia": 0.783838859926748, "Hawaii": 0.703725994983344, "Idaho": 0.706299901931464, "Illinois": 0.8688377258565472, "Indiana": 0.7002200126036102, "Iowa": 0.7609258663248902, "Kansas": 0.7963410930440078, "Kentucky": 0.7406522018163335, "Louisiana": 0.7650078231662, "Maine": 0.7844005646703348, "Maryland": 0.7890711648146759, "Massachusetts": 0.8480730515498168, "Michigan": 0.8047719792742704, "Minnesota": 0.8437777627713894, "Mississippi": 0.7040930240033149, "Missouri": 0.81993816726942, "Montana": 0.6877780651902344, "Nebraska": 0.8173398249095044, "Nevada": 0.5008193397966072, "New Hampshire": 0.806190266398738, "New Jersey": 0.8896452003061349, "New Mexico": 0.7497209032741006, "New York": 0.8895725849917918, "North Carolina": 0.7509984645919914, "North Dakota": 0.7373008107428899, "Ohio": 0.8107384053200375, "Oklahoma": 0.7666358460973252, "Oregon": 0.8039884811613183, "Pennsylvania": 0.8456827210327209, "Rhode Island": 0.843818104021184, "South Carolina": 0.7318050102864987, "South Dakota": 0.7712876469629933, "Tennessee": 0.759918466789297, "Texas": 0.8042570489369519, "Utah": 0.8130230902587081, "Vermont": 0.7380513664578909, "Virginia": 0.7686371208413464, "Washington": 0.8118786260272776, "West Virginia": 0.7627179517780638, "Wisconsin": 0.7520328109763462, "Wyoming": 0.5036808038342403}