{"Alabama": 0.7218042773843881, "Alaska": 0.6702637476936529, "Arizona": 0.7297248069033822, "Arkansas": 0.69196857823183, "California": 0.7978061879703762, "Colorado": 0.7557221915508292, "Connecticut": 0.8562543957740507, "Florida": 0.7529418344964341, "Georgia": 0.7700758169539558, "Hawaii": 0.7178586953170366, "Idaho": 0.7069929948820758, "Illinois": 0.8564648574556745, "Indiana": 0.6429819066222571, "Iowa": 0.7810317572244003, "Kansas": 0.8035784843870036, "Kentucky": 0.7396461021568992, "Louisiana": 0.7453521703185219, "Maine": 0.7654110909356625, "Maryland": 0.7810671785136, "Massachusetts": 0.8228449294724178, "Michigan": 0.7445118194271575, "Minnesota": 0.8312380124763773, "Mississippi": 0.6824875545361363, "Missouri": 0.8099006484336945, "Montana": 0.7236166364365006, "Nebraska": 0.8400210384903655, "Nevada": 0.49440109603992816, "New Hampshire": 0.7561866447247445, "New Jersey": 0.8815292083432497, "New Mexico": 0.7459879630899247, "New York": 0.8782830003056735, "North Carolina": 0.7406646670342681, "North Dakota": 0.8032973372106404, "Ohio": 0.7807300263535417, "Oklahoma": 0.7710310807450693, "Oregon": 0.7702855295118017, "Pennsylvania": 0.8268683272832033, "Rhode Island": 0.816289678863084, "South Carolina": 0.7128291585999444, "South Dakota": 0.8096884833186105, "Tennessee": 0.7426001018614834, "Texas": 0.7807827466903546, "Utah": 0.7800461093124161, "Vermont": 0.6989896213109102, "Virginia": 0.7469149619366944, "Washington": 0.7798606230278515, "West Virginia": 0.7453266980076289, "Wisconsin": 0.7487760482517292, "Wyoming": 0.5215721705358808}