{"Alabama": 0.8428703494573471, "Alaska": 0.7930126380288464, "Arizona": 0.919577801926387, "Arkansas": 0.78064964167589, "California": 0.9074293014488177, "Colorado": 0.9228610475314069, "Connecticut": 0.9527617182235779, "Florida": 0.9054186078382523, "Georgia": 0.8941053918983902, "Hawaii": 0.7775818360184715, "Idaho": 0.8768027360793939, "Illinois": 0.9249319363211249, "Indiana": 0.7673436651037946, "Iowa": 0.8321858064587982, "Kansas": 0.8584316891486057, "Kentucky": 0.8244325002017474, "Louisiana": 0.9026868812762009, "Maine": 0.9059165043989671, "Maryland": 0.9123105349093399, "Massachusetts": 0.9066186312263796, "Michigan": 0.8636311649492553, "Minnesota": 0.9082658792202297, "Mississippi": 0.8071283556354859, "Missouri": 0.9162783665354646, "Montana": 0.8482658307530725, "Nebraska": 0.8942261474119619, "Nevada": 0.6501517632751755, "New Hampshire": 0.9199190658392534, "New Jersey": 0.9363040948142403, "New Mexico": 0.8779121487614441, "New York": 0.9147214425099038, "North Carolina": 0.8830803236920128, "North Dakota": 0.8152157392566188, "Ohio": 0.866575058224841, "Oklahoma": 0.8477144730278059, "Oregon": 0.8858456958255326, "Pennsylvania": 0.9036265844531509, "Rhode Island": 0.9041481333126217, "South Carolina": 0.8564138047574026, "South Dakota": 0.8632297910745524, "Tennessee": 0.8537537378456868, "Texas": 0.9228071448880146, "Utah": 0.9411570728045109, "Vermont": 0.8682947957940368, "Virginia": 0.8986961441019877, "Washington": 0.9166624062063626, "West Virginia": 0.8446404800327358, "Wisconsin": 0.8040808167645959, "Wyoming": 0.6457579238233325}