{"Alabama": 0.844823872420102, "Alaska": 0.7878416342657614, "Arizona": 0.8935529522762091, "Arkansas": 0.8133584812499788, "California": 0.891546201475568, "Colorado": 0.9097537664137193, "Connecticut": 0.9214507758673359, "Florida": 0.9011114257255851, "Georgia": 0.893752492628572, "Hawaii": 0.7955758280793518, "Idaho": 0.8921652040334951, "Illinois": 0.9195968031948114, "Indiana": 0.7285077111104703, "Iowa": 0.8681800484287707, "Kansas": 0.8788685579321374, "Kentucky": 0.8415362447119453, "Louisiana": 0.894241218149746, "Maine": 0.8978653499565729, "Maryland": 0.9119892505078625, "Massachusetts": 0.887240051907367, "Michigan": 0.8164820966213135, "Minnesota": 0.9064520681842821, "Mississippi": 0.8056247510909619, "Missouri": 0.9205723668542811, "Montana": 0.8904251503077701, "Nebraska": 0.9288199461853578, "Nevada": 0.6494518244468279, "New Hampshire": 0.8838542727699056, "New Jersey": 0.9316771156567913, "New Mexico": 0.8796421858942334, "New York": 0.9059746345998919, "North Carolina": 0.8932811663215933, "North Dakota": 0.888891822950074, "Ohio": 0.8469247068732494, "Oklahoma": 0.8608983686203819, "Oregon": 0.8649131450363908, "Pennsylvania": 0.8919187186385247, "Rhode Island": 0.8847300278100644, "South Carolina": 0.8565276962364642, "South Dakota": 0.9112085411594513, "Tennessee": 0.8510111298264449, "Texas": 0.9093855708387253, "Utah": 0.9232107210164534, "Vermont": 0.8426704868854229, "Virginia": 0.8874663818453671, "Washington": 0.8949693087543095, "West Virginia": 0.8366854864063957, "Wisconsin": 0.8147423726801108, "Wyoming": 0.6676522987838814}