{"Alabama": 0.8507223285368045, "Alaska": 0.783218912610104, "Arizona": 0.9006534951080233, "Arkansas": 0.8297277899353709, "California": 0.8955604838324956, "Colorado": 0.9090110251699441, "Connecticut": 0.9295163917356108, "Florida": 0.9098845478402473, "Georgia": 0.8995316865358994, "Hawaii": 0.8028115804780201, "Idaho": 0.8943950491581942, "Illinois": 0.9268294519284631, "Indiana": 0.7440803970583004, "Iowa": 0.8748185355698952, "Kansas": 0.8828022119416996, "Kentucky": 0.8511352505810666, "Louisiana": 0.8884633214387565, "Maine": 0.9000734035240411, "Maryland": 0.913101304390536, "Massachusetts": 0.8896389272659564, "Michigan": 0.8302527069188848, "Minnesota": 0.9112545079060503, "Mississippi": 0.8161902365215142, "Missouri": 0.9267171451574234, "Montana": 0.8878923066888811, "Nebraska": 0.9333373051377463, "Nevada": 0.6540653879224813, "New Hampshire": 0.8869626506616038, "New Jersey": 0.9377268486861687, "New Mexico": 0.8782878245205741, "New York": 0.9193987234448316, "North Carolina": 0.8995448509345426, "North Dakota": 0.8943098361696243, "Ohio": 0.8597248929441695, "Oklahoma": 0.8594923205707901, "Oregon": 0.8752231989183558, "Pennsylvania": 0.9004338429456338, "Rhode Island": 0.8903844585142825, "South Carolina": 0.8584232838460636, "South Dakota": 0.9173077821785062, "Tennessee": 0.866000266557617, "Texas": 0.9110015801750733, "Utah": 0.9219983394674178, "Vermont": 0.8429322246808143, "Virginia": 0.8848717459768436, "Washington": 0.8915656621177633, "West Virginia": 0.8406530708241335, "Wisconsin": 0.8242573934869366, "Wyoming": 0.6573479659015778}