{"Alabama": 0.8450464224942914, "Alaska": 0.7793213986584565, "Arizona": 0.9262852240377659, "Arkansas": 0.7935739596216647, "California": 0.9032278449189652, "Colorado": 0.915711940758731, "Connecticut": 0.9657201219566661, "Florida": 0.9227800678276038, "Georgia": 0.8953309078756547, "Hawaii": 0.7932260771587253, "Idaho": 0.8783360456144709, "Illinois": 0.9334800302443947, "Indiana": 0.7807242110013171, "Iowa": 0.8310523520566967, "Kansas": 0.8575104882384949, "Kentucky": 0.8341745019258593, "Louisiana": 0.8883231750298172, "Maine": 0.9175239962244626, "Maryland": 0.9111961472136, "Massachusetts": 0.9164122324816648, "Michigan": 0.8797858067490101, "Minnesota": 0.9139276890765455, "Mississippi": 0.8160893157558696, "Missouri": 0.9223140573668469, "Montana": 0.8462104602985829, "Nebraska": 0.9010433568622064, "Nevada": 0.6528971780813354, "New Hampshire": 0.91791281629897, "New Jersey": 0.9464990445371625, "New Mexico": 0.8689732830100635, "New York": 0.9434680456354744, "North Carolina": 0.8909925535040494, "North Dakota": 0.818217404934494, "Ohio": 0.8794651582707096, "Oklahoma": 0.826167761438345, "Oregon": 0.8922037640983105, "Pennsylvania": 0.9159281087232822, "Rhode Island": 0.9137164513635886, "South Carolina": 0.8519294751466114, "South Dakota": 0.8729922903655027, "Tennessee": 0.8704951843687154, "Texas": 0.9162872440964914, "Utah": 0.9411707895948795, "Vermont": 0.8670582352529259, "Virginia": 0.884385486125953, "Washington": 0.9066310315900933, "West Virginia": 0.835049565357926, "Wisconsin": 0.8072721628265423, "Wyoming": 0.5885502395564854}