{"Alabama": 0.8490115503892247, "Alaska": 0.7771033754878681, "Arizona": 0.9073807698493108, "Arkansas": 0.838790516197699, "California": 0.8875194559122104, "Colorado": 0.9067592727743269, "Connecticut": 0.9367819467108314, "Florida": 0.9166303136220464, "Georgia": 0.8956724063288899, "Hawaii": 0.8171698024966648, "Idaho": 0.9016708554096646, "Illinois": 0.9384227705939595, "Indiana": 0.7873319470546675, "Iowa": 0.8895534999372762, "Kansas": 0.8903895365054438, "Kentucky": 0.8659999431353048, "Louisiana": 0.8714873328685987, "Maine": 0.9055819544696143, "Maryland": 0.9017617552622542, "Massachusetts": 0.8986622426353159, "Michigan": 0.8665779149857815, "Minnesota": 0.9180195239797134, "Mississippi": 0.8223448297953292, "Missouri": 0.930959327642396, "Montana": 0.8862212473393839, "Nebraska": 0.9354938788553243, "Nevada": 0.6686557766104017, "New Hampshire": 0.878548590251333, "New Jersey": 0.9460425123803514, "New Mexico": 0.870749665601216, "New York": 0.9408056239908069, "North Carolina": 0.9036749643350336, "North Dakota": 0.8895619514952714, "Ohio": 0.8822576271210465, "Oklahoma": 0.8530695108764038, "Oregon": 0.883791433863245, "Pennsylvania": 0.9084745937887603, "Rhode Island": 0.896372120451785, "South Carolina": 0.8542127207896733, "South Dakota": 0.924860011522714, "Tennessee": 0.8788523396401406, "Texas": 0.9076712383132568, "Utah": 0.9341120819347138, "Vermont": 0.842786417665122, "Virginia": 0.8578719173524907, "Washington": 0.8788249553156751, "West Virginia": 0.8253855640398889, "Wisconsin": 0.8477118449692871, "Wyoming": 0.6548630951759221}