{"Alabama": 0.8441675395654864, "Alaska": 0.7820616943995049, "Arizona": 0.9312958056511789, "Arkansas": 0.798062556755765, "California": 0.899346752321357, "Colorado": 0.9194292146460102, "Connecticut": 0.9667457210780425, "Florida": 0.9219738089211265, "Georgia": 0.894968591427619, "Hawaii": 0.8058092601794888, "Idaho": 0.8775806904883865, "Illinois": 0.9391032685735466, "Indiana": 0.7990874386656105, "Iowa": 0.8411329075109818, "Kansas": 0.8656621446595086, "Kentucky": 0.841288812259852, "Louisiana": 0.8785379054506021, "Maine": 0.9108909610173431, "Maryland": 0.9048422550942409, "Massachusetts": 0.9146283925672806, "Michigan": 0.8932941963303184, "Minnesota": 0.9144499960337464, "Mississippi": 0.8157973967965844, "Missouri": 0.9221703275351318, "Montana": 0.8477721788488175, "Nebraska": 0.8973687422588711, "Nevada": 0.6708603134785526, "New Hampshire": 0.9113933240483703, "New Jersey": 0.9484844430911318, "New Mexico": 0.8672721026547874, "New York": 0.9473833814946349, "North Carolina": 0.893746586151268, "North Dakota": 0.8184246614145809, "Ohio": 0.8917996560060761, "Oklahoma": 0.8384333977873789, "Oregon": 0.8903753107450306, "Pennsylvania": 0.9154466631174109, "Rhode Island": 0.9119711527677761, "South Carolina": 0.8512278964621526, "South Dakota": 0.8780766221993506, "Tennessee": 0.8757503041084923, "Texas": 0.9193981645128113, "Utah": 0.9454614567968632, "Vermont": 0.8601637749309794, "Virginia": 0.867899978544454, "Washington": 0.8974059575818693, "West Virginia": 0.8283127983618424, "Wisconsin": 0.8202921354768711, "Wyoming": 0.6302845508777948}