{"Alabama": 0.8549102433550395, "Alaska": 0.7823737394361846, "Arizona": 0.9138211154787378, "Arkansas": 0.8443049571867246, "California": 0.886151028680701, "Colorado": 0.9123036988213831, "Connecticut": 0.9378216764137053, "Florida": 0.9198300881644054, "Georgia": 0.8962434938318243, "Hawaii": 0.8210152281078154, "Idaho": 0.9102140153790048, "Illinois": 0.9358728380320843, "Indiana": 0.7841121859288522, "Iowa": 0.8923134137466284, "Kansas": 0.8980437070996761, "Kentucky": 0.8693406501654792, "Louisiana": 0.8819815706346201, "Maine": 0.9027543637306401, "Maryland": 0.904946723104861, "Massachusetts": 0.9034603615447805, "Michigan": 0.8639796153939721, "Minnesota": 0.9225165155051741, "Mississippi": 0.8329295454156991, "Missouri": 0.9378437967595591, "Montana": 0.895120180984398, "Nebraska": 0.938356504054106, "Nevada": 0.6687747971967671, "New Hampshire": 0.8874951191351892, "New Jersey": 0.9461897216792423, "New Mexico": 0.8772271243487575, "New York": 0.9432810895065236, "North Carolina": 0.9083453094506309, "North Dakota": 0.8801113091401481, "Ohio": 0.8854345538228864, "Oklahoma": 0.8438332275780778, "Oregon": 0.8889667016112325, "Pennsylvania": 0.9126049533543168, "Rhode Island": 0.9010507553239543, "South Carolina": 0.8570358705674658, "South Dakota": 0.928375109134447, "Tennessee": 0.8844949212849554, "Texas": 0.9112660078081711, "Utah": 0.9339246818863907, "Vermont": 0.8509217229568389, "Virginia": 0.8596565252090085, "Washington": 0.8828660294983697, "West Virginia": 0.8279382039623008, "Wisconsin": 0.8498764255913708, "Wyoming": 0.6548755315342322}