{"Alabama": 0.8467284672813492, "Alaska": 0.7868511745359538, "Arizona": 0.9345816097189932, "Arkansas": 0.7997587663786986, "California": 0.8952717700071023, "Colorado": 0.9231333028480255, "Connecticut": 0.963363816980017, "Florida": 0.9238701487730928, "Georgia": 0.8944463200885251, "Hawaii": 0.8099667531729692, "Idaho": 0.8824916163520965, "Illinois": 0.934375890728307, "Indiana": 0.7879101565875548, "Iowa": 0.8367886606990507, "Kansas": 0.8661799264986977, "Kentucky": 0.8411346978802352, "Louisiana": 0.886576516677363, "Maine": 0.9069525118641193, "Maryland": 0.9074519154457164, "Massachusetts": 0.9164492327338443, "Michigan": 0.8859750110347933, "Minnesota": 0.9153170909100188, "Mississippi": 0.8226193671730724, "Missouri": 0.9273943881132263, "Montana": 0.8562377249410136, "Nebraska": 0.8942206684618619, "Nevada": 0.6698722685022069, "New Hampshire": 0.9155017877442516, "New Jersey": 0.9478937098699014, "New Mexico": 0.8724490608259163, "New York": 0.9485492348490883, "North Carolina": 0.895609906379961, "North Dakota": 0.8080126580018916, "Ohio": 0.8899003766423441, "Oklahoma": 0.8276820828602914, "Oregon": 0.8910763480214555, "Pennsylvania": 0.9164252092857031, "Rhode Island": 0.9135227762537091, "South Carolina": 0.8516111122484014, "South Dakota": 0.8758489835553517, "Tennessee": 0.8793010635577416, "Texas": 0.9205042268804261, "Utah": 0.9406857220901585, "Vermont": 0.8640645452205857, "Virginia": 0.8677343330951037, "Washington": 0.8965100527521892, "West Virginia": 0.8291502923128568, "Wisconsin": 0.8150708355222042, "Wyoming": 0.6281579284633666}