{"Alabama": 0.844199763758843, "Alaska": 0.7912256218130499, "Arizona": 0.9379947223107988, "Arkansas": 0.8000353932834914, "California": 0.8992261670868492, "Colorado": 0.9326353313343209, "Connecticut": 0.9655782491757676, "Florida": 0.9288425791925529, "Georgia": 0.8932833067430664, "Hawaii": 0.8053934087568915, "Idaho": 0.8811505082686162, "Illinois": 0.9311449810175905, "Indiana": 0.7739197726629937, "Iowa": 0.8282138165464472, "Kansas": 0.8694161003269539, "Kentucky": 0.8350260642022189, "Louisiana": 0.8863496495275505, "Maine": 0.9047075453915032, "Maryland": 0.9134854886229876, "Massachusetts": 0.9211758421218309, "Michigan": 0.8728113737521552, "Minnesota": 0.9129230239419637, "Mississippi": 0.8207150993478329, "Missouri": 0.9252161633728719, "Montana": 0.8571251255038573, "Nebraska": 0.8888592653043991, "Nevada": 0.6727152620320701, "New Hampshire": 0.9120747027404118, "New Jersey": 0.9524829981824596, "New Mexico": 0.872255931493904, "New York": 0.9551065675726643, "North Carolina": 0.890187989881101, "North Dakota": 0.7841419959659158, "Ohio": 0.8834075307543866, "Oklahoma": 0.8332119625718377, "Oregon": 0.8871197616878822, "Pennsylvania": 0.914238775825495, "Rhode Island": 0.9119481505879401, "South Carolina": 0.844219729641783, "South Dakota": 0.8661787602151574, "Tennessee": 0.8725024263797695, "Texas": 0.9226074911732118, "Utah": 0.941346074076647, "Vermont": 0.8611664733944282, "Virginia": 0.8761200291819488, "Washington": 0.8935433679034918, "West Virginia": 0.8218527711060227, "Wisconsin": 0.8001862291266583, "Wyoming": 0.622133442570162}