{"Alabama": 0.8542590963078418, "Alaska": 0.7854074413320804, "Arizona": 0.9187960103443066, "Arkansas": 0.8427138183818563, "California": 0.8916826520660335, "Colorado": 0.9221888638992609, "Connecticut": 0.9423715146309309, "Florida": 0.9249105772707394, "Georgia": 0.8960911254165177, "Hawaii": 0.8159157423056842, "Idaho": 0.9132295267874184, "Illinois": 0.9338401564225887, "Indiana": 0.7703325329215331, "Iowa": 0.884294482764809, "Kansas": 0.9046547261592197, "Kentucky": 0.8639561344011766, "Louisiana": 0.8826388723503404, "Maine": 0.9018027723484441, "Maryland": 0.9113864015436283, "Massachusetts": 0.9095977505934488, "Michigan": 0.8535027973885574, "Minnesota": 0.922041267874401, "Mississippi": 0.8298490907067838, "Missouri": 0.9361680840676924, "Montana": 0.8949912075633615, "Nebraska": 0.9354369438506124, "Nevada": 0.6714668210307433, "New Hampshire": 0.8864844686818011, "New Jersey": 0.9512481979531772, "New Mexico": 0.8779051673132345, "New York": 0.9503446808654851, "North Carolina": 0.9041722288198175, "North Dakota": 0.8498391945593295, "Ohio": 0.8812638059804289, "Oklahoma": 0.8471169955751902, "Oregon": 0.8872025367110483, "Pennsylvania": 0.9117809471328909, "Rhode Island": 0.9014291973877331, "South Carolina": 0.8520610100682466, "South Dakota": 0.9206680182031074, "Tennessee": 0.8777325765899548, "Texas": 0.9137945441416919, "Utah": 0.9367220100977299, "Vermont": 0.8522926041614608, "Virginia": 0.8685838186987574, "Washington": 0.8817594419571004, "West Virginia": 0.82076911025303, "Wisconsin": 0.8384666121252291, "Wyoming": 0.6491862320020761}