{"Alabama": 0.8351652300983827, "Alaska": 0.7732757652837079, "Arizona": 0.9358708477253997, "Arkansas": 0.8035277181008411, "California": 0.908398786739371, "Colorado": 0.9292378433024178, "Connecticut": 0.9673922474473597, "Florida": 0.9246538535756227, "Georgia": 0.8895864352005831, "Hawaii": 0.7973233132507322, "Idaho": 0.8760212121228615, "Illinois": 0.9266456820062661, "Indiana": 0.7623606243253868, "Iowa": 0.8270539342639728, "Kansas": 0.8652566336692192, "Kentucky": 0.828707825763438, "Louisiana": 0.8779728422841186, "Maine": 0.911067252442906, "Maryland": 0.9119791436837537, "Massachusetts": 0.9194471269633172, "Michigan": 0.8659145715081614, "Minnesota": 0.911962410487772, "Mississippi": 0.8151852880998949, "Missouri": 0.9262899565231049, "Montana": 0.8485463273418317, "Nebraska": 0.8941602777656483, "Nevada": 0.6722378497833921, "New Hampshire": 0.911042451307497, "New Jersey": 0.9524171652538992, "New Mexico": 0.8659172587236468, "New York": 0.957079415146972, "North Carolina": 0.8859780804813616, "North Dakota": 0.7387480490819454, "Ohio": 0.8771106862594854, "Oklahoma": 0.7938314633925427, "Oregon": 0.886502022565917, "Pennsylvania": 0.9144014319529951, "Rhode Island": 0.9165977833348009, "South Carolina": 0.8329363596942124, "South Dakota": 0.8616326471192922, "Tennessee": 0.8649865695299073, "Texas": 0.9097232961497066, "Utah": 0.9343988548427739, "Vermont": 0.8574794641410688, "Virginia": 0.8792481741972338, "Washington": 0.8927087253389367, "West Virginia": 0.8128738933685646, "Wisconsin": 0.7938296828029033, "Wyoming": 0.5907174030739885}