{"Alabama": 0.8431301129570169, "Alaska": 0.7681127648678681, "Arizona": 0.9161499134560499, "Arkansas": 0.8397369138019893, "California": 0.900759409129228, "Colorado": 0.918292014622382, "Connecticut": 0.9437842548121478, "Florida": 0.9207954804437349, "Georgia": 0.8923221982677366, "Hawaii": 0.8068467005405792, "Idaho": 0.9050095904642015, "Illinois": 0.9288333182215065, "Indiana": 0.7564339725627297, "Iowa": 0.878186360388271, "Kansas": 0.8962568335587118, "Kentucky": 0.8543872415121064, "Louisiana": 0.8737244633531267, "Maine": 0.9085530490395037, "Maryland": 0.9106832655672223, "Massachusetts": 0.9083719616381037, "Michigan": 0.8448816399072957, "Minnesota": 0.9198670444551476, "Mississippi": 0.8200388782538116, "Missouri": 0.9354369248236447, "Montana": 0.882664059728504, "Nebraska": 0.934365364854286, "Nevada": 0.6710821690618887, "New Hampshire": 0.887366906157462, "New Jersey": 0.9513600324217502, "New Mexico": 0.871804362812694, "New York": 0.9528628635098502, "North Carolina": 0.8983844134308951, "North Dakota": 0.7928844359185911, "Ohio": 0.8751299775677588, "Oklahoma": 0.8009142025582715, "Oregon": 0.8829017178461379, "Pennsylvania": 0.9114272504153252, "Rhode Island": 0.9068662548794996, "South Carolina": 0.8393000017216338, "South Dakota": 0.9157229527232615, "Tennessee": 0.8678032146322963, "Texas": 0.8991644115405008, "Utah": 0.9291553893342687, "Vermont": 0.8509785309563253, "Virginia": 0.8715900347668136, "Washington": 0.8802959783089428, "West Virginia": 0.8107392739199177, "Wisconsin": 0.8303353199886926, "Wyoming": 0.6175306500534465}