{"Alabama": 0.8397104712133584, "Alaska": 0.7760883315185679, "Arizona": 0.9186151792637436, "Arkansas": 0.843381037198239, "California": 0.9003271949823736, "Colorado": 0.913884514809287, "Connecticut": 0.9453225976406131, "Florida": 0.9189839075375626, "Georgia": 0.8926258588894823, "Hawaii": 0.8037969510913993, "Idaho": 0.9001729960319222, "Illinois": 0.9295949513286389, "Indiana": 0.7524497676078349, "Iowa": 0.8752990693254908, "Kansas": 0.8967408274153452, "Kentucky": 0.8536636486529549, "Louisiana": 0.8731432188042894, "Maine": 0.8975497019925825, "Maryland": 0.9102647823598882, "Massachusetts": 0.9075025256659827, "Michigan": 0.8386758357222762, "Minnesota": 0.9177055949938908, "Mississippi": 0.8164713390652504, "Missouri": 0.930952540602458, "Montana": 0.8775186158476579, "Nebraska": 0.9341487952941535, "Nevada": 0.6771547810999504, "New Hampshire": 0.8865106369287388, "New Jersey": 0.9523421795200526, "New Mexico": 0.8670651369009734, "New York": 0.9540817462421242, "North Carolina": 0.8961754630171226, "North Dakota": 0.7833408405051427, "Ohio": 0.8723501593802627, "Oklahoma": 0.7919717770255398, "Oregon": 0.8800977773058803, "Pennsylvania": 0.9119643610859084, "Rhode Island": 0.9067354842203041, "South Carolina": 0.8377320984229336, "South Dakota": 0.9150738723525057, "Tennessee": 0.8650711830542684, "Texas": 0.8997543545729237, "Utah": 0.9290482802545204, "Vermont": 0.8494388191997587, "Virginia": 0.8762529368147801, "Washington": 0.8776370812450052, "West Virginia": 0.8128886058577857, "Wisconsin": 0.8263465248956586, "Wyoming": 0.6359387452725318}