{"Alabama": 0.8229829434017087, "Alaska": 0.7734550591983725, "Arizona": 0.9371692564436619, "Arkansas": 0.8023832767416695, "California": 0.9007740649686914, "Colorado": 0.9167165531042722, "Connecticut": 0.9667795153176576, "Florida": 0.9190645791900554, "Georgia": 0.8829608311140076, "Hawaii": 0.7908530957321332, "Idaho": 0.8696689529342179, "Illinois": 0.923260296037726, "Indiana": 0.7450864039767314, "Iowa": 0.8211581245249209, "Kansas": 0.8644226265192918, "Kentucky": 0.8198084541609032, "Louisiana": 0.8713007876333164, "Maine": 0.8954376918370104, "Maryland": 0.9067926019827565, "Massachusetts": 0.9143992221885867, "Michigan": 0.8477921684768693, "Minnesota": 0.904312269711282, "Mississippi": 0.801658045650029, "Missouri": 0.9181461521832721, "Montana": 0.8448778531046303, "Nebraska": 0.8928582364180753, "Nevada": 0.6753018161939511, "New Hampshire": 0.9050750038659923, "New Jersey": 0.9479841854406064, "New Mexico": 0.8567589900707647, "New York": 0.9560601556373735, "North Carolina": 0.8790435666028434, "North Dakota": 0.7153984876664254, "Ohio": 0.8681232834672459, "Oklahoma": 0.773942188055989, "Oregon": 0.8775627149201032, "Pennsylvania": 0.9124630894728609, "Rhode Island": 0.9152134458769217, "South Carolina": 0.8233402530837352, "South Dakota": 0.8589742392928281, "Tennessee": 0.8577409075156677, "Texas": 0.9025084939468798, "Utah": 0.9268262359549271, "Vermont": 0.8509448048320966, "Virginia": 0.8812244683239123, "Washington": 0.8862889783266301, "West Virginia": 0.816146756581764, "Wisconsin": 0.7802312674914463, "Wyoming": 0.5941295117582794}