{"Alabama": 0.8298302294917456, "Alaska": 0.7683791646853574, "Arizona": 0.9186472819158856, "Arkansas": 0.8405424594325357, "California": 0.893283441828296, "Colorado": 0.9059922673246372, "Connecticut": 0.9444482257081314, "Florida": 0.9139317074509387, "Georgia": 0.8860886492920335, "Hawaii": 0.7994041470743676, "Idaho": 0.8980607585803387, "Illinois": 0.9261292188023984, "Indiana": 0.742608397516435, "Iowa": 0.872423013506154, "Kansas": 0.8962897270618796, "Kentucky": 0.8459647216028217, "Louisiana": 0.8672369885826041, "Maine": 0.8924614565797412, "Maryland": 0.9056297861437245, "Massachusetts": 0.9041760858708661, "Michigan": 0.8281786290278677, "Minnesota": 0.9122888984108378, "Mississippi": 0.8082461014877675, "Missouri": 0.9263301634372546, "Montana": 0.8744818292829997, "Nebraska": 0.933096042262654, "Nevada": 0.6733683015353674, "New Hampshire": 0.8844399301289929, "New Jersey": 0.947054049792849, "New Mexico": 0.8625497304402107, "New York": 0.9517694460260876, "North Carolina": 0.8920645491978453, "North Dakota": 0.762651800360946, "Ohio": 0.8672740998909847, "Oklahoma": 0.7780972369940238, "Oregon": 0.8755204260435276, "Pennsylvania": 0.9105872344353312, "Rhode Island": 0.9063529518737186, "South Carolina": 0.8299622621942064, "South Dakota": 0.9076982221645711, "Tennessee": 0.8604354189222264, "Texas": 0.891448376867198, "Utah": 0.9223353560315879, "Vermont": 0.849420835293811, "Virginia": 0.8738353963472496, "Washington": 0.8741877058790124, "West Virginia": 0.8142921506610697, "Wisconsin": 0.8203088750919443, "Wyoming": 0.6177417121342277}