{"Alabama": 0.8943763954816891, "Alaska": 0.765203485835102, "Arizona": 0.9197951578078558, "Arkansas": 0.8280635056730301, "California": 0.968086537527794, "Colorado": 0.9526591047306197, "Connecticut": 0.8618274480363441, "Delaware": 0.9155497128542603, "Florida": 0.9177422482727318, "Georgia": 0.9460784132858433, "Hawaii": 0.8073434893399365, "Idaho": 0.9414311623989783, "Illinois": 0.9162521515993531, "Indiana": 0.7808388753593871, "Iowa": 0.8723905184627974, "Kansas": 0.9114159217020438, "Kentucky": 0.8862142800357005, "Louisiana": 0.9222927587509583, "Maine": 0.8928470275234262, "Maryland": 0.9616597022596044, "Massachusetts": 0.885901255750952, "Michigan": 0.8414261658917138, "Minnesota": 0.9149320283645282, "Mississippi": 0.8245476505584313, "Missouri": 0.9338528276662187, "Montana": 0.8864304334803956, "Nebraska": 0.9230310970173535, "Nevada": 0.6045774629317723, "New Hampshire": 0.8871848976364124, "New Jersey": 0.9352804047405946, "New Mexico": 0.9350936504712968, "New York": 0.8650849702697523, "North Carolina": 0.8631106550417187, "North Dakota": 0.8497229519597276, "Ohio": 0.8691909153326302, "Oklahoma": 0.9228522048121488, "Oregon": 0.9241951262106316, "Pennsylvania": 0.9002167688432084, "Rhode Island": 0.8365852815780269, "South Carolina": 0.8721691180640295, "South Dakota": 0.8631992253481918, "Tennessee": 0.8953528443169289, "Texas": 0.9524310785043393, "Utah": 0.9449480644071105, "Vermont": 0.8971276110819402, "Washington": 0.9396160322771008, "West Virginia": 0.8715880405398567, "Wisconsin": 0.8195968169052532, "Wyoming": 0.7668891257476039}