{"Alabama": 0.8832960740555097, "Alaska": 0.7849390450744521, "Arizona": 0.9122933511073061, "Arkansas": 0.7996364436862121, "California": 0.9691704413136375, "Colorado": 0.9543277431985544, "Connecticut": 0.8642651939005608, "Delaware": 0.9042915891006251, "Florida": 0.8959702960944752, "Georgia": 0.9419506064325518, "Hawaii": 0.8023346878054495, "Idaho": 0.9389505592604205, "Illinois": 0.9138946815311936, "Indiana": 0.7481703654677012, "Iowa": 0.8384696444352574, "Kansas": 0.8957042331663312, "Kentucky": 0.8554431090256317, "Louisiana": 0.9148253128865564, "Maine": 0.8784530699263114, "Maryland": 0.9639958998732049, "Massachusetts": 0.8923291374788123, "Michigan": 0.8262192330276492, "Minnesota": 0.8968935472041552, "Mississippi": 0.8034430134537349, "Missouri": 0.919502665978243, "Montana": 0.8848287903464392, "Nebraska": 0.901084252369043, "Nevada": 0.5993789527462802, "New Hampshire": 0.8767339465078724, "New Jersey": 0.9310094194050166, "New Mexico": 0.9304332957973152, "New York": 0.8666601964528, "North Carolina": 0.8625934999654286, "North Dakota": 0.8327520670185192, "Ohio": 0.8493169427302366, "Oklahoma": 0.9104028330553582, "Oregon": 0.9091418779122359, "Pennsylvania": 0.8840228939808583, "Rhode Island": 0.8301350629597849, "South Carolina": 0.857589452755567, "South Dakota": 0.8362194896174119, "Tennessee": 0.8722067343999832, "Texas": 0.9459054053310519, "Utah": 0.9417180519482209, "Vermont": 0.8753300570380717, "Washington": 0.9485838711430746, "West Virginia": 0.8538012476655279, "Wisconsin": 0.7947089319085071, "Wyoming": 0.7631758984611916}