{"Alabama": 0.7917051449700855, "Alaska": 0.7898894737950174, "Arizona": 0.9138559608970228, "Arkansas": 0.799620467404683, "California": 0.9714198912712082, "Colorado": 0.958463774730973, "Connecticut": 0.8642772132466042, "Delaware": 0.8783021359411521, "Florida": 0.9098123088104101, "Georgia": 0.940948372220103, "Hawaii": 0.784127382702929, "Idaho": 0.9428776321497168, "Illinois": 0.919695851910033, "Indiana": 0.7628408565318606, "Iowa": 0.8327252377399758, "Kansas": 0.8914495610893997, "Kentucky": 0.85352249708887, "Louisiana": 0.9030487584642641, "Maine": 0.877323421526672, "Maryland": 0.9668569899290713, "Massachusetts": 0.8995967299059288, "Michigan": 0.8380745471356588, "Minnesota": 0.8980428316225313, "Mississippi": 0.81746337342815, "Missouri": 0.9172713676107467, "Montana": 0.8907913382180661, "Nebraska": 0.8916197682861848, "Nevada": 0.6250616042228135, "New Hampshire": 0.8818162378530686, "New Jersey": 0.9322028355630948, "New Mexico": 0.9316365380857511, "New York": 0.8632022789284577, "North Carolina": 0.8613116672253944, "North Dakota": 0.830188454116068, "Ohio": 0.8544939191812372, "Oklahoma": 0.8970248810130312, "Oregon": 0.902477259200065, "Pennsylvania": 0.8858917327867564, "Rhode Island": 0.8222563947213162, "South Carolina": 0.863990681792792, "South Dakota": 0.833836920006182, "Tennessee": 0.8765643076557523, "Texas": 0.9461556087340804, "Utah": 0.9423929919956348, "Vermont": 0.863989678000628, "Washington": 0.9488642635788418, "West Virginia": 0.8412064374541062, "Wisconsin": 0.8009713106741304, "Wyoming": 0.6878283787379365}