{"Alabama": 0.8971032385150813, "Alaska": 0.7761207427563447, "Arizona": 0.9207241500234811, "Arkansas": 0.8078651054980067, "California": 0.9740946529267743, "Colorado": 0.9614787911737128, "Connecticut": 0.8690824573222086, "Delaware": 0.8788077174552615, "Florida": 0.9178348232346258, "Georgia": 0.9432856933174775, "Hawaii": 0.8032703072011135, "Idaho": 0.9465731333099008, "Illinois": 0.9255318059504479, "Indiana": 0.7699857167903688, "Iowa": 0.8385290187281216, "Kansas": 0.8968215052368763, "Kentucky": 0.8595732311003449, "Louisiana": 0.9117318239976312, "Maine": 0.8797179428470926, "Maryland": 0.9686077120907324, "Massachusetts": 0.9020537044569561, "Michigan": 0.8515372972154122, "Minnesota": 0.8994281523313553, "Mississippi": 0.8284162682745064, "Missouri": 0.9193270875818742, "Montana": 0.8987580286357228, "Nebraska": 0.8902967268238504, "Nevada": 0.6468834445740651, "New Hampshire": 0.8978444249373021, "New Jersey": 0.9350225450705135, "New Mexico": 0.9355079193614796, "New York": 0.8651633807760042, "North Carolina": 0.8904047303262246, "North Dakota": 0.8380404225688001, "Ohio": 0.8644503856625163, "Oklahoma": 0.9075779347291958, "Oregon": 0.9071172602492981, "Pennsylvania": 0.8907606868748507, "Rhode Island": 0.7440158261730809, "South Carolina": 0.8766708178121605, "South Dakota": 0.8383385660882602, "Tennessee": 0.880926649991743, "Texas": 0.9499952298687783, "Utah": 0.947149667995132, "Vermont": 0.7904363514505424, "Washington": 0.954355289347162, "West Virginia": 0.8450130652072294, "Wisconsin": 0.812509818099104, "Wyoming": 0.5950405825286661}