{"Alabama": 0.9015862416717966, "Alaska": 0.8323464280301264, "Arizona": 0.9217180215579567, "Arkansas": 0.8083610182084714, "California": 0.97295080913526, "Colorado": 0.9658570585665778, "Connecticut": 0.8681515966152356, "Delaware": 0.8916479393033588, "Florida": 0.9120347202331219, "Georgia": 0.943792612778564, "Hawaii": 0.8119888993209496, "Idaho": 0.946832794465441, "Illinois": 0.9229468741671473, "Indiana": 0.7668197441008952, "Iowa": 0.8336272849918466, "Kansas": 0.8927698513172337, "Kentucky": 0.8580469778426479, "Louisiana": 0.9099697938881405, "Maine": 0.8809865797062533, "Maryland": 0.9695384369339992, "Massachusetts": 0.9029328464431999, "Michigan": 0.8527447331044318, "Minnesota": 0.8940610840573252, "Mississippi": 0.8288641397627056, "Missouri": 0.9174423361296792, "Montana": 0.9018825805400634, "Nebraska": 0.8836445062845549, "Nevada": 0.6651492167110277, "New Hampshire": 0.9001135767495066, "New Jersey": 0.9346275177541536, "New Mexico": 0.9346906189377409, "New York": 0.8636143729720567, "North Carolina": 0.8949222662352474, "North Dakota": 0.8372771580436216, "Ohio": 0.8623861160172556, "Oklahoma": 0.8982998532767595, "Oregon": 0.8971060073868958, "Pennsylvania": 0.8892934806293077, "Rhode Island": 0.8500916514789422, "South Carolina": 0.8768608901143922, "South Dakota": 0.8349875562514674, "Tennessee": 0.881739112565294, "Texas": 0.9458622182714131, "Utah": 0.9459485158589388, "Vermont": 0.8743875690366656, "Washington": 0.9551299533613707, "West Virginia": 0.8417089240032959, "Wisconsin": 0.8115226544320893, "Wyoming": 0.7386973502534376}