{"Alabama": 0.8978842304927527, "Alaska": 0.8247038257210196, "Arizona": 0.920730926690581, "Arkansas": 0.8015062091187728, "California": 0.9724321391377998, "Colorado": 0.9688663855823639, "Connecticut": 0.8667632876159228, "Delaware": 0.8950434608392909, "Florida": 0.9153641932955966, "Georgia": 0.9361915259029887, "Hawaii": 0.8309998244265707, "Idaho": 0.9414103637303146, "Illinois": 0.915284214474191, "Indiana": 0.7562995601448048, "Iowa": 0.8173860766355345, "Kansas": 0.8836995579303742, "Kentucky": 0.847359853120054, "Louisiana": 0.9051818221042677, "Maine": 0.8675892277942545, "Maryland": 0.9704065281193341, "Massachusetts": 0.9014202937812975, "Michigan": 0.851947390101159, "Minnesota": 0.8843477349449467, "Mississippi": 0.8189220743987288, "Missouri": 0.9101392366331338, "Montana": 0.8974420097238281, "Nebraska": 0.8734013505473867, "Nevada": 0.6814242622425807, "New Hampshire": 0.8953344990772641, "New Jersey": 0.9313327938021013, "New Mexico": 0.9339588865485716, "New York": 0.8580765574957121, "North Carolina": 0.8971167621391083, "North Dakota": 0.8315016007065522, "Ohio": 0.85402101437747, "Oklahoma": 0.8939277402258499, "Oregon": 0.8921139868029906, "Pennsylvania": 0.881495595961821, "Rhode Island": 0.822713061771255, "South Carolina": 0.8800689815666684, "South Dakota": 0.8251921506172515, "Tennessee": 0.8730018646313797, "Texas": 0.9431862117068294, "Utah": 0.9421915111753089, "Vermont": 0.8731590231648111, "Washington": 0.9531625605785187, "West Virginia": 0.8327482037272274, "Wisconsin": 0.7995798126114328, "Wyoming": 0.7282532444074993}