{"Alabama": 0.8872170747373643, "Alaska": 0.8281568932789283, "Arizona": 0.9318785058098205, "Arkansas": 0.781900765442608, "California": 0.9737622114353631, "Colorado": 0.9703565501185997, "Connecticut": 0.8893136146438337, "Delaware": 0.9065003794796247, "Florida": 0.9077915435707464, "Georgia": 0.9382506518647046, "Hawaii": 0.808791397485215, "Idaho": 0.9131806981587105, "Illinois": 0.9167915120973766, "Indiana": 0.7840566055713084, "Iowa": 0.7951621854253536, "Kansas": 0.86543404338083, "Kentucky": 0.8276234286396954, "Louisiana": 0.9126756176346527, "Maine": 0.8790879505833936, "Maryland": 0.9632260025492817, "Massachusetts": 0.9107389900545632, "Michigan": 0.8844734507616318, "Minnesota": 0.8854964295639405, "Mississippi": 0.8167356719855159, "Missouri": 0.9058680857452516, "Montana": 0.84505802774796, "Nebraska": 0.8545188300225823, "Nevada": 0.6702396297415305, "New Hampshire": 0.9170486223953214, "New Jersey": 0.9384436977361992, "New Mexico": 0.9210007553692238, "New York": 0.8648745950264362, "North Carolina": 0.8869156883861667, "North Dakota": 0.7531084528539399, "Ohio": 0.8660230281985795, "Oklahoma": 0.8721756667387822, "Oregon": 0.8997339358367112, "Pennsylvania": 0.8904219654625662, "Rhode Island": 0.862776500975338, "South Carolina": 0.8798776183109321, "South Dakota": 0.7765505314109131, "Tennessee": 0.8675248631763763, "Texas": 0.9472740332841629, "Utah": 0.9486778278370074, "Vermont": 0.8874323896005684, "Washington": 0.9596850444080722, "West Virginia": 0.839182276815958, "Wisconsin": 0.7948475141642687, "Wyoming": 0.7219618136054967}