{"Alabama": 0.888232762480998, "Alaska": 0.8239928970606938, "Arizona": 0.9155430424323889, "Arkansas": 0.8029802296594426, "California": 0.9711316257111695, "Colorado": 0.9701379878239157, "Connecticut": 0.8662143271299989, "Delaware": 0.7469149619366944, "Florida": 0.9156332191693837, "Georgia": 0.9322759314632648, "Hawaii": 0.8347799925730247, "Idaho": 0.935591994122691, "Illinois": 0.9133725493045968, "Indiana": 0.7499521312224625, "Iowa": 0.8052520056693673, "Kansas": 0.8741036474660615, "Kentucky": 0.8423131033165518, "Louisiana": 0.9035271369567786, "Maine": 0.8674760999724446, "Maryland": 0.9727151143387534, "Massachusetts": 0.9049322739214413, "Michigan": 0.8542081648438299, "Minnesota": 0.8784778375456529, "Mississippi": 0.8199625827860697, "Missouri": 0.9092238230328106, "Montana": 0.899033297601716, "Nebraska": 0.8644476954302337, "Nevada": 0.6845404181859046, "New Hampshire": 0.8967799545829808, "New Jersey": 0.9300035253156225, "New Mexico": 0.9344906131758656, "New York": 0.8582732196729079, "North Carolina": 0.8994685570311646, "North Dakota": 0.8329791433184969, "Ohio": 0.8481163682277171, "Oklahoma": 0.8875568029949439, "Oregon": 0.8904530724706202, "Pennsylvania": 0.8770379354763246, "Rhode Island": 0.845368940563584, "South Carolina": 0.877772849749127, "South Dakota": 0.8226784850240286, "Tennessee": 0.8683346925647453, "Texas": 0.9398445629244782, "Utah": 0.9389080252494301, "Vermont": 0.8733549608376523, "Washington": 0.9510786365306317, "West Virginia": 0.8281703556500596, "Wisconsin": 0.791786312117066, "Wyoming": 0.7342824370568634}