{"Alabama": 0.8757158815120529, "Alaska": 0.8301987560367812, "Arizona": 0.925032874940687, "Arkansas": 0.7801314891933808, "California": 0.9717880337955618, "Colorado": 0.9715160801419085, "Connecticut": 0.8861727514436384, "Delaware": 0.7686371208413464, "Florida": 0.9093571755855839, "Georgia": 0.9335970261294365, "Hawaii": 0.8151824268228087, "Idaho": 0.911585819809349, "Illinois": 0.9130506482077143, "Indiana": 0.7714504561367043, "Iowa": 0.7779524796798188, "Kansas": 0.8524733161848409, "Kentucky": 0.8228544805582634, "Louisiana": 0.9106289824858593, "Maine": 0.8777749177649774, "Maryland": 0.9665341538237644, "Massachusetts": 0.9127405700189238, "Michigan": 0.880146810303472, "Minnesota": 0.876975511496921, "Mississippi": 0.8133047259950493, "Missouri": 0.9027685995652405, "Montana": 0.8517299254036047, "Nebraska": 0.8450830191505146, "Nevada": 0.6751958378471868, "New Hampshire": 0.9164530263692887, "New Jersey": 0.9372388756750647, "New Mexico": 0.922877938694392, "New York": 0.8646359908936826, "North Carolina": 0.8882236349103245, "North Dakota": 0.7555184971679216, "Ohio": 0.8564206957737093, "Oklahoma": 0.8654251795149159, "Oregon": 0.8958828509497848, "Pennsylvania": 0.8847191276898596, "Rhode Island": 0.860393856556813, "South Carolina": 0.8762165291030298, "South Dakota": 0.7731292854714258, "Tennessee": 0.8620611409037476, "Texas": 0.9431385070900571, "Utah": 0.9443425777188377, "Vermont": 0.8854641492037457, "Washington": 0.9566493001437213, "West Virginia": 0.8334623820020791, "Wisconsin": 0.7826693765665567, "Wyoming": 0.707602330362803}