{"Alabama": 0.8833918361311272, "Alaska": 0.8122505300261206, "Arizona": 0.915649377070738, "Arkansas": 0.8017530188585194, "California": 0.9705527294002846, "Colorado": 0.9707750063496153, "Connecticut": 0.867244625001083, "Delaware": 0.8874663818453671, "Florida": 0.9217300614557933, "Georgia": 0.9302374675533863, "Hawaii": 0.8378751948604983, "Idaho": 0.930803052975952, "Illinois": 0.9125577120471995, "Indiana": 0.7490762062621396, "Iowa": 0.7970969326466043, "Kansas": 0.8677061672183963, "Kentucky": 0.8372940889978404, "Louisiana": 0.9096809053548863, "Maine": 0.8637109313006013, "Maryland": 0.9729500387845862, "Massachusetts": 0.9040619605952662, "Michigan": 0.8547201692621899, "Minnesota": 0.871490442386708, "Mississippi": 0.8219775356563142, "Missouri": 0.9084093179796111, "Montana": 0.9002283407352205, "Nebraska": 0.8616209434501101, "Nevada": 0.6925721599415642, "New Hampshire": 0.8976876030449353, "New Jersey": 0.9312249493736116, "New Mexico": 0.9420298734982002, "New York": 0.8582835301661885, "North Carolina": 0.9031253013753495, "North Dakota": 0.8305352271333684, "Ohio": 0.8437235136916377, "Oklahoma": 0.8752807947843505, "Oregon": 0.8920073398214889, "Pennsylvania": 0.8702796072170796, "Rhode Island": 0.8436557315546583, "South Carolina": 0.8778357201592705, "South Dakota": 0.815662016328518, "Tennessee": 0.8688450747975056, "Texas": 0.9350157574671556, "Utah": 0.9377355911553514, "Vermont": 0.8704018224345403, "Washington": 0.9480531043453376, "West Virginia": 0.823177309815869, "Wisconsin": 0.7844854650769896, "Wyoming": 0.7013549512959372}