{"Alabama": 0.8687627260247383, "Alaska": 0.8236086718649787, "Arizona": 0.9237727032814417, "Arkansas": 0.7760487927979592, "California": 0.9698433749514426, "Colorado": 0.9720611128223755, "Connecticut": 0.8841231968886365, "Delaware": 0.8986961441019877, "Florida": 0.9164592098987602, "Georgia": 0.931323087124403, "Hawaii": 0.8208004345417004, "Idaho": 0.9097212966569953, "Illinois": 0.9106094417431309, "Indiana": 0.7628322813817004, "Iowa": 0.7692450656262764, "Kansas": 0.8443847321927773, "Kentucky": 0.8154977818959551, "Louisiana": 0.915241037927911, "Maine": 0.8735213054475423, "Maryland": 0.9675935370881935, "Massachusetts": 0.910611652579875, "Michigan": 0.8739566069705507, "Minnesota": 0.8683925327768804, "Mississippi": 0.8121161673073035, "Missouri": 0.9004130202951277, "Montana": 0.8590102780540617, "Nebraska": 0.8425378741405949, "Nevada": 0.6848780978936518, "New Hampshire": 0.9136582800114462, "New Jersey": 0.9380155048498869, "New Mexico": 0.9327031273364365, "New York": 0.8638969993453486, "North Carolina": 0.8920038665082048, "North Dakota": 0.7610521644955147, "Ohio": 0.8484669731296403, "Oklahoma": 0.85569640984806, "Oregon": 0.8942306803495559, "Pennsylvania": 0.876602839434156, "Rhode Island": 0.8560575453166147, "South Carolina": 0.8750580240706991, "South Dakota": 0.7715970715507221, "Tennessee": 0.8619352633313446, "Texas": 0.9380878709682295, "Utah": 0.9411473876017771, "Vermont": 0.8808299139324282, "Washington": 0.9522194914789663, "West Virginia": 0.8271407770116471, "Wisconsin": 0.7718693637343563, "Wyoming": 0.6790017581775964}