{"Alabama": 0.8661389425532718, "Alaska": 0.8165072718629166, "Arizona": 0.9228329886100317, "Arkansas": 0.7758517369211493, "California": 0.9710231846042535, "Colorado": 0.9711060068722416, "Connecticut": 0.879530691048423, "Delaware": 0.895749394693437, "Florida": 0.9169869093458591, "Georgia": 0.9310569843680035, "Hawaii": 0.8266498241991496, "Idaho": 0.9063287445052396, "Illinois": 0.9070242592139915, "Indiana": 0.759525844826315, "Iowa": 0.7564565048638506, "Kansas": 0.8350011839686846, "Kentucky": 0.8136924849932499, "Louisiana": 0.9062133605110867, "Maine": 0.8692737657381653, "Maryland": 0.9694939866167143, "Massachusetts": 0.9080202012532119, "Michigan": 0.8712331198619176, "Minnesota": 0.8627828166331551, "Mississippi": 0.808644011286194, "Missouri": 0.8964534362237007, "Montana": 0.8565460890969951, "Nebraska": 0.8363492513794076, "Nevada": 0.6864473714695464, "New Hampshire": 0.9093090006381778, "New Jersey": 0.9399337373004432, "New Mexico": 0.9366002773973106, "New York": 0.8706875801977835, "North Carolina": 0.8932676480414737, "North Dakota": 0.7506941474551969, "Ohio": 0.8472883179007865, "Oklahoma": 0.842888685941998, "Oregon": 0.8943822760029739, "Pennsylvania": 0.8756945886113645, "Rhode Island": 0.8524181322999976, "South Carolina": 0.8713682188925397, "South Dakota": 0.7645211525793413, "Tennessee": 0.8639786292307575, "Texas": 0.9332563968285631, "Utah": 0.9282245021302898, "Vermont": 0.8720375455143141, "Washington": 0.9512383669931302, "West Virginia": 0.818863196539875, "Wisconsin": 0.762591493198061, "Wyoming": 0.6635421333697713}