{"Alabama": 0.8815329197220174, "Alaska": 0.8051669976143286, "Arizona": 0.9149977325688886, "Arkansas": 0.8039274125494549, "California": 0.9724620957913688, "Colorado": 0.9698328411301893, "Connecticut": 0.8639244516788686, "Delaware": 0.8848717459768436, "Florida": 0.9214663658921145, "Georgia": 0.9303925986840992, "Hawaii": 0.8420938226764009, "Idaho": 0.9254757709710496, "Illinois": 0.9102210504152511, "Indiana": 0.7519801125141935, "Iowa": 0.7892395979739228, "Kansas": 0.8616511417079024, "Kentucky": 0.8386171231238942, "Louisiana": 0.9014175623794982, "Maine": 0.8608087631616115, "Maryland": 0.9742764681846693, "Massachusetts": 0.9019354211171838, "Michigan": 0.8562225443709247, "Minnesota": 0.8679172707190441, "Mississippi": 0.818975925376169, "Missouri": 0.9059927983401187, "Montana": 0.89490853114534, "Nebraska": 0.8563525464771055, "Nevada": 0.6925014367311734, "New Hampshire": 0.8944239261358828, "New Jersey": 0.934425121834581, "New Mexico": 0.9466775022642476, "New York": 0.8662977850585311, "North Carolina": 0.9041785117228409, "North Dakota": 0.8267411756656263, "Ohio": 0.8458653063179458, "Oklahoma": 0.8654473305452386, "Oregon": 0.8954972482140272, "Pennsylvania": 0.8713893529675923, "Rhode Island": 0.8413378050499489, "South Carolina": 0.8751730951624972, "South Dakota": 0.8080074478548865, "Tennessee": 0.8719597479284529, "Texas": 0.9309228668153952, "Utah": 0.924862668004493, "Vermont": 0.8637814739535313, "Washington": 0.9478917443847132, "West Virginia": 0.8180165690944149, "Wisconsin": 0.7801863659600168, "Wyoming": 0.6890299719128569}