{"Alabama": 0.8628292018841487, "Alaska": 0.809676846206863, "Arizona": 0.9189774493889308, "Arkansas": 0.7666101672846882, "California": 0.9694365236566479, "Colorado": 0.9680995569285301, "Connecticut": 0.8686104387800938, "Delaware": 0.884385486125953, "Florida": 0.9193905974650126, "Georgia": 0.9288966914454623, "Hawaii": 0.8321180697758935, "Idaho": 0.8983095546243303, "Illinois": 0.9027625322180193, "Indiana": 0.7584547008569792, "Iowa": 0.7411783923670108, "Kansas": 0.8243170060946813, "Kentucky": 0.811119409831115, "Louisiana": 0.8954254641243038, "Maine": 0.8761716642220578, "Maryland": 0.9711529279091425, "Massachusetts": 0.9118201206775166, "Michigan": 0.8734559527495059, "Minnesota": 0.8527189855702064, "Mississippi": 0.8056097176615501, "Missouri": 0.8909666571360835, "Montana": 0.8476475309760652, "Nebraska": 0.8291284443132059, "Nevada": 0.6800894192324097, "New Hampshire": 0.9026650573466112, "New Jersey": 0.9394756746067311, "New Mexico": 0.9307568651430208, "New York": 0.8774584064787493, "North Carolina": 0.8897466565233636, "North Dakota": 0.7461056124223144, "Ohio": 0.8444350914580822, "Oklahoma": 0.8182198107147376, "Oregon": 0.8885982319552584, "Pennsylvania": 0.8723179092181763, "Rhode Island": 0.8493067412028824, "South Carolina": 0.8641773108143027, "South Dakota": 0.7536836860220236, "Tennessee": 0.8622525151146143, "Texas": 0.9236508115903538, "Utah": 0.9196226975319097, "Vermont": 0.8676327825114287, "Washington": 0.9451500156213247, "West Virginia": 0.8019027387941878, "Wisconsin": 0.752324987777436, "Wyoming": 0.6203926213416089}