{"Alabama": 0.8786874376128878, "Alaska": 0.7995013295974328, "Arizona": 0.9110426271718893, "Arkansas": 0.7967970858100356, "California": 0.971713412034446, "Colorado": 0.9663843805304411, "Connecticut": 0.8521547208370777, "Delaware": 0.8740228059388805, "Florida": 0.9233266356666151, "Georgia": 0.9289775615446006, "Hawaii": 0.8463002283564851, "Idaho": 0.9213174007578762, "Illinois": 0.9068838095591446, "Indiana": 0.754935581305866, "Iowa": 0.7778207339650038, "Kansas": 0.8510370502007577, "Kentucky": 0.8376346148764385, "Louisiana": 0.8907126848583622, "Maine": 0.8692678833392478, "Maryland": 0.9753321773192468, "Massachusetts": 0.9064592257783015, "Michigan": 0.8615519387489907, "Minnesota": 0.8583678350401692, "Mississippi": 0.8168863846842576, "Missouri": 0.9016829525949823, "Montana": 0.8863669250388041, "Nebraska": 0.8508209308374156, "Nevada": 0.6853554187776296, "New Hampshire": 0.8884259504483945, "New Jersey": 0.9350058794902888, "New Mexico": 0.9399869993324953, "New York": 0.8742243390122838, "North Carolina": 0.9015013392997625, "North Dakota": 0.8213124821453108, "Ohio": 0.8440327890995898, "Oklahoma": 0.838734634404365, "Oregon": 0.8908987338407682, "Pennsylvania": 0.8689225214044833, "Rhode Island": 0.8390141707254796, "South Carolina": 0.870309696652225, "South Dakota": 0.798383772203555, "Tennessee": 0.8709507871640974, "Texas": 0.9210196771465653, "Utah": 0.9178740752910775, "Vermont": 0.8611229100126214, "Washington": 0.9429387912310325, "West Virginia": 0.8010601753709737, "Wisconsin": 0.7728872815197456, "Wyoming": 0.6467114550869912}