{"Alabama": 0.8657816489124198, "Alaska": 0.8157553901563336, "Arizona": 0.9091291162452746, "Arkansas": 0.7698532392885686, "California": 0.9640271904352881, "Colorado": 0.9653876699965378, "Connecticut": 0.8544140152478618, "Delaware": 0.8678999785444539, "Florida": 0.9117065946455273, "Georgia": 0.9267040684184283, "Hawaii": 0.8385147511121094, "Idaho": 0.8919432698793182, "Illinois": 0.8996099208253251, "Indiana": 0.7747357107339073, "Iowa": 0.7414402932008127, "Kansas": 0.8275528507414014, "Kentucky": 0.8180609362942372, "Louisiana": 0.8830477542956544, "Maine": 0.8699775652939653, "Maryland": 0.9713356385650526, "Massachusetts": 0.9106004188555771, "Michigan": 0.8866193023295711, "Minnesota": 0.8458521434460243, "Mississippi": 0.7999585530517557, "Missouri": 0.8843220300360779, "Montana": 0.8419079014099783, "Nebraska": 0.8211963003858326, "Nevada": 0.6754747088413012, "New Hampshire": 0.8971323037869454, "New Jersey": 0.9358883108581149, "New Mexico": 0.9281496527390442, "New York": 0.8771832396514276, "North Carolina": 0.8909018074214579, "North Dakota": 0.7410919442397672, "Ohio": 0.8520790970482994, "Oklahoma": 0.8201126352747939, "Oregon": 0.883903040685818, "Pennsylvania": 0.8698450535419411, "Rhode Island": 0.8484665937725163, "South Carolina": 0.8601290066612033, "South Dakota": 0.7489542136917808, "Tennessee": 0.8644365436561131, "Texas": 0.9153805174152789, "Utah": 0.9089506629097911, "Vermont": 0.8639042091162483, "Washington": 0.9380917084791722, "West Virginia": 0.7929283725881608, "Wisconsin": 0.7586214925870269, "Wyoming": 0.6435748281993996}