{"Alabama": 0.8824675909093825, "Alaska": 0.8059808794940985, "Arizona": 0.902094502133377, "Arkansas": 0.7989598739353521, "California": 0.9667935045649619, "Colorado": 0.9637706816824959, "Connecticut": 0.8390118315093137, "Delaware": 0.8578719173524907, "Florida": 0.9154870644425668, "Georgia": 0.9264580345902655, "Hawaii": 0.8504392676591656, "Idaho": 0.9178247338536806, "Illinois": 0.9030925080589418, "Indiana": 0.7801793101185758, "Iowa": 0.7787973306607004, "Kansas": 0.8557912766528734, "Kentucky": 0.8451093032300725, "Louisiana": 0.8791321720018374, "Maine": 0.8644051245319937, "Maryland": 0.9747975509307438, "Massachusetts": 0.9064118474653442, "Michigan": 0.879435043039094, "Minnesota": 0.8531788509552958, "Mississippi": 0.8146846450482967, "Missouri": 0.8946087949211576, "Montana": 0.8816597906151072, "Nebraska": 0.845808606465133, "Nevada": 0.6809813277541874, "New Hampshire": 0.8845393785907616, "New Jersey": 0.9325771798622442, "New Mexico": 0.9382689154529368, "New York": 0.8753425642616746, "North Carolina": 0.9009116590653489, "North Dakota": 0.8126050222713989, "Ohio": 0.8531049913965864, "Oklahoma": 0.8429375946222053, "Oregon": 0.8917365852234327, "Pennsylvania": 0.8674095856363303, "Rhode Island": 0.840144557392492, "South Carolina": 0.8671723293375192, "South Dakota": 0.7950364618924443, "Tennessee": 0.8726548696256686, "Texas": 0.9138892710448346, "Utah": 0.9087805718630186, "Vermont": 0.8600240096804626, "Washington": 0.938044815866356, "West Virginia": 0.79450797206546, "Wisconsin": 0.7825426176078826, "Wyoming": 0.6702181212337552}