{"Alabama": 0.8797773994014692, "Alaska": 0.8001092682532648, "Arizona": 0.8983771634010135, "Arkansas": 0.7976251467021747, "California": 0.9636630587284569, "Colorado": 0.9631869696536511, "Connecticut": 0.8395019314053705, "Delaware": 0.8596565252090084, "Florida": 0.912145655338124, "Georgia": 0.9216607288549817, "Hawaii": 0.845223067909819, "Idaho": 0.916123416628802, "Illinois": 0.9003683050519572, "Indiana": 0.7696285846753488, "Iowa": 0.7732478882524555, "Kansas": 0.854582453466815, "Kentucky": 0.8416891295640723, "Louisiana": 0.8750434074736573, "Maine": 0.8518918405771728, "Maryland": 0.9742665955280728, "Massachusetts": 0.9074829054204935, "Michigan": 0.8758490262620137, "Minnesota": 0.8516401454918922, "Mississippi": 0.813563578022927, "Missouri": 0.888633697777083, "Montana": 0.8802039361413166, "Nebraska": 0.8433015366770682, "Nevada": 0.6696983263341926, "New Hampshire": 0.8844655763100463, "New Jersey": 0.9323487127590089, "New Mexico": 0.930823560273862, "New York": 0.8749410733349706, "North Carolina": 0.9003793394073427, "North Dakota": 0.7914638602581441, "Ohio": 0.8495095973815986, "Oklahoma": 0.8241593006843484, "Oregon": 0.8898923040926148, "Pennsylvania": 0.8666497052626675, "Rhode Island": 0.8380681562190617, "South Carolina": 0.8639460063528935, "South Dakota": 0.7920274698665474, "Tennessee": 0.8694995511206274, "Texas": 0.9096144029505311, "Utah": 0.9143156112874258, "Vermont": 0.8617290348400415, "Washington": 0.9377966495041083, "West Virginia": 0.7859641241724978, "Wisconsin": 0.7782265799816224, "Wyoming": 0.6567293996663895}