{"Alabama": 0.8635162728035014, "Alaska": 0.8092804855156309, "Arizona": 0.9044522710941849, "Arkansas": 0.7675775180172605, "California": 0.96078605696908, "Colorado": 0.9646558444287763, "Connecticut": 0.8527530683629386, "Delaware": 0.8677343330951036, "Florida": 0.9078970520177567, "Georgia": 0.9215970154726155, "Hawaii": 0.8334818440932481, "Idaho": 0.8895340665112997, "Illinois": 0.8961741376277271, "Indiana": 0.7607857263975079, "Iowa": 0.7322853701216384, "Kansas": 0.8239993160097073, "Kentucky": 0.8143979888190499, "Louisiana": 0.8785601367196971, "Maine": 0.8568462799567985, "Maryland": 0.9709691432586149, "Massachusetts": 0.9105566911965728, "Michigan": 0.8809245727719144, "Minnesota": 0.8433022384498235, "Mississippi": 0.7988205440150531, "Missouri": 0.8787256981632892, "Montana": 0.841113860812867, "Nebraska": 0.8147962434108084, "Nevada": 0.663879083436919, "New Hampshire": 0.8954685180462613, "New Jersey": 0.9349432308805433, "New Mexico": 0.9208208138691492, "New York": 0.8758121007890226, "North Carolina": 0.8897146492406961, "North Dakota": 0.7211930271723799, "Ohio": 0.8467560181581494, "Oklahoma": 0.8031667673000137, "Oregon": 0.8813078737792789, "Pennsylvania": 0.867918463437363, "Rhode Island": 0.8452473926430826, "South Carolina": 0.8568940164922503, "South Dakota": 0.7432266452674494, "Tennessee": 0.8616876912822897, "Texas": 0.9108382009834283, "Utah": 0.9118074793354358, "Vermont": 0.8642025638491238, "Washington": 0.9366276793669788, "West Virginia": 0.7844158890785675, "Wisconsin": 0.7512506643159909, "Wyoming": 0.6288740683844194}