{"Alabama": 0.8625965422019075, "Alaska": 0.8117910501489222, "Arizona": 0.9061796202214247, "Arkansas": 0.7756236957564329, "California": 0.963018604584823, "Colorado": 0.9647153426894247, "Connecticut": 0.8548671761404057, "Delaware": 0.8761200291819488, "Florida": 0.9112663416938181, "Georgia": 0.9224012977924512, "Hawaii": 0.8319368536674878, "Idaho": 0.8845332449190321, "Illinois": 0.8979515949445893, "Indiana": 0.7573429787194129, "Iowa": 0.7316723755634268, "Kansas": 0.8260258783111485, "Kentucky": 0.8145278199845172, "Louisiana": 0.8781057349923611, "Maine": 0.8589403643757106, "Maryland": 0.9717847104134145, "Massachusetts": 0.915200407349992, "Michigan": 0.8774936943038353, "Minnesota": 0.8473759116260938, "Mississippi": 0.8029500574182343, "Missouri": 0.8817423404386485, "Montana": 0.8433932354740737, "Nebraska": 0.8136996247728259, "Nevada": 0.6674399751392204, "New Hampshire": 0.8959025620240963, "New Jersey": 0.9388094877018069, "New Mexico": 0.9164812249573381, "New York": 0.8834979721648425, "North Carolina": 0.8924313252046029, "North Dakota": 0.7024425595380306, "Ohio": 0.8486054583957736, "Oklahoma": 0.8113545870219546, "Oregon": 0.8837845836204505, "Pennsylvania": 0.8716396256380711, "Rhode Island": 0.8517381595994589, "South Carolina": 0.8587003603786721, "South Dakota": 0.742058479201434, "Tennessee": 0.8628636847777945, "Texas": 0.9101393827792837, "Utah": 0.9127279608432092, "Vermont": 0.8635473329130984, "Washington": 0.9344591976797281, "West Virginia": 0.7873135474445941, "Wisconsin": 0.7475995232206961, "Wyoming": 0.6152081765717257}