{"Alabama": 0.8788170649028564, "Alaska": 0.799063923759752, "Arizona": 0.9004900136413981, "Arkansas": 0.8045898495650377, "California": 0.9658017925982657, "Colorado": 0.9631230546873254, "Connecticut": 0.8420707642342838, "Delaware": 0.8685838186987574, "Florida": 0.9152174256283169, "Georgia": 0.9226835102693453, "Hawaii": 0.8435517917323307, "Idaho": 0.9160971689423593, "Illinois": 0.9025003703960467, "Indiana": 0.7657375618342188, "Iowa": 0.7741651254327327, "Kansas": 0.8584749768485936, "Kentucky": 0.8426468891290451, "Louisiana": 0.8745374258503402, "Maine": 0.8545621782872674, "Maryland": 0.9749320490235167, "Massachusetts": 0.9121953152291963, "Michigan": 0.874279332282106, "Minnesota": 0.8568219817496832, "Mississippi": 0.8162137188609886, "Missouri": 0.8920588363953434, "Montana": 0.8832877509536705, "Nebraska": 0.8450239868814886, "Nevada": 0.6726652363139529, "New Hampshire": 0.8855744450562395, "New Jersey": 0.9362381096890182, "New Mexico": 0.9276490832002795, "New York": 0.8827296634623711, "North Carolina": 0.9035329861115206, "North Dakota": 0.7701762328868846, "Ohio": 0.8526044951216893, "Oklahoma": 0.8310498035221944, "Oregon": 0.8940221585405017, "Pennsylvania": 0.8709660880492793, "Rhode Island": 0.845310603847609, "South Carolina": 0.8675788051702694, "South Dakota": 0.7940513204301509, "Tennessee": 0.8705521154406085, "Texas": 0.9089181500871631, "Utah": 0.9157563812688856, "Vermont": 0.8634350046011884, "Washington": 0.9367868961130162, "West Virginia": 0.7890178884456125, "Wisconsin": 0.7774857607129435, "Wyoming": 0.6444173192946956}