{"Alabama": 0.8751633335311354, "Alaska": 0.7837631350515873, "Arizona": 0.8997475996978206, "Arkansas": 0.8039672726772772, "California": 0.9632563372686483, "Colorado": 0.9632983347942713, "Connecticut": 0.8476393475484706, "Delaware": 0.8715900347668136, "Florida": 0.9157373019986003, "Georgia": 0.9243525450551251, "Hawaii": 0.8399223861342, "Idaho": 0.9104570372577144, "Illinois": 0.9029451003171102, "Indiana": 0.7591741213927358, "Iowa": 0.7753645868460275, "Kansas": 0.8562450333778159, "Kentucky": 0.833521993288802, "Louisiana": 0.8769730990399495, "Maine": 0.8652267499920087, "Maryland": 0.9752149328024624, "Massachusetts": 0.9050760381193059, "Michigan": 0.8722622906029758, "Minnesota": 0.857442647876965, "Mississippi": 0.8143881024338055, "Missouri": 0.893235698342842, "Montana": 0.877156402496844, "Nebraska": 0.8483379889556655, "Nevada": 0.6787290244957138, "New Hampshire": 0.8871994403309222, "New Jersey": 0.937089910951957, "New Mexico": 0.9167740305510895, "New York": 0.8900663406733089, "North Carolina": 0.9065397168587807, "North Dakota": 0.7332632447884303, "Ohio": 0.8476531694799135, "Oklahoma": 0.7936401096874586, "Oregon": 0.8961128185469729, "Pennsylvania": 0.8737472609390159, "Rhode Island": 0.850910767252007, "South Carolina": 0.8631901198178454, "South Dakota": 0.793755109463117, "Tennessee": 0.867137151580042, "Texas": 0.9024639284008896, "Utah": 0.9211911101619102, "Vermont": 0.8627828126909736, "Washington": 0.9263403559510228, "West Virginia": 0.782177449625814, "Wisconsin": 0.7739721924505891, "Wyoming": 0.6204307404022928}