{"Alabama": 0.8584907588203068, "Alaska": 0.7965604835766262, "Arizona": 0.9055700814690766, "Arkansas": 0.7790329588907015, "California": 0.9616657721659025, "Colorado": 0.9650008772195701, "Connecticut": 0.8599621714064308, "Delaware": 0.8792481741972338, "Florida": 0.9118399429706701, "Georgia": 0.9236005839716976, "Hawaii": 0.8297140525355002, "Idaho": 0.8793902855625538, "Illinois": 0.8978206700255226, "Indiana": 0.7504336155615638, "Iowa": 0.7339506238043215, "Kansas": 0.8248518714210177, "Kentucky": 0.8054902581906408, "Louisiana": 0.8804356505473051, "Maine": 0.8690780899638297, "Maryland": 0.9717211524628824, "Massachusetts": 0.9084703558263779, "Michigan": 0.874932283116033, "Minnesota": 0.8476155438559018, "Mississippi": 0.8022018449078743, "Missouri": 0.883498767288338, "Montana": 0.8378680997571005, "Nebraska": 0.8201174091663134, "Nevada": 0.6738678295336549, "New Hampshire": 0.8959273162150426, "New Jersey": 0.9396251303253972, "New Mexico": 0.9046635716770244, "New York": 0.8906168790334565, "North Carolina": 0.8951652049663025, "North Dakota": 0.6719889034910784, "Ohio": 0.8424657222897745, "Oklahoma": 0.7766476870573219, "Oregon": 0.8872728137128917, "Pennsylvania": 0.8740605170643524, "Rhode Island": 0.856659947585884, "South Carolina": 0.8540486266077463, "South Dakota": 0.7388687936238562, "Tennessee": 0.8594747043069528, "Texas": 0.9039766237616409, "Utah": 0.9173287358981149, "Vermont": 0.8607235880452472, "Washington": 0.923698070914694, "West Virginia": 0.7806215637963232, "Wisconsin": 0.7437051807182689, "Wyoming": 0.5903225811111666}