{"Alabama": 0.8570278476626055, "Alaska": 0.8054293557064481, "Arizona": 0.9089109538188388, "Arkansas": 0.7873419755487934, "California": 0.9635502928600989, "Colorado": 0.9675053049626295, "Connecticut": 0.8670118782324161, "Delaware": 0.883244469745046, "Florida": 0.9176335763006442, "Georgia": 0.92567048346317, "Hawaii": 0.832754693625772, "Idaho": 0.8793200821979393, "Illinois": 0.9039491719451713, "Indiana": 0.7501174819177936, "Iowa": 0.7370269287479795, "Kansas": 0.8358487972244928, "Kentucky": 0.8100181660745157, "Louisiana": 0.8836440302574492, "Maine": 0.8663392527484239, "Maryland": 0.9719554103258273, "Massachusetts": 0.9132117398069877, "Michigan": 0.8762311108732762, "Minnesota": 0.8534806306571888, "Mississippi": 0.8057662125724603, "Missouri": 0.8870375395386771, "Montana": 0.8406726862337879, "Nebraska": 0.8226056335939889, "Nevada": 0.6849728718492399, "New Hampshire": 0.9032439243966371, "New Jersey": 0.94427744927378, "New Mexico": 0.9011701265229631, "New York": 0.8979337595020215, "North Carolina": 0.8987942279054152, "North Dakota": 0.6742343875809285, "Ohio": 0.8452489585285665, "Oklahoma": 0.7719356434945265, "Oregon": 0.8937666332872486, "Pennsylvania": 0.8814384775935817, "Rhode Island": 0.8617975307208983, "South Carolina": 0.858160446450054, "South Dakota": 0.7487476590480346, "Tennessee": 0.8627794404591338, "Texas": 0.904839592746559, "Utah": 0.9262649792017924, "Vermont": 0.8634277917687924, "Washington": 0.9262973535853813, "West Virginia": 0.7890759368467246, "Wisconsin": 0.7471760733092421, "Wyoming": 0.6090574931474223}