{"Alabama": 0.8750861028928406, "Alaska": 0.7921692990893657, "Arizona": 0.9037235493593782, "Arkansas": 0.814202048557818, "California": 0.9648163235262909, "Colorado": 0.9660074984537343, "Connecticut": 0.8557404906543167, "Delaware": 0.87625293681478, "Florida": 0.9215392241295784, "Georgia": 0.9268179115997885, "Hawaii": 0.8424130469434842, "Idaho": 0.9089306907686756, "Illinois": 0.909452304476283, "Indiana": 0.7605626559515142, "Iowa": 0.7818406665392007, "Kansas": 0.8664793939364354, "Kentucky": 0.8384994711474302, "Louisiana": 0.8805518730629619, "Maine": 0.8631508534930274, "Maryland": 0.9757361290214295, "Massachusetts": 0.9104180989206243, "Michigan": 0.875109408563591, "Minnesota": 0.8632249307206079, "Mississippi": 0.8170493567221309, "Missouri": 0.8971472525902447, "Montana": 0.8787552272508204, "Nebraska": 0.8512173865187052, "Nevada": 0.6895667582675233, "New Hampshire": 0.8959827881956408, "New Jersey": 0.9422095812388945, "New Mexico": 0.9137565145825212, "New York": 0.8978103754330653, "North Carolina": 0.9101990533049761, "North Dakota": 0.7328544534219993, "Ohio": 0.8512300720484794, "Oklahoma": 0.7885246025518116, "Oregon": 0.9037297680102366, "Pennsylvania": 0.8817071053336765, "Rhode Island": 0.8564634187298117, "South Carolina": 0.8682354347852859, "South Dakota": 0.8014392857054187, "Tennessee": 0.8709755209510275, "Texas": 0.9032840467201976, "Utah": 0.9305909979025776, "Vermont": 0.8672050890246724, "Washington": 0.928483107798857, "West Virginia": 0.790861438112001, "Wisconsin": 0.7798785739099207, "Wyoming": 0.6370319318524815}