{"Alabama": 0.8765588754745514, "Alaska": 0.7868693441357657, "Arizona": 0.909533033026008, "Arkansas": 0.8219406866508953, "California": 0.9671533610547727, "Colorado": 0.9671551085904038, "Connecticut": 0.8677763142054981, "Delaware": 0.8738353963472496, "Florida": 0.9274831979443128, "Georgia": 0.9323439282982064, "Hawaii": 0.8447309004395795, "Idaho": 0.9144401356334909, "Illinois": 0.9170119554903129, "Indiana": 0.7615018861014299, "Iowa": 0.7900777402378887, "Kansas": 0.8734243856708677, "Kentucky": 0.8430294606317632, "Louisiana": 0.8824067723705032, "Maine": 0.868140639298988, "Maryland": 0.9765620704422026, "Massachusetts": 0.9110853723637832, "Michigan": 0.8764844755330243, "Minnesota": 0.8686285159495344, "Mississippi": 0.8210433750288896, "Missouri": 0.9037396054793715, "Montana": 0.8807498969535945, "Nebraska": 0.8553609026863941, "Nevada": 0.6937474211095933, "New Hampshire": 0.9022755670324489, "New Jersey": 0.9460047836089763, "New Mexico": 0.9116798397768692, "New York": 0.9014066351768222, "North Carolina": 0.916034545893332, "North Dakota": 0.7231724619594413, "Ohio": 0.8547583767905214, "Oklahoma": 0.7842742662180184, "Oregon": 0.9087186096209793, "Pennsylvania": 0.8840310627781509, "Rhode Island": 0.8634568186395236, "South Carolina": 0.8731993580533441, "South Dakota": 0.8040159991236546, "Tennessee": 0.877967488230688, "Texas": 0.9070750314602992, "Utah": 0.9367522228989762, "Vermont": 0.8691080738001363, "Washington": 0.9334419871376267, "West Virginia": 0.7990667514058749, "Wisconsin": 0.783635827143524, "Wyoming": 0.6272414549328709}