{"Alabama": 0.9244501212592725, "Alaska": 0.6723925216611321, "Arizona": 0.8671992616424246, "Arkansas": 0.9221167205619886, "California": 0.9129294319558426, "Colorado": 0.8435711492965269, "Connecticut": 0.9557737905411459, "Delaware": 0.8839349853617975, "Florida": 0.8456237533219921, "Georgia": 0.8960964987017742, "Hawaii": 0.700125352689976, "Idaho": 0.9073236439208929, "Illinois": 0.9636138733951186, "Indiana": 0.895464034410131, "Iowa": 0.9720128345277278, "Kansas": 0.9745458547570187, "Kentucky": 0.9550169387892872, "Louisiana": 0.9005182306810625, "Maine": 0.9495124047241056, "Maryland": 0.8941437452491353, "Massachusetts": 0.9573920000526086, "Michigan": 0.9133335155462174, "Minnesota": 0.983393424776993, "Mississippi": 0.9024988468517527, "Missouri": 0.9762050004745332, "Montana": 0.8517906426826483, "Nebraska": 0.9484146507674133, "Nevada": 0.4710866460401141, "New Hampshire": 0.9553378022343372, "New Jersey": 0.908739118059352, "New Mexico": 0.8679721110779066, "New York": 0.9220800484355168, "North Carolina": 0.8907856376700071, "North Dakota": 0.9027110135719837, "Ohio": 0.9564347996213276, "Oklahoma": 0.936791054183836, "Oregon": 0.945285427364678, "Rhode Island": 0.9726130173767834, "South Carolina": 0.8525417368972265, "South Dakota": 0.9443562581593965, "Tennessee": 0.9367643547242196, "Texas": 0.9248220187990394, "Utah": 0.9147049241598512, "Vermont": 0.9500524366898634, "Virginia": 0.9002167688432083, "Washington": 0.9485074046027795, "West Virginia": 0.9312070955683587, "Wisconsin": 0.9424829034664416, "Wyoming": 0.6751652458862016}