{"Alabama": 0.9229395999469181, "Alaska": 0.7032443311056968, "Arizona": 0.8633797624425196, "Arkansas": 0.9188534742597765, "California": 0.9118544142766116, "Colorado": 0.8366671642260067, "Connecticut": 0.9577777644198437, "Delaware": 0.886258950366028, "Florida": 0.8337538269051741, "Georgia": 0.8973263398772207, "Hawaii": 0.7126704153838945, "Idaho": 0.9135663697906947, "Illinois": 0.9649844806715377, "Indiana": 0.8877275407422557, "Iowa": 0.9692734683833848, "Kansas": 0.9750466177897213, "Kentucky": 0.9518693444269684, "Louisiana": 0.9091369272349621, "Maine": 0.9543347769162696, "Maryland": 0.896256909786102, "Massachusetts": 0.9566085709529076, "Michigan": 0.9083813237621836, "Minnesota": 0.9850043114697601, "Mississippi": 0.8905083317919649, "Missouri": 0.9744240223457686, "Montana": 0.8648092149845739, "Nebraska": 0.9527088173123165, "Nevada": 0.4674459742067119, "New Hampshire": 0.9544633192891103, "New Jersey": 0.9111577973032491, "New Mexico": 0.8762445656358915, "New York": 0.923562171503734, "North Carolina": 0.900496447388459, "North Dakota": 0.9089305461859088, "Ohio": 0.9544825422091127, "Oklahoma": 0.9374757886635152, "Oregon": 0.9509522755184454, "Rhode Island": 0.974581643094715, "South Carolina": 0.8550031389580611, "South Dakota": 0.9475108002399654, "Tennessee": 0.9296663737939411, "Texas": 0.9220728526407889, "Utah": 0.9145201114067188, "Vermont": 0.9512453092146935, "Virginia": 0.8948044769185353, "Washington": 0.9490831470376574, "West Virginia": 0.9372434105224704, "Wisconsin": 0.9383162457090859, "Wyoming": 0.6858190611966334}