{"Alabama": 0.9261481926393994, "Alaska": 0.7152897332998268, "Arizona": 0.8546736185447007, "Arkansas": 0.9215322862395937, "California": 0.9090996723176187, "Colorado": 0.82521128556536, "Connecticut": 0.9571032938776918, "Delaware": 0.8811134900203569, "Florida": 0.8207785230499366, "Georgia": 0.8970428626321387, "Hawaii": 0.7101827374261203, "Idaho": 0.9179491608812063, "Illinois": 0.9661866428978008, "Indiana": 0.8905529038346184, "Iowa": 0.9695496377827232, "Kansas": 0.9752997542023227, "Kentucky": 0.9506117682567378, "Louisiana": 0.9066583986181079, "Maine": 0.9555987662605779, "Maryland": 0.8940381789570269, "Massachusetts": 0.9507966182042762, "Michigan": 0.9111858638174953, "Minnesota": 0.9860802158983852, "Mississippi": 0.8979458644919248, "Missouri": 0.9727025211584387, "Montana": 0.8667200894235567, "Nebraska": 0.9549752630564609, "Nevada": 0.47511371106723504, "New Hampshire": 0.9537106376469352, "New Jersey": 0.9120149876246667, "New Mexico": 0.8761783062503272, "New York": 0.9204100704449006, "North Carolina": 0.9088289198551445, "North Dakota": 0.9154227123615215, "Ohio": 0.956043428913004, "Oklahoma": 0.937742161554487, "Oregon": 0.951648467806257, "Rhode Island": 0.975261482979761, "South Carolina": 0.8617124059015637, "South Dakota": 0.9473644091245472, "Tennessee": 0.9294897325490543, "Texas": 0.9186235050906812, "Utah": 0.9142610751829785, "Vermont": 0.9509332044727467, "Virginia": 0.8840228939808584, "Washington": 0.9463608902383069, "West Virginia": 0.9398066029427143, "Wisconsin": 0.9408176690036326, "Wyoming": 0.6826775159253533}