{"Alabama": 0.8529795326818111, "Alaska": 0.7264326591956796, "Arizona": 0.8564975352740125, "Arkansas": 0.9161396531561182, "California": 0.9092269050421061, "Colorado": 0.8317705783818375, "Connecticut": 0.9565258777904843, "Delaware": 0.8663962248539216, "Florida": 0.8459325089008236, "Georgia": 0.8997534209070668, "Hawaii": 0.6874906139332314, "Idaho": 0.9245584830669952, "Illinois": 0.9661533737255921, "Indiana": 0.8978482977137182, "Iowa": 0.9675084284437331, "Kansas": 0.9724815631694076, "Kentucky": 0.9519900966851821, "Louisiana": 0.9104928076017733, "Maine": 0.9581281998792385, "Maryland": 0.8982438757557288, "Massachusetts": 0.9494674140382244, "Michigan": 0.920107443242607, "Minnesota": 0.9851596164132512, "Mississippi": 0.9056625941193016, "Missouri": 0.9723200852387509, "Montana": 0.8755360709277173, "Nebraska": 0.9539516259715397, "Nevada": 0.5045482461452562, "New Hampshire": 0.9514366120830594, "New Jersey": 0.9179383043109863, "New Mexico": 0.8765447433918423, "New York": 0.9271203709854012, "North Carolina": 0.9118723101681042, "North Dakota": 0.9254711365045714, "Ohio": 0.9615254367480645, "Oklahoma": 0.9271397798214276, "Oregon": 0.9527441283385456, "Rhode Island": 0.9572755614473434, "South Carolina": 0.8716580631317389, "South Dakota": 0.9461630467635807, "Tennessee": 0.932939962264543, "Texas": 0.919561708081823, "Utah": 0.9185147401153559, "Vermont": 0.9532354981739704, "Virginia": 0.8858917327867565, "Washington": 0.9495162980103443, "West Virginia": 0.9360507044055483, "Wisconsin": 0.9438046851037217, "Wyoming": 0.63078344875675}