{"Alabama": 0.9250511967815945, "Alaska": 0.7175773426014145, "Arizona": 0.8621761324136543, "Arkansas": 0.9157890244786667, "California": 0.9123010891736827, "Colorado": 0.845687827687979, "Connecticut": 0.9581414880683677, "Delaware": 0.875956030268599, "Florida": 0.8543767303524876, "Georgia": 0.9036253484783268, "Hawaii": 0.7131406172852274, "Idaho": 0.9279138293303616, "Illinois": 0.9684089216742544, "Indiana": 0.8925415632549379, "Iowa": 0.9636903870494551, "Kansas": 0.9729270778901086, "Kentucky": 0.9540270927257938, "Louisiana": 0.9214815537188784, "Maine": 0.9585870499616342, "Maryland": 0.9055648397572924, "Massachusetts": 0.9553415484764176, "Michigan": 0.923316131538491, "Minnesota": 0.9867435908989975, "Mississippi": 0.901847618371692, "Missouri": 0.9734936802177928, "Montana": 0.8864569363284216, "Nebraska": 0.9563622057469585, "Nevada": 0.5321360366581853, "New Hampshire": 0.9515687659689352, "New Jersey": 0.9256956530660739, "New Mexico": 0.8941455907713883, "New York": 0.9374142176492352, "North Carolina": 0.9241648880453457, "North Dakota": 0.9372426469351194, "Ohio": 0.9646619595375409, "Oklahoma": 0.9322566892930819, "Oregon": 0.956171009416735, "Rhode Island": 0.9071596686698662, "South Carolina": 0.8744139997549918, "South Dakota": 0.9471220806084764, "Tennessee": 0.9321856463747812, "Texas": 0.9238305866683518, "Utah": 0.9214969038783606, "Vermont": 0.8923739256380989, "Virginia": 0.8907606868748507, "Washington": 0.9518054936836214, "West Virginia": 0.9421602114990977, "Wisconsin": 0.9441512689743466, "Wyoming": 0.5851367563218844}