{"Alabama": 0.9295922455249683, "Alaska": 0.8123024139339394, "Arizona": 0.8673019472568996, "Arkansas": 0.9074359303564412, "California": 0.9207420371228889, "Colorado": 0.8549464814306736, "Connecticut": 0.9723249835008709, "Delaware": 0.9069976120728184, "Florida": 0.830425232874976, "Georgia": 0.9286327643531881, "Hawaii": 0.7238978001163382, "Idaho": 0.8996836934141998, "Illinois": 0.9723168383576938, "Indiana": 0.910635220723799, "Iowa": 0.931152541183224, "Kansas": 0.9556493065249398, "Kentucky": 0.9323677491096544, "Louisiana": 0.9379184899265764, "Maine": 0.9603798310521141, "Maryland": 0.887370836783342, "Massachusetts": 0.9583064002507123, "Michigan": 0.9622882460922072, "Minnesota": 0.9848903433369713, "Mississippi": 0.9043813910302809, "Missouri": 0.9700234444295265, "Montana": 0.8164325849006613, "Nebraska": 0.9418001600173451, "Nevada": 0.5350793862157145, "New Hampshire": 0.9624339265080196, "New Jersey": 0.9433221691068103, "New Mexico": 0.8740985679422582, "New York": 0.9361731666810905, "North Carolina": 0.9436037893490133, "North Dakota": 0.8502601133723663, "Ohio": 0.9739571333233291, "Oklahoma": 0.9055470044782897, "Oregon": 0.969607940738335, "Rhode Island": 0.9821609481273226, "South Carolina": 0.8969999682296373, "South Dakota": 0.8875884356328095, "Tennessee": 0.9369174862598095, "Texas": 0.9327502436031629, "Utah": 0.9367240885761191, "Vermont": 0.9632999226570307, "Virginia": 0.890421965462566, "Washington": 0.9563214293610348, "West Virginia": 0.9326138448205322, "Wisconsin": 0.9333496508713836, "Wyoming": 0.6510041538029073}