{"Alabama": 0.9221853612447796, "Alaska": 0.8160999469326874, "Arizona": 0.8658126009772, "Arkansas": 0.9177957513338568, "California": 0.9062306472734045, "Colorado": 0.8563143277518256, "Connecticut": 0.9610123154326665, "Delaware": 0.8940790685951057, "Florida": 0.8524522925981659, "Georgia": 0.9021892352229498, "Hawaii": 0.7625748514997952, "Idaho": 0.9246657223233108, "Illinois": 0.9667929606477318, "Indiana": 0.8845824270502143, "Iowa": 0.9566628413668398, "Kansas": 0.9715111175257265, "Kentucky": 0.9500689772025325, "Louisiana": 0.9329758251006778, "Maine": 0.9594153238172617, "Maryland": 0.9062298313010234, "Massachusetts": 0.957938998585701, "Michigan": 0.9318623346979417, "Minnesota": 0.9867084128984981, "Mississippi": 0.8996673122163831, "Missouri": 0.9738072575631908, "Montana": 0.8888586255914275, "Nebraska": 0.9564422563908166, "Nevada": 0.5533842424136147, "New Hampshire": 0.9479963520818743, "New Jersey": 0.933305746348926, "New Mexico": 0.9071617554675523, "New York": 0.9449230789416416, "North Carolina": 0.9336237564585963, "North Dakota": 0.949141084285226, "Ohio": 0.9664212163101581, "Oklahoma": 0.929122123771861, "Oregon": 0.9649960413440601, "Rhode Island": 0.8764462603035929, "South Carolina": 0.8708746180276006, "South Dakota": 0.9511681053649087, "Tennessee": 0.933077345111118, "Texas": 0.9268478503499248, "Utah": 0.923512147435857, "Vermont": 0.9586711091674675, "Virginia": 0.881495595961821, "Washington": 0.950462789121627, "West Virginia": 0.939426212522045, "Wisconsin": 0.9400620397956418, "Wyoming": 0.6470399731885481}