{"Alabama": 0.9150979986404875, "Alaska": 0.8161752022596449, "Arizona": 0.8512121661078359, "Arkansas": 0.9167607393240169, "California": 0.8970581076492384, "Colorado": 0.8515597203343737, "Connecticut": 0.9605479276896879, "Delaware": 0.8268683272832033, "Florida": 0.8429721019384259, "Georgia": 0.8938306423318892, "Hawaii": 0.76536019364066, "Idaho": 0.907322534597067, "Illinois": 0.9645635196008783, "Indiana": 0.8815462988582168, "Iowa": 0.9493536622009271, "Kansas": 0.966652828015284, "Kentucky": 0.9465639887104287, "Louisiana": 0.9292682534999275, "Maine": 0.9565093649118663, "Maryland": 0.9032189343594458, "Massachusetts": 0.9575073890242265, "Michigan": 0.9368761045044218, "Minnesota": 0.9852254694868761, "Mississippi": 0.8969802426386457, "Missouri": 0.9710423045023648, "Montana": 0.8850211206691583, "Nebraska": 0.9531794066400933, "Nevada": 0.5487359858210065, "New Hampshire": 0.9457172272891607, "New Jersey": 0.9323783947105254, "New Mexico": 0.9041152555274172, "New York": 0.9457472412380347, "North Carolina": 0.9339240428061122, "North Dakota": 0.951252612154609, "Ohio": 0.9660128430868908, "Oklahoma": 0.9233937661654078, "Oregon": 0.9615383119880929, "Rhode Island": 0.9802819208170787, "South Carolina": 0.8650795182086252, "South Dakota": 0.9489222859585822, "Tennessee": 0.9301311629467335, "Texas": 0.9213118182808336, "Utah": 0.91093094433867, "Vermont": 0.9580321660805105, "Virginia": 0.8770379354763245, "Washington": 0.9449070234407234, "West Virginia": 0.9335010332420012, "Wisconsin": 0.9345201645868833, "Wyoming": 0.6681155990324539}