{"Alabama": 0.9089973152521863, "Alaska": 0.8102742725852998, "Arizona": 0.8422551483785289, "Arkansas": 0.917248064331216, "California": 0.8879311113547919, "Colorado": 0.8442108978992734, "Connecticut": 0.959601321185397, "Delaware": 0.8919187186385247, "Florida": 0.8453349866495329, "Georgia": 0.8859815810214912, "Hawaii": 0.7604809416954902, "Idaho": 0.890586091131118, "Illinois": 0.9619797986127341, "Indiana": 0.8833320545509512, "Iowa": 0.9452033497613231, "Kansas": 0.9618023958831862, "Kentucky": 0.9435316662632798, "Louisiana": 0.9155207765099952, "Maine": 0.9577543916069184, "Maryland": 0.8995426572048607, "Massachusetts": 0.9577323066530292, "Michigan": 0.9436690688870726, "Minnesota": 0.986065784467631, "Mississippi": 0.8958073707462756, "Missouri": 0.9679124038623018, "Montana": 0.8804554634075282, "Nebraska": 0.9526168258772387, "Nevada": 0.5473034186242696, "New Hampshire": 0.9474625238120417, "New Jersey": 0.9311493868322448, "New Mexico": 0.8950100132987043, "New York": 0.9459276885222633, "North Carolina": 0.9339234349915564, "North Dakota": 0.9499412565875938, "Ohio": 0.9671784660114848, "Oklahoma": 0.9104347232545088, "Oregon": 0.95699997666121, "Rhode Island": 0.9803432567165004, "South Carolina": 0.8565896872303056, "South Dakota": 0.9448619058938649, "Tennessee": 0.9285598906818107, "Texas": 0.91174306945051, "Utah": 0.8931444757314755, "Vermont": 0.9574509588488564, "Virginia": 0.8702796072170796, "Washington": 0.9374809827168791, "West Virginia": 0.9259810294304708, "Wisconsin": 0.9323098393245112, "Wyoming": 0.6246798902968895}