{"Alabama": 0.9145030909186129, "Alaska": 0.8157000915460675, "Arizona": 0.8525905570037603, "Arkansas": 0.9134184131993772, "California": 0.9039625690459104, "Colorado": 0.841675294701364, "Connecticut": 0.9661839101956273, "Delaware": 0.9113875662224198, "Florida": 0.8402039170054978, "Georgia": 0.9112453349273428, "Hawaii": 0.731676070899074, "Idaho": 0.8829602601680596, "Illinois": 0.9671798685394585, "Indiana": 0.9046988404435826, "Iowa": 0.9165770058194568, "Kansas": 0.944245594726274, "Kentucky": 0.9301665310701127, "Louisiana": 0.9240715923225847, "Maine": 0.9617483968326901, "Maryland": 0.8849247978334907, "Massachusetts": 0.9563019163748814, "Michigan": 0.9674780057987911, "Minnesota": 0.9855356643106268, "Mississippi": 0.9013119472052482, "Missouri": 0.9657850707901516, "Montana": 0.8214029414770336, "Nebraska": 0.9419385405525554, "Nevada": 0.5462279557846933, "New Hampshire": 0.9622810122023326, "New Jersey": 0.9376040242473461, "New Mexico": 0.8680428692099403, "New York": 0.9365769082562153, "North Carolina": 0.9451377946433299, "North Dakota": 0.8596942155028745, "Ohio": 0.9742468778147342, "Oklahoma": 0.8880402515843069, "Oregon": 0.9619996238881671, "Rhode Island": 0.9811651749231495, "South Carolina": 0.8792201399998747, "South Dakota": 0.8928917663458241, "Tennessee": 0.9357767711680861, "Texas": 0.915954429545937, "Utah": 0.8983545850998059, "Vermont": 0.9630982680249152, "Virginia": 0.8756945886113645, "Washington": 0.9411369213215576, "West Virginia": 0.9175433343654852, "Wisconsin": 0.9217569403239114, "Wyoming": 0.58196310244379}