{"Alabama": 0.9069464568951939, "Alaska": 0.809483947509592, "Arizona": 0.8545212097930726, "Arkansas": 0.9236040509055249, "California": 0.891034870174256, "Colorado": 0.8443463723809715, "Connecticut": 0.956416583762917, "Delaware": 0.9004338429456338, "Florida": 0.8602524171103084, "Georgia": 0.8873402931475767, "Hawaii": 0.7653709779657709, "Idaho": 0.8943673499919077, "Illinois": 0.9618683449332474, "Indiana": 0.8882063505887027, "Iowa": 0.9425087380693917, "Kansas": 0.9587056510114846, "Kentucky": 0.9437355137723629, "Louisiana": 0.9171840991113851, "Maine": 0.9599735271094001, "Maryland": 0.9036330972213348, "Massachusetts": 0.9571911055013297, "Michigan": 0.9491353190436327, "Minnesota": 0.9879977302029017, "Mississippi": 0.897571321443303, "Missouri": 0.9685223698240668, "Montana": 0.8772840177653892, "Nebraska": 0.9521488563207828, "Nevada": 0.5603927157136176, "New Hampshire": 0.9497538398630253, "New Jersey": 0.9308234607829446, "New Mexico": 0.8962178738914843, "New York": 0.9471046290395246, "North Carolina": 0.9353792822570255, "North Dakota": 0.9491232530529761, "Ohio": 0.9703105094474352, "Oklahoma": 0.9049717449068697, "Oregon": 0.9575931911716814, "Rhode Island": 0.9803822839148597, "South Carolina": 0.8562274332951086, "South Dakota": 0.9417748705003276, "Tennessee": 0.9302753195796511, "Texas": 0.9081860565486527, "Utah": 0.8818036837583654, "Vermont": 0.9591478766670777, "Virginia": 0.8713893529675923, "Washington": 0.9311143786131214, "West Virginia": 0.9250524788609865, "Wisconsin": 0.9313609953022205, "Wyoming": 0.6148219537603052}