{"Alabama": 0.9137540704368674, "Alaska": 0.8070774278593956, "Arizona": 0.8687837378047472, "Arkansas": 0.9135462027299405, "California": 0.9054140192391311, "Colorado": 0.8425259718900401, "Connecticut": 0.9634266822029751, "Delaware": 0.9159281087232821, "Florida": 0.8597180542676822, "Georgia": 0.9128905116951499, "Hawaii": 0.7388773831460164, "Idaho": 0.8910974030311872, "Illinois": 0.9675837683008768, "Indiana": 0.9098934811112049, "Iowa": 0.9102082695005963, "Kansas": 0.9410741848521357, "Kentucky": 0.9309738049711805, "Louisiana": 0.9189540320815499, "Maine": 0.9713959945584835, "Maryland": 0.8876961846970294, "Massachusetts": 0.955546756941346, "Michigan": 0.9703388878465219, "Minnesota": 0.9857212322590478, "Mississippi": 0.8994856075992277, "Missouri": 0.9653053484596321, "Montana": 0.8237083213575868, "Nebraska": 0.9399341838910205, "Nevada": 0.5525375536219477, "New Hampshire": 0.9619379128144968, "New Jersey": 0.9365376648098227, "New Mexico": 0.8657884533781465, "New York": 0.9367480846522052, "North Carolina": 0.9480436102606628, "North Dakota": 0.8557326531881857, "Ohio": 0.9758969366453782, "Oklahoma": 0.8664207263639838, "Oregon": 0.9636769469947762, "Rhode Island": 0.979809226390469, "South Carolina": 0.8822461557719293, "South Dakota": 0.8912985222054627, "Tennessee": 0.938405137570131, "Texas": 0.9057257462445791, "Utah": 0.9069251515299256, "Vermont": 0.9637425277066236, "Virginia": 0.8723179092181764, "Washington": 0.9412265608612767, "West Virginia": 0.9047284301222921, "Wisconsin": 0.9194795210745395, "Wyoming": 0.5469931856745136}