{"Alabama": 0.9066372251353378, "Alaska": 0.8003919720871997, "Arizona": 0.8717764135927397, "Arkansas": 0.9249424434242294, "California": 0.8930467178852594, "Colorado": 0.8447701856651783, "Connecticut": 0.953198285227695, "Delaware": 0.9072095479086381, "Florida": 0.8804808298288084, "Georgia": 0.8899447077273565, "Hawaii": 0.7714859086131997, "Idaho": 0.9068880791408394, "Illinois": 0.9626217186603966, "Indiana": 0.8973920738801694, "Iowa": 0.9387172099815199, "Kansas": 0.9545858328166114, "Kentucky": 0.9451261478161418, "Louisiana": 0.9116323395428123, "Maine": 0.9713161467626877, "Maryland": 0.905719016838645, "Massachusetts": 0.9569316961738178, "Michigan": 0.9555568511421627, "Minnesota": 0.9884089636464715, "Mississippi": 0.896254460493253, "Missouri": 0.968454833592727, "Montana": 0.8800373872579067, "Nebraska": 0.9499730102014546, "Nevada": 0.5666191509629367, "New Hampshire": 0.9497946749836725, "New Jersey": 0.9304529471532994, "New Mexico": 0.8937408481584792, "New York": 0.9482342039789775, "North Carolina": 0.9391862960556366, "North Dakota": 0.9432219190981802, "Ohio": 0.972631391814152, "Oklahoma": 0.8799258637722083, "Oregon": 0.9607240242377845, "Rhode Island": 0.9793771939179402, "South Carolina": 0.8617216376904052, "South Dakota": 0.9406410129224028, "Tennessee": 0.9335302377636764, "Texas": 0.8969777486768641, "Utah": 0.8923203450933974, "Vermont": 0.961432582272641, "Virginia": 0.8689225214044833, "Washington": 0.9324547965480771, "West Virginia": 0.9115374570520368, "Wisconsin": 0.9309937220028432, "Wyoming": 0.579867971800573}