{"Alabama": 0.9123237097136566, "Alaska": 0.828238024872439, "Arizona": 0.884251329027684, "Arkansas": 0.9158561708846832, "California": 0.9068197369921253, "Colorado": 0.8532891633945607, "Connecticut": 0.9587732270547145, "Delaware": 0.915446663117411, "Florida": 0.8713753023251137, "Georgia": 0.9156345528743101, "Hawaii": 0.7629839704204615, "Idaho": 0.9054059401361005, "Illinois": 0.9688737799083643, "Indiana": 0.9228367451665724, "Iowa": 0.9114811108168643, "Kansas": 0.9414134160589219, "Kentucky": 0.9346525916852688, "Louisiana": 0.9196594753203898, "Maine": 0.972156787016931, "Maryland": 0.8991377365342763, "Massachusetts": 0.9566465299299765, "Michigan": 0.9746908556764625, "Minnesota": 0.9844493666436617, "Mississippi": 0.9009783584423509, "Missouri": 0.9658290457298491, "Montana": 0.84136468402729, "Nebraska": 0.9352509525060817, "Nevada": 0.5698311049910708, "New Hampshire": 0.9619837093816509, "New Jersey": 0.9382937976574971, "New Mexico": 0.8811730695093015, "New York": 0.9434009425051509, "North Carolina": 0.9530108375227296, "North Dakota": 0.8555230395667809, "Ohio": 0.9808198793326346, "Oklahoma": 0.8735403897340362, "Oregon": 0.9648276495762367, "Rhode Island": 0.9792808003398213, "South Carolina": 0.883853054542965, "South Dakota": 0.8895714898739179, "Tennessee": 0.9428756370834928, "Texas": 0.910467680526003, "Utah": 0.9127980057942072, "Vermont": 0.9644726657023779, "Virginia": 0.869845053541941, "Washington": 0.9469632017998385, "West Virginia": 0.9067521161189833, "Wisconsin": 0.9243587280296051, "Wyoming": 0.5995496030550427}