{"Alabama": 0.9081358783725463, "Alaska": 0.821072329809577, "Arizona": 0.8859128916285124, "Arkansas": 0.9282475296874926, "California": 0.8960787477517025, "Colorado": 0.8548443857000897, "Connecticut": 0.9476275481822793, "Delaware": 0.9084745937887603, "Florida": 0.8898752743315518, "Georgia": 0.8977894626355698, "Hawaii": 0.7911931778183722, "Idaho": 0.9252217929219279, "Illinois": 0.9648810102592604, "Indiana": 0.9188477034532829, "Iowa": 0.9406342794725703, "Kansas": 0.9567132728642543, "Kentucky": 0.9502167994610926, "Louisiana": 0.9136817663504386, "Maine": 0.972861149703558, "Maryland": 0.9147423616659628, "Massachusetts": 0.9580569083141842, "Michigan": 0.9646473986601125, "Minnesota": 0.9885047919178347, "Mississippi": 0.9026991553761162, "Missouri": 0.9700487491945131, "Montana": 0.896525185515294, "Nebraska": 0.9490594730123382, "Nevada": 0.5836834122833702, "New Hampshire": 0.949937041541098, "New Jersey": 0.9349604407831146, "New Mexico": 0.9080224411442714, "New York": 0.9547813114450768, "North Carolina": 0.9466435381091609, "North Dakota": 0.9370742236346609, "Ohio": 0.9787719227353677, "Oklahoma": 0.8906374589041154, "Oregon": 0.9671429156732892, "Rhode Island": 0.9793079421493057, "South Carolina": 0.868430697574459, "South Dakota": 0.9393459041882385, "Tennessee": 0.9399330062715955, "Texas": 0.9039570001726908, "Utah": 0.9010799472004847, "Vermont": 0.9628582985422849, "Virginia": 0.8674095856363303, "Washington": 0.9395986080607214, "West Virginia": 0.9148986441325815, "Wisconsin": 0.9391442695998242, "Wyoming": 0.6326770039343639}