{"Alabama": 0.9094192192840447, "Alaska": 0.8245617992933826, "Arizona": 0.8963727744115363, "Arkansas": 0.9319665538655368, "California": 0.8939164145140028, "Colorado": 0.8615550626753512, "Connecticut": 0.9492024750149647, "Delaware": 0.9126049533543168, "Florida": 0.8927357728353525, "Georgia": 0.9009019930431562, "Hawaii": 0.7923840897665261, "Idaho": 0.9348639252846996, "Illinois": 0.9646119221134656, "Indiana": 0.9124052837459561, "Iowa": 0.9392267139724761, "Kansas": 0.9565149207107212, "Kentucky": 0.9501625407770456, "Louisiana": 0.9201275352977581, "Maine": 0.9647565919177588, "Maryland": 0.918193998010765, "Massachusetts": 0.9603867028764671, "Michigan": 0.9601769804763577, "Minnesota": 0.9882943901179537, "Mississippi": 0.9072333421420925, "Missouri": 0.9717850671174209, "Montana": 0.8995060256264183, "Nebraska": 0.9510416037403159, "Nevada": 0.5849895917017802, "New Hampshire": 0.948728410659735, "New Jersey": 0.9374039435649423, "New Mexico": 0.9123642105961708, "New York": 0.9563767728132413, "North Carolina": 0.9448779535754585, "North Dakota": 0.9234373358272923, "Ohio": 0.9789178310446359, "Oklahoma": 0.8777033282817988, "Oregon": 0.9676431080908436, "Rhode Island": 0.9792281922718225, "South Carolina": 0.8682767531256252, "South Dakota": 0.9396212738986192, "Tennessee": 0.9413815978748913, "Texas": 0.9074209600570825, "Utah": 0.908485081085923, "Vermont": 0.9608343722660783, "Virginia": 0.8666497052626675, "Washington": 0.9400138642660297, "West Virginia": 0.9122822407911249, "Wisconsin": 0.9371079664049173, "Wyoming": 0.6275163072058829}