{"Alabama": 0.9134024263505691, "Alaska": 0.8310378112249307, "Arizona": 0.8939921984209382, "Arkansas": 0.917939623219464, "California": 0.9039396098809688, "Colorado": 0.8593370275760341, "Connecticut": 0.9597531763794371, "Delaware": 0.9164252092857031, "Florida": 0.8735891884422533, "Georgia": 0.9166926475840891, "Hawaii": 0.7638914257567233, "Idaho": 0.9130039374322307, "Illinois": 0.9683319545909441, "Indiana": 0.9151236937134227, "Iowa": 0.9064168261054579, "Kansas": 0.9393666591021459, "Kentucky": 0.9341911658223914, "Louisiana": 0.9256776547244056, "Maine": 0.9650767137441552, "Maryland": 0.9027168998571141, "Massachusetts": 0.9587298416602263, "Michigan": 0.97103718637097, "Minnesota": 0.9841500834842167, "Mississippi": 0.9048924044418674, "Missouri": 0.9666897634655327, "Montana": 0.8435936068342428, "Nebraska": 0.932357251427499, "Nevada": 0.5706095154335084, "New Hampshire": 0.960724207223485, "New Jersey": 0.939557742874094, "New Mexico": 0.8852848304157837, "New York": 0.9443205104979742, "North Carolina": 0.951002585311901, "North Dakota": 0.8421502259439578, "Ohio": 0.9805664836727348, "Oklahoma": 0.8616209122829788, "Oregon": 0.9648021124934245, "Rhode Island": 0.9789808893079737, "South Carolina": 0.8828850877216309, "South Dakota": 0.8865459343222959, "Tennessee": 0.9440474803230924, "Texas": 0.9131706882023999, "Utah": 0.919076837937906, "Vermont": 0.9627568592114654, "Virginia": 0.867918463437363, "Washington": 0.94660026553207, "West Virginia": 0.9044056490012422, "Wisconsin": 0.9205320859589671, "Wyoming": 0.5929995211635705}