{"Alabama": 0.9155836329056182, "Alaska": 0.8394614738653398, "Arizona": 0.896774123771094, "Arkansas": 0.922799317576428, "California": 0.9017770509499146, "Colorado": 0.864105713037407, "Connecticut": 0.9570968760350773, "Delaware": 0.9142387758254948, "Florida": 0.8755200560761002, "Georgia": 0.9169078780044997, "Hawaii": 0.7594660592096443, "Idaho": 0.9145317062457553, "Illinois": 0.9675031509117462, "Indiana": 0.9101622990740847, "Iowa": 0.9042515438985733, "Kansas": 0.939768113917171, "Kentucky": 0.9336931484859126, "Louisiana": 0.9296038027432789, "Maine": 0.9652044676220901, "Maryland": 0.9041714642113224, "Massachusetts": 0.9571487557325137, "Michigan": 0.9647264789530227, "Minnesota": 0.9836778478820152, "Mississippi": 0.9094958977546672, "Missouri": 0.9681829436306818, "Montana": 0.8438060719411111, "Nebraska": 0.9307982049686925, "Nevada": 0.5753946148667527, "New Hampshire": 0.9596487338767872, "New Jersey": 0.9369320097594973, "New Mexico": 0.8873005649061916, "New York": 0.9404161236824194, "North Carolina": 0.9480242164061692, "North Dakota": 0.8229164219992998, "Ohio": 0.9794431966669498, "Oklahoma": 0.8712682506908342, "Oregon": 0.964087594891467, "Rhode Island": 0.9787809479038033, "South Carolina": 0.8833738474663972, "South Dakota": 0.8850889426371126, "Tennessee": 0.943441634349004, "Texas": 0.9145429218579856, "Utah": 0.9195162589693423, "Vermont": 0.9624064395608782, "Virginia": 0.8716396256380711, "Washington": 0.947047405396815, "West Virginia": 0.9016912284958034, "Wisconsin": 0.9152937115657318, "Wyoming": 0.5886373500188294}