{"Alabama": 0.9117163314890284, "Alaska": 0.827900520821419, "Arizona": 0.9000829382080514, "Arkansas": 0.9347652782720126, "California": 0.8920121325153384, "Colorado": 0.8660711419797333, "Connecticut": 0.9471225048028824, "Delaware": 0.9117809471328908, "Florida": 0.8948386211744789, "Georgia": 0.9015355159481782, "Hawaii": 0.788001929842643, "Idaho": 0.9404191037293369, "Illinois": 0.9637757940108646, "Indiana": 0.905599880840635, "Iowa": 0.936754597281857, "Kansas": 0.9581066177408689, "Kentucky": 0.9494049086727008, "Louisiana": 0.9242139911988999, "Maine": 0.9646980685341373, "Maryland": 0.9202850028227231, "Massachusetts": 0.9590427223627638, "Michigan": 0.9532944307560861, "Minnesota": 0.9874646894645986, "Mississippi": 0.9108813012157971, "Missouri": 0.9731481398099597, "Montana": 0.8994238459675722, "Nebraska": 0.9506222479381887, "Nevada": 0.5897314847622914, "New Hampshire": 0.9477469648485325, "New Jersey": 0.935495039650406, "New Mexico": 0.9151516106635303, "New York": 0.9526931439762671, "North Carolina": 0.9413058509399291, "North Dakota": 0.8986715566711543, "Ohio": 0.9778954744252887, "Oklahoma": 0.8844543170177038, "Oregon": 0.9672248901353433, "Rhode Island": 0.9790340702093792, "South Carolina": 0.8692024068037386, "South Dakota": 0.9393337067891783, "Tennessee": 0.9404765990323805, "Texas": 0.9088928493294983, "Utah": 0.9091565357144309, "Vermont": 0.9617031080852908, "Virginia": 0.8709660880492792, "Washington": 0.9402535481057019, "West Virginia": 0.9093271297575706, "Wisconsin": 0.9327144729931692, "Wyoming": 0.6232021078070136}