{"Alabama": 0.910910057973324, "Alaska": 0.831473477532017, "Arizona": 0.9003933690364254, "Arkansas": 0.927938438402241, "California": 0.9227285484877371, "Colorado": 0.8656500754494831, "Connecticut": 0.9597760854011014, "Delaware": 0.9144014319529951, "Florida": 0.8722691615676094, "Georgia": 0.9158061327344098, "Hawaii": 0.7563581829137141, "Idaho": 0.9170375204551204, "Illinois": 0.9647998955011994, "Indiana": 0.902667059043425, "Iowa": 0.9044268367566792, "Kansas": 0.9381678159664151, "Kentucky": 0.9317305233215321, "Louisiana": 0.9261146504062453, "Maine": 0.9729255703989629, "Maryland": 0.902324640862211, "Massachusetts": 0.9571400880676605, "Michigan": 0.9606082638590665, "Minnesota": 0.9835241815256439, "Mississippi": 0.9077807929856435, "Missouri": 0.9741033579506817, "Montana": 0.845266182615635, "Nebraska": 0.9388740632071682, "Nevada": 0.5824693914641862, "New Hampshire": 0.9577541438500411, "New Jersey": 0.9355029484027398, "New Mexico": 0.8852719008505631, "New York": 0.9396473582816756, "North Carolina": 0.9455385677950128, "North Dakota": 0.7855775654528756, "Ohio": 0.9759453875798804, "Oklahoma": 0.8412915513775888, "Oregon": 0.9650580441931316, "Rhode Island": 0.9779469554350426, "South Carolina": 0.877808188023409, "South Dakota": 0.8836549079552192, "Tennessee": 0.9407737280826111, "Texas": 0.9069329769180478, "Utah": 0.918495526709313, "Vermont": 0.9638174287847204, "Virginia": 0.8740605170643524, "Washington": 0.957375086590111, "West Virginia": 0.8960821961208996, "Wisconsin": 0.9114428736621479, "Wyoming": 0.5665040338765437}