{"Alabama": 0.9061013262691467, "Alaska": 0.8252911515736813, "Arizona": 0.902006542064109, "Arkansas": 0.9372994459128589, "California": 0.9229689315582729, "Colorado": 0.8630944537385353, "Connecticut": 0.9542992589199363, "Delaware": 0.9119643610859082, "Florida": 0.8895080845068492, "Georgia": 0.9016139712773875, "Hawaii": 0.7851880049528529, "Idaho": 0.9388265214125522, "Illinois": 0.9609484395695023, "Indiana": 0.8951661570347004, "Iowa": 0.9313282006583111, "Kansas": 0.9508974804984854, "Kentucky": 0.9432327515345, "Louisiana": 0.9197691377396477, "Maine": 0.9634250098333333, "Maryland": 0.9191870737856155, "Massachusetts": 0.9600878611818906, "Michigan": 0.9442886859228136, "Minnesota": 0.987520383128715, "Mississippi": 0.902552435662357, "Missouri": 0.9794953934800226, "Montana": 0.8979263556930404, "Nebraska": 0.9535502384770909, "Nevada": 0.607560250607209, "New Hampshire": 0.9476021499414756, "New Jersey": 0.9370446730039739, "New Mexico": 0.9087611590311362, "New York": 0.9525751453012343, "North Carolina": 0.9377564099256709, "North Dakota": 0.8372264562795975, "Ohio": 0.973277007724178, "Oklahoma": 0.8389046277618, "Oregon": 0.9661031333983953, "Rhode Island": 0.9777201308517912, "South Carolina": 0.8641724430878072, "South Dakota": 0.9367810811003064, "Tennessee": 0.9348168720925041, "Texas": 0.8959315996292943, "Utah": 0.9098425242525223, "Vermont": 0.9626326416505357, "Virginia": 0.8817071053336765, "Washington": 0.9536612491525686, "West Virginia": 0.905292947704094, "Wisconsin": 0.9277058592962638, "Wyoming": 0.6135788241645014}