{"Alabama": 0.9097713725434787, "Alaska": 0.8389010089565689, "Arizona": 0.8988826976927382, "Arkansas": 0.9278002380874286, "California": 0.9281150342447543, "Colorado": 0.8617605511518646, "Connecticut": 0.9626162729729713, "Delaware": 0.9136488695621702, "Florida": 0.8710521639839555, "Georgia": 0.9156029585383203, "Hawaii": 0.7600016394598307, "Idaho": 0.9174836123475203, "Illinois": 0.9646882189623162, "Indiana": 0.8991283460994114, "Iowa": 0.8986951495221465, "Kansas": 0.9365348144185661, "Kentucky": 0.9285652374078933, "Louisiana": 0.9260577846059299, "Maine": 0.9641614299157065, "Maryland": 0.9017379837091719, "Massachusetts": 0.9566136704195177, "Michigan": 0.956663925343198, "Minnesota": 0.9840249986508112, "Mississippi": 0.9043119730999938, "Missouri": 0.9747428220540373, "Montana": 0.8457993001388399, "Nebraska": 0.9371315060883495, "Nevada": 0.5941391055918184, "New Hampshire": 0.9573524371826202, "New Jersey": 0.9369966018758642, "New Mexico": 0.880451319801167, "New York": 0.9405277223420179, "North Carolina": 0.9445060820487384, "North Dakota": 0.7738020599125607, "Ohio": 0.9743192151764231, "Oklahoma": 0.8307621979078874, "Oregon": 0.9649335280484952, "Rhode Island": 0.9772566787828721, "South Carolina": 0.8780606052490877, "South Dakota": 0.8835588127418643, "Tennessee": 0.9384984919118238, "Texas": 0.9027922945641783, "Utah": 0.9195296221469018, "Vermont": 0.9617635729526518, "Virginia": 0.8814384775935817, "Washington": 0.9586139699970272, "West Virginia": 0.897810638133509, "Wisconsin": 0.9092139182513257, "Wyoming": 0.5812187681819926}