{"Alabama": 0.9011479875505812, "Alaska": 0.815672565514005, "Arizona": 0.9015330655477996, "Arkansas": 0.9356597450857065, "California": 0.9224142945784827, "Colorado": 0.8627693468469859, "Connecticut": 0.9570873308155431, "Delaware": 0.9105872344353313, "Florida": 0.8880267662527903, "Georgia": 0.8966024790061261, "Hawaii": 0.781576562249939, "Idaho": 0.9387198329187221, "Illinois": 0.9596473978012412, "Indiana": 0.8872425093168606, "Iowa": 0.9295674285781004, "Kansas": 0.9501433367323561, "Kentucky": 0.9362104265409226, "Louisiana": 0.9185241170861009, "Maine": 0.9619623541454024, "Maryland": 0.9174883169410857, "Massachusetts": 0.9593661856613142, "Michigan": 0.9387977980796309, "Minnesota": 0.9876560309508974, "Mississippi": 0.898609579706581, "Missouri": 0.9780090070033182, "Montana": 0.8972123429646579, "Nebraska": 0.9522945630764555, "Nevada": 0.6059380505924052, "New Hampshire": 0.9464361137692316, "New Jersey": 0.9374725230835315, "New Mexico": 0.9047588001742337, "New York": 0.9529153879161983, "North Carolina": 0.9337982269938384, "North Dakota": 0.816387940818781, "Ohio": 0.9710262675005982, "Oklahoma": 0.8293032678250548, "Oregon": 0.9647872983609895, "Rhode Island": 0.9773374895898226, "South Carolina": 0.8609213522154096, "South Dakota": 0.9332068065480026, "Tennessee": 0.9297596460785522, "Texas": 0.8921522210834696, "Utah": 0.906092479179835, "Vermont": 0.960635693401842, "Virginia": 0.884031062778151, "Washington": 0.951610710410525, "West Virginia": 0.9080547672964032, "Wisconsin": 0.9254880319544198, "Wyoming": 0.5993477839516315}