{"Alabama": 0.9065569428481645, "Alaska": 0.8302019000692871, "Arizona": 0.8982683587667503, "Arkansas": 0.9265769611452396, "California": 0.9275968642704356, "Colorado": 0.8619334050408706, "Connecticut": 0.9646840545673084, "Delaware": 0.9124630894728609, "Florida": 0.8699888890454396, "Georgia": 0.9107356296305384, "Hawaii": 0.7568364951938261, "Idaho": 0.9166276740664425, "Illinois": 0.9635835491873029, "Indiana": 0.8920512121363212, "Iowa": 0.9010588846666068, "Kansas": 0.9353420797192045, "Kentucky": 0.9221262445911403, "Louisiana": 0.9245292168823995, "Maine": 0.9624350356669922, "Maryland": 0.8993339517948814, "Massachusetts": 0.9556311305255037, "Michigan": 0.9521977186399719, "Minnesota": 0.9844314043895523, "Mississippi": 0.8982592401334359, "Missouri": 0.9739693507036822, "Montana": 0.8478294635896648, "Nebraska": 0.9365323587090214, "Nevada": 0.5929609372534708, "New Hampshire": 0.9563273567668499, "New Jersey": 0.9373612324164907, "New Mexico": 0.876658934318569, "New York": 0.9402962737721933, "North Carolina": 0.9408067458362462, "North Dakota": 0.756834416512836, "Ohio": 0.9725339690980388, "Oklahoma": 0.8243484496063964, "Oregon": 0.9644382260313269, "Rhode Island": 0.9772527059945488, "South Carolina": 0.875304224483277, "South Dakota": 0.8824636784422836, "Tennessee": 0.9341720486568447, "Texas": 0.899496822852057, "Utah": 0.9162625711883623, "Vermont": 0.9596915484472026, "Virginia": 0.8835752449988374, "Washington": 0.9566655867424817, "West Virginia": 0.9000438533017806, "Wisconsin": 0.9070315580319833, "Wyoming": 0.5687687990588981}